simulation_id,sampling_method,random_seed,model_version,parameter_set,topology,timestamp,feed_flow_m3h,feed_tds_mgL,feed_cod_mgL,feed_pH,temperature_C,stage1_pressure_bar,stage2_pressure_bar,feasible,failure_reason,failure_message,quality_flag,overall_recovery_pct,permeate_flow_m3h,concentrate_flow_m3h,permeate_tds_mgL,concentrate_tds_mgL,overall_tds_rejection_pct,stage1_recovery_pct,stage2_recovery_pct,average_flux_LMH,minimum_flux_LMH,maximum_flux_LMH,maximum_element_recovery_pct,maximum_polarization_modulus,feed_osmotic_pressure_bar,final_concentrate_osmotic_pressure_bar,stage1_pump_power_kW,stage2_booster_power_kW,total_power_kW,SEC_kWh_m3,water_balance_error,solute_balance_error,flux_decline_stage1_pct,flux_decline_stage2_pct,max_element_concentrate_tds_mgL,max_element_osmotic_pressure_bar,dataset_split,ood_classification
SIM_00001,latin_hypercube_ood,101,2.0.0,manufacturer_reconciled,concentrate_staging_3x2,2026-09-08T13:22:01.192852+00:00,43.3808,3283.46,126.04,8.91,36.6,13.683,19.789,1,NONE,,PASS,44.89386641652213,19.475318402418637,23.905481597581367,9.480057821355468,5950.7060689314185,99.71127841297424,22.418480407602868,28.970025499631767,35.09066378814168,27.68166382300576,46.30355601705992,11.368923277904706,1.292833118104799,2.893841394653045,5.24458941168366,19.084162875,7.661296948936671,26.745459823936667,1.3733002599133453,0.0,0.0,9.813960189922827,10.507891020389868,5950.7060689314185,5.24458941168366,ood,OOD_ENGINEERING_ACCEPTABLE
SIM_00002,latin_hypercube_ood,101,2.0.0,manufacturer_reconciled,concentrate_staging_3x2,2026-09-08T13:22:01.192852+00:00,44.4395,3269.04,123.56,9.3,37.93,18.381,25.641,1,NONE,,PASS,60.730247787429306,26.988218465494647,17.451281534505352,8.569723771087045,8311.322077744944,99.73785197577617,32.31942677221086,41.977807900056575,48.627420658548914,40.78750442914605,61.29619289106702,18.102187583322443,1.4051023852719589,2.893503450436905,7.356544768386873,26.7991016015625,8.051839003403934,34.85094060496644,1.2913390578012605,0.0,2.4980018054066022e-14,10.088188555803454,14.960467627924286,8311.322077744944,7.356544768386873,ood,OOD_ENGINEERING_ACCEPTABLE
SIM_00003,latin_hypercube_ood,101,2.0.0,manufacturer_reconciled,concentrate_staging_3x2,2026-09-08T13:22:01.192852+00:00,42.1666,3277.14,123.72,8.87,37.01,14.706,16.454,1,NONE,,PASS,43.11379437759313,18.179621220022185,23.98697877997783,10.067496318080696,5753.2392686942185,99.69279626997684,25.432181632440592,23.712122913394616,32.75607427031024,30.471223297667017,35.50628088473048,9.712286844286176,1.217578157059333,2.8920943869633216,5.077265846392743,20.04780250520833,2.399690441392577,22.44749294660091,1.2347613118516625,1.2490009027033011e-14,4.9960036108132044e-14,10.076281600593688,10.966718032247204,5753.2392686942185,5.077265846392743,ood,OOD_ENGINEERING_ACCEPTABLE
SIM_00004,latin_hypercube_ood,101,2.0.0,manufacturer_reconciled,concentrate_staging_3x2,2026-09-08T13:22:01.192852+00:00,44.7244,3234.42,144.15,6.12,36.63,19.253,29.33,1,NONE,,PASS,66.79901620716927,29.875459204559213,14.848940795440786,8.408432520563892,9725.022818435382,99.7400327563964,34.161980037393015,49.57171583883085,53.82965622443102,43.37448939584851,71.74582072221511,22.77620008092213,1.4890678529597672,2.8508966186254376,8.571872134457692,28.325065100694445,10.76300196199459,39.08806706268904,1.308367071282503,0.0,7.494005416219808e-14,10.121489397785773,17.51077007691066,9725.022818435382,8.571872134457692,ood,OOD_ENGINEERING_ACCEPTABLE
SIM_00005,latin_hypercube_ood,101,2.0.0,manufacturer_reconciled,concentrate_staging_3x2,2026-09-08T13:22:01.192852+00:00,42.9305,3258.74,140.15,6.89,37.1,17.889,24.406,1,NONE,,PASS,60.00022006854216,25.758394476525496,17.172105523474514,8.787371223849266,8133.713644181227,99.73034451279176,32.31996138003311,40.89870403877525,46.41152157932522,39.347476702111294,57.71421322333652,17.449863806080984,1.3774235224753255,2.8766907793183387,7.180130676835802,25.15570782552083,7.028778658051476,32.18448648357231,1.249475642315484,6.2450045135165055e-15,4.9960036108132044e-14,10.325813671092494,15.00697299128043,8133.713644181227,7.180130676835802,ood,OOD_ENGINEERING_ACCEPTABLE
SIM_00006,latin_hypercube_ood,101,2.0.0,manufacturer_reconciled,concentrate_staging_3x2,2026-09-08T13:22:01.192852+00:00,44.003,3320.72,144.62,6.79,36.34,15.542,18.094,1,NONE,,PASS,45.38863811533111,19.972362429889145,24.030637570110866,9.604377295117072,6072.657025016058,99.71077425091194,26.21114748240565,25.98968540451653,35.98623861241288,32.820330356562245,40.18332049951346,10.088114209353527,1.2496230107635529,2.924223470213355,5.347577091446422,22.198214800347223,3.384474476996453,25.582689277343675,1.2809045182886594,0.0,2.4980018054066022e-14,9.818290685982245,10.97889151760863,6072.657025016058,5.347577091446422,ood,OOD_ENGINEERING_ACCEPTABLE
SIM_00007,latin_hypercube_ood,101,2.0.0,manufacturer_reconciled,concentrate_staging_3x2,2026-09-08T13:22:01.192852+00:00,43.5226,3453.16,113.78,8.76,36.58,19.132,28.577,1,NONE,,PASS,65.83317095765479,28.65230766321626,14.870292336783743,9.155681583323384,10089.120416233687,99.73486077727868,34.092031400929,48.15979043416183,51.62577957336263,41.949117035985765,68.161585812597,21.72407165971512,1.4597169380131505,3.043208117949905,8.891361290428616,27.38108016493056,9.855441144206084,37.23652130913664,1.2995993812024005,6.2450045135165055e-15,4.9960036108132044e-14,10.80891138846646,18.17969379234134,10089.120416233687,8.891361290428616,ood,OOD_ENGINEERING_ACCEPTABLE
SIM_00008,latin_hypercube_ood,101,2.0.0,manufacturer_reconciled,concentrate_staging_3x2,2026-09-08T13:22:01.192852+00:00,44.3915,3337.1,145.61,9.35,37.56,12.079,21.345,1,NONE,,PASS,42.74646552003989,18.975797241328507,25.415702758671493,9.539600162966709,5821.513358746807,99.71413502253552,18.159278734026504,30.04272983629712,34.19062566005136,22.93626751612126,51.63567216684677,11.94347344826046,1.3316949132175746,2.9502317437901207,5.1466283623125095,17.056431983506943,12.25643839771192,29.312870381218865,1.544750400124251,0.0,2.4980018054066022e-14,9.918114084180385,9.782733108375655,5821.513358746807,5.1466283623125095,ood,OOD_ENGINEERING_ACCEPTABLE
SIM_00009,latin_hypercube_ood,101,2.0.0,manufacturer_reconciled,concentrate_staging_3x2,2026-09-08T13:22:01.192852+00:00,44.6853,3250.93,119.62,8.7,36.25,18.439,25.199,1,NONE,,PASS,60.182907740660205,26.892912872637236,17.792387127362762,8.509126785511985,8151.798074395496,99.73825561345488,32.386480011564764,41.11075378689026,48.45569886961663,41.12549139397042,60.19472351920703,17.614179221248403,1.3965323544523889,2.861933954720552,7.176379590190526,27.037321752604168,7.563816792489511,34.60113854509368,1.2866266554672603,6.2450045135165055e-15,4.9960036108132044e-14,9.97590279271991,14.600758425293664,8151.798074395496,7.176379590190526,ood,OOD_ENGINEERING_ACCEPTABLE
SIM_00010,latin_hypercube_ood,101,2.0.0,manufacturer_reconciled,concentrate_staging_3x2,2026-09-08T13:22:01.192852+00:00,44.638,3402.65,136.24,9.53,37.92,13.788,17.363,1,NONE,,PASS,39.89976101165189,17.81045532038117,26.82754467961882,10.265082918890531,5654.809887039896,99.69832092872052,21.707247820028044,23.236522775192043,32.09091048717328,27.58135331849639,38.475128013019685,8.720447387799531,1.2378226886723425,3.0116679572362552,5.005043052050849,19.79997536458333,4.884270237511663,24.684245602095,1.3859413000996046,6.2450045135165055e-15,2.4980018054066022e-14,9.813108309956554,9.980955868825378,5654.809887039896,5.005043052050849,ood,OOD_ENGINEERING_ACCEPTABLE
SIM_00011,latin_hypercube_ood,101,2.0.0,manufacturer_reconciled,concentrate_staging_3x2,2026-09-08T13:22:01.192852+00:00,43.2528,3411.57,138.51,8.65,37.49,14.363,25.81,1,NONE,,PASS,54.20186559319795,23.44382452129472,19.808975478705268,9.079598236451002,7438.400564765173,99.73385865638252,23.663741899440023,40.00474277050516,42.24112526359409,29.08452436327069,63.42579304303924,17.11991642805444,1.4218212315017733,3.0153889842054453,6.574589154876042,20.049099541666667,13.639236767816843,33.68833630948351,1.4369812518807838,1.2490009027033011e-14,7.494005416219808e-14,10.083938668290992,12.820203982618214,7438.400564765173,6.574589154876042,ood,OOD_ENGINEERING_ACCEPTABLE
SIM_00012,latin_hypercube_ood,101,2.0.0,manufacturer_reconciled,concentrate_staging_3x2,2026-09-08T13:22:01.192852+00:00,42.4201,3468.16,114.63,7.01,36.55,15.738,26.284,1,NONE,,PASS,58.08727750964731,24.640681206869896,17.77941879313011,9.288906386481566,8261.845381117197,99.73216615189376,27.14519464804932,42.47088810699775,44.39762379616197,32.64217234693016,63.59793899479794,18.438138634441632,1.4231813547300598,3.056131308409189,7.280311270087918,21.688380815104164,11.79973172954829,33.48811254465245,1.359057903614932,6.2450045135165055e-15,2.4980018054066022e-14,10.452952351513389,14.597074875333298,8261.845381117197,7.280311270087918,ood,OOD_ENGINEERING_ACCEPTABLE
SIM_00013,latin_hypercube_ood,101,2.0.0,manufacturer_reconciled,concentrate_staging_3x2,2026-09-08T13:22:01.192852+00:00,44.0868,3464.59,137.18,8.77,37.59,19.505,24.875,1,NONE,,PASS,61.0169915536908,26.90043903229256,17.18636096770744,9.227848743116498,8872.992573356178,99.73365250309224,34.43052856507216,40.5470143449356,48.46925951764425,42.918174314168645,57.23965541514221,17.146754472360634,1.3737976266975824,3.063237631224196,7.845108584934281,28.30701680208333,5.841720266790946,34.14873706887428,1.26944906095698,0.0,4.9960036108132044e-14,10.79102269006191,16.02933305488026,8872.992573356178,7.845108584934281,ood,OOD_ENGINEERING_ACCEPTABLE
SIM_00014,latin_hypercube_ood,101,2.0.0,manufacturer_reconciled,concentrate_staging_3x2,2026-09-08T13:22:01.192852+00:00,43.418,3415.9,129.28,7.75,36.38,15.593,18.787,1,NONE,,PASS,46.541887212392574,20.207556589876607,23.210443410123396,9.857986277687518,6381.280088765182,99.71140881531404,26.388077732580385,27.37845835161975,36.41001187365154,32.54505392092601,41.77136498292773,10.546357355678165,1.2606942105639385,3.0084276784338373,5.620076595591177,21.979985607638888,4.043932088551691,26.02391769619058,1.2878309943334665,0.0,4.9960036108132044e-14,10.115209140379774,11.472642037440938,6381.280088765182,5.620076595591177,ood,OOD_ENGINEERING_ACCEPTABLE
SIM_00015,latin_hypercube_ood,101,2.0.0,manufacturer_reconciled,concentrate_staging_3x2,2026-09-08T13:22:01.192852+00:00,43.3351,3293.59,125.68,7.96,37.7,16.554,17.051,1,NONE,,PASS,46.52084158729992,20.159853222698008,23.175246777301982,9.654526649069686,6150.243815673992,99.70686920202364,28.915930851958983,24.76632379988915,36.32405986071713,32.21895639411275,39.58244640844274,11.369545630836274,1.2454593579300983,2.9130778214658983,5.43969919025978,23.384026226562497,1.0129070058873546,24.39693323244985,1.2101741497294884,6.2450045135165055e-15,2.4980018054066022e-14,10.061300013474831,11.616672219068269,6150.243815673992,5.43969919025978,ood,OOD_ENGINEERING_ACCEPTABLE
SIM_00016,latin_hypercube_ood,101,2.0.0,manufacturer_reconciled,concentrate_staging_3x2,2026-09-08T13:22:01.192852+00:00,42.9239,3335.89,142.98,9.95,36.13,15.764,26.474,1,NONE,,PASS,58.5630383630248,25.137540023906404,17.7863599760936,8.841280780529743,8038.022446058497,99.7349648585376,27.298288434710784,43.00414564550788,45.29286490793947,33.28640270403441,64.89433747348653,18.80314359330482,1.4334660593279285,2.935588906273709,7.07347350213238,21.98471242795139,12.09248386359711,34.0771962915485,1.3556297179095596,0.0,2.4980018054066022e-14,10.095752230867577,14.22913260334005,8038.022446058497,7.07347350213238,ood,OOD_ENGINEERING_ACCEPTABLE
SIM_00017,latin_hypercube_ood,101,2.0.0,manufacturer_reconciled,concentrate_staging_3x2,2026-09-08T13:22:01.192852+00:00,43.1293,3430.12,131.51,8.93,36.27,15.094,19.493,1,NONE,,PASS,46.78740642728414,20.17908088024266,22.95021911975735,9.871572469693149,6437.388439988061,99.71220912184724,25.38164191752026,28.68699480910973,36.35870428872551,31.09013571751985,44.06618284683304,11.173315285453882,1.2768662355482616,3.019877839697682,5.667477142329124,21.086558714409723,5.418483988192785,26.50504270260251,1.313491078206322,6.2450045135165055e-15,2.4980018054066022e-14,10.15646136263326,11.470444227428542,6437.388439988061,5.667477142329124,ood,OOD_ENGINEERING_ACCEPTABLE
SIM_00018,latin_hypercube_ood,101,2.0.0,manufacturer_reconciled,concentrate_staging_3x2,2026-09-08T13:22:01.192852+00:00,43.6915,3450.56,121.32,7.87,36.98,19.349,19.436,1,NONE,,PASS,54.0280042911384,23.60564549486273,20.085854505137256,9.64137228547687,7494.455930926116,99.72058528802638,34.43995410194166,29.878030011838163,42.532694585338255,35.60811656507179,47.69898946401197,14.151085140915413,1.3028924733861371,3.044843968517194,6.613259569054967,27.81654240017361,0.5340943723109826,28.35063677248459,1.201010867449251,1.2490009027033011e-14,4.9960036108132044e-14,10.821742788854744,13.964491497121143,7494.455930926116,6.613259569054967,ood,OOD_ENGINEERING_ACCEPTABLE
SIM_00019,latin_hypercube_ood,101,2.0.0,manufacturer_reconciled,concentrate_staging_3x2,2026-09-08T13:22:01.192852+00:00,43.2404,3473.46,111.78,6.59,37.12,12.894,25.627,1,NONE,,PASS,50.85629707080477,21.990466278604263,21.24993372139573,9.352606287001892,7058.287031729017,99.73074092440962,20.15264968879881,38.45293207894812,39.62246176325093,24.745338031591324,63.45064842051303,16.297535184501484,1.422017533251088,3.066435028437827,6.231186941799333,17.837791052083332,15.804180313612704,33.64197136569604,1.5298434757806003,0.0,2.4980018054066022e-14,10.233789880851711,11.880205484077283,7058.287031729017,6.231186941799333,ood,OOD_ENGINEERING_ACCEPTABLE
SIM_00020,latin_hypercube_ood,101,2.0.0,manufacturer_reconciled,concentrate_staging_3x2,2026-09-08T13:22:01.192852+00:00,44.8457,3325.97,139.22,8.28,36.43,14.501,20.508,1,NONE,,PASS,46.013242684676015,20.63496077464175,24.210739225358243,9.273542443810165,6152.810629111459,99.7211778084646,23.43473691458997,29.489229005716705,37.18010950385901,29.947543930634357,48.10314798411435,11.619393372458408,1.3058205470047404,2.929698327673941,5.4197358997833085,21.002346881076384,7.698230048841909,28.70057692991829,1.3908714071891213,6.2450045135165055e-15,7.494005416219808e-14,9.609842375131256,10.581103010175076,6152.810629111459,5.4197358997833085,ood,OOD_ENGINEERING_ACCEPTABLE
SIM_00021,latin_hypercube_ood,101,2.0.0,manufacturer_reconciled,concentrate_staging_3x2,2026-09-08T13:22:01.192852+00:00,42.3107,3206.26,143.68,9.83,37.86,15.866,27.993,1,NONE,,PASS,62.12108035350048,26.283863945128527,16.02683605487147,8.502728885957424,8450.552557541923,99.73480850317948,28.23086053219184,47.22115950200296,47.358313414646,33.94026306788479,69.71320657952542,21.409499560122136,1.4723513139355071,2.8372968107619467,7.47809779016359,21.820494771701387,13.260885420403469,35.08138019210485,1.334711679581908,6.2450045135165055e-15,2.4980018054066022e-14,10.043568806671162,15.367440151669951,8450.552557541923,7.47809779016359,ood,OOD_ENGINEERING_ACCEPTABLE
SIM_00022,latin_hypercube_ood,101,2.0.0,manufacturer_reconciled,concentrate_staging_3x2,2026-09-08T13:22:01.192852+00:00,42.4835,3396.34,115.61,8.0,36.04,16.872,27.234,1,NONE,,PASS,61.7750346201854,26.244196832866464,16.23930316713353,9.06094131780906,8870.492272975489,99.73321453924493,29.93141263302742,45.44635932273374,47.28684114029994,36.035268340015975,65.98947463403498,20.17574061264436,1.4422119803052116,2.987915277878426,7.803776825855476,23.39358352864583,11.175248779565438,34.56883230821127,1.3171990946554553,6.2450045135165055e-15,2.4980018054066022e-14,10.47122677544619,15.94654164685486,8870.492272975489,7.803776825855476,ood,OOD_ENGINEERING_ACCEPTABLE
SIM_00023,latin_hypercube_ood,101,2.0.0,manufacturer_reconciled,concentrate_staging_3x2,2026-09-08T13:22:01.192852+00:00,44.809,3455.09,142.73,9.56,37.6,18.886,28.565,1,NONE,,PASS,63.88688600516278,28.62707475005339,16.18192524994661,8.938029677461145,9551.598822693555,99.74130833994307,32.62168745865865,46.40246596754813,51.58031486496106,41.42448687778252,68.63609985302485,20.70782600374359,1.463569212006632,3.054936458828462,8.445374066536488,27.80764078993056,10.61840938774632,38.42605017767688,1.3422974758399029,0.0,2.4980018054066022e-14,10.433629786731291,16.794879200693956,9551.598822693555,8.445374066536488,ood,OOD_ENGINEERING_ACCEPTABLE
SIM_00024,latin_hypercube_ood,101,2.0.0,manufacturer_reconciled,concentrate_staging_3x2,2026-09-08T13:22:01.192852+00:00,42.8215,3346.77,133.3,7.71,37.0,16.821,23.857,1,NONE,,PASS,56.944511031661136,24.384493791422774,18.437006208577237,9.06622747973229,7761.16439776104,99.72910515273736,29.71169542887861,38.74444798313058,43.9360248494104,36.09107808617622,56.36444000453008,16.280182515822673,1.367135487314019,2.953448025132545,6.849050177722508,23.50387384114584,7.823521474848388,31.327395315994224,1.2847260879786486,6.2450045135165055e-15,2.4980018054066022e-14,10.307957492211235,14.042360205913129,7761.16439776104,6.849050177722508,ood,OOD_ENGINEERING_ACCEPTABLE
SIM_00025,latin_hypercube_ood,101,2.0.0,manufacturer_reconciled,concentrate_staging_3x2,2026-09-08T13:22:01.192852+00:00,43.0885,3271.67,146.46,9.64,37.26,13.95,16.993,1,NONE,,PASS,41.59620230469345,17.923179630057838,25.16532036994216,9.973523839137322,5594.707059793734,99.69515495636364,23.19065477668469,23.96264084076816,32.294017351455565,28.43355828705765,37.640442987834106,9.029393677192846,1.2320972104458985,2.889594321394887,4.941339973117049,19.355040013020837,4.014038525864687,23.36907853888552,1.3038466958002646,0.0,0.0,9.857877091897828,10.324559834090543,5594.707059793734,4.941339973117049,ood,OOD_ENGINEERING_ACCEPTABLE
SIM_00026,latin_hypercube_ood,101,2.0.0,manufacturer_reconciled,concentrate_staging_3x2,2026-09-08T13:22:01.192852+00:00,43.4945,3400.87,126.57,7.73,37.79,19.311,27.927,1,NONE,,PASS,65.56845303570844,28.518670805616207,14.9758291943838,9.047321671606891,9859.963058469606,99.7339703760624,34.625716387698844,47.331664590795214,51.38499244255172,42.580803762299794,66.34036076575944,21.19088461268882,1.445025477048848,3.0088345335444027,8.72335530314168,27.63373220052084,8.950854807139946,36.58458700766078,1.2828293175731087,6.2450045135165055e-15,2.4980018054066022e-14,10.791892331112978,17.973541082269332,9859.963058469606,8.72335530314168,ood,OOD_ENGINEERING_ACCEPTABLE
SIM_00027,latin_hypercube_ood,101,2.0.0,manufacturer_reconciled,concentrate_staging_3x2,2026-09-08T13:22:01.192852+00:00,44.1138,3389.24,132.86,8.0,36.36,12.79,18.437,1,NONE,,PASS,40.02480815499065,17.656463819876265,26.457336180123733,10.20611454532594,5644.258764492539,99.6988671635728,19.779310560980583,25.23725205503238,31.81344832410138,24.823078172817983,42.26444407272631,9.637311564773023,1.2641516702145486,2.984754999050448,4.970651108582871,18.038791463541664,7.491772265721624,25.53056372926329,1.445961319872158,0.0,4.9960036108132044e-14,9.924638753009525,9.779341772962038,5644.258764492539,4.970651108582871,ood,OOD_ENGINEERING_ACCEPTABLE
SIM_00028,latin_hypercube_ood,101,2.0.0,manufacturer_reconciled,concentrate_staging_3x2,2026-09-08T13:22:01.192852+00:00,43.2203,3208.29,149.29,6.25,37.39,13.436,24.494,1,NONE,,PASS,51.65765488091453,22.326593412495903,20.89370658750409,8.651137514744732,6627.359548543081,99.73035051336554,22.108805859688463,37.93605855881142,40.22809623873136,27.211935941018936,60.932158589921485,16.02961956059913,1.4022641986172686,2.8348027536635456,5.855847538011935,18.64288131336805,13.451896109167931,32.094777422535984,1.437513409662083,0.0,2.4980018054066022e-14,9.731837376295108,11.54257306394548,6627.359548543081,5.855847538011935,ood,OOD_ENGINEERING_ACCEPTABLE
SIM_00029,latin_hypercube_ood,101,2.0.0,manufacturer_reconciled,concentrate_staging_3x2,2026-09-08T13:22:01.192852+00:00,42.637,3257.02,129.81,6.63,36.45,12.546,29.568,1,NONE,,PASS,57.4560274217358,24.49752641180549,18.139473588194512,8.478446045907543,7644.205335390931,99.73968701310068,20.204394105160446,46.68381535402872,44.139687228478365,24.49953769631889,76.34506706685274,21.28736487233768,1.527596606299843,2.869148699732862,6.733873847421229,17.073675755208335,20.640287841132203,37.71396359634053,1.5395008852063514,6.2450045135165055e-15,4.9960036108132044e-14,9.978370598853656,13.166075182823192,7644.205335390931,6.733873847421229,ood,OOD_ENGINEERING_ACCEPTABLE
SIM_00030,latin_hypercube_ood,101,2.0.0,manufacturer_reconciled,concentrate_staging_3x2,2026-09-08T13:22:01.192852+00:00,42.7998,3459.67,115.5,8.52,37.5,18.869,29.78,1,NONE,,PASS,67.63590178257833,28.94803069113996,13.85176930886004,9.267386429438291,10670.471633156149,99.73213091336925,33.982148178790744,50.976747463594094,52.15861385790984,41.07883100664237,71.49710113385362,23.53909045269351,1.4870121973982475,3.058001634988389,9.431627785392456,26.53550447395833,11.146209464090813,37.68171393804914,1.3017021551515169,6.2450045135165055e-15,0.0,10.97433874211107,19.39994937093948,10670.471633156149,9.431627785392456,ood,OOD_ENGINEERING_ACCEPTABLE
SIM_00031,latin_hypercube_ood,101,2.0.0,manufacturer_reconciled,concentrate_staging_3x2,2026-09-08T13:22:01.192852+00:00,44.4462,3316.23,118.09,9.21,37.2,12.105,26.081,1,NONE,,PASS,49.52935615049225,22.013916693360084,22.432283306639924,8.78280842007553,6561.992633604782,99.73515683712904,18.25908613396261,38.255346726093,39.66471476281096,23.09849469716364,66.07804611737468,16.268285716110277,1.442921652415449,2.9283843227658903,5.794542704925021,17.117574265625002,18.19816360511082,35.31573787073582,1.604246003228852,6.2450045135165055e-15,0.0,9.85998572765379,10.86744062683268,6561.992633604782,5.794542704925021,ood,OOD_ENGINEERING_ACCEPTABLE
SIM_00032,latin_hypercube_ood,101,2.0.0,manufacturer_reconciled,concentrate_staging_3x2,2026-09-08T13:22:01.192852+00:00,42.0524,3380.29,122.77,7.31,37.51,16.961,19.483,1,NONE,,PASS,51.63465534542383,21.713611804479008,20.338788195520987,9.699892236316067,6978.718994315165,99.71304556010531,30.420943093816984,30.48864585820756,39.12362487293515,36.224353129266696,42.94146553650092,12.081835188945591,1.2689143808938887,2.98793384873708,6.168686918559849,23.286151461805552,3.0194347016009515,26.305586163406502,1.2114790666921786,0.0,2.4980018054066022e-14,10.597275249281257,13.10251602481982,6978.718994315165,6.168686918559849,ood,OOD_ENGINEERING_ACCEPTABLE
SIM_00033,latin_hypercube_ood,101,2.0.0,manufacturer_reconciled,concentrate_staging_3x2,2026-09-08T13:22:01.192852+00:00,42.728,3286.59,113.45,9.1,37.35,13.127,17.733,1,NONE,,PASS,41.24733955731966,17.624163246051545,25.10383675394846,10.049736155301131,5586.887004726863,99.6942199618662,21.416213289911017,25.235646050717264,31.75524909198476,26.022243744648797,40.17794413065555,9.617242139060115,1.249585694509099,2.9036135450503697,4.935863853291956,17.972094097222225,5.894678112118798,23.866772209341026,1.3542073956156784,6.2450045135165055e-15,2.4980018054066022e-14,9.980524478343328,10.15671278521993,5586.887004726863,4.935863853291956,ood,OOD_ENGINEERING_ACCEPTABLE
SIM_00034,latin_hypercube_ood,101,2.0.0,manufacturer_reconciled,concentrate_staging_3x2,2026-09-08T13:22:01.192852+00:00,42.6096,3373.48,148.02,6.7,37.76,19.636,23.313,1,NONE,,PASS,61.31366701554091,26.12550826065392,16.484091739346084,9.287369506495244,8705.362626484084,99.72469469193548,36.10046493914369,39.457567339707246,47.072987857034086,43.40818853851286,52.59277336349676,16.47425745415469,1.3387931459988172,2.984313957944823,7.701108408879745,27.552358625,3.901639474797094,31.45399809979709,1.2039573655747051,6.2450045135165055e-15,1.249000902703301e-13,11.086526231779423,16.460334181427715,8705.362626484084,7.701108408879745,ood,OOD_ENGINEERING_ACCEPTABLE
SIM_00035,latin_hypercube_ood,101,2.0.0,manufacturer_reconciled,concentrate_staging_3x2,2026-09-08T13:22:01.192852+00:00,42.0778,3402.4,129.69,7.25,36.41,17.933,21.313,1,NONE,,PASS,56.00627491852769,23.566208347668248,18.51159165233176,9.541607810685631,7721.683250524629,99.7195624320866,32.60354210557248,34.72398037536955,42.46163666246532,38.78899880001018,47.72006744337541,14.03020646472666,1.303045018098754,2.996828480253285,6.801246261658527,24.720342241319443,3.771346044806331,28.491688286125772,1.2090060422870224,6.2450045135165055e-15,2.4980018054066022e-14,10.816383406391882,14.44819608111172,7721.683250524629,6.801246261658527,ood,OOD_ENGINEERING_ACCEPTABLE
SIM_00036,latin_hypercube_ood,101,2.0.0,manufacturer_reconciled,concentrate_staging_3x2,2026-09-08T13:22:01.192852+00:00,42.0948,3385.5,112.01,9.64,37.36,13.676,16.967,1,NONE,,PASS,41.28630354906938,17.379386906373657,24.71541309362636,10.54515008778973,5758.701123767277,99.68852015691066,22.74013208771129,24.004922558776716,31.31421064211469,27.17368683490959,37.12013234882786,9.031617108425957,1.2285415727198232,2.991094188454984,5.087820843110172,18.50819196875,4.224522545499354,22.732714514249352,1.3080274141265842,1.2490009027033011e-14,4.9960036108132044e-14,10.264688196914465,10.669105856441403,5758.701123767277,5.087820843110172,ood,OOD_ENGINEERING_ACCEPTABLE
SIM_00037,latin_hypercube_ood,101,2.0.0,manufacturer_reconciled,concentrate_staging_3x2,2026-09-08T13:22:01.192852+00:00,43.1192,3478.25,113.19,7.11,37.64,15.829,24.442,1,NONE,,PASS,54.85731638419119,23.654035966332167,19.46516403366784,9.370927302259767,7693.626259173916,99.73058499813816,26.877659914940143,38.26416993316077,42.61988462402192,32.87539292169152,58.14779625383128,16.053229405503775,1.3807447115824696,3.0758100379441924,6.803459462706292,22.18205859027778,9.922023888255886,32.10408247853367,1.3572348720627985,6.2450045135165055e-15,9.992007221626409e-14,10.341768293006927,13.492949171240252,7693.626259173916,6.803459462706292,ood,OOD_ENGINEERING_ACCEPTABLE
SIM_00038,latin_hypercube_ood,101,2.0.0,manufacturer_reconciled,concentrate_staging_3x2,2026-09-08T13:22:01.192852+00:00,42.3333,3273.21,118.54,7.13,37.44,17.679,21.501,1,NONE,,PASS,56.16539549445988,23.776665370856183,18.556634629143822,9.105903764717707,7455.515271557098,99.72180508538354,32.205776072657564,35.34168257089383,42.840838506047184,38.63017979925621,49.03763728350416,14.393366894238188,1.3126160143534709,2.8926308770128903,6.588655686175714,24.497090085937497,4.257097276011991,28.754187361949487,1.2093448308859327,6.2450045135165055e-15,0.0,10.469506902898498,14.020891171587968,7455.515271557098,6.588655686175714,ood,OOD_ENGINEERING_ACCEPTABLE
SIM_00039,latin_hypercube_ood,101,2.0.0,manufacturer_reconciled,concentrate_staging_3x2,2026-09-08T13:22:01.192852+00:00,42.6224,3304.51,119.02,7.06,37.66,16.679,19.541,1,NONE,,PASS,50.9902336502821,21.73326134735784,20.889138652642163,9.3965844161801,6732.777781688075,99.71564363805284,29.62094362281965,30.36313802353169,39.15902945469881,35.82236965690274,43.7134736938909,11.9279739304195,1.274367201552887,2.922360125489423,5.954166070911076,23.184439680555556,3.449682936410339,26.634122616965893,1.2255004985804334,6.2450045135165055e-15,9.992007221626409e-14,10.267971478572305,12.541467129649838,6732.777781688075,5.954166070911076,ood,OOD_ENGINEERING_ACCEPTABLE
SIM_00040,latin_hypercube_ood,101,2.0.0,manufacturer_reconciled,concentrate_staging_3x2,2026-09-08T13:22:01.192852+00:00,44.07,3398.59,139.86,7.69,36.93,14.65,27.341,1,NONE,,PASS,56.04791808613266,24.700317500558665,19.36968249944133,8.827561052347686,7721.232278513858,99.7402581349222,23.94633929917889,42.209117209011865,44.505076577583175,30.020553489585907,68.02869518833789,18.41732220246705,1.4586399029247137,2.998501084435732,6.812273136890292,20.86706848958333,15.293225803030008,36.16029429261334,1.4639607078652117,6.2450045135165055e-15,4.9960036108132044e-14,9.89622376751093,13.138530783801771,7721.232278513858,6.812273136890292,ood,OOD_ENGINEERING_ACCEPTABLE
SIM_00041,latin_hypercube_ood,101,2.0.0,manufacturer_reconciled,concentrate_staging_3x2,2026-09-08T13:22:01.192852+00:00,42.3935,3382.22,134.39,7.18,36.81,16.635,21.804,1,NONE,,PASS,54.01020015535111,22.89681420285877,19.496685797141225,9.406204047922053,7343.23633017429,99.7218926016663,29.46423287786609,34.79931994640854,41.25552108623203,35.40510666543288,50.151129699727,14.149452286702378,1.3207593480835995,2.982903372792129,6.47626837298774,22.9951617578125,5.834118036938389,28.82927979475089,1.259095677648964,0.0,2.4980018054066022e-14,10.441913755710694,13.414551378323916,7343.23633017429,6.47626837298774,ood,OOD_ENGINEERING_ACCEPTABLE
SIM_00042,latin_hypercube_ood,101,2.0.0,manufacturer_reconciled,concentrate_staging_3x2,2026-09-08T13:22:01.192852+00:00,44.264,3466.19,117.53,9.71,36.55,17.851,27.099,1,NONE,,PASS,60.9026809979927,26.95796271695149,17.306037283048518,9.039244316802996,8851.463338679137,99.73921671008216,30.74131957252268,43.54885371668726,48.57290579630899,38.58675427742914,64.98710456433126,19.016166597463734,1.4342048502194873,3.054395350818546,7.799880695980994,25.878686319444444,10.3232052440365,36.20189156348094,1.34290161105968,0.0,2.4980018054066022e-14,10.350260784735168,15.498703858729732,8851.463338679137,7.799880695980994,ood,OOD_ENGINEERING_ACCEPTABLE
SIM_00043,latin_hypercube_ood,101,2.0.0,manufacturer_reconciled,concentrate_staging_3x2,2026-09-08T13:22:01.192852+00:00,44.9352,3367.44,120.06,7.68,36.08,19.546,20.398,1,NONE,,PASS,54.9295870209326,24.682719787030106,20.2524802129699,9.1364992362561,7460.373971418909,99.72868115731072,34.2596788291126,31.44175115617401,44.47336898563983,38.73049270459214,48.68684964418029,14.087310425583258,1.3100610033347448,2.962873887402012,6.564080497401803,28.9157231875,1.3354787961115346,30.25120198361153,1.225602455670524,6.2450045135165055e-15,2.4980018054066022e-14,10.369748005525718,13.585426285452836,7460.373971418909,6.564080497401803,ood,OOD_ENGINEERING_ACCEPTABLE
SIM_00044,latin_hypercube_ood,101,2.0.0,manufacturer_reconciled,concentrate_staging_3x2,2026-09-08T13:22:01.192852+00:00,42.9805,3342.03,143.14,9.19,37.92,19.05,25.248,1,NONE,,PASS,62.60460486316778,26.907772193213827,16.072727806786165,9.02458496353179,8921.901164662135,99.7299669672764,34.60517281087182,42.815973763978135,48.48247242020509,42.06081297868042,58.91805044227327,18.455678152318576,1.3866645161204834,2.958013508037054,7.89672868359713,26.917657408854165,6.488037970755358,33.405695379609526,1.2414887096462963,6.2450045135165055e-15,0.0,10.760403292884394,16.565477475225567,8921.901164662135,7.89672868359713,ood,OOD_ENGINEERING_ACCEPTABLE
SIM_00045,latin_hypercube_ood,101,2.0.0,manufacturer_reconciled,concentrate_staging_3x2,2026-09-08T13:22:01.192852+00:00,43.3726,3202.64,143.9,9.68,37.53,14.119,16.344,1,NONE,,PASS,41.05525254909178,17.806730467107382,25.565869532892624,9.811661042621967,5426.457718634958,99.69363834078692,23.61631568261232,22.83070923106773,32.08419903983312,29.175282970865688,35.8729539101577,8.904675234315436,1.2200604658895984,2.8310862447838416,4.796908114907868,19.737168487847224,3.077140725237878,22.814309213085103,1.281218315469408,6.2450045135165055e-15,4.9960036108132044e-14,9.68483200731605,10.172904951586636,5426.457718634958,4.796908114907868,ood,OOD_ENGINEERING_ACCEPTABLE
SIM_00046,latin_hypercube_ood,101,2.0.0,manufacturer_reconciled,concentrate_staging_3x2,2026-09-08T13:22:01.192852+00:00,44.0342,3297.74,133.71,9.61,37.6,18.997,23.977,1,NONE,,PASS,59.93634701757045,26.392490918411003,17.641709081588985,8.802439271744747,8218.082711768775,99.73307661393122,33.8707838529284,39.41610786172355,47.55403769083064,42.278242681203125,55.76435898585571,16.578766910133382,1.362586347227708,2.915810053497005,7.266300008928943,27.49652931423611,5.490233650719491,32.9867629649556,1.249854099293998,6.2450045135165055e-15,4.9960036108132044e-14,10.37349119542336,15.037390510640344,8218.082711768775,7.266300008928943,ood,OOD_ENGINEERING_ACCEPTABLE
SIM_00047,latin_hypercube_ood,101,2.0.0,manufacturer_reconciled,concentrate_staging_3x2,2026-09-08T13:22:01.192852+00:00,43.2085,3388.31,124.82,6.33,36.75,12.341,16.037,1,NONE,,PASS,36.25319158830512,15.66446028743282,27.54403971256719,11.040916119531214,5308.983147311893,99.6741468130268,19.125678076242988,21.17793769969264,28.224252770149224,23.480145828755145,35.01112225696562,7.83076814815993,1.214234036732971,2.987695915941419,4.681279831841113,16.994968259548614,5.030563695708911,22.025531955257524,1.406083040915749,6.2450045135165055e-15,2.4980018054066022e-14,10.14876082767764,9.67493521480797,5308.983147311893,4.681279831841113,ood,OOD_ENGINEERING_ACCEPTABLE
SIM_00048,latin_hypercube_ood,101,2.0.0,manufacturer_reconciled,concentrate_staging_3x2,2026-09-08T13:22:01.192852+00:00,42.1393,3239.78,134.19,8.19,36.88,17.243,19.392,1,NONE,,PASS,52.74326608487085,22.225643125301985,19.91365687469801,9.244083250533428,6845.382870478945,99.71466941426476,31.46045177960884,31.05187422132756,40.04620382937294,37.5244851490152,43.155934081472594,12.623364123753175,1.2704268630097937,2.8579256089569616,6.038556633060607,23.746885561631935,2.606407677311404,26.353293238943344,1.1857156659256527,1.2490009027033011e-14,4.9960036108132044e-14,10.355384651038989,13.049072050731144,6845.382870478945,6.038556633060607,ood,OOD_ENGINEERING_ACCEPTABLE
SIM_00049,latin_hypercube_ood,101,2.0.0,manufacturer_reconciled,concentrate_staging_3x2,2026-09-08T13:22:01.192852+00:00,43.321,3481.22,112.24,6.15,36.02,16.16,24.074,1,NONE,,PASS,54.8333983183481,23.75437648549158,19.566623514508414,9.37723145311949,7696.125047942604,99.7306337590523,27.549409717313168,37.65875266796116,42.80067835223708,33.85946647585272,56.96222629086587,15.713188013829022,1.371682329881362,3.0623899831202293,6.77019443059046,22.783762387152777,9.11511049616868,31.89887288332146,1.3428629837034147,6.2450045135165055e-15,0.0,10.310446115293322,13.462988386948409,7696.125047942604,6.77019443059046,ood,OOD_ENGINEERING_ACCEPTABLE
SIM_00050,latin_hypercube_ood,101,2.0.0,manufacturer_reconciled,concentrate_staging_3x2,2026-09-08T13:22:01.192852+00:00,44.9032,3359.09,126.89,6.93,37.83,14.067,19.093,1,NONE,,PASS,42.90317861380103,19.264900099312307,25.638299900687684,9.67835409342318,5875.874693205522,99.71187571355864,22.31974982906652,26.49763452028179,34.71153171047263,28.549026744204514,43.82405416321644,10.203307687131032,1.275150165565898,2.9722530331554244,5.199201682396516,20.35260927083333,6.632219009960977,26.984828280794307,1.4007250565372813,6.2450045135165055e-15,0.0,9.681965586318414,10.169132104673276,5875.874693205522,5.199201682396516,ood,OOD_ENGINEERING_ACCEPTABLE
SIM_00051,latin_hypercube_ood,101,2.0.0,manufacturer_reconciled,concentrate_staging_3x2,2026-09-08T13:22:01.192852+00:00,42.2976,3353.81,133.47,9.03,37.38,15.199,19.303,1,NONE,,PASS,47.8260135035747,20.22925588768801,22.06834411231199,9.733005866903312,6419.20488772553,99.70979256824616,26.274850305626583,29.231765940507632,36.44910970754597,31.547478916886675,43.57535211057896,11.420343541567048,1.2733899080808513,2.9632868807293726,5.671742176363875,20.834138166666666,4.930965085020755,25.76510325168742,1.273655511341307,0.0,0.0,10.233273191275504,11.764713699025773,6419.20488772553,5.671742176363875,ood,OOD_ENGINEERING_ACCEPTABLE
SIM_00052,latin_hypercube_ood,101,2.0.0,manufacturer_reconciled,concentrate_staging_3x2,2026-09-08T13:22:01.192852+00:00,44.3389,3409.35,136.18,6.77,37.94,19.163,24.688,1,NONE,,PASS,60.19634017679623,26.6903950746495,17.648504925350508,9.035647553893162,8551.753496991128,99.73497448035864,33.666997871317754,39.994183067446656,48.09080193630541,42.27183272312737,57.25619747505998,16.88113572239638,1.3739238569123382,3.017792106750468,7.569599543049419,27.94235938454861,6.101828395763361,34.04418778031197,1.275522062715628,1.2490009027033011e-14,7.494005416219808e-14,10.544333317627515,15.402844649298636,8551.753496991128,7.569599543049419,ood,OOD_ENGINEERING_ACCEPTABLE
SIM_00053,latin_hypercube_ood,101,2.0.0,manufacturer_reconciled,concentrate_staging_3x2,2026-09-08T13:22:01.192852+00:00,43.0155,3299.47,128.13,9.16,36.85,14.194,23.789,1,NONE,,PASS,51.91215836251241,22.330274480426525,20.685225519573475,8.973737297005385,6851.651950032259,99.72802488590575,23.725764636031837,36.95401676854539,40.2347287935613,29.02939430726405,57.9876339462465,15.43845288969011,1.379516957797259,2.910298647284568,6.043501956933556,19.6866858203125,11.443537347116726,31.13022316742923,1.394081527959553,0.0,2.4980018054066022e-14,9.916482604868667,11.99162372207667,6851.651950032259,6.043501956933556,ood,OOD_ENGINEERING_ACCEPTABLE
SIM_00054,latin_hypercube_ood,101,2.0.0,manufacturer_reconciled,concentrate_staging_3x2,2026-09-08T13:22:01.192852+00:00,42.5146,3260.09,133.99,7.2,36.79,19.843,22.208,1,NONE,,PASS,60.99690721814071,25.93259111616365,16.582008883836345,9.049975376187612,8344.389028631736,99.72240105714296,37.03758111852055,38.053376165107686,46.72538939849306,41.7713421241814,49.934095768275206,15.712222126001816,1.3191681544724154,2.8750069440742267,7.3587466607894365,27.796503102430552,2.616407667148124,30.41291076957868,1.172767913292801,6.2450045135165055e-15,0.0,10.938247716367725,16.075160971874205,8344.389028631736,7.3587466607894365,ood,OOD_ENGINEERING_ACCEPTABLE
SIM_00055,latin_hypercube_ood,101,2.0.0,manufacturer_reconciled,concentrate_staging_3x2,2026-09-08T13:22:01.192852+00:00,42.7136,3406.6,128.36,9.74,36.22,17.358,28.752,1,NONE,,PASS,64.28097597455566,27.456718953867803,15.256881046132198,9.033564591412215,9520.95761097169,99.734821681694,30.84860464959171,48.34663300075629,49.47156568264469,37.325584116295936,70.0506342028718,21.977168717896653,1.475113326062322,2.9986861863992624,8.380897102481574,24.241080333333333,12.147111978806205,36.38819231213954,1.3252928135105366,6.2450045135165055e-15,9.992007221626409e-14,10.527007050720036,17.09666428006446,9520.95761097169,8.380897102481574,ood,OOD_ENGINEERING_ACCEPTABLE
SIM_00056,latin_hypercube_ood,101,2.0.0,manufacturer_reconciled,concentrate_staging_3x2,2026-09-08T13:22:01.192852+00:00,42.2025,3442.73,128.95,7.3,36.15,16.896,29.952,1,NONE,,PASS,65.43344449962095,27.614549414952528,14.587950585047478,9.158633444869706,9942.376788541282,99.73397177690758,30.029098707341184,50.59867050189661,49.75594489180636,35.878672164657445,73.5497633667036,23.464917290716016,1.5040626354879485,3.029804202655504,8.74987436665289,23.274019335937503,13.848090856290682,37.122110192228185,1.344295343531029,6.2450045135165055e-15,4.9960036108132044e-14,10.633223739914028,17.82499184109358,9942.376788541282,8.74987436665289,ood,OOD_ENGINEERING_ACCEPTABLE
SIM_00057,latin_hypercube_ood,101,2.0.0,manufacturer_reconciled,concentrate_staging_3x2,2026-09-08T13:22:01.192852+00:00,42.3519,3333.41,110.26,9.5,37.34,19.784,23.003,1,NONE,,PASS,61.69815400293951,26.13034048517094,16.221559514829053,9.239950811504276,8688.116810803092,99.72280785107432,36.77796500892949,39.41693587928602,47.08169456787557,43.11662071457913,51.71217410841883,16.43621880712476,1.332260894897042,2.944882904862128,7.675469465676081,27.603365518229168,3.411116823408293,31.01448234163746,1.1869145891626742,0.0,2.4980018054066022e-14,11.123469058959106,16.621914553076834,8688.116810803092,7.675469465676081,ood,OOD_ENGINEERING_ACCEPTABLE
SIM_00058,latin_hypercube_ood,101,2.0.0,manufacturer_reconciled,concentrate_staging_3x2,2026-09-08T13:22:01.192852+00:00,42.2607,3288.3,139.57,7.77,37.14,14.408,19.639,1,NONE,,PASS,47.12049668161151,19.913451741125797,22.3472482588742,9.544771656094388,6209.97220116968,99.70973537523662,24.647073401296577,29.82422089588969,35.88009322725368,29.600268494367533,45.29032017189308,11.739595224709715,1.2855776356978763,2.9031594655334705,5.482632234444996,19.655260809895832,6.281583139600322,25.936843949496154,1.3024785600544926,1.2490009027033011e-14,0.0,10.062949544068053,11.310102877279556,6209.97220116968,5.482632234444996,ood,OOD_ENGINEERING_ACCEPTABLE
SIM_00059,latin_hypercube_ood,101,2.0.0,manufacturer_reconciled,concentrate_staging_3x2,2026-09-08T13:22:01.192852+00:00,42.1116,3339.2,127.75,9.43,36.62,18.293,19.403,1,NONE,,PASS,54.267557692303726,22.852936825152177,19.258663174847825,9.531984119009378,7290.289030677718,99.71454288095924,33.59092730242777,31.135249371780272,41.17646274802194,36.22312477485503,44.83452479858264,13.701632899114486,1.282327109970985,2.9431572533184185,6.42563100126582,25.26659444791667,1.51482083231433,26.781415280231,1.1719025648710104,6.2450045135165055e-15,1.249000902703301e-13,10.77976601258102,13.965372754959525,7290.289030677718,6.42563100126582,ood,OOD_ENGINEERING_ACCEPTABLE
SIM_00060,latin_hypercube_ood,101,2.0.0,manufacturer_reconciled,concentrate_staging_3x2,2026-09-08T13:22:01.192852+00:00,42.9745,3225.07,130.38,9.12,37.03,17.018,29.887,1,NONE,,PASS,65.81116932332661,28.282020960853,14.692479039147,8.47981467201532,9416.786918671994,99.73706571727078,30.420846891710795,50.86339923760822,50.95859632586125,37.13257237546813,74.55498285521998,23.75005470673953,1.5124836547236695,2.846325847971384,8.310903022711104,23.881810030381946,13.828309843695726,37.71011987407767,1.333360155777931,0.0,4.9960036108132044e-14,10.082256488272174,17.050883760061613,9416.786918671994,8.310903022711104,ood,OOD_ENGINEERING_ACCEPTABLE
SIM_00061,latin_hypercube_ood,101,2.0.0,manufacturer_reconciled,concentrate_staging_3x2,2026-09-08T13:22:01.192852+00:00,42.5849,3343.64,127.5,8.4,36.36,17.067,24.229,1,NONE,,PASS,58.223848086192966,24.794567483657183,17.79033251634281,9.06379380351541,7991.07279519841,99.72892435179878,30.4565542104934,39.92798107782195,44.67489636694988,36.771092067328006,57.29606079927564,16.92053137019741,1.374228096178717,2.9445970792936,7.037387282471732,23.7377548046875,7.827410837217728,31.565165641905228,1.2730678065955672,0.0,7.494005416219808e-14,10.391658658907316,14.54295555823153,7991.07279519841,7.037387282471732,ood,OOD_ENGINEERING_ACCEPTABLE
SIM_00062,latin_hypercube_ood,101,2.0.0,manufacturer_reconciled,concentrate_staging_3x2,2026-09-08T13:22:01.192852+00:00,44.3121,3247.17,120.83,8.72,36.49,17.717,27.46,1,NONE,,PASS,62.267562229113175,27.59206444252686,16.720035557473135,8.434727198082397,8591.859133719798,99.740243744612,31.058083660742746,45.26923564873256,49.71543142797632,39.12569381371851,67.23580808297369,20.128246927858303,1.4522303047800011,2.8608412844124222,7.569651517968429,25.700633346354163,10.812228611366056,36.51286195772022,1.323310259505048,6.2450045135165055e-15,4.9960036108132044e-14,9.921816330647088,15.312837261772891,8591.859133719798,7.569651517968429,ood,OOD_ENGINEERING_ACCEPTABLE
SIM_00063,latin_hypercube_ood,101,2.0.0,manufacturer_reconciled,concentrate_staging_3x2,2026-09-08T13:22:01.192852+00:00,42.189,3438.4,138.81,6.43,37.74,17.452,24.521,1,NONE,,PASS,59.16811374772772,24.96243550902885,17.22656449097115,9.380429248603315,8407.276988731142,99.72718621310484,31.27112711786109,40.58990852026098,44.97736127752946,37.31599300369189,57.28208644197178,17.23084388764012,1.37412143538375,3.0415490927902336,7.436931624567069,24.08105638020833,7.570177285113415,31.651233665321747,1.2679545493016326,0.0,2.4980018054066022e-14,10.772047608612056,15.396925303869194,8407.276988731142,7.436931624567069,ood,OOD_ENGINEERING_ACCEPTABLE
SIM_00064,latin_hypercube_ood,101,2.0.0,manufacturer_reconciled,concentrate_staging_3x2,2026-09-08T13:22:01.192852+00:00,44.466,3254.5,120.41,8.45,37.16,12.362,29.697,1,NONE,,PASS,55.23838703323528,24.5623011781984,19.9036988218016,8.283799393325308,7260.516204460975,99.74546629610307,18.98899892901464,44.7462537494844,44.2563985192764,24.054066062004075,77.07864026697166,20.11779257619001,1.5338333954072465,2.873503476175026,6.41054495386195,17.521997135416665,22.24505297322049,39.76705010863715,1.6190278679562218,0.0,4.9960036108132044e-14,9.700728956716926,12.118331126473787,7260.516204460975,6.41054495386195,ood,OOD_ENGINEERING_ACCEPTABLE
SIM_00065,latin_hypercube_ood,101,2.0.0,manufacturer_reconciled,concentrate_staging_3x2,2026-09-08T13:22:01.192852+00:00,42.37,3498.93,114.27,8.47,37.67,13.321,23.63,1,NONE,,PASS,49.57744280056588,21.00596251459976,21.364037485400235,9.733404771387262,6929.6454223788005,99.7218176765072,21.454197925926778,35.80489871134966,37.84858110738696,25.78165192277936,56.98232114194258,14.806172567444854,1.3718354364015746,3.094395991325025,6.128464135124959,18.10692248263889,12.432568553784233,30.53949103642312,1.4538486877331749,0.0,0.0,10.428204811291462,11.946595433549795,6929.6454223788005,6.128464135124959,ood,OOD_ENGINEERING_ACCEPTABLE
SIM_00066,latin_hypercube_ood,101,2.0.0,manufacturer_reconciled,concentrate_staging_3x2,2026-09-08T13:22:01.192852+00:00,42.1245,3416.25,112.82,7.45,36.92,18.138,24.406,1,NONE,,PASS,60.49313268041254,25.48242967596038,16.64207032403962,9.356040825178445,8632.904781389805,99.72613126014843,32.97777136324007,41.05408291672506,45.91428770443312,39.25946327430436,56.58672096021893,17.449686360325373,1.3688244234124023,3.0139849100069505,7.61637606751137,25.047622617187503,6.585687754189355,31.633310371376854,1.2413773244401065,0.0,4.9960036108132044e-14,10.888518627060508,15.990190030476104,8632.904781389805,7.61637606751137,ood,OOD_ENGINEERING_ACCEPTABLE
SIM_00067,latin_hypercube_ood,101,2.0.0,manufacturer_reconciled,concentrate_staging_3x2,2026-09-08T13:22:01.192852+00:00,43.5672,3447.26,118.81,9.0,37.85,19.595,24.026,1,NONE,,PASS,60.7132608925236,26.451067799567543,17.116132200432453,9.304480674355768,8760.235704364006,99.73009054511829,35.049311785962814,39.51297486177258,47.65958162084242,43.135011380320016,54.6253056075231,16.54050752260311,1.3539929134462727,3.0504654381096405,7.751894619453263,28.1095423125,4.79578523701025,32.90532754951025,1.2440075311458023,6.2450045135165055e-15,2.4980018054066022e-14,10.93424309274974,16.082386523625843,8760.235704364006,7.751894619453263,ood,OOD_ENGINEERING_ACCEPTABLE
SIM_00068,latin_hypercube_ood,101,2.0.0,manufacturer_reconciled,concentrate_staging_3x2,2026-09-08T13:22:01.192852+00:00,44.5988,3444.73,130.62,8.96,37.97,12.612,21.051,1,NONE,,PASS,42.684906575770185,19.03695611391459,25.561843886085413,9.855297031034166,6002.822415735725,99.71390219172376,18.991921555923696,29.247681805220036,34.30082182687314,24.08831518064546,50.058372918458765,11.533587290272097,1.3200790630613228,3.049402816695926,5.313921144086752,17.96146984375,11.150951387963833,29.11242123171383,1.529258199551914,6.2450045135165055e-15,9.992007221626409e-14,9.992674009822068,10.035800729412424,6002.822415735725,5.313921144086752,ood,OOD_ENGINEERING_ACCEPTABLE
SIM_00069,latin_hypercube_ood,101,2.0.0,manufacturer_reconciled,concentrate_staging_3x2,2026-09-08T13:22:01.192852+00:00,44.6226,3249.15,117.28,8.11,37.42,13.307,26.425,1,NONE,,PASS,52.45033638203776,23.404703802411177,21.21789619758882,8.465003005344679,6823.8339255532255,99.73947023051122,21.05490564436702,39.76869113138322,42.170637481821935,26.78335342715213,66.81308015508921,17.096937937636806,1.4488245434286324,2.871183457568056,6.030032188184637,19.047885026041666,16.59599773083239,35.643882756874056,1.5229367163878391,0.0,0.0,9.564022912724903,11.497228602788468,6823.8339255532255,6.030032188184637,ood,OOD_ENGINEERING_ACCEPTABLE
SIM_00070,latin_hypercube_ood,101,2.0.0,manufacturer_reconciled,concentrate_staging_3x2,2026-09-08T13:22:01.192852+00:00,44.3507,3226.73,111.52,7.62,36.82,13.904,24.594,1,NONE,,PASS,51.49241511297578,22.83724654951055,21.51345345048945,8.562085096419294,6642.922304016411,99.73465133133485,22.596761091163188,37.33132415278515,41.14819198110009,28.57195414994207,61.09061451372993,15.70100619561044,1.4034988920963507,2.8458628725499717,5.858824863014389,19.85117312586805,13.278600834207646,33.1297739600757,1.4506903837225396,0.0,0.0,9.53500978884424,11.364232062633253,6642.922304016411,5.858824863014389,ood,OOD_ENGINEERING_ACCEPTABLE
SIM_00071,latin_hypercube_ood,101,2.0.0,manufacturer_reconciled,concentrate_staging_3x2,2026-09-08T13:22:01.192852+00:00,42.8567,3447.52,138.26,9.92,36.99,12.132,22.757,1,NONE,,PASS,45.76839154556475,19.614822259508045,23.241877740491947,9.776725557586854,6348.779702632779,99.71641279651496,18.62641377461394,33.35477644523838,35.34202208920368,22.653725667344403,55.29603042225794,13.577897668157156,1.359046524158986,3.0422595041038965,5.602472324974614,16.545587955729165,13.410761233888692,29.956349189617857,1.5272302136256617,0.0,4.9960036108132044e-14,10.357878072984198,10.761298656471808,6348.779702632779,5.602472324974614,ood,OOD_ENGINEERING_ACCEPTABLE
SIM_00072,latin_hypercube_ood,101,2.0.0,manufacturer_reconciled,concentrate_staging_3x2,2026-09-08T13:22:01.192852+00:00,44.1575,3386.98,131.22,9.6,37.9,17.412,22.458,1,NONE,,PASS,54.44691669450407,24.04239723937563,20.11510276062436,9.128877564947375,7424.326439016333,99.7304714652892,30.03361634347777,34.89290009738914,43.31963466554168,37.64774554438239,51.90400047703222,14.21374016928034,1.333681135185074,2.997605780005296,6.57081052921526,25.143326497395837,5.895873285547076,31.03919978294291,1.2910193386251936,6.2450045135165055e-15,2.4980018054066022e-14,10.180941880011927,13.227853213574436,7424.326439016333,6.57081052921526,ood,OOD_ENGINEERING_ACCEPTABLE
SIM_00073,latin_hypercube_ood,101,2.0.0,manufacturer_reconciled,concentrate_staging_3x2,2026-09-08T13:22:01.192852+00:00,43.3107,3383.15,146.9,7.91,36.2,18.928,23.521,1,NONE,,PASS,59.614793678186,25.819584445578094,17.491115554421892,9.163460307794482,8363.674547378196,99.72914413171765,34.02240116687465,38.78951790294949,46.52177377581639,41.6924814724607,53.94816181317831,16.19099753787631,1.3489099981696182,2.977851618093971,7.361713723636705,26.9409848203125,5.003664582107574,31.94464940242008,1.2372255436470034,1.2490009027033011e-14,2.4980018054066022e-14,10.679466885798842,15.356800161729009,8363.674547378196,7.361713723636705,ood,OOD_ENGINEERING_ACCEPTABLE
SIM_00074,latin_hypercube_ood,101,2.0.0,manufacturer_reconciled,concentrate_staging_3x2,2026-09-08T13:22:01.192852+00:00,42.3841,3377.96,116.58,6.41,37.62,16.354,17.378,1,NONE,,PASS,47.0619255454734,19.94677358511899,22.437326414881014,10.009971376394756,6372.066134784167,99.70366814952236,28.81168238874457,25.63657039402112,35.94013258579998,32.57646764762046,38.643788071142495,11.297949663807358,1.238982830374156,2.9869315487546397,5.63444367865157,22.57652368315972,1.5442467314641193,24.12077041462384,1.2092567407803136,1.2490009027033011e-14,2.4980018054066022e-14,10.406809728681903,12.063504883891431,6372.066134784167,5.63444367865157,ood,OOD_ENGINEERING_ACCEPTABLE
SIM_00075,latin_hypercube_ood,101,2.0.0,manufacturer_reconciled,concentrate_staging_3x2,2026-09-08T13:22:01.192852+00:00,43.407,3486.65,124.4,6.81,36.87,13.028,23.014,1,NONE,,PASS,47.21543739226635,20.49480490886105,22.912195091138948,9.703679690313033,6596.75517455345,99.72169045673316,20.35901359095008,33.721862337788,36.92757641236226,25.098413629966156,55.52267964489764,13.745162896711902,1.3607584841027056,3.0755992435613466,5.819045566608632,18.108481015625,12.526737720865771,30.635218736490767,1.4947797196764456,0.0,7.494005416219808e-14,10.208928703917053,11.13494936818502,6596.75517455345,5.819045566608632,ood,OOD_ENGINEERING_ACCEPTABLE
SIM_00076,latin_hypercube_ood,101,2.0.0,manufacturer_reconciled,concentrate_staging_3x2,2026-09-08T13:22:01.192852+00:00,43.9109,3321.66,132.7,9.88,36.01,19.419,22.545,1,NONE,,PASS,58.87649123714491,25.853197190651464,18.057702809348537,8.979237054955286,8064.42212751481,99.72967621445436,34.86184530405024,36.8672493797063,46.58233728045309,43.35094591713689,51.20165729142165,15.156035100614416,1.328488503788615,2.921932338186073,7.093951760014227,28.062953044270834,3.5515081213226507,31.61446116559349,1.2228453189930917,0.0,2.4980018054066022e-14,10.523327408304151,14.864359080338335,8064.42212751481,7.093951760014227,ood,OOD_ENGINEERING_ACCEPTABLE
SIM_00077,latin_hypercube_ood,101,2.0.0,manufacturer_reconciled,concentrate_staging_3x2,2026-09-08T13:22:01.192852+00:00,43.7552,3327.87,141.39,6.62,37.13,16.016,16.862,1,NONE,,PASS,44.68146366270405,19.550463788543485,24.204736211456517,9.817896399469662,6007.901582795721,99.70497956953037,27.37096743115725,23.83412750973756,35.22606088025853,32.07491256640634,37.81227102156421,10.629418038594894,1.2332736873249512,2.9380001599002386,5.304058094492491,22.793344680555556,1.4300540306353025,24.223398711190853,1.239019133928971,0.0,0.0,9.94681173142702,11.172903979149805,6007.901582795721,5.304058094492491,ood,OOD_ENGINEERING_ACCEPTABLE
SIM_00078,latin_hypercube_ood,101,2.0.0,manufacturer_reconciled,concentrate_staging_3x2,2026-09-08T13:22:01.192852+00:00,42.1578,3295.59,117.18,7.52,37.87,19.651,28.905,1,NONE,,PASS,69.51144722309529,29.304496897418066,12.853303102581938,9.048076962304716,10788.64114943924,99.72544894958703,36.73737752824721,51.80637225319252,52.80089531066319,43.70483658035522,68.9426535616752,24.00835641203303,1.466063327149456,2.916440852653848,9.547435752883995,27.282171421875,8.98635208772474,36.26852350959974,1.2376436161507776,6.2450045135165055e-15,2.4980018054066022e-14,11.080670131597776,20.40392984212537,10788.64114943924,9.547435752883995,ood,OOD_ENGINEERING_ACCEPTABLE
SIM_00079,latin_hypercube_ood,101,2.0.0,manufacturer_reconciled,concentrate_staging_3x2,2026-09-08T13:22:01.192852+00:00,43.6557,3363.65,148.9,7.4,37.84,19.974,24.078,1,NONE,,PASS,61.79514736327093,26.977104147467468,16.67859585253253,9.077813164683649,8789.564990362498,99.73012016218442,36.07291327816103,40.2368313717049,48.60739486030175,44.50130619721125,54.92535375729225,16.93790002320668,1.3562513149247537,2.976383604635132,7.777597885983942,28.7411393671875,4.412923594437834,33.154062961625336,1.2289704180401344,6.2450045135165055e-15,0.0,10.859145222452486,16.321948065637347,8789.564990362498,7.777597885983942,ood,OOD_ENGINEERING_ACCEPTABLE
SIM_00080,latin_hypercube_ood,101,2.0.0,manufacturer_reconciled,concentrate_staging_3x2,2026-09-08T13:22:01.192852+00:00,42.9548,3365.03,144.37,7.43,37.72,16.232,17.966,1,NONE,,PASS,47.20926225194831,20.27864418179989,22.67615581820011,9.81550828117893,6365.503333164154,99.70830844654644,28.212598085375998,26.46239264817641,36.53809762486467,34.39602027580623,39.02945251106975,11.017337063414733,1.2416397411037854,2.976455769441729,5.630451770533102,22.69855425347222,2.3384068979197377,25.03696115139196,1.234646701571038,6.2450045135165055e-15,4.9960036108132044e-14,10.231881433653689,11.831631111922164,6365.503333164154,5.630451770533102,ood,OOD_ENGINEERING_ACCEPTABLE
SIM_00081,latin_hypercube_ood,101,2.0.0,manufacturer_reconciled,concentrate_staging_3x2,2026-09-08T13:22:01.192852+00:00,44.4274,3329.6,119.99,9.76,37.68,13.87,17.671,1,NONE,,PASS,41.02340691320639,18.22563308295785,26.201766917042143,9.93386034305024,5638.719732683155,99.70165003775078,22.186908361872984,24.207364281236003,32.838978527851985,28.072755658547216,39.65360947339615,9.15503609706377,1.2459517450202031,2.944738069634913,4.986951183575711,19.833054685763887,5.102725263883082,24.93577994964697,1.36817085234551,6.2450045135165055e-15,0.0,9.717905204580768,10.013918954645543,5638.719732683155,4.986951183575711,ood,OOD_ENGINEERING_ACCEPTABLE
SIM_00082,latin_hypercube_ood,101,2.0.0,manufacturer_reconciled,concentrate_staging_3x2,2026-09-08T13:22:01.192852+00:00,42.4644,3463.6,136.83,8.62,37.81,19.2,27.809,1,NONE,,PASS,66.07238457818934,28.057241676820635,14.40715832317936,9.383025699253022,10190.519929532977,99.72909615142471,34.94819442083448,47.84523639313584,50.55358860688403,41.86102872393324,65.43599023686062,21.438076248463283,1.4377851272661195,3.0645304307883885,9.016387120224437,26.81560509375,8.689046459444633,35.504651553194634,1.2654362806635635,0.0,4.9960036108132044e-14,11.175444712580951,18.809796152417167,10190.519929532977,9.016387120224437,ood,OOD_ENGINEERING_ACCEPTABLE
SIM_00083,latin_hypercube_ood,101,2.0.0,manufacturer_reconciled,concentrate_staging_3x2,2026-09-08T13:22:01.192852+00:00,44.7732,3376.49,125.86,7.21,36.34,13.732,24.108,1,NONE,,PASS,49.36726252368905,22.103303184256347,22.66989681574365,9.027130289041102,6659.789142290587,99.73264750409328,21.634064516100427,35.38935359648257,39.82577150316459,27.58742903128744,59.128869129493296,14.6419416922102,1.3882891862726412,2.9733344891893,5.86460518097226,19.77288671875,13.189277091816432,32.96216381056644,1.4912777305631222,0.0,0.0,9.716156591042775,11.126476962999956,6659.789142290587,5.86460518097226,ood,OOD_ENGINEERING_ACCEPTABLE
SIM_00084,latin_hypercube_ood,101,2.0.0,manufacturer_reconciled,concentrate_staging_3x2,2026-09-08T13:22:01.192852+00:00,42.2506,3292.02,145.3,6.49,37.23,14.924,17.888,1,NONE,,PASS,45.546871224889465,19.243826373743147,23.00677362625685,9.798569797549694,6037.407091169953,99.702353880063,25.84432848003313,26.56916502947627,34.673561033771435,31.02059878335777,39.69762052347619,10.17692623754406,1.2462563609702213,2.907286779971151,5.331824782796727,20.407553262152778,3.714054581258631,24.121607843411407,1.253472535811467,0.0,4.9960036108132044e-14,10.104949229924866,11.266372172063171,6037.407091169953,5.331824782796727,ood,OOD_ENGINEERING_ACCEPTABLE
SIM_00085,latin_hypercube_ood,101,2.0.0,manufacturer_reconciled,concentrate_staging_3x2,2026-09-08T13:22:01.192852+00:00,42.8737,3238.56,134.45,8.95,36.03,12.975,25.383,1,NONE,,PASS,52.2915772336819,22.419333948437075,20.45436605156292,8.707178279894514,6778.691668314988,99.73114043649356,21.160421289455144,39.486710169422736,40.39519630349022,25.81901982006273,63.73072917940199,16.91125471217035,1.4242314172072443,2.8490168646352583,5.963331506346004,17.807100033854162,15.09093655680954,32.8980365906637,1.4673958051709708,6.2450045135165055e-15,4.9960036108132044e-14,9.8518699719272,11.724731625783129,6778.691668314988,5.963331506346004,ood,OOD_ENGINEERING_ACCEPTABLE
SIM_00086,latin_hypercube_ood,101,2.0.0,manufacturer_reconciled,concentrate_staging_3x2,2026-09-08T13:22:01.192852+00:00,43.0543,3279.65,127.13,8.63,37.44,17.992,18.486,1,NONE,,PASS,51.70231586331866,22.260070178740804,20.794229821259197,9.3376421522814,6780.495341127682,99.71528540690984,32.39099613595503,28.56323658635289,40.10823455628974,34.82909923901708,44.10943685060327,13.101966284771786,1.2771730382627002,2.8983220923177333,5.992120940968647,25.38222903211805,0.954114676493114,26.336343708611164,1.183120425818035,0.0,0.0,10.36180436374635,12.89413835872246,6780.495341127682,5.992120940968647,ood,OOD_ENGINEERING_ACCEPTABLE
SIM_00087,latin_hypercube_ood,101,2.0.0,manufacturer_reconciled,concentrate_staging_3x2,2026-09-08T13:22:01.192852+00:00,42.0368,3348.62,115.9,6.86,36.69,14.626,24.991,1,NONE,,PASS,55.24502223072819,23.22323950508675,18.813560494913247,9.097429652669836,7470.887685842236,99.7283230210454,25.12364720170852,40.22815468878845,41.84367478394009,29.98335853126433,60.94828118218711,17.210023116359558,1.4023897767116762,2.952126956423903,6.586297915496611,19.86932115277778,11.819752055892652,31.689073208670436,1.364541462948326,6.2450045135165055e-15,2.4980018054066022e-14,10.223328183168377,13.287540563546427,7470.887685842236,6.586297915496611,ood,OOD_ENGINEERING_ACCEPTABLE
SIM_00088,latin_hypercube_ood,101,2.0.0,manufacturer_reconciled,concentrate_staging_3x2,2026-09-08T13:22:01.192852+00:00,44.5039,3361.34,145.42,7.37,36.28,19.003,29.499,1,NONE,,PASS,66.16140106923538,29.444403770451448,15.059496229548555,8.741763508663826,9916.357156660464,99.7399321845257,33.40439458317929,49.18794007657198,53.05297976657919,42.14969939812389,71.70863797050961,22.493397145687663,1.4887603587495937,2.9594195648570945,8.730643547374454,27.799098438368052,11.264361992414928,39.06346043078298,1.3266853944580332,6.2450045135165055e-15,0.0,10.34421376651031,17.63862280655789,9916.357156660464,8.730643547374454,ood,OOD_ENGINEERING_ACCEPTABLE
SIM_00089,latin_hypercube_ood,101,2.0.0,manufacturer_reconciled,concentrate_staging_3x2,2026-09-08T13:22:01.192852+00:00,43.3011,3371.39,129.11,7.5,36.72,19.832,27.088,1,NONE,,PASS,65.83190172218278,28.505937596624083,14.79516240337592,9.05958367665216,9849.61432858692,99.73128046068084,36.04528846243385,46.57454086436252,51.362049723647,44.09173818988948,63.65727314051375,20.666192922994057,1.4236504545529702,2.9724886575399765,8.684212408789211,28.294186653645838,7.40982566885597,35.704012322501804,1.2525114180678687,0.0,0.0,10.91320301516732,18.183260277324376,9849.61432858692,8.684212408789211,ood,OOD_ENGINEERING_ACCEPTABLE
SIM_00090,latin_hypercube_ood,101,2.0.0,manufacturer_reconciled,concentrate_staging_3x2,2026-09-08T13:22:01.192852+00:00,42.0216,3228.67,133.2,7.95,36.51,15.683,28.946,1,NONE,,PASS,63.36325865714895,26.626255099872505,15.395344900127498,8.566609170356246,8797.84008929657,99.7346706485842,27.95952674930806,49.14422450369013,47.97523441418469,33.37334872635137,72.52722109218426,22.661888931868862,1.4955445934995866,2.844726035135812,7.751626754974503,21.404387729166665,14.414153073837593,35.818540803004254,1.34523389296213,0.0,0.0,10.102550888590676,15.945840143208818,8797.84008929657,7.751626754974503,ood,OOD_ENGINEERING_ACCEPTABLE
SIM_00091,latin_hypercube_ood,101,2.0.0,manufacturer_reconciled,concentrate_staging_3x2,2026-09-08T13:22:01.192852+00:00,44.574,3468.93,135.96,6.11,36.06,12.019,20.091,1,NONE,,PASS,40.15533620089614,17.898839558187444,26.675160441812565,10.237319458909564,5789.687751583956,99.7048853837088,17.666220239608986,27.31456763765164,32.2501613661035,22.381108394153948,47.39500634524386,10.619847528069922,1.3006944834862992,3.0519734178386133,5.093781977560817,17.03369098958333,10.859471858200022,27.89316284778335,1.558378282407935,1.2490009027033011e-14,2.4980018054066022e-14,10.105897057380616,9.63090666027516,5789.687751583956,5.093781977560817,ood,OOD_ENGINEERING_ACCEPTABLE
SIM_00092,latin_hypercube_ood,101,2.0.0,manufacturer_reconciled,concentrate_staging_3x2,2026-09-08T13:22:01.192852+00:00,43.0334,3472.18,141.1,9.12,36.43,15.049,20.868,1,NONE,,PASS,48.54847956645267,20.892061405749843,22.141338594250158,9.810860847629408,6739.192441755864,99.71744377170454,25.20970108812612,31.20562267818564,37.64335388423395,30.79399125526433,48.02681228523002,12.39411291233731,1.3052670016751444,3.058488182209372,5.9362534317763,20.972432085069443,7.005783487360642,27.978215572430084,1.33917927144949,0.0,0.0,10.250731392491312,11.86050690240916,6739.192441755864,5.9362534317763,ood,OOD_ENGINEERING_ACCEPTABLE
SIM_00093,latin_hypercube_ood,101,2.0.0,manufacturer_reconciled,concentrate_staging_3x2,2026-09-08T13:22:01.192852+00:00,44.9926,3418.44,136.53,6.29,36.39,12.946,26.179,1,NONE,,PASS,50.2879184746593,22.62584200762956,22.366757992370445,8.960109939658976,6867.413398246165,99.73788892185736,19.685421094825635,38.10329058185732,40.76728289662984,25.21462006337559,65.59093467499179,16.14965179987226,1.4390230255213847,3.0107619552423457,6.048415941295183,18.64185582118056,17.16818231032714,35.810038131507696,1.5827052146581926,6.2450045135165055e-15,2.4980018054066022e-14,9.808552790542947,11.246437991780049,6867.413398246165,6.048415941295183,ood,OOD_ENGINEERING_ACCEPTABLE
SIM_00094,latin_hypercube_ood,101,2.0.0,manufacturer_reconciled,concentrate_staging_3x2,2026-09-08T13:22:01.192852+00:00,44.4096,3323.84,130.93,6.58,36.28,13.044,23.597,1,NONE,,PASS,47.93967995666787,21.28982011003637,23.11977988996362,9.020075198961631,6376.287740941253,99.72862486765422,20.39592002901125,34.60093997405004,38.36003623429976,25.796906105855435,58.12416172173429,14.246194890042933,1.380563468014878,2.9264034957649647,5.613865509499185,18.5514165,13.506126529418568,32.05754302941857,1.5057686191677175,6.2450045135165055e-15,4.9960036108132044e-14,9.731303065038585,10.702201059315836,6376.287740941253,5.613865509499185,ood,OOD_ENGINEERING_ACCEPTABLE
SIM_00095,latin_hypercube_ood,101,2.0.0,manufacturer_reconciled,concentrate_staging_3x2,2026-09-08T13:22:01.192852+00:00,42.7929,3404.55,136.63,6.67,37.56,16.443,21.803,1,NONE,,PASS,53.068470260257726,22.709537410001836,20.08336258999817,9.431832342336,7243.626384459462,99.72296390588076,28.682339073247583,34.1936777932975,40.91808542342673,34.80731323114166,50.21079740682747,13.852019897522023,1.3211971406690657,3.009862300596523,6.403876569353021,22.926519054687507,6.156763257813462,29.08328231250097,1.280663792812089,6.2450045135165055e-15,2.4980018054066022e-14,10.36902980123281,13.088829576079958,7243.626384459462,6.403876569353021,ood,OOD_ENGINEERING_ACCEPTABLE
SIM_00096,latin_hypercube_ood,101,2.0.0,manufacturer_reconciled,concentrate_staging_3x2,2026-09-08T13:22:01.192852+00:00,42.8276,3358.31,116.73,9.58,37.15,15.632,16.367,1,NONE,,PASS,43.862466469194615,18.78524168956079,24.04235831043921,10.167871102735736,5974.345344379106,99.6972325037672,26.957417430152432,23.14410093985462,33.84728232353296,30.63629508248584,36.49340505351602,10.420838296680428,1.224272336748028,2.965065133203057,5.274773047852194,21.73909644097222,1.2871398032927288,23.026236244264947,1.2257620436718113,6.2450045135165055e-15,0.0,10.162397246384373,11.307782944030208,5974.345344379106,5.274773047852194,ood,OOD_ENGINEERING_ACCEPTABLE
SIM_00097,latin_hypercube_ood,101,2.0.0,manufacturer_reconciled,concentrate_staging_3x2,2026-09-08T13:22:01.192852+00:00,44.2371,3355.26,118.28,8.13,37.28,17.748,21.894,1,NONE,,PASS,54.41288934540458,24.07068427261597,20.16641572738403,9.071045277088714,7349.279509192095,99.72964702356632,30.833220478004453,34.09103189472862,43.37060229300175,38.723532631412816,50.21497814833464,13.790551681701796,1.3212278209523305,2.9636133602827712,6.491426280495132,25.7047503203125,4.882831480567978,30.58758180088048,1.270740019455054,6.2450045135165055e-15,7.494005416219808e-14,10.154781828014531,13.18585500949673,7349.279509192095,6.491426280495132,ood,OOD_ENGINEERING_ACCEPTABLE
SIM_00098,latin_hypercube_ood,101,2.0.0,manufacturer_reconciled,concentrate_staging_3x2,2026-09-08T13:22:01.192852+00:00,42.5904,3221.22,126.25,9.93,36.95,15.385,19.048,1,NONE,,PASS,48.23946753275221,20.545382180069296,22.045017819930703,9.286296945480103,6214.6585177334255,99.7117149109505,26.929795202492507,29.16328534908745,37.01870663075549,32.61358032296987,43.32922670739836,11.40215214327413,1.271650279540545,2.842194749253198,5.483409952596718,21.25342295833333,4.444452460738585,25.69787541907192,1.2507859524755378,6.2450045135165055e-15,2.4980018054066022e-14,9.936579294164272,11.516670659709591,6214.6585177334255,5.483409952596718,ood,OOD_ENGINEERING_ACCEPTABLE
SIM_00099,latin_hypercube_ood,101,2.0.0,manufacturer_reconciled,concentrate_staging_3x2,2026-09-08T13:22:01.192852+00:00,44.5247,3497.27,110.11,6.94,36.86,15.15,27.893,1,NONE,,PASS,56.70593002352759,25.24814522518559,19.276554774814407,9.006682465340264,8066.145499468018,99.7424653382398,24.56072364655728,42.610703509887706,45.49215355889295,31.08857854889538,68.97458848949407,18.62389021379004,1.4663233934008797,3.084867713905626,7.11497591749395,21.8553664140625,15.386845407513729,37.24221182157624,1.4750474337586703,6.2450045135165055e-15,0.0,9.997699200218086,13.566508394958458,8066.145499468018,7.11497591749395,ood,OOD_ENGINEERING_ACCEPTABLE
SIM_00100,latin_hypercube_ood,101,2.0.0,manufacturer_reconciled,concentrate_staging_3x2,2026-09-08T13:22:01.192852+00:00,43.9455,3424.31,140.45,6.02,37.18,14.988,20.303,1,NONE,,PASS,46.96431035169945,20.638701005606084,23.306798994393915,9.656416678945702,6448.063470428783,99.71800401602232,24.690869214390165,29.57601675249361,37.186848658749696,30.84867039609207,46.66565407530082,11.620177981484224,1.295435913573494,3.023629091402292,5.693571052970348,21.3238672265625,6.624740469098417,27.948607695660915,1.3541844367079712,0.0,0.0,9.986270101847628,11.261269586478443,6448.063470428783,5.693571052970348,ood,OOD_ENGINEERING_ACCEPTABLE
SIM_00101,latin_hypercube_ood,101,2.0.0,manufacturer_reconciled,concentrate_staging_3x2,2026-09-08T13:22:01.192852+00:00,42.0694,3265.63,125.45,7.59,37.75,18.654,27.77,1,NONE,,PASS,66.71284062002664,28.06569177180149,14.00370822819851,8.883216265901115,9792.67625957817,99.727978482991,34.64140585365171,49.06995810613962,50.56881400324592,41.21090799634171,66.64737938401927,22.317155351033268,1.447491733793668,2.8888126606152573,8.662710460148846,25.768603057291664,9.132862283677758,34.90146534096942,1.2435633379269155,6.2450045135165055e-15,2.4980018054066022e-14,10.766267228716938,18.427838104541824,9792.67625957817,8.662710460148846,ood,OOD_ENGINEERING_ACCEPTABLE
SIM_00102,latin_hypercube_ood,101,2.0.0,manufacturer_reconciled,concentrate_staging_3x2,2026-09-08T13:22:01.192852+00:00,44.373,3276.02,121.43,9.37,36.08,18.182,26.561,1,NONE,,PASS,61.71600846057596,27.38524443421137,16.987755565788635,8.552536730722688,8543.366520023214,99.73893514903077,31.96631512133149,43.72788772547035,49.34278276434481,40.29394372475085,64.175520678537,19.15204540566948,1.427754332984258,2.882437136996276,7.516961719490584,26.45239388020833,9.254688699493297,35.70708257970163,1.3038803676002284,6.2450045135165055e-15,4.9960036108132044e-14,10.040875208795445,15.261453886884324,8543.366520023214,7.516961719490584,ood,OOD_ENGINEERING_ACCEPTABLE
SIM_00103,latin_hypercube_ood,101,2.0.0,manufacturer_reconciled,concentrate_staging_3x2,2026-09-08T13:22:01.192852+00:00,44.9628,3496.92,135.58,7.85,37.4,17.793,28.562,1,NONE,,PASS,61.67627479836887,27.731380085041,17.231419914959012,8.967487296017685,9110.255251867313,99.7435604104178,30.05772933890486,45.206632785303,49.96645060367747,38.35074391259076,69.25963448419195,20.04733942072007,1.4686467469184734,3.089931915756796,8.049960669227714,26.19668553125,12.250525997139595,38.4472115283896,1.386415368095185,1.2490009027033011e-14,0.0,10.242799847662033,15.6989519080062,9110.255251867313,8.049960669227714,ood,OOD_ENGINEERING_ACCEPTABLE
SIM_00104,latin_hypercube_ood,101,2.0.0,manufacturer_reconciled,concentrate_staging_3x2,2026-09-08T13:22:01.192852+00:00,42.5293,3333.74,114.91,6.0,37.99,18.047,21.074,1,NONE,,PASS,55.6801943687079,23.68039690365089,18.848903096349105,9.29837204912343,7510.327721337712,99.7210828664166,32.70050343309516,34.14541283049245,42.66738180837998,39.36709963291808,47.27703255698635,13.750524867473576,1.299842457489907,2.9513400616713468,6.64884816460338,25.153939717881943,3.455510787039976,28.60945050492192,1.208149112589878,6.2450045135165055e-15,0.0,10.6238048831187,14.105181250858942,7510.327721337712,6.64884816460338,ood,OOD_ENGINEERING_ACCEPTABLE
SIM_00105,latin_hypercube_ood,101,2.0.0,manufacturer_reconciled,concentrate_staging_3x2,2026-09-08T13:22:01.192852+00:00,44.4875,3357.2,145.02,8.16,36.19,12.286,27.605,1,NONE,,PASS,51.78221003356395,23.03661068868176,21.45088931131823,8.73007219507339,6953.20000774327,99.73995972253444,18.57510872747959,40.782493887457264,41.50740664627344,23.517788522828777,70.43111737806636,17.70527792298173,1.4782339839126435,2.954914881967304,6.120014947031981,17.413071723090276,19.83384220566586,37.246913928756136,1.6168573768126453,6.2450045135165055e-15,2.4980018054066022e-14,9.873937104208364,11.45179350867734,6953.20000774327,6.120014947031981,ood,OOD_ENGINEERING_ACCEPTABLE
SIM_00106,latin_hypercube_ood,101,2.0.0,manufacturer_reconciled,concentrate_staging_3x2,2026-09-08T13:22:01.192852+00:00,42.7031,3375.13,143.46,7.65,36.61,19.754,20.646,1,NONE,,PASS,57.86883459130983,24.711786304361624,17.991313695638368,9.451273158178548,7998.02385165989,99.71997306301746,36.32572871144737,33.83329788296373,44.52574108893986,37.94339293587265,49.22857229249242,15.161620453660593,1.3140088096934814,2.974729775321048,7.049198014672208,27.78778199045139,1.267019838562447,29.05480182901384,1.1757467255163854,6.2450045135165055e-15,2.4980018054066022e-14,11.07243037435076,15.269305965988314,7998.02385165989,7.049198014672208,ood,OOD_ENGINEERING_ACCEPTABLE
SIM_00107,latin_hypercube_ood,101,2.0.0,manufacturer_reconciled,concentrate_staging_3x2,2026-09-08T13:22:01.192852+00:00,44.0169,3458.42,113.95,6.39,37.47,17.602,26.233,1,NONE,,PASS,59.6073234645332,26.237295962060116,17.77960403793989,9.08496979289523,8548.59095469195,99.73730866138597,30.34692958453229,42.00876387138148,47.27440713884705,37.876390098504544,62.55832084043347,18.11243567821924,1.4149870939184168,3.056601550502772,7.555368164284668,25.353657981770837,9.667204516522292,35.02086249829313,1.3347740769069458,0.0,0.0,10.367125963894985,15.049843252747952,8548.59095469195,7.555368164284668,ood,OOD_ENGINEERING_ACCEPTABLE
SIM_00108,latin_hypercube_ood,101,2.0.0,manufacturer_reconciled,concentrate_staging_3x2,2026-09-08T13:22:01.192852+00:00,43.4569,3432.2,122.3,6.7,37.7,14.794,24.233,1,NONE,,PASS,52.50833893018305,22.81849634055072,20.63840365944928,9.249974589891536,7216.725873101987,99.73049430132592,24.474158389841865,37.11866023955782,41.1144078208121,30.21816167107036,58.41211613647796,15.491527638733524,1.3827732942850095,3.035674051365002,6.38296936914811,20.79405120399305,11.269748006822567,32.06379921081562,1.405167050987277,6.2450045135165055e-15,2.4980018054066022e-14,10.099582577819664,12.474331251877766,7216.725873101987,6.38296936914811,ood,OOD_ENGINEERING_ACCEPTABLE
SIM_00109,latin_hypercube_ood,101,2.0.0,manufacturer_reconciled,concentrate_staging_3x2,2026-09-08T13:22:01.192852+00:00,42.8972,3213.76,131.97,8.73,36.9,17.14,27.824,1,NONE,,PASS,63.51491706005204,27.24612100108465,15.651078998915352,8.504881772966318,8793.616110662519,99.73536039489674,30.78750264879301,47.28541183131908,49.09210991186423,37.50782517949956,68.49218216869723,21.379080521406472,1.46239976426652,2.8351553217053174,7.75766314633901,24.02057014236111,11.478157898909824,35.49872804127093,1.3028910808939649,0.0,2.4980018054066022e-14,10.098934564323176,16.03032639023682,8793.616110662519,7.75766314633901,ood,OOD_ENGINEERING_ACCEPTABLE
SIM_00110,latin_hypercube_ood,101,2.0.0,manufacturer_reconciled,concentrate_staging_3x2,2026-09-08T13:22:01.192852+00:00,44.9543,3306.22,116.96,7.23,37.77,18.611,20.693,1,NONE,,PASS,53.86037133972995,24.21255291317622,20.741747086823796,8.94088214809782,7155.247026330666,99.72957388957488,32.36713567288796,31.779277546028705,43.626221465182375,40.44549650899857,46.469880235454575,13.108951654852918,1.29402802257085,2.9249071719044824,6.33001837266207,27.46856016753473,2.6730078473545054,30.14156801488923,1.2448736043230906,1.2490009027033011e-14,4.9960036108132044e-14,10.075961670614838,12.964061228330106,7155.247026330666,6.33001837266207,ood,OOD_ENGINEERING_ACCEPTABLE
SIM_00111,latin_hypercube_ood,101,2.0.0,manufacturer_reconciled,concentrate_staging_3x2,2026-09-08T13:22:01.192852+00:00,43.7799,3351.79,130.07,6.73,36.67,14.558,28.963,1,NONE,,PASS,58.61387767476201,25.661097032133128,18.11880296786686,8.637296505064333,8086.593180417926,99.74230794575244,24.02279816731276,45.52823567209517,46.23621086870834,29.923799902023404,73.06593548385877,20.4488927015689,1.5000261947551612,2.9547308743152647,7.1286406780281935,20.58985418489583,17.15687663348552,37.74673081838135,1.470971048942859,1.2490009027033011e-14,0.0,9.863706022568008,13.859695917450033,8086.593180417926,7.1286406780281935,ood,OOD_ENGINEERING_ACCEPTABLE
SIM_00112,latin_hypercube_ood,101,2.0.0,manufacturer_reconciled,concentrate_staging_3x2,2026-09-08T13:22:01.192852+00:00,44.5052,3262.25,125.38,7.42,36.88,18.833,23.982,1,NONE,,PASS,59.38059055798583,26.42745058901271,18.0777494109873,8.635624335753059,8018.634834956752,99.73528624919142,33.312831156424735,39.08961776845996,47.6170280883112,42.088013346932335,56.21769152844147,16.435351020289644,1.3660216044525,2.877747198210943,7.073524079936687,27.53720617013888,5.769936277912798,33.30714244805168,1.2603237053028191,1.2490009027033011e-14,2.4980018054066022e-14,10.136610676905224,14.53347919934362,8018.634834956752,7.073524079936687,ood,OOD_ENGINEERING_ACCEPTABLE
SIM_00113,latin_hypercube_ood,101,2.0.0,manufacturer_reconciled,concentrate_staging_3x2,2026-09-08T13:22:01.192852+00:00,44.2087,3494.89,139.75,8.56,37.1,12.495,23.222,1,NONE,,PASS,45.67373641351288,20.19176510984067,24.016934890159327,9.690065972403454,6425.003220132504,99.7227361670209,18.78380654406804,33.10907434246516,36.38155875646968,23.59480352061733,56.469600626744345,13.458782317743667,1.367934259343876,3.085154948762978,5.671746601583988,17.6247653203125,13.934235236349757,31.55900055666225,1.5629639303441405,0.0,0.0,10.147253866871988,10.617208905569836,6425.003220132504,5.671746601583988,ood,OOD_ENGINEERING_ACCEPTABLE
SIM_00114,latin_hypercube_ood,101,2.0.0,manufacturer_reconciled,concentrate_staging_3x2,2026-09-08T13:22:01.192852+00:00,43.8528,3370.82,140.64,8.37,36.67,13.37,26.077,1,NONE,,PASS,52.3096348138242,22.9392395356367,20.913560464363304,8.913463657781728,7058.359453886322,99.73556987149176,21.247050375299025,39.443074305857294,41.331963127273326,26.50974285115668,65.10546566624826,16.86958812631516,1.4351480228737823,2.971506545982708,6.22221338461328,18.81521133333333,15.77714961971096,34.59236095304429,1.5079994652527242,0.0,2.4980018054066022e-14,9.895208666076195,11.910660394179477,7058.359453886322,6.22221338461328,ood,OOD_ENGINEERING_ACCEPTABLE
SIM_00115,latin_hypercube_ood,101,2.0.0,manufacturer_reconciled,concentrate_staging_3x2,2026-09-08T13:22:01.192852+00:00,43.8273,3477.45,116.35,8.43,37.09,16.959,23.474,1,NONE,,PASS,54.91424684499429,24.067431707496183,19.759868292503825,9.34661614698762,7701.584498765037,99.73122212693244,29.0040199464554,36.49534365043993,43.36474181530844,36.05685768759271,54.75525355218128,15.059381500220631,1.3549705432660453,3.069660640450224,6.79844449379879,24.265943367187504,7.525010466015267,31.79095383320277,1.320911770710498,0.0,2.4980018054066022e-14,10.325495963265348,13.539399438094742,7701.584498765037,6.79844449379879,ood,OOD_ENGINEERING_ACCEPTABLE
SIM_00116,latin_hypercube_ood,101,2.0.0,manufacturer_reconciled,concentrate_staging_3x2,2026-09-08T13:22:01.192852+00:00,43.8997,3475.34,115.16,6.21,36.72,14.466,19.884,1,NONE,,PASS,45.17763639146485,19.832846842943898,24.06685315705612,9.954050788841904,6331.071421714528,99.71358051906168,23.41914689109665,28.41244073035605,35.73485917647549,29.22009110946954,45.4740916768709,11.070272405061452,1.28689053997726,3.0641393404782544,5.581981909871575,20.505961429687503,6.84982332234579,27.35578475203329,1.3793170979770812,1.2490009027033011e-14,2.4980018054066022e-14,10.053020069892476,10.970301823695152,6331.071421714528,5.581981909871575,ood,OOD_ENGINEERING_ACCEPTABLE
SIM_00117,latin_hypercube_ood,101,2.0.0,manufacturer_reconciled,concentrate_staging_3x2,2026-09-08T13:22:01.192852+00:00,44.1272,3209.95,141.52,8.79,37.9,14.587,28.763,1,NONE,,PASS,58.69608682845555,25.90093962696624,18.22626037303376,8.228754895168096,7759.845972874885,99.74364850246364,24.260433354743185,45.46587074494294,46.66835968822746,30.511695487547502,73.15454644885934,20.45190583320361,1.5007646402331831,2.8409275146378192,6.8677580441102615,20.797624340277785,16.973142926061872,37.77076726633965,1.4582778775722631,1.2490009027033011e-14,7.494005416219808e-14,9.57028208109448,13.43775057061078,7759.845972874885,6.8677580441102615,ood,OOD_ENGINEERING_ACCEPTABLE
SIM_00118,latin_hypercube_ood,101,2.0.0,manufacturer_reconciled,concentrate_staging_3x2,2026-09-08T13:22:01.192852+00:00,43.3612,3492.68,137.97,9.25,37.33,13.547,29.063,1,NONE,,PASS,56.57442117580271,24.531347914882165,18.82985208511784,9.068431983395554,8031.095224348201,99.74035892256389,21.53526263638617,44.65593044304908,44.20062687366156,26.519195379913928,73.19521837763918,19.91496632947236,1.5011037041981212,3.0854897406450017,7.094798813767492,18.87077918402777,18.861640159918707,37.73241934394648,1.5381307001502256,6.2450045135165055e-15,2.4980018054066022e-14,10.205351382944713,13.55085708365597,8031.095224348201,7.094798813767492,ood,OOD_ENGINEERING_ACCEPTABLE
SIM_00119,latin_hypercube_ood,101,2.0.0,manufacturer_reconciled,concentrate_staging_3x2,2026-09-08T13:22:01.192852+00:00,42.6871,3433.21,114.02,9.88,37.08,17.237,25.317,1,NONE,,PASS,59.36961471896151,25.34316680469782,17.343933195302178,9.239538699011948,8436.357415178754,99.73087755485356,30.48421674639197,41.5522872945121,45.66336361206815,36.85208453634149,59.94570384737029,17.821115225850466,1.3946021008006035,3.030510836801969,7.446812915561199,24.046695785590277,8.788942340973271,32.835638126563545,1.2956406900370816,0.0,0.0,10.575549749628507,15.212380244273287,8436.357415178754,7.446812915561199,ood,OOD_ENGINEERING_ACCEPTABLE
SIM_00120,latin_hypercube_ood,101,2.0.0,manufacturer_reconciled,concentrate_staging_3x2,2026-09-08T13:22:01.192852+00:00,42.4957,3318.91,126.73,6.06,37.21,16.504,19.746,1,NONE,,PASS,51.02414237338755,21.683066470567653,20.812633529432343,9.438680355688165,6766.791139347679,99.71560902960044,29.273003258334818,30.75365859871039,39.06858823525703,35.293109487331265,44.36427484713989,12.121307683225586,1.2789821133373929,2.93084532033288,5.9755817857149305,22.857300860243058,3.853003550425413,26.71030441066847,1.2318508752867006,6.2450045135165055e-15,2.4980018054066022e-14,10.287630084919485,12.55644209475751,6766.791139347679,5.9755817857149305,ood,OOD_ENGINEERING_ACCEPTABLE
SIM_00121,latin_hypercube_ood,101,2.0.0,manufacturer_reconciled,concentrate_staging_3x2,2026-09-08T13:22:01.192852+00:00,43.2628,3231.95,148.45,9.28,36.38,15.933,22.058,1,NONE,,PASS,52.94084460370642,22.903691719212297,20.35910828078769,8.845668664159652,6857.894072090659,99.72630552254336,27.772241766713947,34.84616365317781,41.267913007589726,34.178717356451585,52.18669544891559,14.25480220261289,1.3357769064310048,2.8464205144513124,6.0398367464635605,22.41215834375,7.133818059803708,29.545976403553706,1.290009347216705,6.2450045135165055e-15,0.0,9.857947633412262,12.35671968582652,6857.894072090659,6.0398367464635605,ood,OOD_ENGINEERING_ACCEPTABLE
SIM_00122,latin_hypercube_ood,101,2.0.0,manufacturer_reconciled,concentrate_staging_3x2,2026-09-08T13:22:01.192852+00:00,43.8306,3246.09,137.23,6.56,36.77,13.231,26.507,1,NONE,,PASS,53.28354179054098,23.354496068044853,20.476103931955148,8.524863582203903,6938.7701358196055,99.73738055376764,21.26734142017397,40.66444719113122,42.08017309557631,26.5537232439938,67.03377301879287,17.600555902719098,1.4506015860860255,2.8624759057998768,6.118765138880118,18.59414281770833,16.446891945775732,35.04103476348406,1.5003978103997495,6.2450045135165055e-15,2.4980018054066022e-14,9.689151491095254,11.829349640267887,6938.7701358196055,6.118765138880118,ood,OOD_ENGINEERING_ACCEPTABLE
SIM_00123,latin_hypercube_ood,101,2.0.0,manufacturer_reconciled,concentrate_staging_3x2,2026-09-08T13:22:01.192852+00:00,42.229,3363.12,134.77,8.05,36.49,15.403,26.631,1,NONE,,PASS,58.72391454161342,24.79852187177793,17.430478128222067,8.993829912560248,8135.070062284397,99.73257481408451,26.789495994654267,43.61999549221427,44.68202139059086,32.10537098146835,65.2970680024895,19.161316320316136,1.4366761405650037,2.962996252254456,7.167208457139829,21.09947058159722,12.536034455343156,33.63550503694037,1.3563512055619498,0.0,2.4980018054066022e-14,10.268676956641643,14.49529619464174,8135.070062284397,7.167208457139829,ood,OOD_ENGINEERING_ACCEPTABLE
SIM_00124,latin_hypercube_ood,101,2.0.0,manufacturer_reconciled,concentrate_staging_3x2,2026-09-08T13:22:01.192852+00:00,43.145,3291.18,149.07,6.16,37.46,18.695,26.015,1,NONE,,PASS,63.11850403205857,27.23247856463167,15.912521435368332,8.814394637687972,8908.577051270295,99.7321813259169,33.8660437871605,44.23213417136971,49.06752894528229,41.382127274149205,61.73726572396947,19.34791626848262,1.4085488980124847,2.908698778111586,7.873275598339448,26.488857769097223,7.698099281957982,34.1869570510552,1.2553744224903458,0.0,0.0,10.521138892341025,16.443835213547874,8908.577051270295,7.873275598339448,ood,OOD_ENGINEERING_ACCEPTABLE
SIM_00125,latin_hypercube_ood,101,2.0.0,manufacturer_reconciled,concentrate_staging_3x2,2026-09-08T13:22:01.192852+00:00,44.7836,3410.44,129.45,8.03,36.8,16.73,23.276,1,NONE,,PASS,53.61696378984566,24.01160659578932,20.77199340421068,9.062538662526649,7342.298435351911,99.7342706905113,28.125355963325525,35.46676045242448,43.26415602844922,35.808830717123854,54.81509109372729,14.56208081260881,1.3554209528566752,3.00769458363066,6.475232297125242,24.43932796180556,7.819014562337139,32.2583425241427,1.343447902807117,0.0,0.0,9.95255922330561,12.719125240350044,7342.298435351911,6.475232297125242,ood,OOD_ENGINEERING_ACCEPTABLE
SIM_00126,latin_hypercube_ood,101,2.0.0,manufacturer_reconciled,concentrate_staging_3x2,2026-09-08T13:22:01.192852+00:00,43.8111,3211.93,128.76,6.5,36.14,13.505,29.443,1,NONE,,PASS,58.0349205298479,25.425737068252197,18.385362931747803,8.230599104238955,7642.43370641495,99.7437491133294,22.009354527377948,46.19216289871125,45.81213886171567,27.48034116338361,75.83899583518469,20.967435746993345,1.5233088092909672,2.8265952840366064,6.725572186540461,19.002684320312504,19.442859583812957,38.44554390412546,1.5120719529555124,6.2450045135165055e-15,0.0,9.60508709636377,13.08651558444128,7642.43370641495,6.725572186540461,ood,OOD_ENGINEERING_ACCEPTABLE
SIM_00127,latin_hypercube_ood,101,2.0.0,manufacturer_reconciled,concentrate_staging_3x2,2026-09-08T13:22:01.192852+00:00,44.144,3379.52,111.92,9.02,37.86,18.029,28.654,1,NONE,,PASS,63.70720966348944,28.12291063385078,16.021089366149226,8.787988891493605,9296.395747497883,99.73996340037952,31.420692636581983,47.07909465432997,50.67191105198338,39.3456038592952,69.70895735990842,21.188830737160384,1.4723165649578245,2.990618763888834,8.226604831160502,26.081363472222225,11.641689846380824,37.72305331860304,1.3413637659964268,6.2450045135165055e-15,4.9960036108132044e-14,10.286630098005093,16.499138346888557,9296.395747497883,8.226604831160502,ood,OOD_ENGINEERING_ACCEPTABLE
SIM_00128,latin_hypercube_ood,101,2.0.0,manufacturer_reconciled,concentrate_staging_3x2,2026-09-08T13:22:01.192852+00:00,43.1555,3413.76,142.55,6.47,36.64,12.586,21.175,1,NONE,,PASS,44.28641124409525,19.112022204445527,24.04347779555448,9.846527921874388,6119.511240047183,99.71156355684424,19.65071523627356,30.660753334973595,34.43607604404599,24.09173412966417,50.4762327099657,12.2095674766015,1.323146445826336,3.009068398096253,5.394060474146041,17.341243493923614,10.882935783463608,28.224179277387226,1.476776187023379,0.0,0.0,10.167707421647922,10.477598505612628,6119.511240047183,5.394060474146041,ood,OOD_ENGINEERING_ACCEPTABLE
SIM_00129,latin_hypercube_ood,101,2.0.0,manufacturer_reconciled,concentrate_staging_3x2,2026-09-08T13:22:01.192852+00:00,43.5387,3311.29,121.77,8.23,36.17,12.444,24.901,1,NONE,,PASS,49.51098271069337,21.556438229460653,21.98226177053936,8.949858147781722,6549.659737544936,99.72971687324934,19.440373742207303,37.32714557569992,38.84042924227145,24.07996815409085,62.312925815220346,15.723117931664513,1.41305978430084,2.914317731868826,5.764457208771966,17.280555382812498,15.719029266171985,32.99958464898448,1.5308458799044435,6.2450045135165055e-15,4.9960036108132044e-14,9.92598651365921,11.060901301875647,6549.659737544936,5.764457208771966,ood,OOD_ENGINEERING_ACCEPTABLE
SIM_00130,latin_hypercube_ood,101,2.0.0,manufacturer_reconciled,concentrate_staging_3x2,2026-09-08T13:22:01.192852+00:00,44.8029,3435.31,141.95,7.88,36.22,19.897,29.712,1,NONE,,PASS,67.11287483436621,30.06851419916626,14.734385800833746,8.95347595240063,10427.488105510276,99.73936919950744,34.89443205003071,49.48646298438549,54.17750306156083,44.24733020138843,71.32933523555222,22.59720644597292,1.4856272228762808,3.0239583875416107,9.178877631901686,29.376623710937498,10.396585360898538,39.77320907183604,1.3227527242745791,6.2450045135165055e-15,2.4980018054066022e-14,10.618111563235423,18.50513231514953,10427.488105510276,9.178877631901686,ood,OOD_ENGINEERING_ACCEPTABLE
SIM_00131,latin_hypercube_ood,101,2.0.0,manufacturer_reconciled,concentrate_staging_3x2,2026-09-08T13:22:01.192852+00:00,43.4412,3344.05,127.91,8.5,36.97,12.2,28.541,1,NONE,,PASS,54.01008592580029,23.46262944719876,19.97857055280124,8.717016573012803,7261.031030567018,99.73932756468912,18.81256340961253,43.35341032353168,42.27500801297073,23.233272925650216,73.15915031815443,19.219317221180034,1.500803016821028,2.950762240165339,6.407074113624488,16.87381403125,20.562443245090293,37.43625727634029,1.5955695571371635,1.2490009027033011e-14,4.9960036108132044e-14,10.055376197771515,12.200008381114811,7261.031030567018,6.407074113624488,ood,OOD_ENGINEERING_ACCEPTABLE
SIM_00132,latin_hypercube_ood,101,2.0.0,manufacturer_reconciled,concentrate_staging_3x2,2026-09-08T13:22:01.192852+00:00,43.5958,3205.84,130.49,7.1,37.61,15.232,29.407,1,NONE,,PASS,61.36434087277309,26.752275318212405,16.843524681787596,8.265737929976536,8284.491210207898,99.74216623630696,26.02450685906327,47.77235340139066,48.20229787065298,32.30884716508109,74.5909923188644,21.86992977564924,1.5127861896113963,2.8346447295074357,7.32525308364313,21.52353407118056,16.377058769670885,37.900592840851445,1.4167240875788047,0.0,2.4980018054066022e-14,9.695944779459175,14.583052620683311,8284.491210207898,7.32525308364313,ood,OOD_ENGINEERING_ACCEPTABLE
SIM_00133,latin_hypercube_ood,101,2.0.0,manufacturer_reconciled,concentrate_staging_3x2,2026-09-08T13:22:01.192852+00:00,43.798,3470.29,148.31,8.59,37.35,17.532,29.375,1,NONE,,PASS,63.70021318204919,27.899419369473907,15.8985806305261,9.029889445459704,9544.237707368218,99.73979438474998,30.302207219633885,47.91831223071892,50.26922408914218,37.619412661316986,71.6365907743084,21.72324928631267,1.488164722963918,3.0659075361553603,8.432076372256608,25.12111848958333,13.029828454616204,38.15094694419954,1.3674459112916997,6.2450045135165055e-15,4.9960036108132044e-14,10.4259132093352,16.769266698255684,9544.237707368218,8.432076372256608,ood,OOD_ENGINEERING_ACCEPTABLE
SIM_00134,latin_hypercube_ood,101,2.0.0,manufacturer_reconciled,concentrate_staging_3x2,2026-09-08T13:22:01.192852+00:00,43.5855,3326.27,142.31,7.79,37.74,12.831,27.901,1,NONE,,PASS,54.23455097766157,23.638400216368684,19.94709978363132,8.680968563104235,7257.793786876234,99.73901792208378,20.225089313106945,42.63177654693676,42.5917121015652,25.07755369616243,70.9645930254557,18.758576361795427,1.4826205787412976,2.942360836690137,6.420118691290135,17.8848105078125,18.737324936951502,36.622135444764,1.5492645487660617,0.0,2.4980018054066022e-14,9.92758697384177,12.2941272873555,7257.793786876234,6.420118691290135,ood,OOD_ENGINEERING_ACCEPTABLE
SIM_00135,latin_hypercube_ood,101,2.0.0,manufacturer_reconciled,concentrate_staging_3x2,2026-09-08T13:22:01.192852+00:00,42.4156,3279.15,120.62,8.22,36.69,16.378,20.818,1,NONE,,PASS,52.64313064457211,22.328899721679125,20.086700278320876,9.200990208472035,6914.110572067765,99.7194092917838,29.16897097269645,33.14106824966071,40.2322517507732,35.11922338064402,47.8315720861558,13.32312544025723,1.3038522922194875,2.890882545394055,6.095445944746416,22.62864896180556,5.1011199682719885,27.729768930077544,1.2418779821539847,0.0,2.4980018054066022e-14,10.203812172824058,12.770155462322416,6914.110572067765,6.095445944746416,ood,OOD_ENGINEERING_ACCEPTABLE
SIM_00136,latin_hypercube_ood,101,2.0.0,manufacturer_reconciled,concentrate_staging_3x2,2026-09-08T13:22:01.192852+00:00,44.0787,3484.62,110.51,8.68,37.25,13.266,21.485,1,NONE,,PASS,44.88269000714544,19.78370628017961,24.29499371982039,9.85254733933209,6314.165027594878,99.71725619036415,20.596654084781903,30.585658126163384,35.64631762194525,25.80493573490342,50.86853176628535,12.161111831973974,1.3260326805792753,3.0775762171404004,5.576597769635041,18.7529615078125,10.535231808711387,29.288193316523888,1.4804199426406963,6.2450045135165055e-15,0.0,10.0704273914186,10.644287737466756,6314.165027594878,5.576597769635041,ood,OOD_ENGINEERING_ACCEPTABLE
SIM_00137,latin_hypercube_ood,101,2.0.0,manufacturer_reconciled,concentrate_staging_3x2,2026-09-08T13:22:01.192852+00:00,43.4365,3289.84,123.05,8.9,36.77,14.319,28.724,1,NONE,,PASS,58.55969248814044,25.43628082761112,18.00021917238888,8.520454067953503,7926.703843496194,99.74100703779048,23.82347201475091,45.59963730575368,45.83113662632634,29.45122396079283,72.74047980631279,20.51092888866777,1.4973171040056603,2.9010556497006146,6.98994752592169,20.067889231770835,17.06695983075818,37.13484906252901,1.4599166172996123,0.0,2.4980018054066022e-14,9.817211207256443,13.712513393655708,7926.703843496194,6.98994752592169,ood,OOD_ENGINEERING_ACCEPTABLE
SIM_00138,latin_hypercube_ood,101,2.0.0,manufacturer_reconciled,concentrate_staging_3x2,2026-09-08T13:22:01.192852+00:00,44.1834,3423.12,149.7,8.84,37.96,13.981,25.477,1,NONE,,PASS,51.97838133494804,22.965816138745435,21.21758386125456,9.063370694769484,7118.479346691087,99.73523070489,22.29523751633634,38.19990290151416,41.379848898640425,28.01998041344151,62.72428615065222,16.141277831362512,1.4162920596475326,3.030175443987582,6.301339513331727,19.894419630208333,14.240878875035255,34.13529850524359,1.4863525118819625,6.2450045135165055e-15,7.494005416219808e-14,9.928684425918044,12.01307244150944,7118.479346691087,6.301339513331727,ood,OOD_ENGINEERING_ACCEPTABLE
SIM_00139,latin_hypercube_ood,101,2.0.0,manufacturer_reconciled,concentrate_staging_3x2,2026-09-08T13:22:01.192852+00:00,43.8851,3425.88,122.92,7.27,37.5,17.16,19.56,1,NONE,,PASS,50.08109885267529,21.978140312595404,21.9069596874046,9.601866834480244,6853.2583870033095,99.71972553520612,29.548760357866588,29.1440414662758,39.60025281548721,36.79486102272463,43.21466034854392,11.668618403828672,1.2708413285989577,3.0281346606104123,6.0575937451994015,24.60422702864584,3.059553866643784,27.66378089528962,1.2586952536396288,0.0,2.4980018054066022e-14,10.262658300042268,12.385455724967466,6853.2583870033095,6.0575937451994015,ood,OOD_ENGINEERING_ACCEPTABLE
SIM_00140,latin_hypercube_ood,101,2.0.0,manufacturer_reconciled,concentrate_staging_3x2,2026-09-08T13:22:01.192852+00:00,44.3686,3486.12,128.5,7.82,36.02,14.012,27.437,1,NONE,,PASS,54.29172186372472,24.088476906828568,20.280123093171422,9.044426875518925,7616.146936311297,99.74055893441653,22.167954376106707,41.273189250157,43.40266109338481,27.97106096017828,68.37630313807395,17.891093853607124,1.4614588323182285,3.066700457872554,6.699838587544464,20.025567335069447,16.636986885459123,36.66255422052857,1.5219955318194285,6.2450045135165055e-15,2.4980018054066022e-14,9.964601224055784,12.66669854915893,7616.146936311297,6.699838587544464,ood,OOD_ENGINEERING_ACCEPTABLE
SIM_00141,latin_hypercube_ood,101,2.0.0,manufacturer_reconciled,concentrate_staging_3x2,2026-09-08T13:22:01.192852+00:00,43.1768,3490.61,148.73,6.31,37.99,12.725,23.325,1,NONE,,PASS,47.20118510802183,20.37996129172037,22.79683870827962,9.730041980692146,6602.453695231035,99.72125095668974,19.721569953916276,34.23038434898507,36.72065097607274,24.169955311757697,56.51551340116772,14.013591326057814,1.3682831468511163,3.090216133432908,5.845112725067155,17.558190534722225,13.299003884886076,30.857194419608295,1.5140948492450983,1.2490009027033011e-14,2.4980018054066022e-14,10.311181416468356,11.162798895159776,6602.453695231035,5.845112725067155,ood,OOD_ENGINEERING_ACCEPTABLE
SIM_00142,latin_hypercube_ood,101,2.0.0,manufacturer_reconciled,concentrate_staging_3x2,2026-09-08T13:22:01.192852+00:00,44.8843,3212.87,140.91,8.3,36.47,18.765,20.388,1,NONE,,PASS,54.35480543399392,24.39677393541013,20.48752606458988,8.699815368044149,7028.431498181895,99.72921981380996,33.06500158262881,31.806684626498637,43.958151234973215,40.019655921422064,46.83434577965381,13.4838085464606,1.2966502740542445,2.830439258580533,6.191831116322176,27.665794184895837,2.162492093416859,29.82828627831269,1.2226324003854918,6.2450045135165055e-15,0.0,9.930974998347937,12.885795903587791,7028.431498181895,6.191831116322176,ood,OOD_ENGINEERING_ACCEPTABLE
SIM_00143,latin_hypercube_ood,101,2.0.0,manufacturer_reconciled,concentrate_staging_3x2,2026-09-08T13:22:01.192852+00:00,42.2138,3421.46,135.63,6.98,37.96,14.887,17.472,1,NONE,,PASS,44.19921088532925,18.65816648471112,23.55563351528888,10.34488404259396,6123.367961453842,99.69764708508666,25.38652211064878,25.213526170940497,33.61831799047049,30.39961015567561,37.89593870673211,9.676534575312774,1.2338469520801505,3.028705997623733,5.420458304499325,20.33554540798611,3.319234529141973,23.654779937128083,1.2677976668560271,0.0,2.4980018054066022e-14,10.358821179098962,11.369475636856285,6123.367961453842,5.420458304499325,ood,OOD_ENGINEERING_ACCEPTABLE
SIM_00144,latin_hypercube_ood,101,2.0.0,manufacturer_reconciled,concentrate_staging_3x2,2026-09-08T13:22:01.192852+00:00,43.8641,3268.71,124.46,8.25,36.65,19.687,26.568,1,NONE,,PASS,64.87490663896422,28.45679392302191,15.407306076978095,8.69536592065461,9289.851149824352,99.73398172610436,35.62586200449527,45.43601754560415,51.27350256400344,44.25200073406592,62.97379298941645,20.04322088428988,1.4182561672834102,2.881306671115453,8.188829872230473,28.44122351996528,7.187723817880143,35.628947337845425,1.252036593940442,6.2450045135165055e-15,7.494005416219808e-14,10.519720945427316,17.120454707528403,9289.851149824352,8.188829872230473,ood,OOD_ENGINEERING_ACCEPTABLE
SIM_00145,latin_hypercube_ood,101,2.0.0,manufacturer_reconciled,concentrate_staging_3x2,2026-09-08T13:22:01.192852+00:00,42.4786,3407.94,110.88,9.14,37.3,15.668,24.348,1,NONE,,PASS,55.49852554627333,23.57499667269926,18.903603327300733,9.254734225581336,7646.496662711403,99.7284361160824,27.09892529559824,38.956353340234536,42.47747148234101,32.65394723918811,58.18085543129041,16.437753195644948,1.3809982688168558,3.0103381596436,6.754385550023642,21.615043866319446,9.817081928610277,31.432125794929725,1.3332823003673768,6.2450045135165055e-15,2.4980018054066022e-14,10.337973111298886,13.629562364145176,7646.496662711403,6.754385550023642,ood,OOD_ENGINEERING_ACCEPTABLE
SIM_00146,latin_hypercube_ood,101,2.0.0,manufacturer_reconciled,concentrate_staging_3x2,2026-09-08T13:22:01.192852+00:00,44.6703,3308.01,137.74,8.07,36.3,17.397,22.967,1,NONE,,PASS,55.08266901625735,24.60559349756921,20.064706502430795,8.795390246555097,7353.876982355312,99.73411839001228,29.956457076685044,35.87227443232129,44.3344026983229,38.05309504816137,53.97048537310684,14.7606419418958,1.349077263329963,2.912654559649877,6.474981431060208,25.41204957031249,6.540199227150374,31.952248797462868,1.2985766346428278,0.0,0.0,9.889774038891105,13.001884971782168,7353.876982355312,6.474981431060208,ood,OOD_ENGINEERING_ACCEPTABLE
SIM_00147,latin_hypercube_ood,101,2.0.0,manufacturer_reconciled,concentrate_staging_3x2,2026-09-08T13:22:01.192852+00:00,44.919,3491.61,141.73,7.04,36.46,18.279,20.165,1,NONE,,PASS,51.709818100823725,23.227533192709007,21.69146680729099,9.553563957254594,7220.245880902416,99.7263851358756,31.176353133924128,29.834898180934417,41.851411158034246,38.65261950095051,44.33198558192906,12.480884426918896,1.27875275268228,3.0759012436569173,6.360608225024123,26.929174453125,2.5075413970126625,29.43671585013766,1.267319934747857,0.0,7.494005416219808e-14,10.318707119433297,12.81098964196546,7220.245880902416,6.360608225024123,ood,OOD_ENGINEERING_ACCEPTABLE
SIM_00148,latin_hypercube_ood,101,2.0.0,manufacturer_reconciled,concentrate_staging_3x2,2026-09-08T13:22:01.192852+00:00,43.7237,3228.27,132.59,8.08,37.25,17.832,25.85,1,NONE,,PASS,61.09490566472668,26.7129532681281,17.010746731871905,8.52609456346593,8284.41890615691,99.73589276722625,31.73555702742934,43.008259291142565,48.131447329960544,39.41329670736667,62.34015619739565,18.72573859775652,1.4132735196467476,2.8511708520607244,7.316703284265371,25.5339576171875,8.77606473798326,34.31002235517076,1.2843964503208605,6.2450045135165055e-15,2.4980018054066022e-14,10.063029319241142,15.04094016416795,8284.41890615691,7.316703284265371,ood,OOD_ENGINEERING_ACCEPTABLE
SIM_00149,latin_hypercube_ood,101,2.0.0,manufacturer_reconciled,concentrate_staging_3x2,2026-09-08T13:22:01.192852+00:00,44.1721,3235.77,147.91,8.56,36.83,18.201,22.148,1,NONE,,PASS,56.30393381990199,24.870629950860927,19.30147004913908,8.710123013345514,7393.951310826415,99.73081761023356,32.239656529697086,35.51380653899942,44.81194585740708,40.455373009024704,51.247139459400735,14.52742325300681,1.3288241539546772,2.853927904134904,6.521416530773927,26.361771242187498,4.569699301505789,30.931470543693287,1.2436946955025785,6.2450045135165055e-15,7.494005416219808e-14,10.034065849549808,13.493083569635427,7393.951310826415,6.521416530773927,ood,OOD_ENGINEERING_ACCEPTABLE
SIM_00150,latin_hypercube_ood,101,2.0.0,manufacturer_reconciled,concentrate_staging_3x2,2026-09-08T13:22:01.192852+00:00,43.6384,3281.98,146.29,8.33,36.91,13.467,21.189,1,NONE,,PASS,46.24546577297448,20.180781335873696,23.457618664126294,9.25278781361986,6097.534007709283,99.7180729982017,21.795890349937505,31.263798708841183,36.3617681727454,27.07955912263208,50.6836045814361,12.507147733977703,1.3246713451114926,2.895431884501017,5.379372934250279,18.87019875,9.68354254514495,28.553741295144945,1.4148977098516664,0.0,2.4980018054066022e-14,9.776968388665026,10.593228396037333,6097.534007709283,5.379372934250279,ood,OOD_ENGINEERING_ACCEPTABLE
SIM_00151,latin_hypercube_ood,101,2.0.0,manufacturer_reconciled,concentrate_staging_3x2,2026-09-08T13:22:01.192852+00:00,44.5618,3391.44,147.45,9.4,37.03,12.436,17.562,1,NONE,,PASS,37.65278829692815,16.77876021530053,27.78303978469948,10.482621578084045,5433.271044777667,99.69090941965408,18.77335571081082,23.242906008650763,30.23200038792888,23.802688242725257,39.74716991455741,8.748645546343052,1.2465993988370954,2.9931577714108752,4.79520128672716,17.674246560763887,7.007958382799267,24.682204943563157,1.4710386599991747,6.2450045135165055e-15,0.0,9.913564760048484,9.438557485216013,5433.271044777667,4.79520128672716,ood,OOD_ENGINEERING_ACCEPTABLE
SIM_00152,latin_hypercube_ood,101,2.0.0,manufacturer_reconciled,concentrate_staging_3x2,2026-09-08T13:22:01.192852+00:00,42.8406,3440.8,117.71,7.16,36.91,16.072,19.797,1,NONE,,PASS,49.31078287644983,21.125035248968366,21.715564751031625,9.80606239120941,6778.4920518513945,99.71500632436616,27.72444813256549,29.866717287025768,38.06312657471777,33.68722377459745,44.32139741191717,11.70021273334857,1.2786775505845676,3.03554623373424,5.9801284638441565,22.40020434895833,4.488600496739989,26.88880484569832,1.2728407090829077,6.2450045135165055e-15,4.9960036108132044e-14,10.356153895899284,12.26758894680632,6778.4920518513945,5.9801284638441565,ood,OOD_ENGINEERING_ACCEPTABLE
SIM_00153,latin_hypercube_ood,101,2.0.0,manufacturer_reconciled,concentrate_staging_3x2,2026-09-08T13:22:01.192852+00:00,43.7355,3392.99,131.08,6.82,37.46,14.835,28.307,1,NONE,,PASS,58.03769884667833,25.383077779089003,18.352422220911,8.790833505616861,8073.646843497087,99.7409118946529,24.534933178327314,44.39506526578655,45.73527527763784,30.51037282503112,70.70870292436166,19.71548790707975,1.480514856771291,2.9986770298630976,7.135375977182786,20.989623164062497,15.954720427142826,36.944343591205325,1.4554713936873598,6.2450045135165055e-15,2.4980018054066022e-14,9.971401158588264,13.867994673602958,8073.646843497087,7.135375977182786,ood,OOD_ENGINEERING_ACCEPTABLE
SIM_00154,latin_hypercube_ood,101,2.0.0,manufacturer_reconciled,concentrate_staging_3x2,2026-09-08T13:22:01.192852+00:00,42.3177,3394.39,111.03,6.19,36.12,17.574,29.864,1,NONE,,PASS,66.61648051231059,28.190562373758063,14.127137626241932,9.067715613398803,10149.766887954962,99.73286170377008,31.64918713400592,51.158562586315085,50.79380607884335,37.90901319831959,73.04966772977419,23.79761293774609,1.4998906657999205,2.9869724249592893,8.93152342956653,24.333779523437503,12.7950703912186,37.12884991465611,1.3170666630339551,6.2450045135165055e-15,4.9960036108132044e-14,10.65017815403128,18.3851790717328,10149.766887954962,8.93152342956653,ood,OOD_ENGINEERING_ACCEPTABLE
SIM_00155,latin_hypercube_ood,101,2.0.0,manufacturer_reconciled,concentrate_staging_3x2,2026-09-08T13:22:01.192852+00:00,44.7477,3444.23,123.96,9.46,36.47,15.015,19.677,1,NONE,,PASS,45.35624642317144,20.295877080701487,24.451822919298515,9.73734186908807,6294.980271423789,99.71728537672897,24.302512724974264,27.812988853519396,36.56914789315584,30.94354145974589,44.82675101600356,10.788527574186933,1.282271742215046,3.0342602743281955,5.545683234064196,21.755073210937503,6.012437001122588,27.76751021206009,1.3681355135158495,0.0,2.4980018054066022e-14,9.84838268522878,10.857722066497862,6294.980271423789,5.545683234064196,ood,OOD_ENGINEERING_ACCEPTABLE
SIM_00156,latin_hypercube_ood,101,2.0.0,manufacturer_reconciled,concentrate_staging_3x2,2026-09-08T13:22:01.192852+00:00,43.6698,3483.14,139.19,9.79,37.18,18.592,28.419,1,NONE,,PASS,64.36974093756903,28.11013712795452,15.55966287204548,9.170815115785542,9759.223933722536,99.73670839771628,32.69036093237245,47.065146157398914,50.64889572604418,40.39089873172615,67.98881243310976,21.07840722190893,1.4583168212645736,3.0755753519473936,8.617290314110864,26.654878359375,10.488957687308984,37.14383604668398,1.321368013169376,6.2450045135165055e-15,0.0,10.702624366408784,17.401348534388013,9759.223933722536,8.617290314110864,ood,OOD_ENGINEERING_ACCEPTABLE
SIM_00157,latin_hypercube_ood,101,2.0.0,manufacturer_reconciled,concentrate_staging_3x2,2026-09-08T13:22:01.192852+00:00,42.437,3215.92,117.93,6.38,36.58,17.105,21.943,1,NONE,,PASS,55.95758515465988,23.74672041208301,18.69027958791698,8.88445313892671,7290.582239518121,99.7237352565074,31.02092250951667,36.15105268490086,42.78688362537479,37.36300473796552,51.04315484137061,14.865910210727446,1.3273194467353018,2.8341327510678505,6.425059671687078,23.711305373263887,5.37478399632629,29.086089369590177,1.2248465836482558,6.2450045135165055e-15,4.9960036108132044e-14,10.203007227842283,13.595854929908294,7290.582239518121,6.425059671687078,ood,OOD_ENGINEERING_ACCEPTABLE
SIM_00158,latin_hypercube_ood,101,2.0.0,manufacturer_reconciled,concentrate_staging_3x2,2026-09-08T13:22:01.192852+00:00,43.9579,3317.65,131.74,7.63,37.38,12.669,25.126,1,NONE,,PASS,49.75796820946605,21.87255790754888,22.08534209245112,8.892128761893561,6594.529200592073,99.7319750798941,19.72724919637764,37.41085077120997,39.41001424783582,24.67988475056892,62.84248805162314,15.767093436513314,1.4172222009321764,2.931337410244409,5.826651439616807,17.790357393229165,15.813860548184016,33.60421794141318,1.5363643376075076,6.2450045135165055e-15,4.9960036108132044e-14,9.858749175442728,11.102633795215048,6594.529200592073,5.826651439616807,ood,OOD_ENGINEERING_ACCEPTABLE
SIM_00159,latin_hypercube_ood,101,2.0.0,manufacturer_reconciled,concentrate_staging_3x2,2026-09-08T13:22:01.192852+00:00,43.9202,3439.44,124.16,7.34,36.18,12.241,22.093,1,NONE,,PASS,44.14121314676965,19.386909096487525,24.53329090351248,9.751731091232312,6149.677895116805,99.71647328951131,18.4909383864364,31.469230846923256,34.93136774141897,23.07916933972652,53.42339940531758,12.633535570949885,1.3449840446375847,3.027202399408709,5.412601958367724,17.122396720486112,12.805580192270876,29.92797691275699,1.543720907949131,6.2450045135165055e-15,0.0,10.122063929084815,10.262758348903803,6149.677895116805,5.412601958367724,ood,OOD_ENGINEERING_ACCEPTABLE
SIM_00160,latin_hypercube_ood,101,2.0.0,manufacturer_reconciled,concentrate_staging_3x2,2026-09-08T13:22:01.192852+00:00,43.9898,3242.75,143.37,7.33,36.71,15.446,24.672,1,NONE,,PASS,54.817488869547226,24.11410371873609,19.875696281263902,8.580482448872694,7166.592369422802,99.7353948824648,26.20970468930671,38.769033325842834,43.44883552925421,32.83508782424119,60.35213787475736,16.422745387597647,1.3977539154860326,2.8589770175190825,6.31844048357333,22.04492312326389,10.90572664541738,32.950649768681274,1.3664472108527672,6.2450045135165055e-15,2.4980018054066022e-14,9.68198743208636,12.55084209545108,7166.592369422802,6.31844048357333,ood,OOD_ENGINEERING_ACCEPTABLE
SIM_00161,latin_hypercube_ood,101,2.0.0,manufacturer_reconciled,concentrate_staging_3x2,2026-09-08T13:22:01.192852+00:00,44.5812,3307.66,132.13,8.28,37.06,14.157,16.775,1,NONE,,PASS,40.30772762562524,17.96966866823524,26.61153133176476,9.98191037900098,5534.445896167313,99.69821836648866,22.830309805409428,22.64803419081361,32.377781384207644,28.999622391231448,36.91728992726835,8.55602251497056,1.2271581931983984,2.9194990259031117,4.884966835398422,20.34597734375,3.664893666735918,24.01087101048592,1.3361888554422618,0.0,0.0,9.63632862496462,9.98168547166718,5534.445896167313,4.884966835398422,ood,OOD_ENGINEERING_ACCEPTABLE
SIM_00162,latin_hypercube_ood,101,2.0.0,manufacturer_reconciled,concentrate_staging_3x2,2026-09-08T13:22:01.192852+00:00,43.9677,3266.03,124.71,7.83,37.06,16.761,17.386,1,NONE,,PASS,47.00055488656992,20.6650629708624,23.302637029137607,9.419418981282575,6154.032016431837,99.71159422965243,29.08760126635159,25.260679288964035,37.23434769524757,33.28784347437627,40.36170058606448,11.464183841341953,1.250861741698339,2.8827543954246626,5.431843199527555,24.041400960937494,1.1637827098390716,25.20518367077657,1.2197003080182096,6.2450045135165055e-15,4.9960036108132044e-14,9.886961103432531,11.47824098614275,6154.032016431837,5.431843199527555,ood,OOD_ENGINEERING_ACCEPTABLE
SIM_00163,latin_hypercube_ood,101,2.0.0,manufacturer_reconciled,concentrate_staging_3x2,2026-09-08T13:22:01.192852+00:00,43.608,3231.02,144.45,9.23,36.24,15.311,25.3,1,NONE,,PASS,55.917393201478994,24.38445682730096,19.22354317269904,8.542969384683078,7318.630245628595,99.73559527998331,26.16597084806549,40.29500041531188,43.93595824738911,32.48880670971488,62.31408646007336,17.286877879354243,1.4130688937165792,2.844314389638284,6.442697761104349,21.649176458333333,11.670491524050576,33.31966798238391,1.366430600376509,6.2450045135165055e-15,4.9960036108132044e-14,9.719232480805964,12.872022092218575,7318.630245628595,6.442697761104349,ood,OOD_ENGINEERING_ACCEPTABLE
SIM_00164,latin_hypercube_ood,101,2.0.0,manufacturer_reconciled,concentrate_staging_3x2,2026-09-08T13:22:01.192852+00:00,44.0429,3330.58,138.76,6.27,37.57,12.195,22.519,1,NONE,,PASS,44.99035946793508,19.81505903010318,24.227840969896818,9.327452211584916,6046.91016619509,99.71994510831192,18.575683297139516,32.44077106251921,35.70280906324897,23.274206829875435,55.14124488982282,13.139911581027278,1.3578786132130545,2.944562369758981,5.346067090023685,17.099885315104167,13.41573630993859,30.515621625042755,1.5400217369367009,6.2450045135165055e-15,0.0,9.942101111313349,10.178851548767495,6046.91016619509,5.346067090023685,ood,OOD_ENGINEERING_ACCEPTABLE
SIM_00165,latin_hypercube_ood,101,2.0.0,manufacturer_reconciled,concentrate_staging_3x2,2026-09-08T13:22:01.192852+00:00,44.982,3302.51,125.09,6.91,37.28,17.314,26.0,1,NONE,,PASS,58.59365008428351,26.35659568091241,18.625404319087583,8.545695540404655,7963.761045757296,99.74123634628192,29.56837927193741,41.2105677993881,47.48936158722957,37.83975706872423,63.04782644866303,17.737098822020336,1.4188394794097592,2.9170206656019064,7.034181742489646,25.45973390625,10.050092213387355,35.50982611963735,1.347284245262136,0.0,2.4980018054066022e-14,9.815884433347527,13.92392915402968,7963.761045757296,7.034181742489646,ood,OOD_ENGINEERING_ACCEPTABLE
SIM_00166,latin_hypercube_ood,101,2.0.0,manufacturer_reconciled,concentrate_staging_3x2,2026-09-08T13:22:01.192852+00:00,42.0048,3252.64,137.5,9.66,37.52,18.098,18.317,1,NONE,,PASS,52.86324281783877,22.205099419147544,19.799700580852463,9.403941631522976,6889.885867519863,99.71088280192328,33.46454895466443,29.15542550385142,40.00918814260819,34.01165522201274,44.51530031167577,13.646514837114513,1.2800554402569306,2.875192954834143,6.090360847159365,24.918107875,0.6492106812889684,25.567318556288967,1.1514165315667162,6.2450045135165055e-15,4.9960036108132044e-14,10.615622110338125,13.462964044330638,6889.885867519863,6.090360847159365,ood,OOD_ENGINEERING_ACCEPTABLE
SIM_00167,latin_hypercube_ood,101,2.0.0,manufacturer_reconciled,concentrate_staging_3x2,2026-09-08T13:22:01.192852+00:00,44.8769,3436.13,113.22,7.08,36.56,13.801,18.885,1,NONE,,PASS,41.82008164815304,18.767556221159992,26.10934377884001,10.020176218629167,5898.838725364303,99.70838774380978,21.57906998599987,25.810726369273656,33.81541661470269,27.56730985039124,43.0572562784681,9.885808529160418,1.2697307404088545,3.028004345639048,5.198205334090098,19.926200624131944,6.762410099916667,26.68861072404861,1.422061050972519,6.2450045135165055e-15,4.9960036108132044e-14,9.801362490834142,10.10472007472822,5898.838725364303,5.198205334090098,ood,OOD_ENGINEERING_ACCEPTABLE
SIM_00168,latin_hypercube_ood,101,2.0.0,manufacturer_reconciled,concentrate_staging_3x2,2026-09-08T13:22:01.192852+00:00,43.6992,3420.08,147.19,6.44,36.2,13.115,21.942,1,NONE,,PASS,45.94271052492077,20.076596957706176,23.62260304229382,9.614815224418308,6318.597781060747,99.71887162801988,20.62136948218414,31.899443058611936,36.17404857244356,25.62139937987216,52.595340048700464,12.82367390461086,1.3388122323003286,3.010357436711594,5.561635347654321,18.362388666666668,11.173575225961052,29.53596389262772,1.4711638608300432,0.0,7.494005416219808e-14,10.017897035573622,10.71825532798989,6318.597781060747,5.561635347654321,ood,OOD_ENGINEERING_ACCEPTABLE
SIM_00169,latin_hypercube_ood,101,2.0.0,manufacturer_reconciled,concentrate_staging_3x2,2026-09-08T13:22:01.192852+00:00,43.4824,3218.65,121.09,8.17,36.32,14.33,18.833,1,NONE,,PASS,45.03286611338341,19.58137097488583,23.901029025114163,9.333149775032908,5847.943648996229,99.71002905643569,24.033144388600917,27.643268311912895,35.28174950429879,29.766670428903257,43.37600023220259,10.72566999122978,1.2719806945276966,2.834157544933946,5.149361880027716,20.10570313194444,5.680852297107966,25.78655542905241,1.316892237122981,6.2450045135165055e-15,0.0,9.673165066261292,10.539111356829377,5847.943648996229,5.149361880027716,ood,OOD_ENGINEERING_ACCEPTABLE
SIM_00170,latin_hypercube_ood,101,2.0.0,manufacturer_reconciled,concentrate_staging_3x2,2026-09-08T13:22:01.192852+00:00,44.5472,3264.39,120.3,6.08,37.78,19.363,28.284,1,NONE,,PASS,65.66221201172424,29.250676909286817,15.296523090713176,8.526859771038584,9490.393138812193,99.73879163423982,34.39801785014973,47.65739256194999,52.70392235907534,43.46158773683932,68.3611602718493,21.49876219816468,1.461335917727571,2.8879943901938487,8.396117542825397,28.382985527777773,9.508911898182308,37.89189742596008,1.2954195057937192,0.0,2.4980018054066022e-14,10.270286650778068,17.188903943544503,9490.393138812193,8.396117542825397,ood,OOD_ENGINEERING_ACCEPTABLE
SIM_00171,latin_hypercube_ood,101,2.0.0,manufacturer_reconciled,concentrate_staging_3x2,2026-09-08T13:22:01.192852+00:00,42.9092,3313.28,147.76,9.85,37.64,16.299,18.184,1,NONE,,PASS,47.96654551072663,20.58206094628871,22.327139053711296,9.6080117310001,6358.7386252866445,99.71001509890502,28.546575611831926,27.17850133171565,37.0847944978175,34.78098236016197,39.86173880828668,11.183666297476618,1.2473929380461497,2.929927372247462,5.623020798482028,22.774281385416664,2.4858096054035017,25.260090990820167,1.2272867647578791,6.2450045135165055e-15,2.4980018054066022e-14,10.1568707450388,11.865740637382894,6358.7386252866445,5.623020798482028,ood,OOD_ENGINEERING_ACCEPTABLE
SIM_00172,latin_hypercube_ood,101,2.0.0,manufacturer_reconciled,concentrate_staging_3x2,2026-09-08T13:22:01.192852+00:00,44.6653,3454.92,127.34,9.97,37.24,12.706,26.826,1,NONE,,PASS,50.81031736384899,22.694580681515244,21.97071931848476,9.047796868157294,7014.322111444372,99.73811848412822,19.16974792266745,39.14446463795526,40.89113636309053,24.35280014816009,67.40387331860803,16.73042218968776,1.4535865665530072,3.0512472158320736,6.194768855282899,18.13403425607639,18.264645716895163,36.39867997297155,1.6038489753907772,0.0,2.4980018054066022e-14,9.972199701002106,11.49898731406629,7014.322111444372,6.194768855282899,ood,OOD_ENGINEERING_ACCEPTABLE
SIM_00173,latin_hypercube_ood,101,2.0.0,manufacturer_reconciled,concentrate_staging_3x2,2026-09-08T13:22:01.192852+00:00,44.2891,3301.65,112.58,9.28,37.05,13.571,29.205,1,NONE,,PASS,56.79702796023781,25.154892510337685,19.13420748966232,8.435834355993343,7631.092355794086,99.74449640767516,21.67193467370091,44.84356040228081,45.32413064925709,27.340742134045872,74.685804573779,20.103294021464613,1.5135830478156496,2.914100369625308,6.735350220242729,19.31150852517361,19.37384547507066,38.685354000244274,1.5378858798281922,0.0,7.494005416219808e-14,9.692325052109776,12.887787226020889,7631.092355794086,6.735350220242729,ood,OOD_ENGINEERING_ACCEPTABLE
SIM_00174,latin_hypercube_ood,101,2.0.0,manufacturer_reconciled,concentrate_staging_3x2,2026-09-08T13:22:01.192852+00:00,42.7464,3200.56,122.15,6.05,36.24,14.863,26.898,1,NONE,,PASS,58.38330070538406,24.956759252726293,17.789640747273715,8.455967755127089,7678.703936358066,99.73579724313473,25.711434812247752,43.97967010207221,44.967133788696025,31.278080623731743,67.32401750185775,19.472257869363837,1.4529419839961712,2.817500003992765,6.759675922759802,20.5564914375,13.766310939558176,34.322802377058174,1.3752908392266006,6.2450045135165055e-15,4.9960036108132044e-14,9.809364877715025,13.655192865250894,7678.703936358066,6.759675922759802,ood,OOD_ENGINEERING_ACCEPTABLE
SIM_00175,latin_hypercube_ood,101,2.0.0,manufacturer_reconciled,concentrate_staging_3x2,2026-09-08T13:22:01.192852+00:00,44.2006,3296.62,149.8,6.23,36.95,18.519,25.695,1,NONE,,PASS,61.20957363595468,27.054998804533785,17.145601195466213,8.678566276211072,8484.845862986742,99.73674350467417,32.7322282386694,42.334307576478544,48.747745593754566,41.05585219114124,61.214462915237135,18.28676531610737,1.4044646794461062,2.9087227989032347,7.486475422356635,26.866828244791662,7.872986737427347,34.73981498221901,1.2840442253650155,6.2450045135165055e-15,2.4980018054066022e-14,10.20760172815304,15.29453256788786,8484.845862986742,7.486475422356635,ood,OOD_ENGINEERING_ACCEPTABLE
SIM_00176,latin_hypercube_ood,101,2.0.0,manufacturer_reconciled,concentrate_staging_3x2,2026-09-08T13:22:01.192852+00:00,42.2775,3284.25,119.4,7.57,37.3,18.357,18.482,1,NONE,,PASS,53.155812446023965,22.472948606867785,19.80455139313221,9.441059070880584,7000.295446620527,99.71253531031802,33.76434104997493,29.276482945055232,40.49179929165366,34.19420182699712,45.21465125490888,13.802190074534208,1.2850374295541636,2.9010789805012687,6.183576152086337,25.4600830078125,0.5590832954771894,26.01916630328969,1.1577993951064425,6.2450045135165055e-15,7.494005416219808e-14,10.659008571165392,13.580501519228148,7000.295446620527,6.183576152086337,ood,OOD_ENGINEERING_ACCEPTABLE
SIM_00177,latin_hypercube_ood,101,2.0.0,manufacturer_reconciled,concentrate_staging_3x2,2026-09-08T13:22:01.192852+00:00,44.8629,3457.94,146.14,8.49,36.53,16.153,22.688,1,NONE,,PASS,51.46598629643317,23.089133966182523,21.77376603381749,9.270640029691352,7114.945808446397,99.73190280832831,26.697565629640103,33.78935621926394,41.60204318231085,34.056761749598884,53.21280786596348,13.705168393057171,1.3434117409417397,3.046928698487809,6.269262211588653,23.583787856770837,7.975899334602234,31.559687191373065,1.366863184976835,6.2450045135165055e-15,7.494005416219808e-14,9.940854465802206,12.181655291721784,7114.945808446397,6.269262211588653,ood,OOD_ENGINEERING_ACCEPTABLE
SIM_00178,latin_hypercube_ood,101,2.0.0,manufacturer_reconciled,concentrate_staging_3x2,2026-09-08T13:22:01.192852+00:00,44.8345,3251.05,132.22,6.53,37.89,19.101,26.624,1,NONE,,PASS,62.89264710297997,28.19760386538556,16.636896134614446,8.46645199701593,8746.851960124666,99.73957792107116,33.66639893047659,44.059492777833256,50.80649345114515,42.854041402749495,63.8714926121676,19.308411236509635,1.4253453754183565,2.877210070808868,7.741046907166909,28.1581676171875,8.233323535975446,36.39149115316295,1.2905880700677526,6.2450045135165055e-15,4.9960036108132044e-14,10.113908500526446,15.772910502709678,8746.851960124666,7.741046907166909,ood,OOD_ENGINEERING_ACCEPTABLE
SIM_00179,latin_hypercube_ood,101,2.0.0,manufacturer_reconciled,concentrate_staging_3x2,2026-09-08T13:22:01.192852+00:00,42.77,3314.32,122.47,9.44,36.75,16.685,22.654,1,NONE,,PASS,55.2656750546318,23.637129220866026,19.132870779133977,9.075348400432118,7397.685002477253,99.72617766539042,29.53920426936609,36.511751703196765,42.58942201957843,35.8547592595725,53.033335316057176,15.074716528903076,1.3420732262332355,2.9224540635664864,6.523025717635745,23.27363706597222,6.716788628538033,29.99042569451025,1.268784606382562,6.2450045135165055e-15,7.494005416219808e-14,10.233613880891516,13.461048996115348,7397.685002477253,6.523025717635745,ood,OOD_ENGINEERING_ACCEPTABLE
SIM_00180,latin_hypercube_ood,101,2.0.0,manufacturer_reconciled,concentrate_staging_3x2,2026-09-08T13:22:01.192852+00:00,43.2888,3237.07,118.78,6.64,37.54,19.461,25.688,1,NONE,,PASS,64.14968387426684,27.769628352963625,15.519171647036377,8.705799727199654,9013.82639322595,99.73105926880793,35.631277267730106,44.30475764627786,50.03536640173626,43.6634184708822,60.52458943337776,19.34941655074495,1.399093394012201,2.8616139590907768,7.968345272631191,27.7285055625,6.460101282402393,34.188606844902395,1.231151040638746,6.2450045135165055e-15,2.4980018054066022e-14,10.576346446246882,16.86855579989962,9013.82639322595,7.968345272631191,ood,OOD_ENGINEERING_ACCEPTABLE
SIM_00181,latin_hypercube_ood,101,2.0.0,manufacturer_reconciled,concentrate_staging_3x2,2026-09-08T13:22:01.192852+00:00,43.5099,3310.23,119.29,9.07,36.53,18.451,27.966,1,NONE,,PASS,64.74185904814942,28.169118129990764,15.340781870009245,8.744550906063347,9372.49816912016,99.73583252807016,33.03427412810997,47.34897517679148,50.75516780178516,40.743159237981246,67.65000932716515,21.313454819110504,1.4555751338543292,2.9167755327146505,8.258481537567645,26.34426245572917,10.08150758328802,36.42577003901719,1.293110060134819,6.2450045135165055e-15,0.0,10.38464398299848,16.995566602246008,9372.49816912016,8.258481537567645,ood,OOD_ENGINEERING_ACCEPTABLE
SIM_00182,latin_hypercube_ood,101,2.0.0,manufacturer_reconciled,concentrate_staging_3x2,2026-09-08T13:22:01.192852+00:00,44.6538,3220.61,121.92,9.05,36.81,19.923,20.954,1,NONE,,PASS,57.3633770131009,25.614927644676047,19.03887235532395,8.711806433371425,7541.902684504426,99.72949824929528,35.69589226800264,33.69533535151852,46.153022783200086,40.21511878898934,50.38167266738161,14.874408033051507,1.322451685773531,2.840373610069144,6.6514794882882455,29.319173421874996,1.4765892764630453,30.79576269833804,1.2022584301439088,0.0,4.9960036108132044e-14,10.28168171608793,14.062716969711694,7541.902684504426,6.6514794882882455,ood,OOD_ENGINEERING_ACCEPTABLE
SIM_00183,latin_hypercube_ood,101,2.0.0,manufacturer_reconciled,concentrate_staging_3x2,2026-09-08T13:22:01.192852+00:00,42.6704,3461.16,123.39,10.0,36.3,12.868,22.653,1,NONE,,PASS,47.23809763071139,20.156685211415077,22.51371478858493,9.761700580555823,6551.220867959662,99.71796448067828,20.402683313191915,33.71396855387586,36.31835173227942,24.711378488270945,54.5596895091257,13.735462476585877,1.3534995356701105,3.0475009010485965,5.768254428594875,17.564129319444444,12.070367713502314,29.63449703294676,1.4702068679508988,1.2490009027033011e-14,2.4980018054066022e-14,10.30523262301676,11.211945779654432,6551.220867959662,5.768254428594875,ood,OOD_ENGINEERING_ACCEPTABLE
SIM_00184,latin_hypercube_ood,101,2.0.0,manufacturer_reconciled,concentrate_staging_3x2,2026-09-08T13:22:01.192852+00:00,44.2338,3369.37,115.34,9.81,36.73,15.51,21.015,1,NONE,,PASS,48.991331630356015,21.67072765070842,22.563072349291573,9.305335775492027,6596.547801850402,99.7238256476584,25.86565347193628,31.19428340771233,39.04635612740256,32.550171074018614,48.83055617194188,12.410426732455315,1.3111071081581032,2.970803532510636,5.8162349377220215,22.265497921875,6.780519851087847,29.04601777296285,1.3403342167891314,6.2450045135165055e-15,0.0,9.8604470524755,11.527326757050831,6596.547801850402,5.8162349377220215,ood,OOD_ENGINEERING_ACCEPTABLE
SIM_00185,latin_hypercube_ood,101,2.0.0,manufacturer_reconciled,concentrate_staging_3x2,2026-09-08T13:22:01.192852+00:00,44.2688,3256.07,111.29,8.81,36.09,13.636,27.822,1,NONE,,PASS,55.372012286098204,24.512525374908243,19.75627462509176,8.396675213493385,7285.608781675655,99.74212239867406,21.97471236156619,42.80317437507418,44.16671238722206,27.72528523142109,70.79690712574438,18.86043488903004,1.481240352014573,2.864976586811827,6.410518993808915,19.402569277777776,17.553472413362453,36.95604169114023,1.5076390998444225,0.0,2.4980018054066022e-14,9.59544625783054,12.344720991808384,7285.608781675655,6.410518993808915,ood,OOD_ENGINEERING_ACCEPTABLE
SIM_00186,latin_hypercube_ood,101,2.0.0,manufacturer_reconciled,concentrate_staging_3x2,2026-09-08T13:22:01.192852+00:00,44.7085,3480.47,144.93,8.83,36.62,13.177,21.869,1,NONE,,PASS,44.74660079389536,20.005534015938707,24.702965984061287,9.728102955217096,6291.22742591691,99.7204945609295,20.15376233175787,30.8002470502364,36.0460072359256,25.63023116833251,52.19295472845151,12.281762770400864,1.3358233471098182,3.067672054820662,5.545062179822448,18.882743641493057,11.33165348420128,30.21439712569434,1.5103019545302854,1.2490009027033011e-14,2.4980018054066022e-14,9.945591725594667,10.447790443983546,6291.22742591691,5.545062179822448,ood,OOD_ENGINEERING_ACCEPTABLE
SIM_00187,latin_hypercube_ood,101,2.0.0,manufacturer_reconciled,concentrate_staging_3x2,2026-09-08T13:22:01.192852+00:00,44.3026,3449.77,135.26,9.49,37.12,15.887,16.735,1,NONE,,PASS,43.190440627250695,19.13448814932837,25.168111850671632,10.226064028102002,6064.742194673881,99.70357258518388,26.42981038083601,22.78182281869337,34.47655522401507,31.469876249158407,36.986654466854986,10.17935040814122,1.2276310820443224,3.045521056253408,5.354067098568256,22.880062387152776,1.4689712451539314,24.349033632306707,1.272520772036506,0.0,2.4980018054066022e-14,10.028091278388375,11.05026212607093,6064.742194673881,5.354067098568256,ood,OOD_ENGINEERING_ACCEPTABLE
SIM_00188,latin_hypercube_ood,101,2.0.0,manufacturer_reconciled,concentrate_staging_3x2,2026-09-08T13:22:01.192852+00:00,43.0794,3217.31,112.77,9.75,36.31,16.414,19.516,1,NONE,,PASS,50.51539981711864,21.76173114881581,21.317668851184195,9.083044704741129,6492.366618662178,99.71768201681712,29.02437224484821,30.279446976374924,39.21032639426272,35.54932441113045,44.3114228585743,11.920355384233863,1.2786067107222634,2.8328860753387874,5.7166188492879,23.036634359375004,3.7710245319221785,26.807658891297184,1.231871614807444,6.2450045135165055e-15,2.4980018054066022e-14,9.933699906217628,12.015545480553357,6492.366618662178,5.7166188492879,ood,OOD_ENGINEERING_ACCEPTABLE
SIM_00189,latin_hypercube_ood,101,2.0.0,manufacturer_reconciled,concentrate_staging_3x2,2026-09-08T13:22:01.192852+00:00,42.5515,3351.37,134.93,6.75,36.07,16.247,28.873,1,NONE,,PASS,62.99298991755607,26.804462104768877,15.747037895231124,8.846147909435366,9040.983152882593,99.7360438295552,28.58838884985873,48.17788103864855,48.29632811670067,34.51791491462331,71.45364311291777,21.971719366937094,1.486653310229849,2.9486391888062142,7.954537168359918,22.50760115017361,13.79641119554829,36.30401234572189,1.3544018232420685,0.0,0.0,10.271644263805136,16.140014591374538,9040.983152882593,7.954537168359918,ood,OOD_ENGINEERING_ACCEPTABLE
SIM_00190,latin_hypercube_ood,101,2.0.0,manufacturer_reconciled,concentrate_staging_3x2,2026-09-08T13:22:01.192852+00:00,42.5688,3397.57,116.16,6.99,36.11,15.99,18.516,1,NONE,,PASS,47.82352846854283,20.357902186717062,22.210897813282944,9.893423639885544,6502.621806619339,99.70880883573008,27.85222461067342,27.68110832260523,36.680904840931646,33.635646624121705,40.69174259949581,10.83886920185032,1.2531569020327398,2.9896740680535454,5.721948271738134,22.1368845625,3.173619028359602,25.310503590859604,1.2432766086956626,0.0,2.4980018054066022e-14,10.315609797590657,11.983280408912336,6502.621806619339,5.721948271738134,ood,OOD_ENGINEERING_ACCEPTABLE
SIM_00191,latin_hypercube_ood,101,2.0.0,manufacturer_reconciled,concentrate_staging_3x2,2026-09-08T13:22:01.192852+00:00,42.7522,3243.96,135.08,7.55,37.31,14.738,20.255,1,NONE,,PASS,48.4259239796076,20.7031478716098,22.049052128390205,9.226288774667204,6281.241147453509,99.71558561835944,25.26426941769449,30.991407164215072,37.30296913803567,30.722753985169224,47.23321414433104,12.31765405250433,1.2995261358959334,2.865581886177765,5.54859210805843,20.373724199652777,6.619882829261123,26.9936070289139,1.303840710423085,6.2450045135165055e-15,4.9960036108132044e-14,9.8996385538879,11.38106090799002,6281.241147453509,5.54859210805843,ood,OOD_ENGINEERING_ACCEPTABLE
SIM_00192,latin_hypercube_ood,101,2.0.0,manufacturer_reconciled,concentrate_staging_3x2,2026-09-08T13:22:01.192852+00:00,43.7465,3203.75,140.24,8.38,36.96,15.341,18.234,1,NONE,,PASS,45.97011942348793,20.110318293596144,23.636181706403853,9.243031238650827,5921.725040591952,99.71149336750211,26.21156473168083,26.7773054408302,36.23480773620927,32.66047214971342,41.12953206196583,10.29752557087483,1.256207852373216,2.826871516027252,5.2251130216136445,21.763504006076385,3.746929331293496,25.51043333736988,1.268524593441832,0.0,4.9960036108132044e-14,9.657917812074226,10.850217550431102,5921.725040591952,5.2251130216136445,ood,OOD_ENGINEERING_ACCEPTABLE
SIM_00193,latin_hypercube_ood,101,2.0.0,manufacturer_reconciled,concentrate_staging_3x2,2026-09-08T13:22:01.192852+00:00,42.6466,3427.24,145.81,7.94,36.51,18.536,27.362,1,NONE,,PASS,64.45915549117119,27.48963820569781,15.156961794302186,9.210410386059191,9626.397725011791,99.7312586691898,33.48169090682889,46.56983168491652,49.53087964990596,40.36043947434772,64.99314545517856,20.730098197321155,1.434252972669816,3.0196826732551982,8.481654747283926,25.947420491319445,9.136794683344988,35.08421517466444,1.2762705319050902,6.2450045135165055e-15,0.0,10.852474793548772,17.585065199177937,9626.397725011791,8.481654747283926,ood,OOD_ENGINEERING_ACCEPTABLE
SIM_00194,latin_hypercube_ood,101,2.0.0,manufacturer_reconciled,concentrate_staging_3x2,2026-09-08T13:22:01.192852+00:00,43.5456,3241.99,147.24,7.46,37.71,14.256,26.941,1,NONE,,PASS,56.10646453803434,24.431896621874284,19.11370337812572,8.48320139616719,7375.18712390364,99.73833351132583,23.727686461575043,42.45154837232951,44.02143535472844,29.4222238622638,67.68570337133391,18.596824787175727,1.4558637367776044,2.867531472947247,6.523333260333613,20.023038,15.147772995507443,35.170810995507445,1.4395448515453535,0.0,0.0,9.727246002589848,12.820649340549007,7375.18712390364,6.523333260333613,ood,OOD_ENGINEERING_ACCEPTABLE
SIM_00195,latin_hypercube_ood,101,2.0.0,manufacturer_reconciled,concentrate_staging_3x2,2026-09-08T13:22:01.192852+00:00,43.6217,3339.67,138.11,9.42,36.13,16.109,18.228,1,NONE,,PASS,46.94494803517963,20.478184397061952,23.14351560293804,9.622142945159757,6286.211711197626,99.7118834212614,27.655378784073232,26.663446330768505,36.89762954425577,34.29081301878928,40.17059823941719,10.763078477008596,1.2495347100119585,2.938915312739664,5.531877058859741,22.86466242274306,2.8150132945501136,25.67967571729317,1.2540015862430407,6.2450045135165055e-15,2.4980018054066022e-14,9.988946827073836,11.47583581271074,6286.211711197626,5.531877058859741,ood,OOD_ENGINEERING_ACCEPTABLE
SIM_00196,latin_hypercube_ood,101,2.0.0,manufacturer_reconciled,concentrate_staging_3x2,2026-09-08T13:22:01.192852+00:00,43.1959,3348.27,146.77,8.35,36.4,15.272,22.807,1,NONE,,PASS,52.195530586286246,22.54632919652162,20.64957080347839,9.150924888890856,6994.102574939438,99.72669692441497,25.975079969037967,35.4211130606844,40.62401657030922,31.8917888742905,54.27443662403293,14.566931859135549,1.3513567627859984,2.9490555936766776,6.160195360999443,21.386095108506943,8.865493315859718,30.25158842436666,1.341752271985534,6.2450045135165055e-15,2.4980018054066022e-14,10.014314197890489,12.335033566371422,6994.102574939438,6.160195360999443,ood,OOD_ENGINEERING_ACCEPTABLE
SIM_00197,latin_hypercube_ood,101,2.0.0,manufacturer_reconciled,concentrate_staging_3x2,2026-09-08T13:22:01.192852+00:00,43.0978,3273.97,110.69,7.48,37.81,14.212,20.788,1,NONE,,PASS,47.64517314871408,20.534021433286497,22.56377856671351,9.262247115878788,6244.996274386249,99.71709431925524,23.76687972173559,31.32272867727109,36.99823681673242,29.142727878891577,49.01771344201077,12.503036938691936,1.3124707628918522,2.8967492477446184,5.525459384171605,19.751287769097225,8.015201691649109,27.76648946074633,1.3522187824220202,6.2450045135165055e-15,2.4980018054066022e-14,9.872987777060365,11.110677589984729,6244.996274386249,5.525459384171605,ood,OOD_ENGINEERING_ACCEPTABLE
SIM_00198,latin_hypercube_ood,101,2.0.0,manufacturer_reconciled,concentrate_staging_3x2,2026-09-08T13:22:01.192852+00:00,44.7361,3428.98,149.55,6.36,37.67,17.491,26.711,1,NONE,,PASS,59.39847238242497,26.572560003474017,18.16353999652598,8.884190289799173,8432.448549552373,99.74090865826577,29.730693125622377,42.22011085130028,47.87848649274598,37.76864472450562,64.33311022228209,18.278211800604115,1.4290045905921582,3.0325333648668837,7.457518438148058,25.595495547743056,10.55498879467767,36.150484342420725,1.3604441701399683,6.2450045135165055e-15,4.9960036108132044e-14,10.129495134421374,14.664434449323346,8432.448549552373,7.457518438148058,ood,OOD_ENGINEERING_ACCEPTABLE
SIM_00199,latin_hypercube_ood,101,2.0.0,manufacturer_reconciled,concentrate_staging_3x2,2026-09-08T13:22:01.192852+00:00,43.0357,3489.33,142.1,6.86,37.2,18.749,21.993,1,NONE,,PASS,56.89885165923977,24.486819103515447,18.548880896484565,9.610563651856456,8082.990439374133,99.72457280762048,33.46347149542971,35.22182580084608,44.120394781108914,40.68862244614681,48.97738882707918,14.2639230714207,1.3121768321531715,3.081239621183302,7.137654048039425,26.5024450095486,3.6727672981419146,30.175212307690515,1.2323042931843449,1.2490009027033011e-14,7.494005416219808e-14,10.92512585136768,14.853706803191596,8082.990439374133,7.137654048039425,ood,OOD_ENGINEERING_ACCEPTABLE
SIM_00200,latin_hypercube_ood,101,2.0.0,manufacturer_reconciled,concentrate_staging_3x2,2026-09-08T13:22:01.192852+00:00,42.9935,3222.69,114.41,9.33,37.42,16.563,22.703,1,NONE,,PASS,55.31815362686691,23.783210379567024,19.210289620432977,8.778133438797008,7201.658749253517,99.72761471197052,29.368327052496745,36.73964595693107,42.85263131453517,35.88250726839946,53.68697955140642,15.224921605646536,1.346954561010938,2.847801491734761,6.363905473095104,23.213131132812496,6.948566547021972,30.161697679834468,1.2681928637248832,0.0,0.0,10.006555523936097,13.159945630342603,7201.658749253517,6.363905473095104,ood,OOD_ENGINEERING_ACCEPTABLE
