overall_recovery_pct,permeate_tds_mgL,concentrate_tds_mgL,average_flux_LMH,SEC_kWh_m3,maximum_element_recovery_pct,maximum_polarization_modulus,permeate_flow_m3h,concentrate_flow_m3h,diagnostic_concentrate_tds_mgL,concentrate_tds_discrepancy_pct,solute_balance_error_kg_s,stage1_pressure_bar,stage2_pressure_bar,feed_flow_m3h,feed_tds_mgL,temperature_C,seed
48.60525883965066,7.704313407877617,3963.9372677646843,26.35844287696799,0.8860313716997273,12.637822905624883,1.2075808328878417,14.581577651895198,15.418422348104802,3920.2393105317333,1.102387709016214,0.0,10.006,14.001,30.0,2041.0,25.0,999
48.605258839650666,7.704313407877617,3963.9372677646847,26.35844287696799,0.8860313716997272,12.637822905624883,1.2075808328878417,14.5815776518952,15.4184223481048,3920.2393105317333,1.1023877090162255,0.0,10.006000000000002,14.001,30.0,2041.0,25.0,2024
48.60525883965078,7.7043134078776125,3963.9372677646934,26.358442876968056,0.8860313716997256,12.637822905624901,1.2075808328878417,14.581577651895234,15.418422348104766,3920.239310531743,1.1023877090162,0.0,10.006000000000043,14.001000000000003,30.0,2041.0,25.0,42
48.605258839651114,7.704313407877601,3963.9372677647193,26.35844287696824,0.8860313716997211,12.637822905624969,1.207580832887842,14.581577651895335,15.418422348104665,3920.2393105317697,1.10238770901617,0.0,10.006000000000151,14.001000000000026,30.0,2041.0,25.0,101
48.605258840029606,7.704313407861918,3963.937267793869,26.35844287717315,0.886031371695872,12.637822905727463,1.2075808328884852,14.581577652008882,15.418422347991118,3920.239310561569,1.102387708991681,0.0,10.006000000104947,14.001000000047904,30.0,2041.0,25.0,777
48.605816313576014,7.704275887332881,3963.9802166019467,26.358726797826485,0.886035079956347,12.638208162193472,1.2075862508505821,14.581744894072804,15.418255105927196,3920.2814985121677,1.1023949591564566,0.0,10.006000000000157,14.001265658043973,30.0,2041.0,25.0,101
48.607268605141456,7.704178141468541,3964.092108248541,26.359466448327154,0.8860447404437445,12.639211805305955,1.2076003653431906,14.582180581542437,15.417819418457563,3920.3914036491788,1.1024139552264505,0.0,10.006,14.00195773155523,30.0,2041.0,25.0,999
48.607277558587235,7.704177538870496,3964.0927980854244,26.35947100831943,0.8860447999947274,12.63921799265363,1.2076004523566615,14.582183267576172,15.417816732423828,3920.392081220675,1.1024140727950609,0.0,10.006000000104947,14.001961998088287,30.0,2041.0,25.0,777
48.60839027572997,7.704102647908042,3964.1785315698226,26.360037713927092,0.8860522016759295,12.639986964362897,1.2076112666054442,14.58251708271899,15.41748291728101,3920.4762883669923,1.1024287340944774,0.0,10.006000000000043,14.002492251289995,30.0,2041.0,25.0,42
48.610774216961545,7.703942197760335,3964.3622238124062,26.36125185258046,0.8860680593967569,12.641634447729253,1.2076344355900224,14.583232265088464,15.416767734911536,3920.65669799955,1.1024604550596773,0.0,10.006000000000006,14.00362829216335,30.0,2041.0,25.0,2024
48.70056179850072,7.701255635622299,3971.2899724901326,26.411143279215814,0.8844912735332257,12.649155792173525,1.2074666443116417,14.610168539550218,15.389831460449782,3927.8480314367107,1.0939000011168256,0.0,10.041923240692732,14.001,30.0,2041.0,25.0,2024
48.71627934104259,7.700751312682517,3972.5052205690954,26.419834691825137,0.8842376881528871,12.65102531083751,1.2074478212338293,14.614883802312779,15.385116197687221,3929.1028724708444,1.0925686862164325,0.0,10.047847454097406,14.001000397931245,30.0,2041.0,25.0,777
48.71948201120196,7.7006484734905385,3972.752935914645,26.421605594645087,0.8841860659150077,12.651407491162445,1.2074440094195094,14.615844603360587,15.384155396639413,3929.3585549516138,1.0923000162113206,0.0,10.04905377916658,14.00100151146952,30.0,2041.0,25.0,999
48.762461158994654,7.699202296948136,3976.080283231701,26.44531547782763,0.8835358148218057,12.65759875342608,1.2074132720535293,14.628738347698395,15.371261652301605,3932.782487022317,1.0889567897304095,0.0,10.064539619753717,14.001907991410539,30.0,2041.0,25.0,101
48.828169428888295,7.697134236382052,3981.1779401223625,26.481843216666423,0.8824435745949464,12.664411588220538,1.2073278883033678,14.648450828666489,15.351549171333511,3938.046912601126,1.0833735183389135,0.0,10.089855615638713,14.001293226110716,30.0,2041.0,25.0,777
48.86701107096263,7.695894039736116,3984.1974609285685,26.50341562745999,0.8818092220887078,12.668729131318873,1.2072846071047458,14.66010332128879,15.33989667871121,3941.1571114967164,1.0802765137504242,0.0,10.104634028693942,14.001167648452336,30.0,2041.0,25.0,42
48.88845765631888,7.6952054227835855,3985.866673826128,26.5153219750466,0.8814614466294355,12.671176387836802,1.2072618530777883,14.666537296895664,15.333462703104336,3942.8739597790045,1.0786290050653877,0.0,10.11275285689668,14.001150269473474,30.0,2041.0,25.0,999
48.894252590658226,7.694981908232366,3986.3179767068445,26.518490746682648,0.8813917313837614,12.6724555153852,1.2072668692316715,14.668275777197469,15.331724222802531,3943.3333496987693,1.078304020382876,0.0,10.1145450764899,14.001652700823659,30.0,2041.0,25.0,2024
48.90061478683668,7.694813065186078,3986.8135019746364,26.522068565608897,0.8812656103115545,12.672596807236093,1.2072495542899822,14.670184436051002,15.329815563948998,3943.846923873136,1.077717281739403,0.0,10.117333505862725,14.001167648452336,30.0,2041.0,25.0,42
48.99547880681149,7.691771678610736,3994.217241881302,26.574985107602117,0.8797218821305178,12.683318780352897,1.2071458886656572,14.698643642043448,15.301356357956552,3951.447167000282,1.0707999162527981,0.0,10.153342418446496,14.001000000000026,30.0,2041.0,25.0,101
48.99904851244349,7.691653183720753,3994.4963842922707,26.576977836059235,0.8796661070594588,12.683785591962563,1.2071431089874791,14.699714553733047,15.300285446266953,3951.733370975723,1.070548304529863,0.0,10.154660015172402,14.001044900442308,30.0,2041.0,25.0,999
49.15039591027414,7.686754195106672,4006.367338250477,26.65999010531676,0.8772339120511912,12.701637948493001,1.2069377882509438,14.745118773082243,15.254881226917757,3963.884027657629,1.0603947917416912,0.0,10.211873067615471,14.001250484179359,30.0,2041.0,25.0,777
49.18642570000256,7.685609487085286,4009.2037442053056,26.679705801671208,0.8766765624185515,12.70557899838257,1.206876824776951,14.755927710000767,15.244072289999233,3966.779419516943,1.0581733280500003,0.0,10.22572604623307,14.00100655159287,30.0,2041.0,25.0,42
49.19098770187523,7.685462309576363,4009.563172035235,26.68220077656813,0.8766073650060053,12.706115055292795,1.2068698376344622,14.757296310562568,15.242703689437432,3967.1457355864145,1.0579066753371407,0.0,10.227455897808891,14.001006078743874,30.0,2041.0,25.0,101
49.26213574687435,7.683171040666849,4015.177098682828,26.720751980340154,0.875548029627984,12.714674190422333,1.206767260375005,14.778640724062305,15.221359275937695,3972.8052246622788,1.0552927798489657,0.0,10.254013002919919,14.001223717400283,30.0,2041.0,25.0,999
49.33791246848352,7.680894888853955,4021.1734377025205,26.761757192071883,0.8744161419156863,12.723634903055617,1.2066553607376724,14.801373740545058,15.198626259454942,3978.825314455279,1.0531284935433365,0.0,10.282349704418548,14.00133854706538,30.0,2041.0,25.0,777
49.35283151148816,7.680530761054053,4022.3560396202674,26.769774976302706,0.8741770798642184,12.72495845929552,1.2066246475447406,14.805849453446449,15.194150546553551,3980.0135550233913,1.0526786833338977,0.0,10.28821359999504,14.001000009491797,30.0,2041.0,25.0,101
49.38862934140542,7.679574543544755,4025.196585043964,26.78889926411658,0.8736411824701222,12.729159536355665,1.206571152910499,14.816588802421627,15.183411197578373,3983.052055892592,1.0470179098323973,0.0,10.301620933808609,14.001027971597145,30.0,2041.0,25.0,42
49.55334629575249,7.675183915324324,4038.3187782464856,26.876902699597885,0.8711252494399883,12.74832768971806,1.2063209639124153,14.866003888725748,15.133996111274252,3997.894321613272,1.001021931477303,0.0,10.363517236233367,14.001002418091582,30.0,2041.0,25.0,2024
49.587936859374096,7.6742467092114115,4041.08535233837,26.89546524678139,0.8705773360358424,12.752487416129076,1.2062701120151835,14.87638105781223,15.12361894218777,4001.034826760308,0.9910833869145218,0.0,10.376542211601759,14.001083140666594,30.0,2041.0,25.0,42
49.590148361136116,7.67419101715923,4041.2623545959464,26.896653518199507,0.870540250814361,12.752700558168256,1.2062658155165302,14.877044508340834,15.122955491659166,4001.2352630352875,0.9904601099490071,0.0,10.377409671233778,14.001044900442308,30.0,2041.0,25.0,999
49.628128505936104,7.673174975539182,4044.3046613877113,26.917039650193125,0.8699323247851036,12.757105468808843,1.206206764933855,14.888438551780832,15.111561448219168,4004.6824412584797,0.9797041382049639,0.0,10.391817802423413,14.001000025714958,30.0,2041.0,25.0,777
49.68247474759529,7.671714858189958,4048.6659309730535,26.946208191551108,0.8690654754903762,12.763486600757115,1.2061238147237203,14.904742424278588,15.095257575721412,4009.6155639369467,0.964524307559291,0.0,10.412383213877005,14.001000000000085,30.0,2041.0,25.0,101
49.7564996656816,7.669615636321255,4054.62170065025,26.98651693701847,0.8679384161291267,12.773557459295748,1.2060381304705388,14.92694989970448,15.07305010029552,4016.3440439379365,0.9440500134987941,0.0,10.439488385534403,14.002133499709478,30.0,2041.0,25.0,2024
49.77053493242942,7.669344573209446,4055.752780643009,26.99421419204446,0.8676630002872826,12.773880976935281,1.2059904884320316,14.931160479728828,15.068839520271172,4017.609332257689,0.940477648622178,0.0,10.445670515677573,14.001044900442308,30.0,2041.0,25.0,999
49.803804058825804,7.6684221327666116,4058.4366920035163,27.012356886592993,0.8671462466883291,12.778144601268613,1.205946781910645,14.941141217647742,15.058858782352258,4020.6315938206885,0.9315187361999893,0.0,10.458025080402521,14.00133854706538,30.0,2041.0,25.0,777
49.81411726626422,7.66817738206404,4059.269368509657,27.017996137758605,0.8669660257216978,12.77895161863104,1.2059230443140978,14.944235179879266,15.055764820120734,4021.565085274318,0.9288440803617333,0.0,10.462193373546327,14.00100655159287,30.0,2041.0,25.0,42
49.84881987943036,7.667222384726817,4062.073863917168,27.03692319863638,0.8664235113183856,12.783309147225294,1.2058756767491565,14.954645963829106,15.045354036170894,4024.716977406259,0.9196505962814983,0.0,10.475139324068653,14.001239038153928,30.0,2041.0,25.0,2024
49.85751917528684,7.66701189031608,4062.77747843815,27.04167847859605,0.8662734595725194,12.78404040201921,1.2058566541143383,14.957255752586052,15.042744247413948,4025.504719741704,0.9174206289726412,0.0,10.47862209429043,14.001000526065209,30.0,2041.0,25.0,101
49.90534258551279,7.665671113913262,4066.6500695141567,27.06776108790187,0.8655266595021307,12.79006693285238,1.205791801934494,14.971602775653837,15.028397224346163,4029.848459870047,0.9049613075881495,0.0,10.496448703211797,14.00133854706538,30.0,2041.0,25.0,777
49.97561857380063,7.663771917289096,4072.3541691038654,27.106118916894893,0.8643899231311067,12.797912511256087,1.2056765009828374,14.99268557214019,15.00731442785981,4036.224885619135,0.8871842178864513,0.0,10.523309132346084,14.001004843312883,30.0,2041.0,25.0,42
49.98623372995029,7.663476465817716,4073.217173332329,27.11190961258931,0.8642225031681927,12.799207645247014,1.2056612636974768,14.995870118985087,15.004129881014913,4037.1887666716425,0.8845196592159928,0.0,10.527294008816344,14.001044900442308,30.0,2041.0,25.0,999
50.00648800325864,7.662923658481395,4074.8648367268297,27.122962686950586,0.8638975997334803,12.801538604806392,1.2056294142052053,15.001946400977593,14.998053599022407,4039.0269786840913,0.8794858106637337,0.0,10.534989575082678,14.001006078743874,30.0,2041.0,25.0,101
50.141264270134556,7.659059179645746,4085.8630309710534,27.196503170339057,0.8617475824233078,12.817997352818223,1.2054235642625948,15.042379281040366,14.957620718959634,4051.260858334847,0.8468754917607412,0.0,10.585995436984243,14.001000322667515,30.0,2041.0,25.0,777
50.14625112701985,7.658908063695153,4086.2711246032213,27.199222765045448,0.8616699839700914,12.818729636660102,1.2054169417038023,15.043875338105954,14.956124661894046,4051.7138548385756,0.845692043207272,0.0,10.587849682461453,14.001041382790936,30.0,2041.0,25.0,2024
50.15293561489466,7.658690888263826,4086.8182847264775,27.20286103802102,0.8615754032882919,12.819940451945302,1.2054128633439622,15.045880684468397,14.954119315531603,4052.3226572306185,0.8440704991650431,0.0,10.590175747168814,14.001295652531216,30.0,2041.0,25.0,101
50.23494012798501,7.656277105025881,4093.5424955166914,27.247691190232374,0.8602534181287717,12.83086571525147,1.2052805901102936,15.070482038395506,14.929517961604494,4059.764014993877,0.8251650144052256,0.0,10.621443551327102,14.001000526065209,30.0,2041.0,25.0,101
50.27188210901578,7.655178734246156,4096.578925503279,27.26792932199723,0.8596649756252283,12.835959812876084,1.2052246115825622,15.081564632704733,14.918435367295267,4063.117451740239,0.8168150637773607,0.0,10.635409414230862,14.001017409245847,30.0,2041.0,25.0,42
50.297513587888346,7.654437727727735,4098.688325675797,27.281454974951068,0.8592760118850724,12.83947154278959,1.2051894226218924,15.089254076366503,14.910745923633497,4065.3598208399544,0.8131505054204804,0.0,10.644670902249036,14.0011212914166,30.0,2041.0,25.0,999
50.343711181715896,7.653158888845212,4102.495704517123,27.305211673387518,0.8585787494470948,12.845289134424853,1.20512034978578,15.10311335451477,14.89688664548523,4069.2944912612315,0.8092930656657326,0.0,10.661174118656522,14.001001060823018,30.0,2041.0,25.0,2024
50.425795465089564,7.6508026963897855,4109.278284932064,27.347422525071938,0.8573919773162096,12.856923264523639,1.2050238943121823,15.127738639526868,14.872261360473132,4076.29991987523,0.8025342352149563,0.0,10.68962268971121,14.001907991410539,30.0,2041.0,25.0,101
50.46499707416986,7.649777894655742,4112.525324485266,27.367581784561416,0.8567628109186471,12.860926711486519,1.2049423831729411,15.139499122250959,14.860500877749041,4079.6284736302664,0.7999184992038118,0.0,10.70425570279358,14.001,30.0,2041.0,25.0,999
50.499770824198094,7.648739587252612,4115.410045481867,27.38546364367631,0.8562849829012239,12.866475775131017,1.2049119416223897,15.14993124725943,14.85006875274057,4082.6030415828714,0.797174608032394,0.0,10.715889302187177,14.001920087100522,30.0,2041.0,25.0,2024
50.525644272959426,7.64807412986001,4117.55894813604,27.398768987026173,0.8558629440381937,12.868949281469396,1.2048546061992875,15.157693281887827,14.842306718112173,4084.79806287593,0.795638524493755,0.0,10.725661018405503,14.00117500322104,30.0,2041.0,25.0,777
50.585421256014655,7.646420842813523,4122.532413682897,27.429669971794418,0.8549598232495533,12.87645440636773,1.2047596581395417,15.175626376804395,14.824373623195605,4089.923661044825,0.7909883868915486,0.0,10.747030379401005,14.001000000000246,30.0,2041.0,25.0,42
50.585421256014804,7.646420842813513,4122.53241368291,27.4296699717945,0.8549598232495543,12.876454406367829,1.204759658139543,15.175626376804441,14.824373623195559,4089.923661044839,0.7909883868915458,0.0,10.747030379401005,14.001000000000316,30.0,2041.0,25.0,42
50.62107783459242,7.645423649256137,4125.504800043687,27.448375132473434,0.8544242573821754,12.881066836453861,1.2047053812020885,15.186323350377727,14.813676649622273,4093.0030281811496,0.7878253313920154,0.0,10.759736327306843,14.001000018219102,30.0,2041.0,25.0,101
50.652734412350405,7.644468958114866,4128.1474123892585,27.464981603759913,0.853993216556522,12.8862291269759,1.204679490385847,15.195820323705123,14.804179676294877,4095.74208689032,0.7849846980193762,0.0,10.770304541767873,14.001920087100522,30.0,2041.0,25.0,2024
50.680339860749015,7.6437648401506575,4130.454484579084,27.479482690184895,0.8535449611732879,12.888850464767605,1.2046152541535091,15.204101958224705,14.795898041775295,4098.124192002077,0.78272966565088,0.0,10.780862504411953,14.001005744657022,30.0,2041.0,25.0,999
50.70088273902563,7.643157020341236,4132.173079565796,27.490260916717027,0.8532585402865456,12.89228763758714,1.2045946545253838,15.210264821707689,14.789735178292311,4099.901060684046,0.7809938804678853,0.0,10.787842903254553,14.001446283249544,30.0,2041.0,25.0,777
50.737740901783695,7.642051178706956,4135.2602035807295,27.50959692604851,0.8527551466881131,12.898700643504336,1.204562654470489,15.221322270535108,14.778677729464892,4103.08989569072,0.7779512365909349,0.0,10.80020737842813,14.002441088847696,30.0,2041.0,25.0,777
50.78180600398362,7.64090548854005,4138.956846654597,27.53274699384699,0.8520409701718527,12.904360751936277,1.2044617207081774,15.234541801195085,14.765458198804915,4106.8920433009625,0.7747073608547422,0.0,10.817044644648709,14.001000000000008,30.0,2041.0,25.0,42
50.8384662747125,7.639266066490667,4143.720018338867,27.562277795865622,0.8512142831850235,12.914271211143182,1.2043847916967165,15.25153988241375,14.74846011758625,4111.7417955082,0.7717274016859405,0.0,10.837054880778883,14.001000776234195,30.0,2041.0,25.0,101
50.85638885954262,7.63873806302552,4145.228985807384,27.571495521712436,0.8509668950138806,12.91764563885143,1.2043698954801847,15.256916657862787,14.743083342137213,4113.257081444996,0.7712940460431511,0.0,10.843117224656938,14.001239038153928,30.0,2041.0,25.0,2024
50.921840155177165,7.636886227997471,4150.748853345685,27.605147329233837,0.8500140866056117,12.92865609684463,1.2042899449669398,15.27655204655315,14.72344795344685,4118.782226978003,0.7701411840881722,0.0,10.866105448515551,14.001000000000008,30.0,2041.0,25.0,42
50.92921838994113,7.636550634844136,4151.372155914753,27.608957968111604,0.8499886748923717,12.932077125433983,1.2043218459763585,15.278765516982336,14.721234483017664,4119.419203428282,0.7696961699987664,0.0,10.867286564684214,14.002815039741304,30.0,2041.0,25.0,101
50.99639524660599,7.634757940227557,4157.0544838818,27.643482403999215,0.8489409523141807,12.941522431450316,1.20420496269441,15.2989185739818,14.7010814260182,4125.077983257799,0.7692105250961547,0.0,10.892081283173997,14.001001837391104,30.0,2041.0,25.0,777
51.02712912344415,7.633872310468516,4159.659455648158,27.659286406095248,0.8485039295748091,12.94696870786977,1.2041726028078856,15.308138737033245,14.691861262966755,4127.674208754199,0.7689390738592317,0.0,10.902697193903565,14.001122909184728,30.0,2041.0,25.0,999
51.04395605936989,7.633396699868971,4161.087065803589,27.66793791663939,0.8482586612161396,12.949791157526537,1.2041518936060829,15.313186817810966,14.686813182189034,4129.094620255044,0.7688482611061838,0.0,10.908612589062685,14.001054492184789,30.0,2041.0,25.0,2024
51.074554486457686,7.632526919637989,4163.685582210747,27.683670655479954,0.8478158415371349,12.95500812125996,1.2041156679118887,15.322366345937308,14.677633654062692,4131.6780724559485,0.7687302300526759,0.0,10.919314545490336,14.001001541044973,30.0,2041.0,25.0,101
51.19599261707913,7.628608360330688,4174.031124624301,27.74617325080277,0.846360035278393,12.983732029960253,1.204121068656915,15.358797785123738,14.641202214876262,4141.983197237772,0.7677932058883028,0.0,10.95660001544752,14.00756752117903,30.0,2041.0,25.0,42
51.25308185854631,7.627424900880249,4178.9117904041195,27.775589494736565,0.8453029885878797,12.985915161388242,1.2039100933340663,15.375924557563893,14.624075442436107,4146.754333981098,0.7695174733494814,0.0,10.981452282813269,14.00108850146149,30.0,2041.0,25.0,101
51.27647174071559,7.6267583493073765,4180.914929989931,27.78782131266472,0.8449930954428605,12.98984625091785,1.2038809301258595,15.382941522214677,14.617058477785323,4148.7287938574445,0.7698347531927388,0.0,10.989669783942489,14.001,30.0,2041.0,25.0,42
51.32773944422176,7.624839971576152,4185.312781336418,27.814945726904625,0.8445413189411387,13.004932057669079,1.2039390280667588,15.398321833266529,14.601678166733471,4153.098511790691,0.7696980184941042,0.0,11.003495966132515,14.006272692302419,30.0,2041.0,25.0,2024
51.40738495276024,7.622496236466621,4192.162681585138,27.858035534574498,0.8434515572097396,13.01629253327734,1.2038142735481732,15.42221548582807,14.57778451417193,4159.792552408764,0.7721582303703418,0.0,11.03269902320851,14.0042880553999,30.0,2041.0,25.0,777
51.460177366798014,7.6210732993442765,4196.715339395391,27.886559106785963,0.8426507527003941,13.021441874058278,1.203689611423766,15.438053210039403,14.561946789960597,4164.191746285007,0.7749773449030244,0.0,11.053472404394437,14.001000000000081,30.0,2041.0,25.0,42
51.48362221304515,7.62034083678828,4198.740436595359,27.899287330123535,0.8423517223346006,13.02553832129589,1.2036665765408832,15.445086663913546,14.554913336086454,4166.179075169815,0.7755030804415861,0.0,11.061648055679477,14.001030585646122,30.0,2041.0,25.0,2024
51.612144666864566,7.6163236058748325,4209.876709801764,27.969320920810112,0.8406986459662382,13.047839095871016,1.2035355057160764,15.483643400059371,14.516356599940629,4177.110592142188,0.778315374017675,0.0,11.106777633312785,14.001000000000008,30.0,2041.0,25.0,42
51.62689880263923,7.615861810244497,4211.158921606247,27.977360022535493,0.8405092858552842,13.050411174906241,1.2035206811043178,15.48806964079177,14.51193035920823,4178.365576903472,0.7787249380335949,0.0,11.111950606849769,14.001006640778213,30.0,2041.0,25.0,999
51.645757904978254,7.6152719013272,4212.799015869093,27.98763617005747,0.8402669985977994,13.053656310732382,1.2035016005706582,15.493727371493476,14.506272628506524,4179.969689816404,0.7792758669242201,0.0,11.118567453415885,14.001009124696045,30.0,2041.0,25.0,101
51.64682555692775,7.615180844133158,4212.891964791042,27.988160486036314,0.8402910978474446,13.05494125462555,1.203521005593088,15.494047667078327,14.505952332921673,4180.0666998623,0.7791622762481547,0.0,11.118220959341253,14.001945739479662,30.0,2041.0,25.0,777
51.669528183444655,7.614512769126312,4214.868054486773,28.000572829122802,0.8399717594950147,13.058023985058467,1.2034830943346215,15.500858455033397,14.499141544966603,4181.993213468413,0.7799731947329686,0.0,11.126712299571343,14.001265658043973,30.0,2041.0,25.0,101
51.718568169614585,7.612995706591681,4219.143033665651,28.02714429038715,0.8393277012145881,13.066100549159136,1.2034275885260086,15.515570450884375,14.484429549115625,4186.107850865465,0.7829832394064457,0.0,11.144122700370426,14.001002422678093,30.0,2041.0,25.0,2024
51.81402230909701,7.610170992098301,4227.488912586636,28.075650760499727,0.8381450267194123,13.081574261752685,1.2033366118551392,15.544206692729102,14.455793307270898,4193.613903654034,0.8013033181883499,0.0,11.175782978859194,14.001030585646122,30.0,2041.0,25.0,2024
51.84732650027286,7.609188016451778,4230.40859705668,28.092439682770994,0.8377301248570542,13.086925046377758,1.2033039886582118,15.554197950081859,14.445802049918141,4196.232084290577,0.8078773475895751,0.0,11.186859480722326,14.001000000000055,30.0,2041.0,25.0,42
51.89891420653118,7.607662382260421,4234.939133335945,28.11835483605909,0.8370923715233345,13.09526966670901,1.203254489280529,15.569674261959353,14.430325738040647,4200.288429099517,0.8182102066986082,0.0,11.203981460047785,14.001000018219102,30.0,2041.0,25.0,101
51.925212711415504,7.606884110591155,4237.25246461687,28.131566101268795,0.8367686446655082,13.09953349982593,1.2032294368555452,15.57756381342465,14.42243618657535,4202.3564265143195,0.8235534321815806,0.0,11.212703734250821,14.001008350421712,30.0,2041.0,25.0,999
52.094242000515194,7.60193287416692,4252.181607717639,28.216288317475957,0.83470509413105,13.126607754859414,1.203068592661734,15.628272600154556,14.371727399845444,4215.5220156462365,0.8621360857416351,0.0,11.268283055162893,14.001000000079252,30.0,2041.0,25.0,101
52.15390496384455,7.600167897320715,4257.4764233495525,28.24652833993793,0.8339778125762649,13.136364730067848,1.203014261438001,15.646171489153367,14.353828510846633,4220.196037849037,0.8756451426496845,0.0,11.287911601146739,14.001122909184728,30.0,2041.0,25.0,999
52.247202695796545,7.597404856637037,4265.782704850303,28.294313241170563,0.8328186379351908,13.15107920304698,1.202921752632997,15.674160808738964,14.325839191261036,4227.560616149693,0.896015839183536,0.0,11.319095955216998,14.00100307114565,30.0,2041.0,25.0,777
52.25789805070175,7.597090183957895,4266.736983051474,28.29974465367946,0.8326873224892215,13.152641165665498,1.202911469643741,15.677369415210524,14.322630584789476,4228.3977330083735,0.8985613642320547,0.0,11.322631974738169,14.001000000337793,30.0,2041.0,25.0,101
52.27949950732605,7.59645423381069,4268.665648339093,28.31069371229622,0.8324223479728634,13.155803796695011,1.2028908369331563,15.683849852197817,14.316150147802183,4230.088587641176,0.9037264540249881,0.0,11.329769107521319,14.00100003999623,30.0,2041.0,25.0,2024
52.281784818228324,7.596224055483575,4268.86997077616,28.31190284868749,0.8324925755486913,13.159332600103596,1.2029434038119904,15.684535445468498,14.315464554531502,4230.318208009817,0.9030905843996366,0.0,11.328678163228814,14.003514854551367,30.0,2041.0,25.0,42
52.351564114801235,7.594332321333079,4275.1125202799685,28.347059988780558,0.8315385593846099,13.166360914138357,1.2028221115566085,15.705469234440368,14.294530765559632,4235.729546372373,0.9212149088655175,0.0,11.35357567108048,14.001005105388822,30.0,2041.0,25.0,777
52.37429207113996,7.593663540271708,4277.149802206155,28.358518055258223,0.8312595655349676,13.169681936329741,1.2028002908083166,15.712287621341988,14.287712378658012,4237.508473956721,0.9268164568139997,0.0,11.36108877824193,14.001,30.0,2041.0,25.0,999
52.46439526333935,7.591224012442041,4285.245389247752,28.404097649832266,0.830154308789873,13.182873625905154,1.2027142256829277,15.739318579001804,14.260681420998196,4244.561301363101,0.9493992569651494,0.0,11.390859013042801,14.00100003999623,30.0,2041.0,25.0,2024
52.48110870337725,7.59077632886411,4286.750428809338,28.412593043465648,0.8299492904235597,13.185320521302238,1.202698260240545,15.744332611013176,14.255667388986824,4245.8695449322995,0.9536567280030136,0.0,11.39638119442388,14.001000000000008,30.0,2041.0,25.0,42
52.520444721277364,7.5897226652347705,4290.296806583546,28.432587435160233,0.8294667759285413,13.19107967776228,1.202660688979208,15.756133416383207,14.243866583616793,4248.9485734849895,0.9637615988503757,0.0,11.409377812759637,14.001000103477029,30.0,2041.0,25.0,101
52.58321556576428,7.587933940934549,4295.968283475787,28.46473308602344,0.8287511886284388,13.202038002442862,1.2026310398516455,15.774964669729282,14.225035330270718,4253.890048899375,0.9794819654107685,0.0,11.429095473926427,14.002392290957737,30.0,2041.0,25.0,777
52.64465795941871,7.586395494020498,4301.534061975745,28.49624474229241,0.8279381500538686,13.209265097013144,1.2025420390313282,15.793397387825612,14.206602612174388,4258.671361551344,0.9964514939750214,0.0,11.450418176208165,14.001,30.0,2041.0,25.0,999
52.76210012706022,7.583230151801944,4312.21314663342,28.557159901367612,0.8264732328785237,13.22656617405719,1.2024288104409173,15.828630038118066,14.171369961881934,4267.921205261992,1.027127831239212,0.0,11.489462053007903,14.001000103477029,30.0,2041.0,25.0,101
52.84506318847689,7.581014016380076,4319.789074247986,28.600433551580352,0.8254277892882267,13.23906991274333,1.2023314195653645,15.853518956543068,14.146481043456932,4274.507042462141,1.0482463612816084,0.0,11.517137791345078,14.001150667601351,30.0,2041.0,25.0,42
52.915082601580906,7.579234279191162,4326.203706983655,28.636995383832392,0.8245311984493235,13.249271810242279,1.202242979379847,15.874524780474273,14.125475219525727,4280.05921232091,1.0666278748792077,0.0,11.540695304573324,14.001002256044496,30.0,2041.0,25.0,999
52.9442491778596,7.578382190218456,4328.881479649302,28.65218927052304,0.8242038691769937,13.254915458395383,1.2022315503376775,15.883274753357878,14.116725246642122,4282.389491486118,1.0739954046270288,0.0,11.54966782631585,14.002056530068053,30.0,2041.0,25.0,777
52.950632538205916,7.57821718430064,4329.467952401074,28.655502302787603,0.8241228770953107,13.25585540320183,1.2022238135200138,15.885189761461774,14.114810238538226,4282.894705875675,1.0757267876199559,0.0,11.55180035653231,14.002056530068053,30.0,2041.0,25.0,777
52.95960321645229,7.578050824416514,4330.292330919028,28.660057432131055,0.8239723302277127,13.256151547563691,1.2021937614553009,15.887880964935686,14.112119035064314,4283.605939904302,1.078134856655681,0.0,11.555484721940028,14.001223762583168,30.0,2041.0,25.0,2024
52.9798698564466,7.57751399810461,4332.1561142567925,28.670626618090523,0.8236975770559304,13.258950282564992,1.2021633047371267,15.893960956933977,14.106039043066023,4285.258578983829,1.0825449045713702,0.0,11.56264388814,14.001000000000085,30.0,2041.0,25.0,101
52.99102226302164,7.577194414832588,4333.182437231311,28.676452224371324,0.823557801616113,13.260834953915175,1.202152787860241,15.89730667890649,14.10269332109351,4286.171697334748,1.0849010069975362,0.0,11.566374767754608,14.001150667601351,30.0,2041.0,25.0,42
53.2124421532052,7.571123612655477,4353.660062568988,28.792520328250475,0.8206741001298057,13.294345137539098,1.2018731790937416,15.96373264596156,14.03626735403844,4309.20342031019,1.0211326015326276,0.0,11.64281463435653,14.00103662189334,30.0,2041.0,25.0,101
53.22926231680587,7.570664912828513,4355.223568873402,28.801770825623706,0.8204661979814291,13.296855553797666,1.201855060465794,15.968778695041761,14.031221304958239,4311.014615187381,1.0150788584535555,0.0,11.64864269967927,14.001,30.0,2041.0,25.0,999
53.24091249236272,7.57034409543018,4356.30716572918,28.80817603376231,0.8203236053724733,13.298638635825993,1.2018437461918265,15.972273747708813,14.027726252291187,4312.26885839697,1.0109091406284862,0.0,11.652652577511398,14.001009826660361,30.0,2041.0,25.0,777
53.289770908272,7.56896604360967,4360.857471572464,28.83501738873955,0.8197403667543908,13.306581287964459,1.2018041137610183,15.986931272481598,14.013068727518402,4317.526296937349,0.9936388638606644,0.0,11.66918767433697,14.001420353554588,30.0,2041.0,25.0,101
53.32357204428728,7.567967532616425,4364.011083524127,28.85355798474844,0.8193573144750427,13.31271965364374,1.2017875185610953,15.997071613286185,14.002928386713815,4321.159892547038,0.9819221389897224,0.0,11.680237212515355,14.00221569099618,30.0,2041.0,25.0,42
53.53265638669027,7.56232755704533,4383.61982153549,28.969644168507696,0.816770211026165,13.343042950706609,1.2015351903846476,16.05979691600708,13.94020308399292,4343.547731333917,0.9141324255518214,0.0,11.753218002044775,14.001059116547934,30.0,2041.0,25.0,999
53.53978093573929,7.562137060409383,4384.291097651562,28.973613800348225,0.8166899876205225,13.344052194087366,1.2015251581216184,16.061934280721786,13.938065719278214,4344.302443190058,0.9120894021595537,0.0,11.755719372293811,14.001000617383314,30.0,2041.0,25.0,777
53.59413032699409,7.560501280739899,4389.418902055639,29.003739112969193,0.8161477397140031,13.354354849192138,1.2014943388733317,16.07823909809823,13.92176090190177,4350.05835474296,0.8967143075418442,0.0,11.773224045925758,14.002623263387505,30.0,2041.0,25.0,101
53.60189452999177,7.560287673668621,4390.152403726227,29.008059773525595,0.8160606596574163,13.35554384388926,1.2014849708834625,16.08056835899753,13.919431641002468,4350.880778533146,0.8945389950414485,0.0,11.775896004778804,14.002630343376799,30.0,2041.0,25.0,101
53.62463444434758,7.559805035202204,4392.301942592225,29.020836723321636,0.8157569240636713,13.356992732566441,1.2014217726669116,16.08739033330427,13.91260966669573,4353.290586074951,0.8881756542959948,0.0,11.78495326656841,14.001035274978632,30.0,2041.0,25.0,2024
53.7122340553125,7.55740439849836,4400.60285409984,29.069592613821467,0.8148157550142705,13.370274090519723,1.2013120859154576,16.11367021659375,13.88632978340625,4362.569652412106,0.8642725314851083,0.0,11.815180478871595,14.001009095793535,30.0,2041.0,25.0,999
53.71871595891504,7.5572268140320915,4401.218326149206,29.07320033216805,0.8147460938143667,13.371256131343854,1.2013039571974264,16.115614787674513,13.884385212325487,4363.256254165747,0.8625355338069253,0.0,11.817417560502754,14.001006595479554,30.0,2041.0,25.0,42
53.83521697311191,7.554031647306356,4412.309854215212,29.13803992625286,0.8135035679433593,13.388954872153002,1.2011596112330645,16.150565091933572,13.849434908066428,4375.5655791039535,0.8327673333312163,0.0,11.85759601051269,14.001000000000008,30.0,2041.0,25.0,42
53.903687482349014,7.552155777505602,4418.854781001282,29.176099751125257,0.8128160241969152,13.39934870775444,1.2010753633752669,16.171106244704706,13.828893755295294,4382.790526141999,0.816144830428469,0.0,11.881177361601543,14.001000000000003,30.0,2041.0,25.0,2024
54.00281343592637,7.550261498720369,4428.363555522049,29.23092875101771,0.8118787737991718,13.414916682906563,1.2009636253406908,16.20084403077791,13.799155969222092,4393.205184953986,0.7939359568665424,0.0,11.914835501516778,14.001437852870755,30.0,2041.0,25.0,101
54.02538792514783,7.550013648423606,4430.53455790271,29.243444558454126,0.8116564294298312,13.418078753799403,1.2009311465072592,16.207616377544348,13.792383622455652,4395.577905626899,0.788994010067218,0.0,11.922745393069864,14.00122076523794,30.0,2041.0,25.0,999
54.110461583178235,7.548977197736666,4438.735458813902,29.29115129194257,0.8108291394649197,13.431091225228261,1.2008144774075418,16.23313847495347,13.76686152504653,4404.631787057142,0.7683195376971935,0.0,11.952437327376096,14.001035733489909,30.0,2041.0,25.0,2024
54.254038357594766,7.547181585006438,4452.645164900849,29.371638685090645,0.8094369507469332,13.454544181343769,1.2006060110122978,16.276211507278433,13.723788492721567,4419.974400391759,0.7337383352849469,0.0,12.00254054750302,14.001000617383314,30.0,2041.0,25.0,777
54.295583552742215,7.546633268093737,4456.68639874017,29.395956466639305,0.8090143169672043,13.461696015999284,1.200540128395715,16.288675065822662,13.711324934177338,4424.639246914587,0.7190802528677529,0.0,12.017761363171646,14.001006748826024,30.0,2041.0,25.0,999
54.3252355194407,7.546240501162146,4459.575238624061,29.413445973733435,0.8087099996590107,13.468120793651815,1.200490886858646,16.29757065583221,13.70242934416779,4427.994123993184,0.708164184726725,0.0,12.028716423935789,14.001000000000008,30.0,2041.0,25.0,42
54.36337716464733,7.545707923760563,4463.296737995628,29.435916636988463,0.8083252886870348,13.477196225282372,1.2004321082519884,16.3090131493942,13.6909868506058,4432.306452925711,0.6943362023434352,0.0,12.042647963902848,14.001187935963298,30.0,2041.0,25.0,2024
54.48300417601281,7.544058177877253,4475.009243458193,29.506247079363966,0.8071648371227452,13.505480144852626,1.2002453836245817,16.344901252803844,13.655098747196156,4445.802317634451,0.6526673853565291,0.0,12.086340152000803,14.00165545704059,30.0,2041.0,25.0,999
54.506623460992614,7.542262487959693,4477.330816803096,29.51868678784912,0.8072902945549092,13.521096114583116,1.2004538280831374,16.351987038297782,13.648012961702218,4448.294610401817,0.648515992883708,0.0,12.086340152000803,14.012317932967532,30.0,2041.0,25.0,999
54.714508764755706,7.541083599568745,4497.8510282068455,29.64169276377423,0.8050056414687402,13.560800474084804,1.1998493845861535,16.414352629426713,13.585647370573287,4473.068026940178,0.5509964894623797,0.0,12.171972543758331,14.001035274978632,30.0,2041.0,25.0,2024
54.76768422532192,7.540377437105946,4503.130726364728,29.672538507579446,0.8045134292921869,13.574338161003737,1.1997617569546906,16.430305267596577,13.569694732403423,4479.410683186842,0.5267456047636049,0.0,12.19156434163391,14.001045451124684,30.0,2041.0,25.0,777
54.86503124526886,7.53908555101628,4512.828377982026,29.728854645942953,0.8036106503559544,13.599138272072514,1.1996005529231286,16.45950937358066,13.540490626419341,4491.036837283057,0.4828798898112112,0.0,12.227489806556253,14.001046276984844,30.0,2041.0,25.0,2024
54.87246658920421,7.538989219111956,4513.570799711166,29.733166287124657,0.8035409732922008,13.60102200538859,1.1995877468612637,16.46173997676126,13.538260023238738,4491.926923040437,0.47952890585240915,0.0,12.230254022415318,14.001028112692392,30.0,2041.0,25.0,42
54.90394460940897,7.535383799436363,4516.720496750206,29.74919261565878,0.8039865663009812,13.626924842974347,1.200066845199994,16.47118338282269,13.52881661717731,4495.271440483105,0.4748811949407418,0.0,12.223246570918082,14.023932534883508,30.0,2041.0,25.0,101
55.014658960605914,7.536340283260062,4527.8169755595745,29.815044082889905,0.8024004543796657,13.640531625429931,1.1994810931032989,16.504397688181772,13.495602311818228,4508.838947859331,0.4191429954586075,0.0,12.278266405007223,14.006638038749678,30.0,2041.0,25.0,999
55.022088296226734,7.535774351843935,4528.564316185113,29.81902344502346,0.8024401581822519,13.64507301301962,1.1995470257351033,16.50662648886802,13.493373511131981,4509.665764428545,0.4173188330134655,0.0,12.278266405007223,14.010012417070525,30.0,2041.0,25.0,999
55.07481096285648,7.5362909893907695,4533.869407427409,29.849902889700584,0.8016758230552858,13.650734577890614,1.199261591238071,16.522443288856945,13.477556711143055,4516.131833489084,0.39122375049593017,0.0,12.30469501634821,14.00149674623845,30.0,2041.0,25.0,2024
55.08828699855392,7.536188428069925,4535.227687317137,29.857644335535262,0.8015346025118066,13.65355676033454,1.1992276253859298,16.526486099566174,13.473513900433826,4517.753596549017,0.3852968797352005,0.0,12.310082300946611,14.001000341754787,30.0,2041.0,25.0,101
55.142426983750845,7.535497963772109,4540.693146282437,29.888581544225495,0.8010330717241112,13.666271722439408,1.199137440255549,16.542728095125256,13.457271904874744,4524.232267238043,0.3625190805476566,0.0,12.330102362117968,14.001000000000008,30.0,2041.0,25.0,42
55.210470139901844,7.534636001235865,4547.5808708029235,29.927402354587798,0.800410153240285,13.68207528434727,1.1990249486521878,16.563141041970553,13.436858958029447,4532.317109739642,0.33564573114643503,0.0,12.355084020644231,14.001001836853963,30.0,2041.0,25.0,42
55.27438387536305,7.5338329637834756,4554.069673564733,29.96321166232228,0.7998295306911262,13.696802204286069,1.198920057415791,16.582315162608914,13.417684837391086,4539.852136596683,0.31219410301472006,0.0,12.378368423102145,14.001001382884926,30.0,2041.0,25.0,999
55.34775662547995,7.532910860176842,4561.54170294739,30.00360313236311,0.7991504677417288,13.713578259845342,1.1988057223283217,16.604326987643987,13.395673012356013,4548.502305986458,0.28585504222195196,0.0,12.40509760717016,14.001002422678093,30.0,2041.0,25.0,2024
55.456676371852794,7.531542240685999,4572.679115724298,30.06356311485436,0.7981257898447403,13.738399502164373,1.19874030741486,16.63700291155584,13.36299708844416,4561.3432502739615,0.24790424089359592,0.0,12.44477753221944,14.001002422678093,30.0,2041.0,25.0,2024
55.4772564634663,7.53128003363545,4574.789625867099,30.0748923597169,0.797957438902865,13.743161407878171,1.1987327175062656,16.64317693903989,13.35682306096011,4563.769253286024,0.24089353789654147,0.0,12.452254695861479,14.001028112692392,30.0,2041.0,25.0,42
55.61995502961477,7.529359131303894,4589.477489705821,30.153447511696676,0.7967844976083838,13.776003249577784,1.1987448055357086,16.685986508884433,13.314013491115567,4580.592782392864,0.1935886456113065,0.0,12.504262082515474,14.001000591434384,30.0,2041.0,25.0,42
55.6738853902112,7.52843888882868,4595.053375401328,30.183218579749475,0.7963703818397347,13.789329568294857,1.1987692489303632,16.702165617063358,13.297834382936642,4586.940195187014,0.1765633508795753,0.0,12.52307676616922,14.002056530068053,30.0,2041.0,25.0,777
55.779745311376615,7.527040646610626,4606.037324388925,30.241800578894832,0.7954726835717134,13.81288970774277,1.1988263083165056,16.733923593412985,13.266076406587015,4599.444964190119,0.14312433301179747,0.0,12.562467877604362,14.0010659837355,30.0,2041.0,25.0,2024
55.819016997983994,7.52647985783559,4610.125566549446,30.26359554105955,0.7951467585627296,13.82191585706324,1.1988993164367017,16.7457050993952,13.254294900604801,4604.094834675043,0.1308149157186046,0.0,12.576886303403432,14.001000190178527,30.0,2041.0,25.0,999
55.929180568028286,7.5247635488590525,4621.632834741045,30.324492403159343,0.7943282282538847,13.847456485291715,1.1991062228539904,16.778754170408487,13.221245829591513,4617.0599677325645,0.09894483555912162,0.0,12.616766718360964,14.00124223455206,30.0,2041.0,25.0,777
55.95981739802681,7.524318896309001,4624.843233038556,30.341604687303114,0.794111477505554,13.854280703107445,1.199161276843308,16.787945219408044,13.212054780591956,4620.661690506955,0.0904147950730326,0.0,12.628079449115589,14.001000526065209,30.0,2041.0,25.0,101
56.066681054193154,7.5237201766053,4636.075190034261,30.40147054525817,0.7933878278023718,13.878543204625725,1.1993564059850288,16.820004316257947,13.179995683742053,4633.002290666887,0.06628234533338283,0.0,12.66621348742097,14.001000220395786,30.0,2041.0,25.0,999
56.17115230252203,7.523378291159143,4647.108328697812,30.459301723083865,0.7926986700822777,13.902028158100642,1.1995405653601492,16.85134569075661,13.14865430924339,4644.754717870056,0.05064678206921244,0.0,12.702529940780916,14.001000001963757,30.0,2041.0,25.0,2024
56.31294350717529,7.522006679123908,4662.168386104711,30.5363864415839,0.7919190918601647,13.939386482314198,1.1998307122329572,16.89388305215259,13.106116947847411,4660.633162594923,0.03292938784372621,0.0,12.746598445183084,14.007600471153648,30.0,2041.0,25.0,42
56.33657742913168,7.519850647456348,4664.6906119456235,30.54801727871633,0.7921211914722548,13.957223456218813,1.1999907188921977,16.900973228739506,13.099026771260494,4663.106628748803,0.03395687578430591,0.0,12.742791907497635,14.022722475099147,30.0,2041.0,25.0,777
56.44971085323229,7.522476532108465,4676.785444258733,30.610107299837807,0.7909125675099578,13.97604787101006,1.2000961743112462,16.93491325596969,13.06508674403031,4675.747776605933,0.022187625777748434,0.0,12.79830149188177,14.001000526065209,30.0,2041.0,25.0,101
56.685316284640514,7.511716658760889,4702.19746503965,30.731893040914613,0.7912356050015833,14.082344836522871,1.2010315030289267,17.005594885392156,12.994405114607844,4701.14512305026,0.022379791516920367,0.0,12.816727787367963,14.080315419257676,30.0,2041.0,25.0,42
56.775478203593465,7.50225871690741,4712.002521001236,30.774975541847652,0.792505882359833,14.169726634036952,1.2018241829639953,17.032643461078038,12.967356538921962,4710.500592968721,0.031874516743592186,0.0,12.784891286626046,14.160543774869081,30.0,2041.0,25.0,101
56.78475114452318,7.498840185370263,4713.016484235492,30.77866387355173,0.7930934074200479,14.197114342508964,1.2020646471440286,17.035425343356955,12.964574656643045,4711.389443802294,0.03452227333894221,0.0,12.766540385617963,14.18840772554905,30.0,2041.0,25.0,2024
57.023981172226286,7.49760002503532,4739.211833779958,30.908233110884172,0.7920348254187418,14.270758445031422,1.2026473388339505,17.107194351667886,12.892805648332114,4738.099779475655,0.02346496302142481,0.0,12.832333036022455,14.210523462714834,30.0,2041.0,25.0,999
57.20285286085379,7.497245190003955,4758.988619599789,31.006322725620947,0.7911742585627758,14.321556669901693,1.2030439993473825,17.160855858256138,12.839144141743862,4757.988708660638,0.02101099664397051,0.0,12.884781499026428,14.22242381954811,30.0,2041.0,25.0,999
57.410723064138,7.5029107910035835,4782.172112786082,31.122273150763647,0.7892455553035107,14.3318449568268,1.203334715558736,17.2232169192414,12.776783080758602,4780.768918013156,0.029342205588431414,0.0,12.981784126685195,14.187280408356234,30.0,2041.0,25.0,2024
57.4826372176043,7.526034173724782,4790.216758040152,31.1714485438784,0.7848933286400817,14.552878985597703,1.2047274398711951,17.244791165281292,12.755208834718708,4788.639732716607,0.03292179463273965,0.0,13.144029093140126,14.00512238008703,30.0,2041.0,25.0,101
57.48332177283555,7.526551878925223,4790.293063543663,31.172062218613988,0.7847990006183019,14.557783219918175,1.204784605494621,17.244996531850664,12.755003468149336,4788.719085234963,0.0328576621058706,0.0,13.14739561401593,14.001000000047904,30.0,2041.0,25.0,777
57.60681540482604,7.5060953991891735,4804.253317905101,31.231629293199163,0.7877733231029311,14.4443292737601,1.2040119021246434,17.282044621447813,12.717955378552187,4802.457388920386,0.03738206264065268,0.0,13.060700052089663,14.171568895320723,30.0,2041.0,25.0,42
57.73693055353366,7.528157353502076,4818.990905515346,31.310547956145427,0.783394944146192,14.701725974957942,1.206453207441167,17.3210791660601,12.678920833939902,4817.0712266523615,0.039835702133971224,0.0,13.235002949544961,14.001005135637605,30.0,2041.0,25.0,999
57.859540032403515,7.505749576653179,4833.020829352676,31.368529675454226,0.7865860481170242,14.573202675364676,1.2049965557480495,17.357862009721053,12.642137990278947,4830.880962333415,0.04427597345049628,0.0,13.136635835264686,14.187280408356234,30.0,2041.0,25.0,2024
58.01698801661773,7.520140781907455,4851.097967029784,31.457980543590857,0.7834998509054417,14.773419419848734,1.207278285885958,17.40509640498532,12.594903595014681,4848.45836364566,0.054412493873834726,0.0,13.271369881938556,14.079506340397497,30.0,2041.0,25.0,101
58.022811940006875,7.529932823600717,4851.756430963964,31.465185295779463,0.7820284924574405,14.860896959608482,1.2083035851382804,17.406843582002065,12.593156417997935,4848.783008141934,0.06128549246728702,0.0,13.331878705736159,14.001009510078697,30.0,2041.0,25.0,999
58.14906298143822,7.530714253181096,4866.368844555811,31.529826479280445,0.7814372402441092,14.930411399198475,1.2091359810801015,17.444718894431464,12.555281105568536,4863.108162037467,0.06700442614397599,0.0,13.374447847703545,14.001000108488117,30.0,2041.0,25.0,101
58.23179145623777,7.528853351417641,4875.995128408517,31.571936770839375,0.7813899777552351,14.954839477736485,1.2094412454265473,17.46953743687133,12.530462563128669,4872.57338115357,0.07017536246111833,0.0,13.388093257486728,14.020085131503253,30.0,2041.0,25.0,777
58.254355539581134,7.510725222364416,4878.651897101237,31.578454430430405,0.7840226866831712,14.815816555063368,1.207705241049811,17.47630666187434,12.52369333812566,4875.745963586368,0.05956427259333935,0.0,13.286032282588932,14.16705795969586,30.0,2041.0,25.0,2024
58.30515831077583,7.530590381224535,4884.559323996288,31.610778581275508,0.7808430638433901,15.007605976253481,1.210139685376753,17.491547493232748,12.508452506767252,4881.437046518923,0.06392137489304926,0.0,13.422069151588305,14.010012417070525,30.0,2041.0,25.0,999
58.55526458916754,7.493242676627319,4914.043464714895,31.731092844471775,0.7855855962758751,14.824852886180672,1.2076884949282227,17.566579376750262,12.433420623249738,4910.5424257086015,0.07124558485150868,0.0,13.271369881938556,14.322679242442895,30.0,2041.0,25.0,101
58.613215896755456,7.512634593304525,4920.886334598372,31.766059616220033,0.7822429384664159,15.01235582929807,1.210024263741988,17.583964769026636,12.416035230973364,4917.186468945923,0.07518697650941035,0.0,13.407038988263098,14.169851105433546,30.0,2041.0,25.0,42
58.78316671606646,7.531372733952011,4941.119097093895,31.864127528701367,0.7785593433336934,15.276855992176845,1.2135475674745582,17.63495001481994,12.365049985180061,4939.438869807056,0.034004994694971424,0.0,13.58461081151082,14.023979483921675,30.0,2041.0,25.0,101
58.82775049791959,7.520848087026314,4946.47651969837,31.886727797104093,0.780099725305118,15.20118475064044,1.212503870024525,17.648325149375875,12.351674850624125,4944.650361425525,0.0369183653368677,0.0,13.529904458380432,14.115781081247372,30.0,2041.0,25.0,2024
58.831449872195336,7.534297376160916,4946.9011109051735,31.895404521610438,0.7778162313680662,15.334936019466236,1.2143001811015333,17.649434961658603,12.350565038341397,4945.9019055780955,0.020198611305880413,0.0,13.621843635989869,14.001001820968002,30.0,2041.0,25.0,999
58.96806702124158,7.534965294727328,4963.345932713602,31.97862628769495,0.7770056310910209,15.421418883136662,1.2154141902107276,17.69042010637247,12.309579893627529,4963.551374388257,0.004139177027739802,0.0,13.675211149186973,14.00100464112247,30.0,2041.0,25.0,42
59.13934109922823,7.470757620710607,4984.2119484997465,32.053697828173824,0.7880258634163628,15.102984058901216,1.2097030934042494,17.741802329768472,12.258197670231528,4982.967612911332,0.024965543224718483,0.0,13.271369881938556,14.606356604523587,30.0,2041.0,25.0,101
59.28396419002888,7.531575245260726,5001.800747827025,32.16335407347521,0.7760060438039049,15.565332071686198,1.217282572244388,17.785189257008664,12.214810742991336,5003.205485554001,0.02808463986868147,0.0,13.762548034344498,14.043320756972374,30.0,2041.0,25.0,2024
59.37359710150501,7.528829376372069,5012.823479026387,32.21327653619185,0.776032302023996,15.588969101240256,1.217566285007188,17.812079130451504,12.187920869548496,5014.226469211793,0.027988022943088893,0.0,13.774736915892131,14.070676612833715,30.0,2041.0,25.0,42
59.409464163265234,7.475832065820753,5017.3238816543235,32.206572485026804,0.7860337843781217,15.13925002153776,1.2106795626277338,17.82283924897957,12.17716075102043,5017.29897963067,0.0004963208323941998,0.0,13.388093257486728,14.58695112919287,30.0,2041.0,25.0,777
59.751694183441145,7.524582111151549,5059.850081616379,32.42123507688051,0.7752372709814388,15.737969366790676,1.2194321520795517,17.925508255032344,12.074491744967656,5060.181999585984,0.0065598380238851735,0.0,13.861703833366867,14.138189362832307,30.0,2041.0,25.0,777
59.94974201007432,7.480766343025541,5084.8993292109335,32.49969129765725,0.7831156429257159,15.369925409829062,1.2140532614722026,17.984922603022294,12.015077396977706,5082.541562117251,0.04636801912947209,0.0,13.579094625115589,14.592773354364626,30.0,2041.0,25.0,777
60.06035886483329,7.525615322344636,5098.894307884752,32.59097590047628,0.7741678277493624,15.884253285750528,1.221252432494575,18.018107659449985,11.981892340550015,5097.925535591851,0.018999654325116053,0.0,13.950262388410259,14.171568895320723,30.0,2041.0,25.0,42
60.088163596386515,7.484638396438267,5102.502920791116,32.57297830763323,0.781891183253166,15.471481867077461,1.2154114508590157,18.026449078915952,11.973550921084048,5099.004498695092,0.06856286317385789,0.0,13.645605649802745,14.57062698440545,30.0,2041.0,25.0,999
60.25232083925805,7.512637074720389,5123.502817788761,32.67982489746168,0.7759160092728432,15.837495253509104,1.2205403092634093,18.075696251777412,11.924303748222588,5120.025264792293,0.06787452100922267,0.0,13.907236467593068,14.313333543536542,30.0,2041.0,25.0,101
60.34881213899947,7.466322169062347,5136.02308813432,32.69397101173078,0.784310922258276,15.513900232824355,1.214626791467658,18.10464364169984,11.895356358300159,5129.845290335126,0.12028368434452259,0.0,13.593568986650235,14.759527849202602,30.0,2041.0,25.0,999
60.61315432523408,7.519182839991682,5170.361706334591,32.886794699350425,0.7735043940042274,16.101139001433378,1.2236083051605608,18.183946297570223,11.816053702429777,5167.022627138404,0.06458115284461552,0.0,14.060814125456679,14.299110735155987,30.0,2041.0,25.0,101
60.86451887803463,7.463015809807754,5203.6096476927605,32.95570139957163,0.783149160174491,15.727560618758144,1.2169730603810618,18.25935566341039,11.740644336589611,5192.639315613227,0.2108215800621694,0.0,13.712752538795808,14.848168982779526,30.0,2041.0,25.0,999
60.9066198098576,7.493183796159078,5209.158545842801,33.006501763327705,0.7775331697865682,15.956349803875359,1.2213961181435251,18.27198594295728,11.72801405704272,5200.106240743274,0.17377672458733898,0.0,13.939920140456605,14.583559287553255,30.0,2041.0,25.0,42
61.033060086088206,7.51179648186088,5226.007803637282,33.096925947934494,0.7737940759466799,16.22291290567438,1.2246708191531313,18.309918025826462,11.690081974173538,5217.955253795006,0.1540860661683691,0.0,14.111436991881021,14.432885431902678,30.0,2041.0,25.0,42
61.08732287123896,7.486162308596582,5233.325111817413,33.09336329998751,0.7785134724614757,15.95741152465439,1.221185888517264,18.326196861371688,11.673803138628312,5221.899436155212,0.21832535564053462,0.0,13.926755123235008,14.684139171563594,30.0,2041.0,25.0,2024
61.13303076767682,7.531856344718743,5239.398873040674,33.168385156565165,0.7706833235729605,16.447483361382126,1.227441665334967,18.339909230303046,11.660090769696954,5229.007830794406,0.1983250845766835,0.0,14.25667807671278,14.300570497750046,30.0,2041.0,25.0,101
61.19997358296948,7.470747559772962,5248.521953513718,33.1425567542728,0.7811063961847642,15.854227759323702,1.2195096814545976,18.359992074890844,11.640007925109156,5235.302536792362,0.25186932318165595,0.0,13.839304101446562,14.848168982779526,30.0,2041.0,25.0,999
61.39546090469399,7.506881044351087,5275.004347949491,33.28535152265825,0.7742063910070869,16.316503907676207,1.2254257247361589,18.418638271408195,11.581361728591805,5264.6052790342965,0.19713858471484608,0.0,14.14718885292334,14.55799372849605,30.0,2041.0,25.0,777
61.43890569317925,7.532305848390241,5280.898455605003,33.3321038219154,0.7704054802142868,16.574487733989223,1.2287397163113252,18.431671707953775,11.568328292046225,5268.279150689114,0.2389613248952835,0.0,14.31897426601925,14.367927084976257,30.0,2041.0,25.0,101
61.46590812766735,7.494899892026138,5284.653388134547,33.30948891904093,0.7762890655720495,16.214300046657538,1.2240199209310854,18.439772438300203,11.560227561699797,5272.388577885684,0.2320835322218227,0.0,14.072139992683667,14.682523054451934,30.0,2041.0,25.0,2024
61.730195170271536,7.470448856914857,5321.136301585315,33.432158751568565,0.7802671103784646,16.067988240297293,1.2217151832492763,18.51905855108146,11.48094144891854,5304.9145119519535,0.30485574347209343,0.0,13.949206946984104,14.960097214616882,30.0,2041.0,25.0,999
61.86062034793402,7.503983115492143,5339.253045201652,33.54008029731112,0.7739926193407441,16.487607918431262,1.2270264742536046,18.558186104380205,11.441813895619795,5325.985360012989,0.24849328316788108,0.0,14.225444108260268,14.682523054451934,30.0,2041.0,25.0,2024
62.06250750803412,7.500213703206675,5367.632506915346,33.654166669037714,0.7743044722337544,16.54031917650766,1.227470907402255,18.61875225241024,11.38124774758976,5353.822878383875,0.2572759687568004,0.0,14.243725824856321,14.760101186438439,30.0,2041.0,25.0,777
62.24057153088408,7.479105678038894,5392.944343811113,33.7370556520286,0.7776532217603357,16.394110863335293,1.225279716460604,18.672171459265225,11.327828540734775,5377.635689326136,0.28386449978006295,0.0,14.129456331779295,14.990350848798471,30.0,2041.0,25.0,999
62.39543408129744,7.521087178236608,5415.053026831386,33.88511996346815,0.7711617093550187,16.877816401886726,1.2316171884701632,18.718630224389234,11.281369775610766,5399.176735575516,0.29318810318575117,0.0,14.444337669876829,14.684139171563594,30.0,2041.0,25.0,2024
62.45983460473913,7.472293777080395,5424.410884249129,33.858275329699765,0.7784308281963818,16.41857995532405,1.2253378750993993,18.73795038142174,11.26204961857826,5408.312173541277,0.29678265624378874,0.0,14.129456331779295,15.099627837728193,30.0,2041.0,25.0,999
62.584576240851504,7.519137555144751,5442.392401412397,33.99731990899672,0.7712156630591233,16.944067951079184,1.2322583302002565,18.775372872255453,11.224627127744547,5426.197159329182,0.29757578815911834,0.0,14.473475055556115,14.740206091172892,30.0,2041.0,25.0,42
62.64616154012651,7.487812106186125,5451.405416660449,33.985528655051134,0.7754535358891204,16.677207400441496,1.228545474758989,18.793848462037953,11.206151537962047,5438.101847265964,0.2440392591940934,0.0,14.286428125126934,14.99721621330863,30.0,2041.0,25.0,777
62.79695743004701,7.507657520745782,5473.437866469845,34.11256382176318,0.7724181828961729,16.941370212646497,1.231928574548635,18.8390872290141,11.160912770985899,5460.170363376416,0.24239798490643705,0.0,14.4535698800879,14.867630822723024,30.0,2041.0,25.0,101
63.083027626917726,7.514801442163235,5515.781237832101,34.292986687117626,0.771238099886089,17.127141066827747,1.2340617713463726,18.92490828807532,11.075091711924681,5505.305606754324,0.18992107601959218,0.0,14.555948638280173,14.881567341737934,30.0,2041.0,25.0,2024
63.23271997088751,7.492139546026066,5538.246274319753,34.335191720619065,0.774078937991844,16.98788164140665,1.2319562251952914,18.969815991266252,11.030184008733748,5525.792378807684,0.22487074238312899,0.0,14.448312270884076,15.076838219009515,30.0,2041.0,25.0,777
63.265377921352055,7.472559339114076,5543.196967520455,34.30720093682512,0.777251326333081,16.817532252601495,1.2291873242687086,18.979613376405617,11.020386623594383,5529.736761851262,0.24282387488774013,0.0,14.308869530846275,15.25883169016749,30.0,2041.0,25.0,42
63.51511522536219,7.5182082486126065,5581.009269853791,34.5357264102499,0.7704385345870611,17.341634350899476,1.2363231756374904,19.054534567608655,10.945465432391345,5571.373442860348,0.17265384319447727,0.0,14.66283992788687,14.948372682397915,30.0,2041.0,25.0,777
63.51672957536563,7.482684156999986,5581.317738346442,34.47439170122132,0.7752878368719122,17.006366358151332,1.231860318002646,19.055018872609686,10.944981127390314,5567.811508443726,0.24198998401258023,0.0,14.439256516377327,15.217543508509317,30.0,2041.0,25.0,999
63.541213153378266,7.486418385761985,5585.054290210501,34.49680380031253,0.7746570897509467,17.0610645684687,1.2325263881459982,19.062363946013477,10.937636053986523,5571.1069204874175,0.24972666331158633,0.0,14.472264219912455,15.188845783226858,30.0,2041.0,25.0,42
63.758289633567514,7.487912832285269,5618.459543606031,34.62726276828455,0.7741673858472187,17.182449210406144,1.2337639486015515,19.12748689007025,10.872513109929749,5605.208113635945,0.23585521738189916,0.0,14.530965902433545,15.218895659245275,30.0,2041.0,25.0,42
63.94610359730065,7.485899539754386,5647.692100132256,34.73125948388782,0.774275216543821,17.24993026565307,1.2343515763229127,19.183831079190195,10.816168920809805,5634.630709715759,0.23126952009638804,0.0,14.557734765280927,15.275056211435375,30.0,2041.0,25.0,2024
64.02062868913087,7.469753364483967,5659.403549164858,34.73085354631201,0.7768057452011579,17.2455480707412,1.2323412921970873,19.206188606739264,10.793811393260736,5643.479256449547,0.2813775794034128,0.0,14.4535698800879,15.43509846228122,30.0,2041.0,25.0,101
64.05598568439208,7.489334835208805,5664.928282275708,34.8045713244896,0.7735904482418138,17.343163005692023,1.2353893776057243,19.216795705317622,10.783204294682378,5653.503018236179,0.20168417798467064,0.0,14.608106127605184,15.266921560637977,30.0,2041.0,25.0,42
64.43743674439588,7.46999826534759,5725.646123869002,34.97920759134765,0.7763183939223706,17.472535910891057,1.2344078865617631,19.331231023318765,10.668768976681235,5713.703427371491,0.20858251172255282,0.0,14.549057487096634,15.522369605228935,30.0,2041.0,25.0,101
64.50832209617555,7.518595093093097,5736.978358638921,35.114313729985376,0.7695304329168979,17.803112244224028,1.2408669559283854,19.352496628852666,10.647503371147334,5733.393334064787,0.06248976987573129,0.0,14.873139056057102,15.165890538859292,30.0,2041.0,25.0,2024
64.61717605399933,7.492513949876168,5754.652461255246,35.14622217104988,0.7725899605134972,17.633667446640395,1.2384928487932603,19.3851528161998,10.614847183800201,5749.886501928759,0.08281923814817965,0.0,14.752891413877547,15.367886252062107,30.0,2041.0,25.0,777
64.66234253385524,7.514972404568772,5761.957041870014,35.20149340084399,0.7699638467693098,17.833201217819322,1.241054183053003,19.39870276015657,10.60129723984343,5759.660148768162,0.039863072306189476,0.0,14.88079188682849,15.233915931973659,30.0,2041.0,25.0,42
64.75750116430962,7.475936219374025,5777.566397912908,35.19390000331923,0.7749488968664097,17.58446943385801,1.2369458546078438,19.427250349292883,10.572749650707117,5771.760154939466,0.10049634350440856,0.0,14.670504185969401,15.539063290324064,30.0,2041.0,25.0,2024
64.89170487486996,7.461264020244109,5799.650057956229,35.230401742353564,0.777610641639936,17.82662220093402,1.2351332872906169,19.467511462460987,10.532488537539013,5790.461331293787,0.15843588096899353,0.0,14.575275936845607,15.719676190167945,30.0,2041.0,25.0,777
65.28033004932873,7.505003045176859,5864.401107887059,35.55770515005865,0.7711988252215867,17.977917298217474,1.242337810756589,19.584099014798618,10.415900985201382,5869.656422371521,0.08961383076942783,0.0,14.933853286251772,15.476073277712432,30.0,2041.0,25.0,999
65.32689348319774,7.492900203434156,5872.289291640547,35.57153157763909,0.7725844562296227,17.89656498004057,1.2412800350018582,19.59806804495932,10.40193195504068,5876.660130795682,0.07443160474666269,0.0,14.878910361290217,15.566478097453713,30.0,2041.0,25.0,101
65.5520365073632,7.517529550717245,5910.573223638225,35.73328046014188,0.7698259229315947,18.17755483507689,1.2448178298209132,19.665610952208958,10.334389047791042,5922.546253458811,0.20256968939498013,0.0,15.045180344599194,15.476073277712432,30.0,2041.0,25.0,999
65.7777354770998,7.477667351762266,5949.581034846581,35.81401243930353,0.7754002950309674,18.21967625826162,1.2408222012153454,19.73332064312994,10.26667935687006,5963.885516287652,0.24042838239011155,0.0,14.843848350050168,15.844480307457763,30.0,2041.0,25.0,2024
65.86452480522864,7.47750579825024,5964.689123913446,35.865157869309634,0.7755151657434651,18.279638101672937,1.2411123732559606,19.759357441568593,10.240642558431407,5981.410197096666,0.28033436170516474,0.0,14.856276058501333,15.874400922512246,30.0,2041.0,25.0,42
65.92237530654998,7.544022047353957,5974.67346914022,35.93914735797517,0.766979113503263,18.469391910068417,1.249306551543179,19.776712591964994,10.223287408035006,5992.98564475736,0.3064966765418158,0.0,15.244334462495482,15.410433384987254,30.0,2041.0,25.0,101
65.92636585258076,7.541986330903614,5975.376250417207,35.942235160026236,0.7672044293122814,18.458184926157536,1.2490814623556823,19.77790975577423,10.222090244225772,5993.630247636958,0.30548699286470016,0.0,15.234188847545889,15.425270470429519,30.0,2041.0,25.0,777
65.99315350876182,7.522698190552449,5987.134192991667,35.979977358806096,0.7693925621409471,18.358468281952547,1.2471284898012736,19.797946052628546,10.202053947371454,6005.446528948943,0.3058614583703724,0.0,15.146027521510144,15.57002813049574,30.0,2041.0,25.0,999
66.23121117102508,7.519800812219836,6029.293958856575,36.10101231370205,0.7698332665893358,18.41753261213785,1.2476988309945045,19.869363351307527,10.130636648692473,6050.854365130209,0.3575942128673825,0.0,15.170680466301938,15.65610595409672,30.0,2041.0,25.0,2024
66.39190485086064,7.506418402729975,6058.112894531276,36.183443026050114,0.7715849125837717,18.366118794150385,1.24669477284487,19.91757145525819,10.08242854474181,6081.313229823958,0.3829630727685086,0.0,15.124053343103096,15.79478632467817,30.0,2041.0,25.0,777
66.41171045868957,7.52664737008407,6061.640686517373,36.19049476976598,0.7691111732968745,18.52106365990391,1.2491459774379081,19.923513137606868,10.076486862393132,6084.986234539369,0.3851357945699881,0.0,15.235439107307633,15.662935358125715,30.0,2041.0,25.0,42
66.71535057808703,7.553324232889642,6116.816035674848,36.31890187432841,0.7662292677414334,18.784662947943303,1.2533496642262447,20.01460517342611,9.985394826573891,6141.999115368608,0.41170242078372116,0.0,15.427703013190769,15.57002813049574,30.0,2041.0,25.0,999
66.717565770185,7.542703778334879,6117.243941916914,36.327462099366336,0.7673649119928369,18.720460457455697,1.252147848641872,20.0152697310555,9.9847302689445,6143.01601736596,0.421302071549718,0.0,15.371698153753396,15.642331213565136,30.0,2041.0,25.0,2024
66.8623366530536,7.536749090834636,6143.947846092781,36.3998932987077,0.7680130651515609,18.732158151297686,1.2519909278128343,20.05870099591608,9.94129900408392,6171.073491132878,0.4415018766369805,0.0,15.36463600037606,15.723265143711137,30.0,2041.0,25.0,2024
66.90495673092951,7.560567686374721,6151.802216749299,36.403637434113456,0.7655059147968971,18.890396810276883,1.2549928535597148,20.07148701927885,9.928512980721148,6178.261081852059,0.4300994110428507,0.0,15.498564582641132,15.574928898143567,30.0,2041.0,25.0,42
67.11923869891466,7.54834708953916,6191.868820360757,36.511070496318915,0.7667090438283339,18.885216910609014,1.2542830984541988,20.135771609674396,9.864228390325604,6219.755917639052,0.4503825595689929,0.0,15.469764349698018,15.717281734317144,30.0,2041.0,25.0,777
67.35545780805087,7.5504045441340715,6236.614924730175,36.62105789334895,0.7664463247114749,18.975511034588198,1.2554590980977782,20.20663734241526,9.79336265758474,6265.509586096166,0.46330680528974716,0.0,15.521104840704423,15.77083902700804,30.0,2041.0,25.0,2024
67.37139397286622,7.568648730950526,6239.619596840894,36.61125248897833,0.7646719502636654,19.092911554111616,1.2578012476812728,20.211418191859863,9.788581808140137,6267.262186804778,0.44301723101645063,0.0,15.62052956086986,15.651613082153279,30.0,2041.0,25.0,999
67.41532760821669,7.508020237917536,6248.147653843245,36.67549623613767,0.7712534925809871,18.940123648752014,1.2504989060532639,20.224598282465006,9.775401717534994,6278.255031116596,0.48186084806801305,0.0,15.295635996464735,16.09048106274736,30.0,2041.0,25.0,101
67.43048892119883,7.571136427959434,6250.922037988031,36.63754898399881,0.7644712469292734,19.12722652550803,1.2583425382329492,20.229146676359647,9.770853323640353,6278.568695483926,0.4422812719128633,0.0,15.643852197774024,15.651613082153279,30.0,2041.0,25.0,999
67.63587321947955,7.572061297688591,6290.540708936916,36.73617806043519,0.7644621430302136,19.201221427932918,1.2592507354101434,20.290761965843863,9.709238034156137,6317.965100788018,0.43596239369598827,0.0,15.683629717555934,15.703240861251574,30.0,2041.0,25.0,2024
67.74275097625782,7.574428022678944,6311.3530623404,36.78580722300938,0.7642893511159727,19.254427407470324,1.2599579706902138,20.322825292877347,9.677174707122653,6338.29298057289,0.4268485373324948,0.0,15.714278103407905,15.717281734317144,30.0,2041.0,25.0,777
67.83028822302998,7.560521469630841,6328.53564436796,36.83928483872595,0.7656443345512476,19.190874891985345,1.2585242854549474,20.349086466908993,9.650913533091007,6355.204270450159,0.42140279490931637,0.0,15.654004835013618,15.83717609973934,30.0,2041.0,25.0,101
67.89042089042607,7.559643815818578,6340.374998526844,36.86825840890517,0.7657681858438969,19.203497875034994,1.2586209640696395,20.367126267127823,9.632873732872177,6366.23191896737,0.40781374045752006,0.0,15.658464022863356,15.860641434886663,30.0,2041.0,25.0,42
68.04718339568656,7.529423202248592,6371.508542724517,36.95840612012192,0.7690029284483559,19.119866440335784,1.2551960889717493,20.41415501870597,9.58584498129403,6398.926252518593,0.4303173983088219,0.0,15.514201923567223,16.124862969439214,30.0,2041.0,25.0,777
68.15355366642862,7.579263923049464,6392.658197937082,36.97489467477853,0.764117315608013,19.417895308519594,1.2619759067931242,20.446066099928586,9.553933900071414,6416.400840913174,0.37140485602301526,0.0,15.802401322538088,15.802935765849229,30.0,2041.0,25.0,999
68.31174123894587,7.581180678131284,6424.528336578677,37.048636465385705,0.7641441932037474,19.477916448153767,1.2627502222887819,20.49352237168376,9.50647762831624,6447.491101938563,0.35742336490516685,0.0,15.83602499206704,15.83717609973934,30.0,2041.0,25.0,101
68.39119821176116,7.58227826304315,6440.656633183896,37.08581695355376,0.7641711520596106,19.508887453480376,1.2631611730693724,20.517359463528347,9.482640536471653,6463.271863461037,0.3511323699608851,0.0,15.853704616622494,15.853785724590043,30.0,2041.0,25.0,2024
68.52026584480815,7.583986308320895,6467.028667979223,37.1488581379641,0.7642326598494427,19.558392551307993,1.2638146474303948,20.556079753442443,9.443920246557557,6489.2899289320285,0.344227033707601,0.0,15.881854980631864,15.882424619053685,30.0,2041.0,25.0,42
68.64640355062595,7.569676980631919,6493.046793785085,37.2221113765257,0.7655506343699128,19.490128909551743,1.2624710661108027,20.593921065187782,9.406078934812218,6514.714739451315,0.3337099878437556,0.0,15.826544624213676,16.01549517038194,30.0,2041.0,25.0,42
68.64788208504234,7.58395182272434,6493.321386508633,37.21435088943897,0.7644152398113371,19.595362348167306,1.264251160278943,20.594364625512704,9.405635374487296,6515.967894598489,0.3487661666787262,0.0,15.901020975323249,15.92329857467467,30.0,2041.0,25.0,101
68.67963755592393,7.555463576898765,6499.959694383323,37.24799849066874,0.7668477623675437,19.40540978959916,1.2608440424312244,20.60389126677718,9.396108733222821,6520.713329701447,0.31928867706760417,0.0,15.75749662615047,16.118027903555333,30.0,2041.0,25.0,777
69.09223776884686,7.579048886199028,6586.576699723036,37.44813571039542,0.7655584670457956,19.671287706753052,1.2646840719802577,20.727671330654054,9.272328669345946,6615.932980384054,0.4456986079316804,0.0,15.925146225239384,16.118027903555333,30.0,2041.0,25.0,777
69.2090476531203,7.560153232367286,6611.577540741649,37.51977245995782,0.7673360521692674,19.575044195985708,1.262560650673346,20.76271429593609,9.237285704063911,6638.057674043785,0.40051157441565144,0.0,15.839425033194237,16.27758414730412,30.0,2041.0,25.0,999
69.298501353446,7.556177736373696,6630.828369342771,37.56848491548708,0.7678329798187407,19.66921661939157,1.2622522516265782,20.789550406033797,9.210449593966203,6656.344839857424,0.38481572879531084,0.0,15.82812499235741,16.333640133212167,30.0,2041.0,25.0,42
69.38049476569587,7.599978707186895,6648.465027743715,37.574716632220166,0.7646694219027619,19.89100734661829,1.2679155693203832,20.814148429708762,9.185851570291238,6678.416948931573,0.450508817642417,0.0,16.06307302503826,16.084786558636253,30.0,2041.0,25.0,42
69.4239146859125,7.563450093809686,6657.978403538855,37.62834147740157,0.7673981266704267,19.696570775815932,1.2634051867910465,20.827174405773746,9.172825594226254,6683.751107824663,0.387095041823956,0.0,15.878863353386556,16.331484488621484,30.0,2041.0,25.0,999
69.50732790634709,7.557378938088159,6676.184565222543,37.677161710879226,0.7680758683482812,19.81182019361471,1.2628316029540914,20.852198371904123,9.147801628095877,6702.628791778311,0.39609789539853285,0.0,15.85646159497843,16.399912254108145,30.0,2041.0,25.0,101
69.56938483740907,7.6049372155075154,6689.675121863608,37.667528357249815,0.764661413242129,19.974222244774452,1.2689221980721603,20.87081545122272,9.129184548777278,6718.422219940887,0.4297233804871277,0.0,16.108275543307666,16.118386890087642,30.0,2041.0,25.0,2024
69.66621689261952,7.603014829698959,6711.010163130819,37.71893640844629,0.7648955163886852,19.985210159438974,1.2688714401560697,20.899865067785854,9.100134932214146,6738.434280667884,0.4086436597537708,0.0,16.10827256491624,16.163989229871145,30.0,2041.0,25.0,999
69.7021578805835,7.580267922987216,6719.014448820932,37.757850769395425,0.7663741845802957,19.8367239124089,1.2660709213214345,20.910647364175052,9.089352635824948,6744.4122686635355,0.37799918479206074,0.0,15.994574928976142,16.321075959678563,30.0,2041.0,25.0,42
70.05647839575057,7.58904245936229,6798.410056818833,37.94169063200665,0.7664665169094284,19.97287928270641,1.2675002552182917,21.016943518725174,8.983056481274826,6824.156735958279,0.37871618399395285,0.0,16.061504965888275,16.411082792053016,30.0,2041.0,25.0,777
70.06620940084383,7.602317459794283,6800.586573177568,37.93011399471021,0.7656517794622516,20.065858720377943,1.2692211516580056,21.01986282025315,8.980137179746851,6824.122855260704,0.3460919411858588,0.0,16.131913043578194,16.32491856277706,30.0,2041.0,25.0,2024
70.08950376672999,7.581596345234606,6805.9255214886625,37.971152739327955,0.7672849937277542,20.060459033513798,1.26650633617452,21.026851130018997,8.973148869981003,6833.658115385813,0.4074771874830156,0.0,16.021973896727292,16.480068145998874,30.0,2041.0,25.0,42
70.24586006585913,7.5976631235183225,6841.612497285435,38.040323447774405,0.7664746017780033,20.064382258480055,1.2684660011231177,21.07375801975774,8.92624198024226,6868.266277374202,0.3895833050957318,0.0,16.106252226996034,16.45147986026743,30.0,2041.0,25.0,777
70.4514004830912,7.604848192489352,6889.132856462145,38.15020956777472,0.7666349774925265,20.19856421766648,1.269213422540409,21.135420144927362,8.864579855072638,6917.301972918566,0.4088920484382538,0.0,16.143274736361604,16.512126277920423,30.0,2041.0,25.0,2024
70.60975153679398,7.632418267196585,6926.143448476412,38.19517726351428,0.7653296914257861,20.360100629911148,1.2727675253017219,21.18292546103819,8.817074538961808,6948.5294403466105,0.32321005241557127,0.0,16.292472611764122,16.39666105121727,30.0,2041.0,25.0,101
70.70171049670984,7.6262454370313515,6947.873573987126,38.2583127635621,0.7659592504322305,20.343479022719535,1.2718197062775638,21.21051314901295,8.78948685098705,6972.058215153418,0.3480869493198503,0.0,16.25748810749862,16.490378489001483,30.0,2041.0,25.0,777
70.72176663613853,7.62485890820308,6952.631122850411,38.27225109897712,0.7661117726030341,20.340681186612677,1.2716072631413384,21.216529990841558,8.783470009158442,6977.235816240597,0.35389038991757776,0.0,16.249634482346895,16.51122394369007,30.0,2041.0,25.0,999
70.79961855127581,7.627884689333777,6971.140052779546,38.311782434725814,0.7661436981294825,20.378620583596742,1.2719270157427647,21.239885565382743,8.760114434617257,6995.241790337944,0.3457359538887471,0.0,16.265339820047394,16.53073177037376,30.0,2041.0,25.0,2024
71.03903714233584,7.656800884031183,7028.636072565499,38.40066590918258,0.7650709377049028,20.614906834101742,1.2756094276199532,21.311711142700755,8.688288857299245,7044.433981882742,0.22476493524691946,0.0,16.42132452329203,16.449848339423525,30.0,2041.0,25.0,777
71.14388755884225,7.659403307873189,7054.140805951543,38.45651512917529,0.7652172282238001,20.656898375752995,1.2758635624870973,21.343166267652677,8.656833732347323,7068.328936976355,0.20113195093641104,0.0,16.434191330480463,16.488690677152206,30.0,2041.0,25.0,999
71.19269493416009,7.637887314404081,7066.132626889275,38.51503433106601,0.7666673373031816,20.630623585323864,1.2728978057406453,21.357808480248025,8.642191519751975,7083.37143532923,0.24396383920610795,0.0,16.31578032668924,16.668278525525352,30.0,2041.0,25.0,42
71.29878317256531,7.661448335609341,7092.164394290077,38.54621449940876,0.7656503438788611,20.69322236905559,1.2757534529210508,21.38963495176959,8.61036504823041,7104.339684503567,0.17167241954080792,0.0,16.433751191650405,16.57270893905186,30.0,2041.0,25.0,2024
71.3323237045336,7.6598213773033486,7100.457150556912,38.56901455813314,0.7658641714572451,20.68884771232581,1.2754557107735753,21.39969711136008,8.60030288863992,7112.63239338249,0.17147125272944932,0.0,16.4226604214596,16.605446479714765,30.0,2041.0,25.0,2024
71.5705111465491,7.685099603813213,7159.8182627344395,38.68912272052146,0.765310006480953,20.890626858584756,1.2781943258759418,21.47115334396473,8.52884665603527,7163.367989121529,0.04957844259211168,0.0,16.538264047922763,16.590435603358763,30.0,2041.0,25.0,999
71.6104564116692,7.676311976827759,7169.9037768063345,38.72690704713814,0.7659608320565359,20.836703497778963,1.27691950703059,21.483136923500762,8.516863076499238,7175.237739431327,0.07439378255322313,0.0,16.48875708218213,16.67676444014818,30.0,2041.0,25.0,101
71.63733529984898,7.6821825861869035,7176.676488692364,38.736931724892315,0.7657353382996156,20.877881501957418,1.2776187598772661,21.491200589954694,8.508799410045306,7180.211904066178,0.04926257132232257,0.0,16.51775514441511,16.65456247077929,30.0,2041.0,25.0,42
71.68711255761379,7.689737264225043,7189.261263211023,38.759106423103354,0.7655074981509399,20.93965872951599,1.2785177958812306,21.506133767284137,8.493866232715863,7190.427560639366,0.016222771514937853,0.0,16.553867000531962,16.636477184719325,30.0,2041.0,25.0,777
71.88512472841289,7.704624564959648,7239.802778277519,38.86749198132627,0.7654594643929322,21.07696337752672,1.2800233386651831,21.565537418523867,8.434462581476133,7235.7828319877435,0.05552563257436939,0.0,16.6172809112587,16.668278525525352,30.0,2041.0,25.0,42
71.91411936508834,7.672737391883624,7247.350527949122,38.92282373370489,0.7673471848338502,21.188004395114202,1.2759238261134866,21.5742358095265,8.425764190473501,7249.754957349603,0.03317666768301198,0.0,16.45531952401952,16.893222296671773,30.0,2041.0,25.0,999
72.22438004933196,7.701751687518625,7328.144110575633,39.078779573946484,0.7668735168000641,21.282359894635956,1.2789383351200532,21.667314014799587,8.332685985200413,7319.287805691629,0.1208533122489117,0.0,16.58343961065248,16.89986211120776,30.0,2041.0,25.0,2024
72.39882739969083,7.721804302513107,7374.35881332115,39.156413388889234,0.7664508826286125,21.300464709063515,1.2810711515351927,21.71964821990725,8.28035178009275,7364.7113689944745,0.13082417835768892,0.0,16.672210847550687,16.881631957986123,30.0,2041.0,25.0,101
72.42458987385938,7.722459584066575,7381.239412242007,39.169116614211354,0.7664953468190776,21.32209671553027,1.2811211969545098,21.727376962157813,8.272623037842187,7371.271894385285,0.13503853892329784,0.0,16.675010909617416,16.89131744748126,30.0,2041.0,25.0,2024
72.63004554617835,7.747162996675007,7436.524000874911,39.259931753941245,0.7659671095501355,21.49954046605714,1.283731811144097,21.789013663853506,8.210986336146494,7426.266066123847,0.13793991318869953,0.0,16.786450606958947,16.863826517716436,30.0,2041.0,25.0,101
72.73915224172181,7.729806953525226,7466.3026696739835,39.328763835144784,0.767109584619329,21.605204730837034,1.2816333578712327,21.821745672516546,8.178254327483454,7456.960919099553,0.12511883040013416,0.0,16.705583152717843,17.01992661429438,30.0,2041.0,25.0,42
72.973593473088,7.760986007261755,7530.918058214057,39.43489238175308,0.7664372796579494,21.66315586352863,1.2849183766997632,21.892078041926403,8.107921958073597,7532.714111274308,0.0238490585924295,0.0,16.843600373587268,16.98238699836851,30.0,2041.0,25.0,2024
73.04919813169722,7.748405400676122,7552.056751159623,39.482724928100275,0.7672417293972142,21.80203033961696,1.2835047988144872,21.91475943950917,8.085240560490831,7555.024647925946,0.03929918516392694,0.0,16.786450606958947,17.091174501432903,30.0,2041.0,25.0,101
73.15487352589861,7.779890323374444,7581.668996929587,39.513977485161824,0.7660203785223447,21.83600378129103,1.287162733376178,21.946462057769583,8.053537942230417,7589.659395418311,0.10539102263578254,0.0,16.93790035791043,16.96620374204862,30.0,2041.0,25.0,2024
73.19917740427155,7.777655078741637,7594.195339308018,39.53975522579825,0.7663515062021393,21.81634736537226,1.2866502509686848,21.959753221281467,8.040246778718533,7602.105499540749,0.10416061056248431,0.0,16.91741072866556,17.013868091009304,30.0,2041.0,25.0,101
73.29758116621683,7.771727568580436,7622.169078938991,39.59149169171953,0.7669093806076669,21.883308271487095,1.2859340257116019,21.98927434986505,8.010725650134951,7628.714879947268,0.08587845455125735,0.0,16.889165482472805,17.096631316964395,30.0,2041.0,25.0,777
73.55826118830852,7.792107491061308,7697.180112526248,39.707276302535824,0.7667811315591889,22.008644972458992,1.2879791531545508,22.067478356492554,7.932521643507446,7704.058629664952,0.08936411826338231,0.0,16.976467943990585,17.125202782538555,30.0,2041.0,25.0,999
73.63833474978604,7.796705803480189,7720.5237846818445,39.74429380033687,0.7668128442153526,22.061982654752395,1.2884653271026953,22.091500424935813,7.908499575064187,7727.029371161668,0.08426353782797574,0.0,16.997934990091327,17.140248270548575,30.0,2041.0,25.0,101
73.7627599280791,7.790819090260435,7757.116492584708,39.807694810714715,0.7675109165734193,22.263587038935317,1.2875833009117126,22.12882797842373,7.871172021576271,7760.386529228395,0.04215531179418834,0.0,16.958564385792762,17.248873739761475,30.0,2041.0,25.0,2024
73.96888309163364,7.816273865882305,7818.405935812566,39.89662710366277,0.7670733589586427,22.276512725103462,1.2903695806494253,22.190664927490094,7.809335072509906,7821.614190667857,0.0410346416089142,0.0,17.079090539432055,17.211102962510957,30.0,2041.0,25.0,777
74.06463786037668,7.828990577671547,7847.206742377431,39.9354372894299,0.7667546805992888,22.396867154965722,1.2920328902346472,22.219391358113004,7.780608641886996,7850.557895929746,0.04270504986466628,0.0,17.150283823666282,17.175736969873398,30.0,2041.0,25.0,999
74.1570463820588,7.831236578233625,7875.232128441694,39.98036086919583,0.7670194133195647,22.424586474760734,1.2920363097874317,22.24711391461764,7.752886085382361,7876.2593291911435,0.013043434564166997,0.0,17.150283823666282,17.222138392536753,30.0,2041.0,25.0,999
74.25719699072704,7.835997247387445,7905.825979225008,40.027241023626246,0.7671881232050879,22.476104089385473,1.2924160330032186,22.27715909721811,7.72284090278189,7904.639133802477,0.015012288730490743,0.0,17.166226151450626,17.253740920174913,30.0,2041.0,25.0,2024
74.33375212896453,7.834953076330315,7929.386467499717,40.066227065968086,0.7675585988029434,22.5357709778726,1.2919892771391248,22.300125638689362,7.699874361310638,7925.3015473634005,0.05151621948380409,0.0,17.146320629469027,17.31551365637891,30.0,2041.0,25.0,101
74.55960173494485,7.8430414947091425,7999.687105107614,40.17182318196727,0.7681023927229004,22.738757408863222,1.2924755529170637,22.367880520483453,7.632119479516547,7988.0624358832865,0.14531404880705284,0.0,17.164531143813157,17.406369128775307,30.0,2041.0,25.0,999
74.73476505201371,7.851245945319179,8055.070115036934,40.251067480194024,0.7684128913349567,22.869146139542014,1.293159241176758,22.420429515604116,7.579570484395884,8036.492768691207,0.23062923202924823,0.0,17.192298132343396,17.45960860528731,30.0,2041.0,25.0,777
74.96475053983878,7.8749435819501175,8128.924664509943,40.353524077882625,0.7680890205873225,22.89243879184965,1.2960510275243864,22.489425161951633,7.510574838048367,8105.579019170229,0.2871922954537713,0.0,17.315993729889822,17.43127551147784,30.0,2041.0,25.0,2024
74.97700506222922,7.876940528100519,8132.895806287521,40.35873665066764,0.7680382261727906,22.902017607055974,1.2963179980166286,22.49310151866877,7.5068984813312305,8109.5866610473,0.2866032689389703,0.0,17.32753947175798,17.424189293856486,30.0,2041.0,25.0,999
75.09914556761062,7.8805367182209185,8172.738770005317,40.41541546481226,0.7683651526672433,23.00077726046097,1.2964708526055835,22.529743670283185,7.470256329716815,8142.536606390035,0.3695476444949744,0.0,17.33252875374747,17.477594826215945,30.0,2041.0,25.0,101
75.20422523047955,7.890676731844378,8207.309094450744,40.46478375867541,0.7682683199751944,23.044024346016293,1.2976764747650769,22.561267569143865,7.438732430856135,8174.653978841884,0.3978784670232437,0.0,17.38392704079933,17.471877437394948,30.0,2041.0,25.0,999
75.24226339466829,7.892954794907576,8219.899882630352,40.483243758543935,0.7683133030620981,23.067705916799376,1.297898660439995,22.572679018400486,7.4273209815995145,8185.889110337437,0.41376139342991314,0.0,17.39300385729774,17.480936422574676,30.0,2041.0,25.0,101
75.35922192411067,7.8987692218943195,8258.86074987245,40.54037127102936,0.7685299764432711,23.144744273579267,1.298394074914266,22.607766577233203,7.392233422766797,8222.512933891621,0.44010689950657583,0.0,17.412822281464713,17.518079838926226,30.0,2041.0,25.0,42
75.51832111688935,7.902862151169811,8312.46868688886,40.620686030880364,0.7690605979966993,23.33081619422582,1.298415515395821,22.655496335066807,7.3445036649331925,8273.544517969169,0.46826244267345096,0.0,17.413475220264022,17.599904159004236,30.0,2041.0,25.0,777
75.66110823040862,7.912600633583264,8361.158174068125,40.691585723553295,0.7691687927690162,23.424942759174336,1.2993898791549585,22.698332469122583,7.301667530877417,8321.507685235389,0.47422244630787,0.0,17.455258119493102,17.626151150515064,30.0,2041.0,25.0,42
75.70453368237398,7.914780295907632,8376.081882440052,40.71342223852358,0.769247044793468,23.463422173058095,1.2995607160620772,22.711360104712192,7.288639895287808,8335.88688482708,0.4798782793329544,0.0,17.46262505266247,17.640336538033633,30.0,2041.0,25.0,101
76.02726869778479,7.942405994932957,8488.651459857318,40.87764549593075,0.7692019459404258,23.660544183672435,1.3026732668002188,22.808180609335437,7.191819390664563,8443.72732217764,0.5292258480881628,0.0,17.595795270925706,17.653485103224998,30.0,2041.0,25.0,2024
76.18255097143769,7.954131510657048,8543.90550922234,40.95845799696214,0.7692882741524888,23.79388452140801,1.3039195149053884,22.854765291431306,7.145234708568694,8493.31686497878,0.5921021035281191,0.0,17.649173663516738,17.672232771407582,30.0,2041.0,25.0,999
76.30348210285634,7.956238909523833,8587.460493142316,41.01932084652369,0.7697231613258833,23.833699512684795,1.3037039993489208,22.8910446308569,7.1089553691431,8532.93813519002,0.6349066525061403,0.0,17.64273134365831,17.74274488002072,30.0,2041.0,25.0,42
76.32223375743392,7.954414548329291,8594.260929378333,41.0285042749929,0.7699106773435247,23.884104753014437,1.303322167428303,22.896670127230177,7.103329872769823,8538.948622614826,0.6435958509757382,0.0,17.627028986598926,17.770800471380138,30.0,2041.0,25.0,777
76.46901615278094,7.961592114290798,8647.797567888747,41.10300688774737,0.7701758206869052,24.0068719429488,1.3038533530238523,22.94070484583428,7.059295154165721,8589.007080744977,0.6798319072832144,0.0,17.652744082498792,17.816436004464965,30.0,2041.0,25.0,2024
76.52338538945425,7.975277048040142,8667.761863307882,41.13621071758207,0.7696884902326454,24.050286227166854,1.3059056566293838,22.957015616836273,7.042984383163727,8610.253510374045,0.6634740760158612,0.0,17.74087647976357,17.744601673277337,30.0,2041.0,25.0,101
76.66288638960563,7.982582310543587,8719.50300265914,41.208999101614666,0.7698989806275027,24.150468318699062,1.3065735568189343,22.99886591688169,7.001134083118309,8661.93381048958,0.6602347880607782,0.0,17.772369043822017,17.78150692801927,30.0,2041.0,25.0,999
76.66549554151436,7.9753452207222715,8720.500860370303,41.205851995764725,0.7702724258934971,24.11209894128286,1.3053775151380906,22.99964866245431,7.000351337545691,8661.244299349722,0.6795086884271456,0.0,17.721603005504583,17.839614276278017,30.0,2041.0,25.0,42
76.69380117009175,7.971920507464296,8731.093585819968,41.218174489315004,0.7705739567016164,24.195039469798274,1.3047061644990492,23.008140351027524,6.991859648972476,8670.605614661321,0.6927880289461659,0.0,17.69382660994419,17.885269151631377,30.0,2041.0,25.0,777
76.79020396709673,7.979166336093296,8767.301440352643,41.26899658650941,0.7705965559865663,24.242289167393047,1.3055317301407143,23.037061190129016,6.962938809870984,8705.736570292009,0.7022100298419539,0.0,17.73092673755727,17.893504798287776,30.0,2041.0,25.0,101
77.00826716385373,8.001281902425989,8850.30443750195,41.39122566927269,0.770404299319428,24.405926714639005,1.3083135262539682,23.10248014915612,6.8975198508438815,8779.641273769741,0.7984263618411175,0.0,17.854107671348494,17.87052833832928,30.0,2041.0,25.0,2024
77.08758380071417,8.003968589755491,8880.905079183285,41.433101109811126,0.770608345651876,24.450597993969595,1.308444502255798,23.12627514021425,6.873724859785749,8803.931159466867,0.8667350797031247,0.0,17.861432087261925,17.904700358752017,30.0,2041.0,25.0,42
77.20938421640992,8.01059162169962,8928.3022927442,41.50114130204159,0.7708124468864165,24.54007125844955,1.309038014149175,23.162815264922976,6.837184735077024,8846.001963091509,0.9217914778666785,0.0,17.889537480400588,17.940317403065546,30.0,2041.0,25.0,101
77.24591920726613,7.996946666477328,8942.671442428693,41.51840371455892,0.7716721780882236,24.68655387263802,1.3067816745580427,23.173775762179837,6.826224237820163,8860.225825905818,0.9219349838987697,0.0,17.79470929422088,18.072454929589636,30.0,2041.0,25.0,2024
77.39843166173935,8.011746466841057,9002.910786688099,41.606003911848674,0.7716027485665228,24.723302748317675,1.308554872961282,23.219529498521805,6.780470501478195,8922.500179270388,0.8931623263068162,0.0,17.87339978466854,18.068372773591022,30.0,2041.0,25.0,101
77.70465829166817,8.03164454904336,9126.386420386503,41.785977055691255,0.7719285870603575,24.920662728157204,1.3106736622355577,23.31139748750045,6.68860251249955,9048.00993577872,0.8587898977486389,0.0,17.972011770948132,18.13243267016077,30.0,2041.0,25.0,101
77.86854161790532,8.057358222124394,9193.817314387576,41.89134079617722,0.771687860183486,25.084893336956203,1.313249306404959,23.360562485371595,6.639437514628405,9121.197787135865,0.7898735070368108,0.0,18.086537409532426,18.096977434537237,30.0,2041.0,25.0,999
77.99345483907467,8.054009020569172,9245.969257021949,41.96705777114251,0.7724008903549938,25.145951018457257,1.3123393886753623,23.3980364517224,6.601963548277599,9170.244451712293,0.8190034295446689,0.0,18.050199532768467,18.21516869834443,30.0,2041.0,25.0,777
78.14388383712921,8.071583390106891,9309.488182115163,42.06239513100831,0.7725196812540875,25.231253066005095,1.3137885444166988,23.443165151138764,6.556834848861236,9235.526227635342,0.7944792778394837,0.0,18.114292517302495,18.231148575011204,30.0,2041.0,25.0,2024
78.15816930917177,8.076036608901076,9315.55576286078,42.07047001409177,0.7724251776711479,25.26472997984307,1.3142790479796436,23.44745079275153,6.552549207248472,9242.424847210312,0.7850408232434887,0.0,18.135217129885568,18.214965318691327,30.0,2041.0,25.0,2024
78.25605307393111,8.081739019879983,9357.434310069655,42.13188318834293,0.7726977775219653,25.311401263801205,1.3145415340814757,23.476815922179334,6.523184077820666,9281.720920590691,0.8091255249047046,0.0,18.147215375678456,18.25815475111113,30.0,2041.0,25.0,101
78.33367672674942,8.07235475987748,9390.96404155563,42.18339283745492,0.7734097541638547,25.488767475891038,1.313027291673711,23.500103018024824,6.499896981975176,9312.791327396171,0.8324248055209131,0.0,18.08317412497432,18.378419346010936,30.0,2041.0,25.0,777
78.3587287259669,8.075098094782376,9401.815771474172,42.1989702316215,0.7734282335961645,25.497885591845872,1.3132554105640932,23.50761861779007,6.492381382209931,9324.352104545453,0.823922408304893,0.0,18.093126407476554,18.3811407506607,30.0,2041.0,25.0,42
78.54383091198932,8.110299873938828,9482.726629505696,42.311987133789515,0.7730269019494447,25.53305661861942,1.3168047012212758,23.563149273596796,6.436850726403204,9413.958545706031,0.7251931484104126,0.0,18.24569404826346,18.308666163063165,30.0,2041.0,25.0,2024
78.66801889816325,8.12579185446082,9537.82769080515,42.39365487595947,0.7730958532579862,25.648643998603056,1.3180683274488787,23.600405669448975,6.399594330551025,9474.421205172777,0.6647895903330211,0.0,18.30134766866882,18.318429146629658,30.0,2041.0,25.0,42
78.74729609021794,8.132537224649374,9573.35055091784,42.44897113497042,0.7733358183139745,25.685628626406647,1.3182531260895685,23.62418882706538,6.375811172934618,9512.926871759748,0.6311654298744807,0.0,18.309606629077255,18.358368143656048,30.0,2041.0,25.0,777
78.93489137534452,8.152811340253775,9658.457611005124,42.56579479189016,0.7737802918977131,25.79485483993223,1.319091586885069,23.680467412603356,6.319532587396644,9604.760359159678,0.5559609412610733,0.0,18.347027791065237,18.43163356452265,30.0,2041.0,25.0,42
78.95170256560414,8.144340512422724,9666.197044412389,42.5738966507531,0.7741656796476124,25.80895829950613,1.3180637918425862,23.68551076968124,6.31448923031876,9614.200053577073,0.5379260385072863,0.0,18.30294095020908,18.4986253192998,30.0,2041.0,25.0,2024
79.04892022910673,8.166245638323291,9710.929905513427,42.63064024298388,0.7740269509137783,25.867211243899582,1.3196704032476805,23.714676068732018,6.285323931267982,9661.104701102897,0.5130837612394021,0.0,18.373193068632094,18.47263413083261,30.0,2041.0,25.0,777
79.12552941447377,8.176029022641579,9746.501907269638,42.67378877767368,0.7741625911767565,25.92245516887866,1.3201445342474465,23.73765882434213,6.26234117565787,9698.487258922887,0.4926346786115936,0.0,18.394417788390115,18.495056009740182,30.0,2041.0,25.0,101
79.18708233719865,8.17596250128637,9775.302659648376,42.70855149345543,0.774554750345605,25.970706766213894,1.319620695845892,23.756124701159592,6.243875298840408,9730.64385354046,0.456853436285551,0.0,18.373193068632094,18.563326182809327,30.0,2041.0,25.0,777
79.24142671729811,8.177931211043694,9800.864745978348,42.741345019434334,0.7748647670709494,26.077692403112376,1.319297340453394,23.772428015189433,6.227571984810567,9759.3362795767,0.4237224722307061,0.0,18.36127529584846,18.617594222932038,30.0,2041.0,25.0,2024
79.43255902926393,8.224888721770048,9891.686395530125,42.85205838236533,0.7745213511495811,26.207464767689743,1.3230740001143106,23.82976770877918,6.17023229122082,9857.918723208832,0.34137427098934825,0.0,18.52268320451137,18.542680745755398,30.0,2041.0,25.0,101
79.5831168854334,8.24425012569313,9964.493391915705,42.93573790676346,0.7749298533364324,26.31907194446023,1.3239399765031281,23.87493506563002,6.125064934369981,9938.453046633316,0.26133135181277994,0.0,18.562519354238525,18.598860773175677,30.0,2041.0,25.0,777
79.6226057969463,8.2356879657126,9983.820847571955,42.95260800480224,0.7755283559303352,26.317364305537364,1.32243418902961,23.88678173908389,6.11321826091611,9958.036890866973,0.25825740564297084,0.0,18.503502547337426,18.70392601458306,30.0,2041.0,25.0,999
79.65030333450953,8.246348257039084,9997.35667829039,42.969898442499186,0.7753485044295179,26.32585719824122,1.3234850796147493,23.89509100035286,6.10490899964714,9972.863669145252,0.24499485147235178,0.0,18.546572958971293,18.667832940900546,30.0,2041.0,25.0,42
79.84362851226726,8.270546274315793,10093.069067490364,43.074586862922295,0.7759078767065795,26.463161725091936,1.3244555778355847,23.95308855368018,6.046911446319822,10073.262366361056,0.19624061815949473,0.0,18.59211340234791,18.748582061430373,30.0,2041.0,25.0,101
79.87107571499394,8.2712153425749,10106.817744088747,43.08870610330218,0.776082244217976,26.50459374513886,1.3242499493017799,23.96132271449818,6.038677285501819,10087.003775878387,0.19604556757687636,0.0,18.584792225238743,18.777541514761648,30.0,2041.0,25.0,999
79.89526931135887,8.278300015847622,10118.941961542085,43.10317990947715,0.7760115020394358,26.508197555370366,1.3248774990997452,23.96858079340766,6.031419206592339,10100.199912973345,0.18521747273549571,0.0,18.61080072451598,18.76170143961466,30.0,2041.0,25.0,777
79.90305232136089,8.272544585746909,10122.880433896336,43.106162472510285,0.7762603550092821,26.562713115256486,1.3240876292579526,23.970915696408266,6.029084303591734,10102.690369968972,0.19944979158064824,0.0,18.579334721409968,18.806768924795563,30.0,2041.0,25.0,42
80.09261994088618,8.302523355383514,10219.07596822175,43.20913710874369,0.7766365750864138,26.68611051070335,1.3256309683868284,24.027785982265854,5.972214017734146,10200.432778773227,0.18243517815600768,0.0,18.64771783519364,18.85361070319233,30.0,2041.0,25.0,101
80.11095761278297,8.292333102233936,10228.531333669784,43.220264222069034,0.7771881092194709,26.844432967401264,1.3240375077282969,24.03328728383489,5.966712716165109,10206.61071272255,0.21430858675748313,0.0,18.584792225238743,18.94541731522064,30.0,2041.0,25.0,999
80.30995093743805,8.330914547084532,10331.662659401743,43.32330129508132,0.7773525451138993,26.904302482371463,1.3264571277532606,24.092985281231414,5.907014718768586,10312.447097359465,0.1859871220707361,0.0,18.688909715004385,18.953970697579592,30.0,2041.0,25.0,2024
80.44766562481594,8.365734558882323,10404.230629448108,43.398206560192456,0.7771322395764108,26.969422387475955,1.3292197404745765,24.134299687444784,5.865700312555216,10388.413327662403,0.15202759674449237,0.0,18.804259373213487,18.90491226721587,30.0,2041.0,25.0,101
80.45630887011109,8.37398145366479,10408.79427584607,43.40530588504933,0.7768671048846703,27.02569736954065,1.330201040205891,24.136892661033325,5.863107338966675,10391.81931708535,0.16308285389126362,0.0,18.843589794070258,18.861401446998933,30.0,2041.0,25.0,42
80.5731016476369,8.38462767982677,10471.27651836049,43.464117432248635,0.7774012276910213,27.063373806957088,1.330060060314188,24.17193049429107,5.828069505708928,10459.481101358999,0.11264545426537705,0.0,18.842278060635497,18.943532176747496,30.0,2041.0,25.0,777
80.72026160755287,8.41383498396123,10551.01624815938,43.53860774585686,0.777418134958416,27.226061429450983,1.3319999376452074,24.21607848226586,5.783921517734139,10539.191840724598,0.11206889608235558,0.0,18.924760589607708,18.94028237618035,30.0,2041.0,25.0,999
80.73551958577929,8.412712907017266,10559.370970740752,43.545284914512074,0.7775867871081055,27.211164568517,1.3316534582981654,24.220655875733787,5.779344124266213,10548.411881306465,0.10378543821080011,0.0,18.911530069825584,18.967124061761464,30.0,2041.0,25.0,2024
80.77549213656665,8.404881094483114,10581.341953630345,43.560870440556016,0.7782735172270958,27.203796794879594,1.3301106927222277,24.232647640969994,5.767352359030006,10573.21805859832,0.07677565915197285,0.0,18.85158172032063,19.06844787006526,30.0,2041.0,25.0,101
80.80706595720282,8.41355715618367,10598.69870225945,43.57728553344023,0.7781713963136162,27.206726328794904,1.3308380728949059,24.24211978716085,5.757880212839151,10590.073931400093,0.08137575283197537,0.0,18.88167208630721,19.052642510754445,30.0,2041.0,25.0,42
80.93890307371323,8.439458734577626,10671.837001519007,43.64250852065011,0.7781818902527435,27.345696721104723,1.332529056008599,24.281670922113967,5.7183290778860325,10662.087805649637,0.09135443005718942,0.0,18.953733747590178,19.052642510754445,30.0,2041.0,25.0,42
81.04337207341872,8.44575934132603,10730.57549956055,43.69055538029137,0.7788227588948904,27.395273009746454,1.3319910447905705,24.313011622025616,5.686988377974384,10722.079689340593,0.07917385437811898,0.0,18.936321838199845,19.145421174830275,30.0,2041.0,25.0,2024
81.22353119048286,8.479151015033944,10833.309259404485,43.776933122979706,0.779016234330572,27.54819055532332,1.3340508155889392,24.367059357144857,5.632940642855143,10826.541801421157,0.06246898174214419,0.0,19.024820876455237,19.157107304776826,30.0,2041.0,25.0,999
81.2461952936701,8.487064551407876,10846.356858314195,43.78813097971872,0.7789302497919481,27.592958684295063,1.3348045600911185,24.37385858810103,5.6261414118989705,10838.27970228644,0.07446883901449224,0.0,19.055516852999844,19.134060810008144,30.0,2041.0,25.0,42
81.30057511056272,8.487476607278769,10877.872687169684,43.81296640329217,0.7793333440463529,27.588427287603327,1.334138839190469,24.390172533168816,5.6098274668311845,10873.546632853842,0.0397693045345509,0.0,19.03132423788799,19.201343277074542,30.0,2041.0,25.0,101
81.31970298010462,8.486817110579027,10889.00536949067,43.82149177420018,0.7794984435467439,27.602153055585127,1.3337975247287546,24.39591089403139,5.604089105968612,10886.2592399137,0.025219287563803965,0.0,19.018577339018027,19.23031806298825,30.0,2041.0,25.0,777
81.33874945974932,8.494242060367837,10900.078134338632,43.8312911411671,0.779407547239833,27.624275650383375,1.334534128436102,24.4016248379248,5.5983751620752,10895.827356120579,0.03899768575659591,0.0,19.0484535613257,19.20583888131295,30.0,2041.0,25.0,777
81.35459362816565,8.506488394934443,10909.27996081085,43.8399251766159,0.7791343049671521,27.698203509626246,1.3359553704148075,24.406378088449696,5.593621911550304,10901.465714268807,0.07162935198395436,0.0,19.105278201576763,19.145421174830275,30.0,2041.0,25.0,2024
81.59491074049954,8.541056793450938,11051.459211387139,43.967144753171105,0.7799497362549945,27.873785942435212,1.3373770966881329,24.478473222149862,5.521526777850138,11046.170003344561,0.04785981598816712,0.0,19.17086286320031,19.22664457389496,30.0,2041.0,25.0,999
81.6236005903736,8.525883091115777,11068.767182832247,43.98017329189609,0.7806212716604692,27.895278611629987,1.3349757070878259,24.48708017711208,5.51291982288792,11070.851514369779,0.018830746939588847,0.0,19.07702376971842,19.363720886209197,30.0,2041.0,25.0,101
81.62862269461638,8.547112152094478,11071.696347306653,43.985379813452155,0.7800196462214009,27.90705394339072,1.3377347581948449,24.488586808384916,5.511413191615084,11066.75569380384,0.044624178155099836,0.0,19.186326222605096,19.23031806298825,30.0,2041.0,25.0,777
81.68252649268021,8.558726734978183,11104.200669128639,44.014653106344525,0.7800664897110721,27.975382365126478,1.3385625010488011,24.504757947804062,5.4952420521959375,11099.05928174845,0.04630128303140539,0.0,19.221173275488532,19.223590277638365,30.0,2041.0,25.0,2024
81.74740111908847,8.544282105662584,11143.702245938792,44.04739847222348,0.7809839773755836,27.98612235093725,1.3357769368531636,24.52422033572654,5.47577966427346,11147.95048507617,0.03812233173159351,0.0,19.11349850594619,19.402790286200688,30.0,2041.0,25.0,42
81.95718102030376,8.582256606064833,11272.995792434558,44.1623688132097,0.7813942066055546,28.064961336455106,1.3380796044287335,24.58715430609113,5.412845693908871,11276.185491037553,0.028295039417434782,0.0,19.211095651072597,19.424173358862063,30.0,2041.0,25.0,999
81.99271676959407,8.587451840743771,11295.201441048486,44.18164300591166,0.7814998706551867,28.09169121678578,1.3383133134016616,24.59781503087822,5.40218496912178,11298.262248181825,0.02709829611551326,0.0,19.221173275488532,19.435793485722957,30.0,2041.0,25.0,2024
81.997608166384,8.599383775489201,11298.213758402047,44.185723384228154,0.7811803789015752,28.165216511388977,1.3398057508461811,24.599282449915197,5.400717550084803,11297.475946820128,0.006530338314501703,0.0,19.28151252097615,19.363720886209197,30.0,2041.0,25.0,101
82.15421933529765,8.625191194861616,11397.170455706751,44.27604435933147,0.7815608229172859,28.300600720245345,1.3412103240675635,24.646265800589294,5.353734199410706,11393.912767932334,0.02858330308455236,0.0,19.341129877850562,19.39606855850645,30.0,2041.0,25.0,999
82.26371944634211,8.631951669898937,11467.449611784943,44.34231131774622,0.7821864233312996,28.314796047236143,1.3407010596344415,24.67911583390263,5.320884166097368,11467.346891349396,0.0008957565895149585,0.0,19.32195037366034,19.49693792349721,30.0,2041.0,25.0,777
82.407000474803,8.664349087779879,11560.620841790873,44.42540260118155,0.7823421668845656,28.478657302103564,1.3428170259903955,24.722100142440897,5.2778998575591025,11552.844387942358,0.06726674938082859,0.0,19.409706660045956,19.48441225027334,30.0,2041.0,25.0,101
82.43385192063073,8.667621058898414,11578.263697321023,44.442058766129364,0.7824584581993438,28.49006206224972,1.3428680132963204,24.73015557618922,5.269844423810781,11570.591687059698,0.06626218284439737,0.0,19.411781187970032,19.500868625883612,30.0,2041.0,25.0,2024
82.55454806708948,8.682354042720787,11658.238087954951,44.51727597100785,0.7829798624242628,28.546841042504397,1.3431007775780497,24.766364420126845,5.233635579873155,11650.288879957669,0.06818532901206903,0.0,19.42125507982,19.574582323560293,30.0,2041.0,25.0,999
82.7410701119934,8.72000663147789,11783.957559341934,44.62988825392807,0.7834224334086889,28.713532596276572,1.3449641491142845,24.82232103359802,5.177678966401981,11768.773001351758,0.1288578808410478,0.0,19.498426608212274,19.609032187279084,30.0,2041.0,25.0,42
82.94751606699997,8.740200773559105,11926.416283690745,44.76220803482997,0.7845372119358793,28.869850613654933,1.3447810750911129,24.88425482009999,5.11574517990001,11915.536890370295,0.09122097587125211,0.0,19.488414646820676,19.779042234856995,30.0,2041.0,25.0,777
83.10521635116484,8.786294975685625,12037.432220633513,44.84889543317246,0.7845509129394772,29.001693558279857,1.3477499800202821,24.931564905349454,5.068435094650546,12010.166803838505,0.22650525706198124,0.0,19.613883331090875,19.72994935186636,30.0,2041.0,25.0,2024
83.16104156938891,8.776238931549843,12077.359752827075,44.891342613006586,0.7852093445827845,29.037390516703883,1.34628409231172,24.948312470816674,5.051687529183326,12059.118137289426,0.1510397629198601,0.0,19.551876079458104,19.854983543508226,30.0,2041.0,25.0,101
83.28250985799207,8.818533996612944,12164.83865867367,44.95462559719466,0.7850499457660902,29.15212019050651,1.3491870537279524,24.98475295739762,5.015247042602379,12126.083245400947,0.3185855099285728,0.0,19.677432029592836,19.779042234856995,30.0,2041.0,25.0,777
83.31341659540028,8.799601153908073,12187.448456772294,44.986454457421814,0.7857471283278735,29.174764164206454,1.3471448048230081,24.994024978620082,5.005975021379918,12165.864787926814,0.17709751899288295,0.0,19.588837105285272,19.921440772330353,30.0,2041.0,25.0,42
83.53661936316001,8.855926958829397,12352.275045228238,45.12062853604018,0.7859772999185053,29.303123615159656,1.350436823307057,25.060985808948004,4.939014191051996,12306.504529169299,0.3705432067481434,0.0,19.732933400624486,19.897652431252748,30.0,2041.0,25.0,999
83.62407576599333,8.873470640230304,12418.106075294092,45.17747446981282,0.7861864696051132,29.38362768695849,1.351292795909971,25.087222729797997,4.912777270202003,12367.347473666387,0.40874672288949193,0.0,19.770744997271073,19.913903556433517,30.0,2041.0,25.0,42
83.65976367742859,8.864784816250154,12445.252943882722,45.21323648946445,0.7866696153248229,29.38144278626506,1.3501759569034002,25.097929103228577,4.9020708967714235,12407.473521291593,0.30356492360164716,0.0,19.721764795183553,20.00712815896494,30.0,2041.0,25.0,2024
83.72106629425676,8.876627960015016,12492.024534158862,45.252993562599535,0.7868164500852647,29.416007307449362,1.350734243996061,25.11631988827703,4.8836801117229705,12450.528260529138,0.3321821336185679,0.0,19.746436490548547,20.020955586198145,30.0,2041.0,25.0,101
83.78940582026468,8.915476129959318,12544.449345766434,45.278155731006265,0.786372650221538,29.598652286766246,1.3537237573273604,25.136821746079402,4.863178253920598,12474.358824175502,0.5587373320183723,0.0,19.87793456948994,19.89707205194144,30.0,2041.0,25.0,777
83.85552508719007,8.927894610955569,12595.723788336094,45.32086003572916,0.7865373036672131,29.655221185705557,1.3542932043694675,25.156657526157023,4.843342473842977,12520.787653689822,0.5949331368766947,0.0,19.903107901839086,19.913903556433517,30.0,2041.0,25.0,42
83.87248734256985,8.911206344128143,12609.048851994423,45.34850618481627,0.7870301465499524,29.540204806685995,1.3526089792690967,25.161746202770956,4.838253797229044,12551.115861571421,0.4594556742782243,0.0,19.829154676427915,20.025570230350866,30.0,2041.0,25.0,999
83.91567667299452,8.921263851717983,12642.830038468523,45.37601725963501,0.7870931609822966,29.587127894060565,1.3531594283410613,25.174703001898358,4.825296998101642,12579.985387350707,0.4970774021844559,0.0,19.85343953974938,20.02615824174497,30.0,2041.0,25.0,101
83.96785204231122,8.937084239802374,12683.86324586901,45.40364542983496,0.7870859551599918,29.671140448626723,1.3541618439886678,25.190355612693367,4.8096443873066335,12610.997063173529,0.5744794096484204,0.0,19.897602051679844,20.00712815896494,30.0,2041.0,25.0,2024
84.05881838644876,8.931598822138513,12756.220039789687,45.48431282217928,0.7878675711263269,29.7053270995363,1.3528397657806535,25.217645515934628,4.7823544840653724,12702.093072945083,0.4243182280939729,0.0,19.83983364925507,20.157734122963596,30.0,2041.0,25.0,999
84.14895573069569,8.976754062482744,12828.468084816934,45.5121909789483,0.7873463071520437,29.863608415379723,1.356232470415102,25.244686719208705,4.755313280791295,12733.817216441406,0.7378189488388788,0.0,19.98899999950831,20.02400619008631,30.0,2041.0,25.0,777
84.25828364978591,8.98725663340631,12917.444620235681,45.58715380404268,0.7878729528758751,29.88853552096166,1.3562263851575187,25.277485094935773,4.7225149050642266,12822.786614575096,0.7327920377711539,0.0,19.988999992836032,20.10904372369573,30.0,2041.0,25.0,101
84.46998514898053,9.007203288519918,13093.301173413665,45.72606422315574,0.7889398768089897,29.983766914009145,1.3562107109746275,25.34099554469416,4.6590044553058405,13000.674379011758,0.707436521738221,0.0,19.988999956209703,20.27964128728438,30.0,2041.0,25.0,999
84.46998521398345,9.007203304802157,13093.301228091133,45.726064259466206,0.7889398768449414,29.983766926083696,1.3562107118573248,25.340995564195033,4.659004435804967,13000.674423968532,0.707436593025709,0.0,19.98899999514022,20.27964128728438,30.0,2041.0,25.0,999
84.47071439898653,9.007265446647,13093.915269332816,45.726538249209874,0.7889434100270161,29.984842874568436,1.3562106600590984,25.34121431969596,4.658785680304039,13001.258270927949,0.7076340154871693,0.0,19.98899999976887,20.28020623056348,30.0,2041.0,25.0,777
84.47492617655159,9.00761897292437,13097.46313380623,45.729279007673426,0.7889639581034309,29.99109974696438,1.3562099143959303,25.342477852965477,4.657522147034523,13004.63414250276,0.7087555074987466,0.0,19.9889804377725,20.28349468763103,30.0,2041.0,25.0,42
84.47629035339212,9.007737902151463,13098.612660665334,45.73016428042472,0.788970498647074,29.993091797734323,1.3562100382546929,25.342887106017635,4.657112893982365,13005.724653432182,0.7091438585102339,0.0,19.988990132253175,20.284539067110302,30.0,2041.0,25.0,2024
84.4766109447774,9.007767943689148,13098.882825688768,45.73037116836544,0.7889719813794758,29.993543614638394,1.356210240182234,25.342983283433224,4.657016716566776,13005.979550449389,0.7092457919936735,0.0,19.988999992836032,20.284774695010174,30.0,2041.0,25.0,101
