clock_hour,q_feed_available_m3_h,c_feed_mg_l,temp_c
0,29.6254,2064.2,22.72
1,29.73,2001.3,22.42
2,30.6977,2047.68,23.0
3,30.49,2067.03,23.0
4,32.0241,2118.61,24.05
5,32.0619,1999.28,23.88
6,32.1608,2125.48,25.25
7,30.3899,1993.15,26.21
8,29.8971,2053.8,26.27
9,31.8626,2104.72,25.81
10,31.1858,2148.1,26.41
11,31.9044,2050.53,27.12
12,29.3845,2059.68,27.55
13,28.4893,2065.91,26.74
14,28.744,2160.89,26.59
15,28.4922,2087.87,26.04
16,27.7144,2163.41,25.85
17,28.1995,2139.4,25.32
18,29.2318,2051.98,25.11
19,28.7631,2131.33,25.08
20,27.5943,2000.25,23.44
21,29.4877,2142.17,24.2
22,29.6149,2129.91,22.97
23,29.2427,2169.28,23.04
24,30.0758,2141.4,23.14
25,29.154,2186.54,23.08
26,32.7335,2091.48,23.02
27,31.4262,2263.56,23.79
28,31.0479,2040.27,24.19
29,31.4657,2216.36,23.63
30,32.2686,2069.35,25.22
31,31.4957,2227.31,24.76
32,30.9422,2209.49,25.57
33,31.316,2133.47,26.69
34,31.4229,2154.43,26.74
35,29.162,2183.25,27.32
36,29.7747,2143.14,27.05
37,31.0073,2187.44,27.67
38,28.7106,2182.58,27.47
39,29.4101,2202.97,25.95
40,30.1445,2240.48,25.34
41,30.1961,2135.49,25.46
42,29.6637,2145.79,25.01
43,28.4404,2216.79,23.97
44,28.9753,2035.27,24.49
45,28.3572,2268.69,24.14
46,28.1268,2153.66,24.18
47,28.6193,2191.56,22.69
48,29.6452,2173.67,23.51
49,30.3504,1974.46,23.95
50,31.3561,2154.57,22.72
51,30.939,2229.04,24.32
52,31.082,2141.74,23.9
53,30.969,2021.71,25.47
54,29.8785,2063.35,24.8
55,31.7132,2099.98,25.69
56,31.0344,2167.85,27.07
57,31.0327,2151.24,26.38
58,30.9818,2203.45,27.1
59,29.9032,2183.84,26.27
60,29.7853,2160.13,27.93
61,30.565,2137.65,26.07
62,29.3761,2152.74,26.33
63,29.8792,2079.18,26.16
64,29.7577,2186.27,24.99
65,27.8727,2166.36,25.5
66,29.0966,2127.82,26.23
67,28.3018,2214.45,24.47
68,27.8601,2162.25,23.95
69,28.0781,2236.0,23.37
70,29.6105,2108.03,22.8
71,29.9388,2119.89,22.47
72,28.8564,2108.98,23.45
73,31.2022,2116.41,22.95
74,30.6846,2094.26,23.14
75,30.7535,2018.78,23.06
76,31.1085,2051.81,24.19
77,31.4559,2104.56,23.87
78,31.9164,2000.47,24.27
79,31.7719,2125.21,25.38
80,30.9776,2020.59,25.85
81,30.5029,2090.7,26.23
82,31.2668,2068.92,27.29
83,30.1678,2116.94,26.4
84,29.6966,1960.81,27.47
85,31.1862,2014.72,26.65
86,29.412,1909.87,26.57
87,29.2375,2090.64,25.88
88,29.486,2035.42,26.48
89,29.1403,1982.38,25.39
90,29.629,1992.16,25.48
91,28.4499,2075.81,23.71
92,29.1435,2002.96,24.39
93,28.2869,2030.59,23.58
94,29.681,1998.81,23.65
95,27.8375,1978.84,22.78
96,29.275,1962.23,22.53
97,29.2185,2076.65,23.34
98,30.2079,2030.53,23.44
99,32.2789,1919.25,23.64
100,31.1182,1954.88,24.69
101,30.746,2005.68,23.84
102,30.7227,1889.56,24.26
103,31.4922,1897.39,25.11
104,31.3479,1995.38,26.52
105,31.9997,1904.6,26.11
106,31.6649,1921.18,26.4
107,30.6969,1995.46,27.0
108,30.4272,1882.37,26.98
109,30.0466,1871.57,27.46
110,29.0365,1955.56,27.56
111,28.6166,1958.68,26.82
112,28.5206,1948.23,26.1
113,28.0591,1909.99,25.25
114,29.639,1908.88,24.05
115,29.4613,1878.18,23.76
116,28.1769,1856.52,23.57
117,29.7091,2008.14,23.09
118,29.7674,1900.09,22.59
119,30.0098,1870.69,23.18
120,29.0304,1888.33,23.38
121,28.9338,2003.91,22.45
122,31.4754,1877.82,23.36
123,31.8839,1975.38,23.45
124,31.6967,1842.46,23.31
125,32.7334,2046.06,25.51
126,31.4244,1996.69,25.29
127,31.6061,1839.79,26.3
128,32.1682,1869.34,25.51
129,31.488,1935.78,26.37
130,31.044,1808.26,26.77
131,28.351,1991.12,27.53
132,29.9141,1986.61,27.35
133,29.5216,1971.22,26.64
134,29.2424,1941.46,26.89
135,28.5062,1962.87,26.04
136,27.9457,1967.78,25.99
137,28.9801,1932.26,25.86
138,28.1675,1947.84,25.24
139,28.8099,1992.06,24.6
140,29.0605,1930.92,24.33
141,30.9211,1935.56,24.42
142,29.1056,2000.64,23.7
143,29.6184,1932.8,23.51
144,29.6495,1854.28,22.74
145,31.261,1881.81,22.7
146,30.8469,2042.03,23.08
147,30.6327,1907.42,24.42
148,32.4694,1919.08,24.34
149,30.6398,1915.74,24.71
150,31.6,1968.62,25.43
151,30.1114,1955.89,25.37
152,32.6776,2129.66,25.72
153,31.6214,1934.18,26.67
154,32.2537,1979.23,27.06
155,31.7325,2067.74,27.08
156,29.6692,1920.59,27.08
157,29.2006,1963.13,26.49
158,28.8913,1994.78,26.71
159,28.5917,2082.34,26.51
160,29.0988,2044.01,25.94
161,28.9108,1929.2,25.64
162,28.1603,2066.91,25.33
163,27.1689,1972.06,24.28
164,28.2179,2031.63,24.99
165,29.3238,2036.92,23.93
166,29.4067,1993.43,23.88
167,30.8398,2037.87,23.33
168,29.9239,1965.02,23.28
169,29.4132,2014.71,23.08
170,29.9714,2033.34,23.08
171,32.1307,2073.93,23.7
172,31.2806,2032.88,24.24
173,30.8126,2060.58,23.55
174,31.9923,2030.89,25.97
175,30.9357,2078.58,24.79
176,30.9152,2137.5,26.16
177,30.4253,2067.16,26.59
178,30.1837,2020.52,26.42
179,30.2589,2117.58,26.72
180,30.2491,1984.78,26.0
181,27.7249,2250.58,27.67
182,29.9755,2121.38,26.17
183,30.002,2181.64,25.85
184,29.1259,2096.4,26.01
185,29.0574,2131.15,26.25
186,29.0537,2145.99,25.2
187,27.614,2144.84,23.46
188,29.3903,2215.47,23.94
189,27.2539,2168.52,23.74
190,28.8734,2159.14,24.13
191,29.2095,2114.4,23.52
192,29.7782,2106.57,22.78
193,31.3139,2114.74,22.58
194,31.6549,2154.5,23.36
195,30.1581,2180.83,23.23
196,31.0843,2197.12,23.47
197,32.1003,2093.1,24.91
198,30.7239,2169.8,23.72
199,31.452,2145.04,25.54
200,31.9791,2137.56,26.39
201,32.1719,2235.49,26.48
202,30.9196,2097.24,26.35
203,31.4755,2184.46,27.07
204,30.0133,2237.56,27.15
205,29.276,2145.85,27.28
206,29.1335,2172.51,27.22
207,28.2196,2227.95,26.52
208,28.5472,2287.72,26.61
209,29.4697,2030.27,25.41
210,29.4807,2110.7,24.31
211,27.5747,2103.13,24.49
212,29.3339,2116.98,23.75
213,28.7382,2225.16,23.8
214,28.4695,2200.85,22.86
215,29.5488,2159.49,23.43
216,29.6193,2166.45,22.5
217,28.8761,2005.97,23.53
218,30.701,2245.67,23.55
219,31.0319,2150.39,24.33
220,31.0723,2171.05,23.29
221,31.2997,2187.83,24.13
222,31.5567,2191.09,25.07
223,31.3154,2192.41,24.97
224,31.1743,2226.31,25.73
225,30.8575,2098.77,26.14
226,31.0071,2051.38,27.05
227,29.9453,2101.27,26.45
228,29.4109,2207.27,27.3
229,29.5132,2108.22,27.4
230,29.834,2114.32,27.03
231,28.8419,2187.57,26.74
232,28.3495,2131.62,26.68
233,27.5306,2172.08,25.96
234,27.8676,2092.54,25.55
235,27.4743,2069.04,24.59
236,29.1065,2047.77,23.9
237,28.4177,2108.75,23.43
238,30.3942,2034.27,23.03
239,29.255,2091.2,22.94
240,29.0597,2122.66,22.62
241,30.714,2068.52,22.92
242,29.5505,2124.67,23.09
243,30.603,2088.32,22.95
244,32.7031,2036.53,23.12
245,31.4634,2054.73,24.53
246,32.957,1964.11,25.26
247,31.5218,2087.6,25.66
248,30.7013,1974.86,26.32
249,31.3946,2127.65,26.07
250,30.6258,2019.13,26.73
251,30.5296,2124.69,27.93
252,30.7311,2030.8,26.96
253,27.8363,1996.2,27.17
254,27.1251,1999.31,25.78
255,28.904,1965.96,26.73
256,28.7155,2052.9,26.05
257,27.8785,1997.0,25.71
258,29.4641,1978.03,25.95
259,29.1748,2009.34,24.79
260,29.977,2044.73,24.3
261,29.1744,2010.42,23.83
262,28.3315,2059.14,22.88
263,29.3375,1919.34,22.1
264,30.2146,2007.71,23.07
265,31.9023,1942.26,23.39
266,29.2049,1945.57,23.07
267,30.4948,2083.85,24.45
268,31.6513,1890.66,23.97
269,30.7435,1958.27,25.15
270,31.967,2014.01,24.44
271,31.6957,2005.42,25.25
272,30.8064,2078.34,25.61
273,30.6516,2007.83,26.62
274,30.4171,1937.99,26.88
275,31.3677,2033.68,27.06
276,30.3475,1873.48,26.94
277,29.8693,2003.23,27.34
278,29.8995,2020.8,27.12
279,29.5419,1910.28,26.44
280,29.1808,1877.2,26.03
281,29.125,1872.16,25.05
282,28.0675,2042.3,24.38
283,29.5911,1826.97,24.35
284,27.857,1865.57,24.25
285,29.0083,1917.85,23.59
286,29.5582,1930.57,22.81
287,28.2395,1918.25,23.08
288,30.0042,2053.45,22.94
289,29.0984,1971.4,22.3
290,31.0878,1904.26,23.12
291,30.0646,1882.56,23.16
292,30.2309,1925.64,24.21
293,30.3053,1979.84,24.08
294,32.4936,1951.24,24.91
295,31.8967,1988.7,25.67
296,32.8583,2010.61,25.15
297,30.9462,1871.49,25.92
298,30.8765,1943.74,26.57
299,30.5372,1987.34,26.59
300,31.1375,1968.06,26.41
301,28.0837,1999.97,26.87
302,29.5043,1981.54,26.62
303,29.9955,1852.6,27.34
304,27.7713,1947.6,26.87
305,28.5546,1904.34,25.45
306,28.7565,1952.4,25.05
307,26.4974,1888.08,23.65
308,28.2636,1925.42,23.32
309,28.0861,1940.75,23.25
310,29.5476,1997.86,24.18
311,29.0435,1931.63,23.18
312,30.0717,2038.98,23.53
313,30.6524,1869.11,23.61
314,31.0144,1991.75,23.45
315,29.5087,1949.28,23.62
316,31.4734,1904.87,23.79
317,32.1758,1986.58,24.33
318,31.7195,2021.79,25.37
319,32.1871,2047.09,25.16
320,31.2769,1927.16,25.65
321,30.8624,1978.25,26.45
322,31.3613,2046.03,26.03
323,30.4482,1990.87,26.71
324,29.565,2030.45,26.48
325,30.7786,1998.57,27.23
326,28.7552,1960.3,27.09
327,28.9794,1868.59,26.49
328,29.1556,2057.22,25.53
329,30.0261,2065.98,24.86
330,28.5219,1921.86,24.83
331,29.0816,2005.69,25.09
332,29.1439,2054.72,24.27
333,30.4459,2069.4,24.63
334,29.2718,2010.89,23.27
335,29.0601,2115.62,22.09
336,29.5552,1992.83,22.52
337,30.2565,1992.23,22.73
338,30.2301,2095.06,22.76
339,30.5622,2123.84,23.29
340,30.2169,2115.17,24.4
341,31.57,2059.51,24.94
342,33.2074,2131.03,25.88
343,31.3768,1992.01,25.36
344,32.6726,2095.16,25.07
345,31.9473,2024.47,25.92
346,30.8567,2029.56,26.1
347,29.1634,2098.86,26.55
348,30.1477,2120.23,26.79
349,30.1217,2123.32,27.17
350,29.8164,2210.51,26.59
351,28.1651,2066.86,26.6
352,27.8093,2067.35,25.24
353,27.7396,2042.8,25.7
354,27.1117,2144.03,25.53
355,28.7266,2203.93,24.35
356,28.2809,2130.31,23.61
357,30.6077,2041.39,23.83
358,29.4223,2169.85,24.66
359,29.3037,2213.27,23.38
360,31.0287,2047.92,22.09
361,29.0435,2160.18,23.13
362,30.7943,2112.89,22.92
363,31.4786,2225.49,23.7
364,30.915,2128.65,24.11
365,31.7977,2179.97,25.12
366,32.3346,2159.31,25.11
367,30.9314,2107.16,25.21
368,31.7985,2105.32,25.67
369,30.5867,2087.96,26.74
370,32.3505,2085.44,25.74
371,30.6046,2181.89,26.93
372,30.876,2188.11,26.69
373,29.1483,2051.68,27.2
374,30.0562,2099.95,26.99
375,26.8991,2141.06,26.58
376,28.4655,2151.92,25.53
377,26.9278,2106.24,24.94
378,28.6226,2172.08,24.49
379,28.3107,2130.63,24.57
380,27.885,2213.98,24.22
381,28.8472,2179.79,23.96
382,29.1386,2176.29,24.12
383,28.7363,2174.94,23.32
384,30.5441,2217.94,22.89
385,30.3394,2123.3,23.5
386,30.3747,2138.92,23.86
387,31.8671,2218.08,23.25
388,31.2158,2084.62,23.29
389,30.697,2245.53,23.85
390,31.9832,2101.71,25.66
391,31.0706,2099.96,24.81
392,30.6434,2091.59,25.66
393,31.9151,2043.82,25.67
394,31.9144,2115.58,25.95
395,30.6157,2143.87,26.89
396,30.1442,2146.27,27.11
397,29.0721,2077.36,26.95
398,28.4236,1974.63,27.66
399,28.8083,2094.55,26.09
400,30.4984,2109.84,25.52
401,28.9882,2180.92,24.9
402,27.7168,2110.22,24.17
403,27.8145,2057.98,24.48
404,28.7159,2233.46,24.55
405,29.1094,2197.16,23.34
406,30.1231,1976.05,23.47
407,30.399,2167.56,23.33
408,30.9461,2094.61,22.53
409,29.7333,1976.46,23.56
410,30.6179,2167.31,22.92
411,32.6646,2054.84,23.88
412,31.0759,1988.18,24.94
413,31.2114,2078.06,24.8
414,32.0311,2052.93,25.34
415,32.1355,1999.65,25.3
416,32.6736,2093.69,25.74
417,30.8439,2019.57,25.97
418,30.8208,2005.54,26.2
419,30.1664,2139.22,26.84
420,29.3743,2090.59,27.11
421,28.126,2059.5,27.73
422,27.5312,2046.81,26.58
423,28.2328,1981.15,25.6
424,28.755,2115.06,26.19
425,28.7158,2065.02,25.11
426,30.3525,2078.58,25.06
427,28.4755,2053.09,25.39
428,28.6572,1886.4,23.36
429,29.6765,2051.96,23.06
430,28.9777,1915.8,24.32
431,28.1399,1979.01,23.31
432,29.7829,1942.67,22.89
433,30.8784,2059.98,23.25
434,31.6884,2017.88,23.41
435,30.0366,1972.8,24.1
436,31.7984,1960.53,23.79
437,30.6878,2038.6,25.04
438,30.3868,1940.88,25.05
439,31.7964,2027.66,24.65
440,31.7393,2026.48,25.89
441,29.6586,1983.57,25.74
442,30.9344,1982.41,26.46
443,30.0994,1930.18,27.11
444,29.9355,1817.78,26.79
445,28.7884,2010.03,26.19
446,29.5183,1889.25,26.89
447,30.0747,1957.71,26.45
448,28.0506,2063.47,25.46
449,29.6844,1910.91,25.75
450,28.6666,1841.19,24.52
451,27.6807,1966.39,24.98
452,29.2759,1936.71,23.7
453,29.9662,1801.94,23.68
454,28.6478,1974.79,22.71
455,30.339,1913.56,22.68
456,30.0837,1916.56,23.16
457,31.7347,1890.93,22.64
458,29.7918,1867.13,22.83
459,31.2106,1893.53,23.09
460,31.0503,1948.53,25.04
461,31.0421,1891.97,25.21
462,31.5583,1970.43,24.97
463,32.7129,1894.92,25.57
464,30.8845,1859.35,25.11
465,32.2488,1953.06,26.57
466,31.0019,1864.49,27.3
467,29.5421,1851.27,27.37
468,29.6731,1840.97,27.04
469,29.3856,1952.37,27.6
470,27.7204,1932.44,26.51
471,28.9731,1926.54,26.08
472,29.4643,1838.09,25.73
473,27.675,2070.42,25.9
474,28.3814,1920.84,24.12
475,28.7451,1900.79,24.6
476,28.8828,1811.53,23.71
477,28.9601,1914.65,23.21
478,29.7901,1961.95,22.72
479,29.4242,2044.68,22.43
480,28.9208,2030.72,22.67
481,29.6749,1937.6,23.2
482,30.3639,2084.12,22.86
483,31.1703,1936.77,23.8
484,32.5864,1983.85,24.97
485,32.6326,2026.38,24.83
486,29.6134,2040.63,25.55
487,31.9119,1951.14,25.59
488,30.7367,1915.82,25.01
489,31.4137,1943.81,26.21
490,29.898,2037.42,27.02
491,29.7767,2009.48,27.46
492,30.0106,2043.09,26.18
493,30.9245,1966.68,26.61
494,29.5732,2045.88,27.23
495,28.3311,2021.83,26.09
496,27.6524,1971.11,25.97
497,27.5049,1942.1,25.49
498,28.9348,2020.06,24.69
499,28.0786,2054.75,25.47
500,29.6552,2107.74,24.06
501,30.2239,2086.3,23.38
502,29.332,2078.05,23.1
503,29.6855,1987.06,23.33
504,30.4344,1996.2,22.98
505,32.1576,2056.04,22.53
506,30.0091,2049.16,22.85
507,30.6257,1879.57,23.29
508,30.7855,2017.5,24.11
509,31.8177,2111.61,25.01
510,31.7237,2021.84,24.45
511,31.265,2129.28,25.51
512,30.6033,2102.43,26.42
513,30.694,1984.71,26.6
514,30.8142,2032.22,26.57
515,30.1393,2044.65,26.79
516,29.0213,2008.53,27.67
517,29.6364,2065.14,26.92
518,28.3261,2047.24,26.1
519,27.6683,2243.92,26.15
520,28.7545,2202.51,26.59
521,28.7755,2186.03,26.22
522,27.8219,2125.2,24.48
523,29.626,2051.05,24.13
524,28.625,2035.58,25.29
525,29.1116,2211.12,23.61
526,29.539,2159.32,23.85
527,29.6268,2166.97,24.11
528,30.5866,2047.13,22.74
529,30.1144,2113.93,22.89
530,31.201,2151.45,22.87
531,30.8841,2178.47,25.03
532,32.0112,2076.31,23.98
533,31.814,2244.53,25.2
534,29.9651,2061.48,24.22
535,31.4978,2020.96,24.79
536,30.1651,2036.34,26.67
537,31.4363,2128.55,26.98
538,29.4148,2170.56,26.66
539,30.9797,2132.9,26.68
540,29.7993,2164.65,26.99
541,29.5375,2136.94,27.07
542,29.4481,2029.23,27.36
543,29.6811,2176.79,27.4
544,29.8001,2182.62,26.79
545,29.8732,2198.5,25.6
546,27.8702,2184.51,25.26
547,29.1864,2117.36,23.54
548,29.0519,2154.98,24.25
549,28.223,2176.38,23.86
550,28.7866,2059.31,22.79
551,29.804,2139.99,22.38
552,29.2553,2014.39,23.38
553,30.617,2178.7,22.8
554,29.6694,2220.57,23.86
555,30.2741,2139.86,23.38
556,31.5064,2128.45,23.51
557,31.5082,2037.07,25.38
558,30.9208,2109.03,25.48
559,31.5615,2155.7,25.5
560,32.5726,2070.44,26.82
561,30.1475,2180.23,26.72
562,29.8623,2266.84,26.24
563,31.1978,2062.33,26.84
564,29.5625,2134.12,27.23
565,29.666,2134.22,26.97
566,30.2407,2105.19,26.91
567,28.9602,2050.8,26.01
568,27.4442,2063.32,25.99
569,31.204,2176.23,25.57
570,29.8055,2028.84,25.02
571,28.1005,2301.93,25.4
572,29.285,2069.19,24.95
573,29.8188,2078.46,23.14
574,29.3379,2142.42,23.12
575,31.1474,2049.73,23.33
576,30.3428,2102.66,23.07
577,30.3355,2131.88,22.95
578,29.9228,2106.59,23.77
579,30.8764,2135.72,23.69
580,31.8285,2158.3,23.54
581,33.1057,1993.55,24.75
582,31.3549,2168.89,24.37
583,31.0372,2128.54,25.49
584,29.7427,2042.5,26.49
585,31.4075,1955.23,25.99
586,31.5924,2003.15,26.31
587,30.5682,2046.91,27.01
588,29.8382,1946.0,27.3
589,29.2322,2084.27,26.75
590,30.3874,2001.58,26.94
591,28.1481,1959.27,26.77
592,29.3573,2162.55,25.79
593,28.7569,1978.7,25.42
594,28.7911,1960.39,24.73
595,28.0725,2031.9,24.79
596,29.8395,1949.85,24.19
597,27.7641,2032.5,23.19
598,31.2079,2003.75,23.84
599,30.3312,1990.31,23.11
600,28.8631,1989.9,23.29
601,30.2539,1950.64,23.09
602,31.8617,1928.87,22.81
603,31.5326,2032.3,24.01
604,31.5671,1960.73,24.18
605,32.4584,1959.79,24.98
606,31.3019,1885.43,25.36
607,31.7289,1957.4,25.51
608,31.5915,2029.37,25.37
609,30.9822,2082.85,26.81
610,31.0955,1855.1,26.89
611,31.1578,1905.48,26.11
612,30.3741,1931.62,27.03
613,30.5404,1963.53,27.65
614,28.7437,2012.81,27.28
615,28.4444,2031.97,27.54
616,29.2127,1976.84,25.86
617,28.7618,1919.64,25.75
618,28.5013,1904.66,23.94
619,29.1483,1936.19,25.14
620,28.2481,1853.25,24.46
621,28.0112,1866.26,23.49
622,28.0466,1926.29,22.67
623,29.2785,1950.47,23.37
624,31.086,1900.79,23.01
625,30.5316,1909.91,24.5
626,30.5749,1921.46,23.15
627,32.2007,2027.85,23.89
628,31.6574,1875.71,24.61
629,29.7732,1910.2,23.88
630,31.5342,2062.43,24.79
631,31.2322,1957.28,24.93
632,30.5684,1919.79,26.0
633,30.843,2026.24,26.74
634,31.624,2011.38,27.44
635,29.3107,1805.53,26.98
636,29.9011,2018.01,26.77
637,28.5834,1869.11,26.61
638,28.5421,2035.19,26.84
639,28.7853,1924.73,26.98
640,27.953,1851.91,25.64
641,28.5018,1855.24,25.36
642,30.4281,1896.59,24.65
643,29.9209,1988.06,23.2
644,29.3485,1834.98,23.48
645,29.4947,1929.09,23.66
646,28.9374,2001.86,23.33
647,30.0247,1912.41,23.19
648,29.5573,1845.22,23.27
649,29.0094,1943.43,23.04
650,31.2947,1983.91,23.63
651,31.9245,2017.03,22.85
652,32.1936,1953.5,23.27
653,31.8882,2004.87,24.43
654,31.5534,2047.25,25.12
655,30.9603,1960.32,25.92
656,31.2493,1950.86,25.18
657,30.4173,1988.98,26.66
658,30.6221,1916.53,27.2
659,31.3941,2062.51,26.63
660,30.3843,1993.68,27.83
661,30.8235,1973.95,27.96
662,29.351,2054.85,27.26
663,29.4334,1935.89,26.56
664,27.9626,2006.27,25.45
665,29.0035,2002.35,25.62
666,29.737,1908.43,24.88
667,27.8905,2034.33,24.43
668,28.591,2024.41,23.91
669,30.2199,2027.03,23.87
670,28.5429,2000.86,23.65
671,30.1109,2140.59,22.9
672,29.8782,2134.54,23.68
673,30.8026,2066.36,24.14
674,32.0682,1992.78,23.15
675,30.7323,2014.35,23.93
676,30.5967,2185.31,23.6
677,32.2706,2010.6,24.85
678,32.5278,2014.48,25.83
679,32.4316,2138.05,25.26
680,31.5798,2100.27,26.09
681,30.9704,2083.58,26.04
682,31.8512,2068.04,27.22
683,31.1171,2130.97,26.6
684,31.1103,2032.68,27.08
685,29.8032,2099.8,27.06
686,28.1644,2005.32,26.42
687,29.2207,2010.5,26.39
688,28.7331,2148.99,26.35
689,29.5805,2070.59,25.59
690,29.5923,2183.56,25.08
691,29.3423,2012.66,24.66
692,30.0267,2170.41,23.12
693,29.1772,2188.17,23.13
694,28.2211,2234.96,22.6
695,29.8772,2032.52,22.86
696,30.0229,2174.4,23.91
697,30.1875,2182.16,22.99
698,30.8828,2198.1,22.74
699,31.4196,2163.73,23.97
700,30.8484,2128.85,24.89
701,30.5754,2142.43,25.1
702,31.4048,2095.85,25.75
703,30.6325,2187.82,25.53
704,30.0047,2088.99,26.01
705,29.9911,2202.59,25.78
706,31.7419,2077.08,26.68
707,29.3549,2167.11,26.7
708,31.0922,2136.81,26.72
709,28.7651,2187.55,27.07
710,29.6898,2174.2,27.03
711,29.7042,2199.76,25.88
712,30.065,2074.79,25.84
713,27.3162,2104.81,26.06
714,29.671,2174.79,25.49
715,28.4958,2184.67,24.52
716,28.8701,2110.96,24.85
717,27.1081,2129.37,23.88
718,29.5121,2143.58,23.37
719,31.0984,2176.9,23.79
720,29.8254,2221.93,22.63
721,30.2819,2143.79,22.76
722,31.362,2143.42,24.59
723,31.8694,2099.21,23.65
724,31.8845,2165.3,23.95
725,31.8794,2089.09,24.07
726,31.4184,2124.05,25.29
727,31.303,2192.7,25.71
728,31.2623,2100.47,25.64
729,31.1959,2140.83,26.29
730,32.3516,2111.76,26.28
731,30.6479,2106.3,26.51
732,30.8035,2105.43,27.48
733,29.8203,2052.56,26.66
734,28.2285,2104.03,26.48
735,30.3814,2116.15,25.96
736,28.4245,2220.69,26.49
737,27.4314,2054.23,24.78
738,28.6071,1954.88,24.69
739,29.6888,2098.6,23.59
740,28.3973,2113.77,24.2
741,29.6932,2072.15,23.31
742,29.6814,2225.92,22.56
743,29.9185,2041.43,23.17
744,28.5585,2090.04,22.92
745,31.2577,2150.52,23.05
746,30.5444,2221.33,22.59
747,31.5878,2055.5,23.57
748,30.721,2140.07,23.26
749,30.7887,2211.12,24.4
750,32.0838,2167.84,25.24
751,30.8675,2078.95,25.64
752,31.5951,2084.31,25.9
753,31.8731,2153.98,26.27
754,31.7325,2104.39,26.45
755,30.7529,1983.98,28.06
756,30.6872,2126.12,27.28
757,30.2086,2079.27,26.97
758,29.0481,2053.77,26.91
759,29.7712,1925.84,26.59
760,28.539,2017.22,26.32
761,29.6002,2064.57,24.8
762,28.0797,2044.4,25.85
763,27.7454,2036.42,24.44
764,28.0512,2020.83,24.39
765,30.5084,2016.45,23.11
766,28.9625,1982.43,22.91
767,28.6314,1914.16,23.83
768,28.9568,1991.6,23.61
769,30.937,1961.45,23.56
770,31.7627,1897.96,22.91
771,31.7679,1906.05,24.28
772,30.1731,2114.86,23.94
773,31.9389,2001.94,24.92
774,31.8841,1963.3,24.46
775,30.6464,2089.8,26.26
776,31.1777,1944.94,26.45
777,33.8325,1904.22,26.44
778,30.5723,1929.16,26.44
779,31.032,1919.78,26.88
780,32.0685,1864.16,26.77
781,28.8733,2112.66,26.83
782,30.1574,1939.29,27.36
783,28.8797,1894.76,25.61
784,29.9082,1896.5,26.9
785,28.2699,1941.18,26.09
786,29.8051,1933.32,25.0
787,27.9139,1912.89,23.7
788,28.0615,1979.8,25.12
789,29.4286,1893.28,23.74
790,29.1633,1933.91,24.02
791,29.169,2043.72,23.46
792,28.2829,1946.95,23.39
793,31.1088,2016.49,22.4
794,29.9587,1988.46,23.76
795,31.0611,1976.9,24.29
796,32.4949,1959.02,24.07
797,31.8226,2036.95,24.51
798,32.3224,1952.43,25.33
799,30.3748,1861.46,25.03
800,30.1966,1864.67,26.32
801,30.7132,1952.15,27.12
802,30.7083,1971.35,27.18
803,30.8698,1851.14,27.18
804,29.0967,1910.39,27.33
805,28.913,1968.31,27.34
806,29.6715,1971.38,25.94
807,29.9395,1964.23,26.2
808,29.8844,2009.69,26.1
809,27.9853,1948.56,25.81
810,28.6445,1928.1,25.2
811,27.157,1939.15,23.7
812,28.9667,1876.54,24.37
813,27.2849,1881.11,22.68
814,28.4598,1918.97,23.76
815,29.221,1922.04,23.06
816,29.8909,1876.83,23.07
817,29.5751,2023.29,23.31
818,29.7936,1944.54,24.07
819,31.6355,1973.09,23.45
820,31.6425,1869.39,24.1
821,29.9342,1893.46,24.77
822,32.756,1904.62,24.71
823,31.942,1920.82,25.49
824,32.5562,1990.61,25.93
825,31.6081,1832.77,26.63
826,32.1238,1959.26,26.4
827,29.6679,1920.45,27.25
828,29.1404,1951.11,26.69
829,31.6017,2109.48,26.41
830,28.1618,1893.63,27.46
831,30.8802,1985.1,26.65
832,28.2436,2011.43,25.67
833,29.2417,1920.45,25.48
834,29.443,2069.83,24.74
835,27.8044,1913.59,24.87
836,29.511,2016.98,23.7
837,28.0329,2008.21,23.27
838,27.4032,1968.67,23.13
839,29.2271,1993.67,23.13
840,29.4587,2162.94,24.22
841,29.3378,2004.8,21.28
842,31.1326,2052.72,23.16
843,30.3316,2039.47,23.77
844,30.7539,2124.7,23.11
845,31.3641,2049.0,24.05
846,31.5728,2154.99,25.21
847,32.6155,2064.09,26.21
848,29.8247,2045.17,25.97
849,30.676,2155.57,26.3
850,30.5115,2148.35,26.09
851,29.6091,2052.02,28.05
852,30.4891,2144.48,26.23
853,30.4533,2017.84,27.42
854,28.8357,2051.52,27.18
855,28.6785,2075.01,27.21
856,28.433,1954.86,26.51
857,27.782,2168.06,25.37
858,29.6169,2151.52,24.08
859,28.9105,2023.73,24.61
860,28.5918,2072.32,24.77
861,28.1434,2087.55,23.94
862,28.1319,2299.8,23.61
863,30.2635,2177.55,22.74
864,31.4885,2074.94,22.93
865,30.4515,2095.06,24.19
866,31.2251,2207.66,22.91
867,32.2516,2145.75,24.48
868,30.6513,2149.53,23.19
869,32.5201,2084.98,24.99
870,31.6033,2204.22,24.05
871,31.7153,2202.31,24.07
872,30.5383,2326.16,24.86
873,31.2756,2176.9,27.13
874,29.39,2105.12,27.06
875,30.2723,2226.63,26.77
876,29.5369,2120.19,26.03
877,27.7676,2251.56,26.91
878,29.5108,2126.24,26.03
879,29.8122,2173.85,26.55
880,28.6773,2139.75,25.47
881,28.317,2113.74,26.05
882,29.2486,2154.09,24.98
883,28.6313,2191.32,24.58
884,29.7473,2135.06,24.31
885,29.3659,2063.39,23.86
886,28.2957,2258.93,23.3
887,30.1165,2262.6,23.3
888,28.6647,2156.37,22.06
889,29.8914,2234.67,23.79
890,31.1563,2081.53,23.13
891,31.5428,2190.52,23.53
892,31.6066,2151.47,23.82
893,30.4133,2168.4,25.17
894,30.2786,2175.73,24.82
895,30.6278,2188.53,25.87
896,30.7974,2099.1,25.72
897,32.7378,2075.51,26.06
898,31.3006,2178.52,26.49
899,30.1783,2206.82,27.01
900,31.3624,2232.58,28.01
901,29.9911,2182.55,27.65
902,27.285,2196.08,27.54
903,27.4902,2106.22,26.22
904,27.6577,2056.53,25.1
905,30.6579,2123.47,26.14
906,28.0936,2038.6,25.59
907,28.3758,2093.35,24.76
908,28.1799,2154.58,23.9
909,28.9836,2048.22,23.76
910,28.9778,2127.66,23.28
911,29.4562,2089.86,23.03
912,29.8177,2131.09,23.08
913,29.105,1954.57,22.79
914,32.192,2061.78,23.95
915,29.8527,2031.87,23.42
916,30.4106,2092.13,24.13
917,30.4155,2012.5,24.34
918,31.2597,2079.76,24.43
919,30.7187,2090.89,25.11
920,32.2333,1971.93,25.48
921,32.0187,2153.76,26.52
922,29.2993,1966.28,26.01
923,32.2421,2102.05,27.64
924,29.1968,2135.13,26.48
925,29.4926,2032.55,27.32
926,28.7334,1966.76,26.09
927,29.8663,2010.81,26.06
928,29.2419,2078.6,26.56
929,27.4546,1848.18,25.34
930,27.4426,1995.5,24.95
931,29.0099,2101.43,24.51
932,27.7946,2006.69,23.86
933,28.4939,1881.96,23.66
934,30.5733,2011.27,22.42
935,28.5121,2031.0,23.08
936,29.8284,1982.61,23.02
937,29.2278,1944.78,23.11
938,30.9223,1899.4,23.09
939,30.5835,1917.05,23.39
940,31.7882,2060.96,24.45
941,31.6151,2022.55,24.11
942,32.7664,1969.72,25.92
943,32.6274,2019.23,25.86
944,31.8901,2010.23,25.32
945,30.2113,1980.31,26.5
946,30.453,1937.15,26.9
947,30.2284,2021.86,26.52
948,29.0752,1973.91,27.21
949,30.5662,1864.6,26.27
950,28.8216,1896.82,27.07
951,29.1362,1868.9,27.05
952,29.296,2001.28,26.58
953,29.0406,1928.19,25.15
954,27.7369,1875.27,24.83
955,28.3497,1816.55,23.88
956,27.8658,1951.07,23.41
957,28.5924,1857.35,23.09
958,29.5054,1890.16,23.05
959,30.306,1858.51,23.53
960,30.6101,1987.75,23.5
961,31.2179,1921.21,23.56
962,30.3856,1967.22,22.56
963,31.3343,1800.27,23.46
964,31.144,1869.05,24.14
965,31.557,1812.23,24.14
966,30.2385,2005.31,24.62
967,31.2168,1926.95,24.77
968,31.7209,1978.62,26.29
969,31.2301,1890.1,26.4
970,31.3046,1873.28,26.75
971,30.5121,1881.09,26.82
972,29.0311,1924.8,25.94
973,30.1824,1902.96,27.46
974,29.0161,1863.8,27.09
975,29.9333,1936.9,26.4
976,27.1844,1916.33,25.74
977,28.5876,1977.39,25.6
978,29.1738,1865.67,24.88
979,27.863,2011.99,24.99
980,30.7697,1870.55,23.19
981,30.3594,1929.43,23.78
982,29.4086,1936.17,21.62
983,30.0315,1957.17,22.53
984,29.7513,1991.06,23.2
985,28.762,2031.17,23.04
986,30.4982,1986.11,23.01
987,30.92,1932.99,23.47
988,31.3061,2023.79,24.6
989,31.6581,1998.19,24.98
990,31.1429,1946.84,24.68
991,31.752,1916.94,25.16
992,33.0524,2043.81,24.84
993,31.1677,1913.34,26.3
994,29.9156,1929.82,25.92
995,30.0856,2032.96,27.22
996,30.7289,2018.96,26.71
997,28.4088,2071.01,27.53
998,29.1632,2058.18,26.51
999,29.1683,1893.76,26.4
1000,28.179,2088.93,25.98
1001,28.0057,2036.27,26.21
1002,28.8274,2047.77,25.26
1003,29.2337,2090.64,23.86
1004,29.0335,1968.34,23.64
1005,28.333,2087.2,23.24
1006,29.5914,2060.56,23.5
1007,30.5835,1948.65,23.06
1008,28.7338,2043.47,22.92
1009,29.9226,2003.32,22.35
1010,31.5344,2111.1,22.96
1011,31.6587,2134.42,23.15
1012,31.4894,2108.29,24.1
1013,32.3836,2059.23,24.87
1014,31.4451,1988.89,25.61
1015,31.2875,2041.28,25.72
1016,31.8052,1956.68,25.85
1017,30.5849,2092.43,26.65
1018,29.9532,2137.47,27.0
1019,28.6622,1985.05,27.08
1020,30.4642,2075.9,27.26
1021,29.1199,2082.12,26.52
1022,28.6552,2144.3,26.95
1023,29.4017,2158.34,27.01
1024,28.5241,2238.92,26.95
1025,28.3856,2143.94,25.52
1026,27.3452,2115.6,25.84
1027,27.5501,2125.86,24.51
1028,29.5165,2159.06,23.79
1029,29.5118,2125.22,23.57
1030,28.533,2185.4,23.66
1031,28.7078,2090.35,23.51
1032,29.6251,2200.1,23.57
1033,30.6441,2014.04,22.98
1034,29.6531,2270.83,24.18
1035,31.5229,2250.53,23.83
1036,31.8537,2072.15,24.22
1037,31.6335,2136.0,24.5
1038,32.2216,2160.58,24.97
1039,32.1223,2223.92,26.74
1040,33.1185,2163.31,26.05
1041,31.4388,2172.2,26.75
1042,30.2811,2171.1,26.57
1043,30.1398,2004.48,27.07
1044,28.2556,2093.96,26.62
1045,31.0471,2118.7,26.9
1046,29.7495,2271.64,27.12
1047,30.0226,2149.36,26.34
1048,28.2404,2093.65,25.77
1049,28.5905,2143.05,25.58
1050,28.3816,2136.85,25.32
1051,29.6666,2124.62,24.47
1052,28.38,2076.37,23.55
1053,27.966,2167.29,24.29
1054,28.3326,2162.14,22.33
1055,29.1143,2088.71,23.39
1056,29.9029,2123.03,22.66
1057,31.2083,2268.14,23.75
1058,30.4847,2188.38,22.84
1059,29.8502,2189.05,23.49
1060,31.6012,2102.84,24.68
1061,32.2657,2245.66,24.63
1062,31.1733,2145.77,24.91
1063,32.3641,2159.64,25.59
1064,32.0604,2141.03,26.21
1065,31.5731,2064.2,26.59
1066,29.3977,2199.28,26.88
1067,29.3504,2132.69,26.46
1068,29.5842,2216.42,26.78
1069,29.6164,2080.17,27.08
1070,29.7557,1991.91,26.46
1071,27.988,2136.42,26.62
1072,27.4501,2046.19,25.17
1073,29.4252,2137.72,25.27
1074,29.0699,1962.56,24.73
1075,29.1228,2138.4,25.88
1076,28.6435,2104.89,23.38
1077,29.8977,2137.88,23.64
1078,29.6221,2069.42,22.93
1079,29.928,2083.22,23.56
1080,30.5492,2126.67,22.67
1081,30.6989,2062.95,23.09
1082,31.5215,2160.65,23.26
1083,32.1746,2183.66,24.08
1084,31.381,2071.28,23.56
1085,31.005,2109.97,24.5
1086,31.6465,2043.42,24.62
1087,30.9269,1979.07,25.19
1088,31.6185,2089.31,25.89
1089,30.6274,2059.4,25.89
1090,30.028,2011.04,26.39
1091,30.7421,2069.94,27.96
1092,30.2583,1995.65,27.11
1093,30.7166,2040.81,28.03
1094,30.2568,1958.55,25.75
1095,29.5591,2006.02,26.01
1096,28.0694,1985.44,25.86
1097,28.8884,2053.55,25.64
1098,29.8247,1980.26,25.16
1099,28.6,1961.29,24.95
1100,29.5675,1990.39,24.72
1101,28.7777,1999.2,23.47
1102,28.9494,1910.6,23.44
1103,30.82,2102.36,23.76
1104,28.1209,2083.33,23.2
1105,30.0773,1943.02,22.87
1106,31.6724,2066.84,22.59
1107,29.321,2003.08,24.21
1108,31.7668,1954.35,23.93
1109,30.5701,1880.97,24.3
1110,31.0183,2042.77,25.22
1111,31.4564,1999.67,25.32
1112,31.3327,1895.39,25.99
1113,30.8365,1951.12,26.33
1114,30.547,1986.74,26.64
1115,30.0207,1940.5,26.72
1116,30.2773,1842.74,27.23
1117,30.8553,1891.64,27.23
1118,29.3047,1930.41,26.32
1119,28.2318,1872.07,26.0
1120,28.1812,1919.01,25.42
1121,26.8376,1999.81,25.34
1122,27.9975,2003.09,24.54
1123,27.6361,1884.12,24.64
1124,27.6279,2062.92,24.07
1125,28.7942,2037.78,24.1
1126,29.7384,1885.56,23.45
1127,28.9551,1839.36,22.95
1128,31.3958,1844.89,24.1
1129,29.6248,1836.82,23.12
1130,30.4207,1913.21,22.68
1131,31.7257,1829.47,23.27
1132,31.7552,1979.33,24.43
1133,32.5054,1832.59,24.23
1134,31.9453,2019.36,25.32
1135,30.7871,1963.88,25.62
1136,31.9866,2025.54,25.23
1137,32.1918,1988.74,26.05
1138,31.137,1967.73,26.35
1139,30.4424,1970.77,26.82
1140,28.5256,2103.11,27.04
1141,29.4513,1970.8,26.85
1142,28.6666,1864.38,26.3
1143,27.8621,1940.89,25.91
1144,29.7421,1826.76,26.11
1145,29.1861,2048.84,25.92
1146,27.7019,1895.72,24.5
1147,30.1737,2000.54,24.58
1148,26.6871,1968.12,24.11
1149,28.7536,1913.31,23.68
1150,29.0638,1990.36,23.0
1151,30.4857,1935.51,23.2
1152,30.2281,1931.02,23.31
1153,31.6965,1852.65,23.6
1154,31.0107,1939.17,24.98
1155,31.9059,2023.68,23.23
1156,29.3914,1998.73,24.68
1157,29.4615,2053.64,25.2
1158,30.2324,2029.93,24.48
1159,31.4782,1869.1,25.71
1160,32.3243,1941.77,26.6
1161,30.8205,1907.28,26.8
1162,30.7775,1903.99,26.89
1163,30.0609,1995.03,26.89
1164,29.6606,1999.5,27.3
1165,29.1211,1947.86,25.94
1166,28.1412,2141.52,26.61
1167,29.6724,1986.1,27.3
1168,29.053,2012.11,26.71
1169,28.4379,2012.92,25.7
1170,27.7301,2120.2,25.31
1171,27.2852,1924.17,24.41
1172,27.681,1976.27,24.11
1173,29.1131,2000.61,23.41
1174,29.509,1898.61,23.95
1175,30.3004,2100.01,22.98
1176,30.8951,2135.28,22.16
1177,30.4119,2060.4,22.72
1178,32.949,1993.57,23.74
1179,30.7362,2145.48,24.85
1180,30.7036,2080.56,23.21
1181,30.9528,1980.86,23.55
1182,31.9747,2064.38,25.88
1183,30.8086,2031.73,25.12
1184,31.0562,2023.54,26.51
1185,29.2329,2151.89,26.22
1186,30.4051,2131.25,27.95
1187,31.8191,2142.62,27.21
1188,28.3522,1970.47,28.39
1189,29.6361,2119.86,27.15
1190,28.4911,2095.51,27.28
1191,30.1573,2085.95,26.12
1192,27.3717,2175.36,27.01
1193,28.7897,2136.05,25.16
1194,29.6044,2200.53,25.1
1195,29.8298,2195.94,24.81
1196,30.0474,2251.14,23.6
1197,29.5535,2029.92,23.38
1198,29.2485,2149.97,23.82
1199,27.7155,2162.06,22.93
1200,30.1035,2143.06,22.58
1201,29.4197,2045.15,22.92
1202,31.496,2161.87,23.4
1203,31.8389,2104.55,23.08
1204,31.2935,2079.13,22.96
1205,31.4163,2106.0,24.44
1206,32.2476,2142.84,23.79
1207,30.2736,2190.81,24.56
1208,30.2596,2206.39,25.79
1209,30.869,2168.14,26.15
1210,28.2777,2089.32,26.09
1211,31.5043,2245.32,27.96
1212,30.3656,2149.07,26.58
1213,29.9088,2196.91,27.39
1214,29.5787,2366.84,26.64
1215,28.1093,2220.85,26.3
1216,28.1933,2044.45,26.34
1217,28.1605,2160.06,26.31
1218,28.9717,2273.31,24.88
1219,28.6884,2103.4,25.15
1220,28.7459,2178.1,24.44
1221,29.7148,2161.49,23.95
1222,29.871,2182.95,22.84
1223,30.3864,2125.69,23.11
1224,30.2675,2064.12,22.99
1225,29.2968,2179.07,22.52
1226,31.7843,2301.15,24.18
1227,31.5313,2086.4,22.95
1228,31.6276,2041.37,24.09
1229,33.2771,2077.9,23.96
1230,31.6918,2188.73,24.86
1231,32.0122,2184.01,25.49
1232,32.0248,2161.73,26.67
1233,31.1072,2036.67,25.95
1234,30.8827,2119.96,26.91
1235,31.0598,2159.47,26.41
1236,28.9641,2144.31,26.99
1237,28.8175,2197.62,26.97
1238,29.3372,2142.78,26.97
1239,29.045,2173.82,26.88
1240,28.738,2150.45,25.59
1241,28.0624,2131.09,25.86
1242,28.2646,2165.52,24.16
1243,29.0625,2062.9,24.77
1244,29.2449,2138.16,23.9
1245,29.373,2008.32,24.08
1246,29.1303,2112.07,23.25
1247,28.6195,2130.15,23.55
1248,29.8707,2123.53,23.8
1249,29.4911,2094.53,22.9
1250,30.3913,2105.9,23.75
1251,28.6852,2082.56,23.42
1252,31.6294,2117.13,22.75
1253,33.1246,2071.31,23.75
1254,30.8799,2106.82,24.49
1255,31.1657,2039.12,25.41
1256,31.8604,2094.4,25.69
1257,32.1216,2156.7,25.83
1258,31.1482,2075.69,27.1
1259,29.0529,2023.31,26.58
1260,29.8867,2052.77,27.04
1261,28.9354,2100.68,26.59
1262,28.8252,2009.77,27.34
1263,29.0499,2000.62,26.77
1264,28.8004,2066.45,25.7
1265,27.5453,2091.04,25.87
1266,29.7997,1987.22,25.02
1267,29.81,1929.15,25.18
1268,28.4325,2014.84,23.43
1269,29.919,2034.55,22.6
1270,29.5757,2013.1,23.91
1271,29.5173,2008.5,22.58
1272,30.2025,1966.03,22.96
1273,33.8048,1990.14,22.62
1274,30.3294,1984.24,22.68
1275,30.7575,1951.42,23.86
1276,31.9442,1969.18,24.59
1277,31.849,1982.2,24.02
1278,31.5156,1950.46,24.57
1279,32.23,2106.79,25.88
1280,31.7158,1853.63,26.02
1281,32.0192,1924.5,26.27
1282,30.6051,1835.1,27.04
1283,30.6372,1924.15,27.09
1284,29.4529,1978.2,26.42
1285,31.4947,2049.04,26.8
1286,28.4643,1948.18,26.51
1287,29.3156,1822.14,26.5
1288,28.3815,2053.09,26.27
1289,26.9519,1854.37,24.75
1290,28.6855,1930.77,25.03
1291,28.6953,1928.98,24.7
1292,29.6216,1947.14,24.05
1293,28.3645,2012.3,23.78
1294,30.393,1998.19,23.52
1295,30.2483,1910.68,22.85
1296,30.8003,1898.16,22.63
1297,30.8497,1933.54,22.49
1298,31.2303,2137.04,23.03
1299,32.4486,1970.71,23.32
1300,31.8508,1873.42,23.89
1301,32.9482,1924.44,23.84
1302,30.9566,1991.72,24.55
1303,30.7534,2017.41,25.95
1304,31.7708,1883.45,26.18
1305,30.4184,1959.83,26.7
1306,30.4811,1977.19,28.4
1307,30.6378,1881.14,27.66
1308,30.814,1888.19,26.69
1309,29.3056,2013.81,26.85
1310,29.6645,1903.88,27.51
1311,28.6262,1946.08,26.87
1312,28.022,1970.84,26.39
1313,27.5718,1902.32,25.48
1314,28.7444,1952.1,24.31
1315,26.6637,1900.56,24.84
1316,27.7908,1906.96,24.04
1317,30.5523,1887.24,23.14
1318,29.4826,2010.68,23.45
1319,28.1076,1945.83,23.45
1320,30.7726,1998.67,23.48
1321,29.7168,1934.42,23.54
1322,32.4623,1905.94,22.28
1323,30.0142,1977.82,23.39
1324,32.5305,2033.44,23.83
1325,32.4531,1907.14,24.47
1326,31.8449,1807.75,24.26
1327,31.3461,1907.97,26.11
1328,30.1768,1985.27,26.22
1329,30.7438,1936.36,26.0
1330,31.2096,1999.38,26.34
1331,30.5615,1969.7,26.56
1332,31.0447,1969.45,27.95
1333,29.0359,1984.54,26.9
1334,29.3282,2049.73,27.06
1335,27.9543,1953.49,26.77
1336,30.0386,1988.1,25.64
1337,28.2624,2028.61,26.02
1338,28.4206,2031.57,24.06
1339,27.6453,2070.79,23.59
1340,29.1147,2100.08,25.02
1341,29.5158,2155.88,22.41
1342,28.8397,2076.74,24.03
1343,30.6274,2074.01,23.46
1344,29.5477,2108.11,23.23
1345,30.2561,2059.8,23.06
1346,32.0608,2059.63,22.42
1347,30.9537,2098.04,23.96
1348,29.741,2168.24,23.51
1349,32.4996,2103.37,24.34
1350,31.0637,2008.15,24.3
1351,32.3459,1937.29,26.11
1352,31.171,2038.78,26.29
1353,30.6268,2201.16,26.44
1354,31.0558,2200.29,26.29
1355,31.1354,2170.44,27.05
1356,30.4758,2141.88,26.44
1357,30.5436,2065.63,25.91
1358,27.8596,1984.43,26.67
1359,28.8956,1982.48,26.33
1360,28.9381,2077.07,25.89
1361,27.0345,2163.12,24.73
1362,28.5166,2021.91,25.14
1363,27.8837,2188.89,25.1
1364,29.1694,2036.94,23.59
1365,30.1237,2088.93,23.12
1366,31.4509,2150.79,23.27
1367,30.6272,2097.58,23.68
1368,30.0793,2068.97,22.16
1369,30.4368,2075.76,22.84
1370,30.729,2183.21,23.22
1371,30.5959,2117.75,23.21
1372,31.3788,2176.06,24.3
1373,30.5578,2050.54,24.69
1374,30.9922,2032.72,24.38
1375,30.8955,2110.95,25.01
1376,30.8415,2169.59,26.17
1377,29.8619,2137.42,26.14
1378,30.0569,2215.19,26.32
1379,29.6931,2083.44,27.33
1380,29.4929,2039.03,27.65
1381,30.6982,2239.93,26.77
1382,29.3701,2120.57,26.07
1383,29.4967,2144.73,26.55
1384,28.7573,2192.58,25.47
1385,27.8302,2265.53,24.71
1386,28.9024,2077.05,25.66
1387,28.9973,2176.16,24.33
1388,28.5391,2176.54,23.1
1389,28.5415,2179.27,23.22
1390,28.6316,2178.96,22.73
1391,28.7815,2160.38,22.65
1392,28.4778,2135.56,22.62
1393,30.0999,2159.78,23.1
1394,31.157,2051.31,23.79
1395,29.9839,2214.38,23.04
1396,31.8794,2089.99,24.43
1397,30.3087,2124.04,23.72
1398,31.1524,2214.63,25.46
1399,30.8029,2095.66,26.22
1400,31.1258,2134.91,26.11
1401,30.5884,2051.51,26.38
1402,33.2839,2148.95,27.24
1403,31.2377,2166.58,26.7
1404,29.197,2111.2,26.2
1405,28.7569,2086.94,27.52
1406,29.218,2203.36,25.75
1407,28.8271,2095.59,26.14
1408,27.9344,2252.85,26.26
1409,29.3438,2209.19,25.85
1410,28.305,2040.45,24.71
1411,28.5012,2023.36,24.97
1412,28.1046,2125.05,23.72
1413,29.5711,2110.85,23.56
1414,29.973,2068.2,23.07
1415,28.8878,2048.19,22.97
1416,28.9519,2064.55,23.68
1417,30.9012,2103.24,22.7
1418,31.0644,2097.32,23.07
1419,30.5882,2122.59,24.19
1420,31.1632,2023.55,23.58
1421,33.0689,2098.74,23.86
1422,31.8137,2058.75,24.66
1423,30.4781,2063.07,25.69
1424,31.1238,2149.09,26.82
1425,31.3807,2045.91,26.23
1426,30.6896,2084.4,26.79
1427,31.4887,2032.89,26.24
1428,30.715,2086.19,26.51
1429,29.9505,2029.45,27.05
1430,29.0004,2133.7,27.38
1431,28.5331,2047.8,26.13
1432,29.5858,1973.55,26.36
1433,27.2892,1993.09,26.48
1434,28.7562,1974.03,24.92
1435,28.7503,1891.97,24.21
1436,28.1556,1975.98,23.62
1437,28.1792,2018.8,24.42
1438,28.5253,1948.17,23.84
1439,29.4593,2024.89,23.06
1440,29.7064,1927.53,22.99
1441,30.7523,1907.11,22.64
1442,32.3862,2141.41,23.45
1443,30.8353,2020.07,24.06
1444,32.0525,2010.09,24.36
1445,30.4626,1872.95,24.48
1446,31.1283,2006.38,24.31
1447,32.0587,1899.69,24.28
1448,30.5123,1975.51,25.91
1449,31.645,1855.46,26.9
1450,31.1207,2018.73,26.53
1451,31.323,1913.96,27.2
1452,28.9982,1939.43,26.5
1453,30.1029,2028.81,27.92
1454,29.6891,1918.72,26.67
1455,27.8736,1941.22,26.57
1456,28.9548,1860.27,25.97
1457,30.3356,1943.98,26.11
1458,29.3664,1926.09,24.25
1459,30.9564,1980.35,23.88
1460,28.6755,1922.96,23.37
1461,28.1864,1955.44,24.03
1462,29.6553,1872.75,23.19
1463,30.0806,1914.68,22.85
1464,30.2036,1870.09,23.1
1465,30.0749,1999.64,23.89
1466,32.4979,1903.0,23.4
1467,30.7408,1909.78,23.79
1468,31.6382,1871.36,24.25
1469,31.3819,1987.72,23.2
1470,31.8921,1886.98,25.36
1471,31.2483,1811.39,24.53
1472,30.6522,1892.4,25.48
1473,30.1986,1970.35,26.18
1474,30.168,2030.14,26.23
1475,30.9507,1871.0,27.37
1476,28.8986,1971.4,26.86
1477,30.2339,1907.23,27.42
1478,28.6459,2001.63,26.61
1479,28.5387,1981.13,26.1
1480,28.6425,2004.41,25.53
1481,28.3161,2032.65,25.63
1482,28.104,1858.7,25.92
1483,28.7138,2012.0,24.63
1484,28.6417,1747.86,24.06
1485,29.3582,2010.08,23.36
1486,28.8522,1956.07,22.33
1487,29.6348,1864.02,24.08
1488,28.8352,1876.7,22.41
1489,30.3582,1908.7,23.01
1490,30.4322,1972.95,24.27
1491,30.8243,1985.55,22.5
1492,30.4788,2001.44,24.25
1493,30.7415,1943.88,25.78
1494,31.8158,1900.49,24.74
1495,33.0624,1998.1,25.66
1496,32.0921,1970.02,25.83
1497,32.3567,2019.51,26.01
1498,31.5192,2031.25,26.69
1499,30.7546,2023.22,25.82
1500,27.7974,2747.83,27.65
1501,28.8899,2750.71,26.96
1502,27.2122,2758.48,27.66
1503,28.2392,2641.02,26.05
1504,28.5764,2746.29,26.1
1505,28.5054,2706.94,25.8
1506,27.5819,2760.45,24.32
1507,28.5629,2661.34,23.91
1508,29.5103,2703.25,23.83
1509,27.9517,2760.24,24.23
1510,30.2068,2776.68,23.36
1511,30.6471,2720.59,22.95
1512,27.9606,2848.97,23.2
1513,30.4363,2787.45,23.44
1514,30.2331,2871.15,23.46
1515,30.8598,2709.71,22.49
1516,32.9239,2705.6,23.07
1517,32.339,2854.0,23.84
1518,31.5291,2807.56,25.77
1519,31.936,2840.49,25.84
1520,29.6697,2794.09,26.19
1521,31.3906,2804.24,26.12
1522,31.0887,2846.65,26.98
1523,29.8303,2712.78,27.36
1524,30.919,2678.51,27.0
1525,29.4081,2898.06,26.55
1526,29.0991,2846.97,26.91
1527,29.9779,2765.96,25.63
1528,29.0747,2832.51,26.32
1529,28.5934,2825.44,24.8
1530,29.4614,2905.59,24.83
1531,28.2056,2753.62,24.78
1532,28.8486,2815.75,23.92
1533,29.1502,2785.4,23.66
1534,31.1921,2817.92,22.8
1535,29.8612,2874.4,23.79
1536,29.7531,2811.82,23.11
1537,30.369,2744.39,22.82
1538,30.7737,2894.67,22.72
1539,31.1285,2836.96,24.0
1540,32.2199,2272.85,23.2
1541,30.8638,2146.14,24.52
1542,30.6415,2196.15,24.73
1543,32.3324,2074.58,25.48
1544,31.7259,2167.65,26.16
1545,30.018,2199.68,25.68
1546,30.2266,2184.79,26.01
1547,29.8767,2128.31,27.5
1548,28.134,2067.64,27.24
1549,31.2734,2102.65,25.79
1550,29.5693,2184.24,26.55
1551,29.5004,2193.94,26.09
1552,27.7148,2102.3,25.59
1553,28.5785,2101.65,26.43
1554,29.0769,2192.77,25.31
1555,28.4676,2159.02,24.22
1556,29.3422,2302.41,23.88
1557,26.7837,2227.7,23.84
1558,27.1343,2205.78,23.48
1559,30.0084,2095.04,22.78
1560,30.0323,2172.38,22.36
1561,29.8312,2160.72,23.07
1562,30.5044,2178.15,24.5
1563,30.667,2092.21,23.85
1564,31.9296,2190.21,23.26
1565,32.0842,2121.06,24.45
1566,31.6509,2022.32,24.94
1567,31.1448,2157.73,25.83
1568,30.8681,2129.19,26.4
1569,30.3952,2108.05,26.25
1570,29.5576,1970.61,26.16
1571,29.6121,2080.31,26.33
1572,29.8585,2196.32,27.64
1573,30.4983,2185.34,27.14
1574,28.856,2196.61,26.89
1575,28.049,2178.25,26.77
1576,29.3137,2161.17,26.34
1577,29.7388,2051.5,25.61
1578,28.1185,2050.23,25.23
1579,28.9889,2017.32,24.24
1580,29.9873,2096.81,24.06
1581,29.4448,2078.16,23.91
1582,29.4027,2012.57,22.85
1583,31.0669,2226.52,23.53
1584,29.1493,2059.68,23.13
1585,27.0922,2097.99,23.25
1586,30.5506,2125.44,23.15
1587,31.3348,2019.31,23.44
1588,30.6272,1951.31,22.6
1589,32.567,2128.02,24.99
1590,33.5113,2193.9,25.06
1591,31.7603,2070.38,25.68
1592,31.1058,2037.74,25.53
1593,30.2886,2092.69,26.1
1594,32.0628,2031.96,27.12
1595,29.6383,2198.9,27.25
1596,30.6407,2101.19,26.09
1597,29.7545,2018.28,27.12
1598,28.212,2147.71,26.21
1599,29.1828,2018.73,26.75
1600,28.9295,1995.99,25.69
1601,28.0874,2007.71,25.92
1602,28.8488,1941.94,25.1
1603,28.3246,1995.93,24.26
1604,27.4064,2006.29,24.31
1605,29.1798,1943.67,24.07
1606,30.2331,2047.43,23.4
1607,29.4892,1955.08,22.86
1608,30.0758,1965.04,22.89
1609,31.3521,2008.16,23.7
1610,31.5593,1979.48,24.35
1611,30.4388,1949.16,23.12
1612,33.0312,2049.6,23.45
1613,31.2109,1997.42,23.62
1614,32.9264,1981.22,25.01
1615,31.4706,1984.34,25.83
1616,31.65,1869.14,27.06
1617,31.0333,1991.6,26.37
1618,31.3625,1942.81,26.43
1619,31.1151,1980.78,25.99
1620,31.045,1983.06,27.94
1621,29.3273,1958.91,26.65
1622,29.2602,2023.74,27.95
1623,27.5624,1939.62,26.08
1624,28.8745,1854.51,25.72
1625,28.5765,1958.13,24.8
1626,28.8313,1900.72,25.14
1627,28.5833,1843.38,24.95
1628,29.4567,1954.43,23.96
1629,29.5493,1868.84,23.56
1630,31.3868,2033.34,23.21
1631,29.264,1893.33,22.78
1632,30.0297,1936.44,23.09
1633,31.3363,1929.15,22.78
1634,30.7388,1865.96,24.22
1635,31.8586,1871.75,23.34
1636,32.1275,1975.52,23.79
1637,30.9873,1895.59,24.46
1638,31.7454,1975.57,24.95
1639,32.2063,1892.71,25.27
1640,31.4003,1919.35,26.15
1641,32.1584,1891.43,26.84
1642,31.3745,1977.74,26.53
1643,30.9874,1949.68,27.26
1644,30.4769,1967.91,27.4
1645,28.8701,1956.72,26.29
1646,29.4107,1924.9,27.03
1647,28.0713,1939.64,26.32
1648,28.8879,1952.93,25.66
1649,29.007,1863.67,25.65
1650,28.5851,1901.47,25.19
1651,27.8211,1990.52,24.69
1652,27.2115,1906.43,24.26
1653,28.3857,2006.46,24.09
1654,28.2716,2013.44,23.26
1655,29.0076,1904.39,22.91
1656,30.9539,1951.05,23.52
1657,30.8514,1913.14,22.78
1658,30.9328,2022.47,22.91
1659,30.1051,1911.13,23.24
1660,31.3348,1947.21,23.33
1661,31.7943,1929.1,25.31
1662,30.9649,1880.52,25.56
1663,31.3947,1921.35,24.61
1664,31.8825,1913.93,25.9
1665,31.5418,1839.86,26.68
1666,29.7949,1946.7,26.21
1667,31.2559,2031.13,27.64
1668,29.3968,2063.22,27.66
1669,29.5591,1870.29,26.51
1670,28.2921,2009.81,27.63
1671,29.4421,2026.08,26.27
1672,27.918,1987.74,25.87
1673,28.7515,1983.83,25.26
1674,28.8911,1993.97,25.31
1675,28.8407,2047.73,24.55
1676,29.4053,2025.44,23.98
1677,28.4461,2082.89,23.4
1678,29.6184,2090.17,23.38
1679,31.2153,2092.57,22.52
1680,30.2022,2074.76,22.9
1681,30.0797,2056.9,22.55
1682,31.3635,2100.83,22.2
1683,31.1359,2041.74,24.82
1684,29.7291,2005.03,23.2
1685,31.8825,2037.14,23.38
1686,33.1749,2168.19,25.45
1687,31.1129,2081.54,26.4
1688,30.9808,1982.79,26.25
1689,31.9318,2109.91,26.97
1690,31.2986,2055.87,25.93
1691,30.6014,2038.26,27.14
1692,29.8317,2063.66,26.7
1693,31.2768,2034.87,26.68
1694,29.6272,2046.7,27.29
1695,29.3745,2082.4,26.0
1696,29.5627,2149.65,25.95
1697,28.1011,2174.28,25.61
1698,28.0952,2072.3,24.47
1699,29.4137,2096.97,24.7
1700,29.0371,2174.41,24.1
1701,27.583,2152.56,24.01
1702,29.3761,2223.18,22.34
1703,30.2132,2157.12,23.02
1704,29.0468,2095.44,23.42
1705,28.8737,2243.14,23.44
1706,30.9726,2049.2,23.32
1707,31.7606,2137.48,23.54
1708,30.0855,2091.06,23.17
1709,31.4122,1977.87,25.45
1710,32.2382,2103.79,24.69
1711,31.4328,2129.52,24.66
1712,32.8108,2118.63,25.63
1713,32.2204,2171.05,27.44
1714,32.5737,2180.77,27.45
1715,28.5464,2123.49,27.47
1716,29.6915,2121.36,27.3
1717,29.1996,2210.62,26.79
1718,28.967,2087.64,26.4
1719,28.5682,2133.89,26.47
1720,28.4702,2166.64,26.32
1721,29.0356,2117.99,25.35
1722,28.5031,2122.72,25.35
1723,26.999,2132.73,24.99
1724,28.4056,2137.51,24.76
1725,29.4826,2155.94,23.75
1726,30.9507,2103.22,23.67
1727,29.1344,2214.07,22.72
1728,30.2141,2094.2,22.84
1729,29.2946,2124.47,22.71
1730,30.3527,2202.63,23.6
1731,31.3507,2195.76,23.87
1732,31.5475,2186.78,24.78
1733,31.1807,2078.91,23.94
1734,30.8234,2185.71,25.24
1735,31.7301,2175.03,25.37
1736,31.8044,2121.79,25.05
1737,30.3056,2087.62,26.19
1738,31.1433,2179.56,26.59
1739,31.5743,2108.22,26.82
1740,29.8562,2185.12,27.1
1741,29.0657,2152.1,28.16
1742,31.1575,2127.13,26.62
1743,28.4225,2092.59,27.31
1744,28.4349,2086.99,25.55
1745,28.632,2242.29,25.16
1746,28.1029,2139.11,25.55
1747,28.6385,2144.66,24.63
1748,28.2835,2203.23,24.2
1749,29.0926,2074.94,23.09
1750,28.9386,2118.95,23.62
1751,31.3135,2257.52,22.54
1752,29.7929,2072.59,23.22
1753,30.4599,2128.85,22.74
1754,31.7095,2127.0,24.04
1755,30.7753,2124.07,23.9
1756,31.2132,2127.14,23.78
1757,30.1661,2055.83,24.21
1758,31.8298,2059.79,25.24
1759,31.9096,1997.56,25.39
1760,31.8352,2044.05,25.6
1761,30.6874,2055.55,27.71
1762,29.766,2049.74,26.1
1763,30.7242,2119.99,26.95
1764,29.7316,1931.3,26.59
1765,29.1245,2062.24,27.08
1766,28.4325,1908.46,26.63
1767,28.3477,1984.48,27.33
1768,28.5293,1990.79,26.22
1769,28.8536,2091.05,25.79
1770,28.7537,2068.02,25.3
1771,27.6386,1941.68,24.68
1772,30.28,1890.47,24.05
1773,28.4346,2102.45,24.57
1774,28.9336,1974.9,23.25
1775,28.0149,1994.8,22.7
1776,28.5051,1913.25,22.91
1777,30.0681,1969.2,23.03
1778,30.3934,1960.99,23.3
1779,31.5936,1967.27,23.31
1780,30.927,1983.35,24.12
1781,30.9193,2058.72,23.94
1782,31.2019,1933.97,24.48
1783,31.851,1976.81,25.36
1784,31.4736,2012.98,25.82
1785,29.7715,1883.55,26.58
1786,30.5798,1860.43,27.75
1787,30.697,1950.5,27.14
1788,30.0596,2095.51,27.09
1789,28.1749,1890.53,27.11
1790,30.2926,1971.49,26.89
1791,28.451,2029.94,26.97
1792,30.2485,1751.74,25.83
1793,29.464,1803.43,25.47
1794,28.6275,1834.18,25.69
1795,28.129,2010.36,24.94
1796,27.2163,1914.25,24.96
1797,29.927,1957.49,24.07
1798,29.782,1851.79,24.58
1799,27.777,1987.72,21.6
1800,31.2383,1964.49,22.05
1801,29.6842,1967.2,22.94
1802,30.074,1810.41,23.36
1803,30.9089,1942.9,25.12
1804,30.75,2013.18,23.63
1805,31.5001,1945.9,25.07
1806,32.3668,1910.26,25.14
1807,30.8245,1895.36,25.19
1808,31.489,1975.88,26.78
1809,31.2624,1949.44,25.56
1810,31.7053,1892.38,27.11
1811,30.4011,1755.64,27.19
1812,31.4881,1844.22,26.83
1813,30.2684,1874.5,27.17
1814,28.7319,1908.54,27.46
1815,28.8864,1920.37,26.14
1816,28.8346,1878.16,25.49
1817,29.0924,1856.64,24.95
1818,28.7563,1885.39,25.99
1819,27.4855,1869.24,23.79
1820,29.1394,1971.79,24.04
1821,30.1667,2083.74,23.88
1822,29.6997,1945.4,23.44
1823,30.0068,1998.54,22.86
1824,30.0657,1980.08,23.35
1825,30.1229,1896.89,22.62
1826,31.3273,2047.21,24.24
1827,30.7446,1992.54,24.47
1828,32.0778,2009.52,24.56
1829,30.191,2071.07,24.37
1830,31.5331,2076.32,25.02
1831,31.0921,2008.08,25.51
1832,30.1695,1966.47,26.05
1833,30.7823,1986.0,25.79
1834,29.793,1990.6,27.35
1835,31.112,1982.23,27.44
1836,28.65,2022.48,26.71
1837,29.2736,1970.74,26.96
1838,30.2607,2030.76,26.41
1839,29.4375,1946.83,26.28
1840,27.9497,1969.22,25.73
1841,28.0931,2048.97,26.55
1842,27.8899,2131.26,24.25
1843,28.8732,2042.91,25.07
1844,27.0381,2002.33,24.76
1845,28.8227,2097.45,23.2
1846,29.3907,2131.5,23.55
1847,28.6279,2143.19,23.45
1848,29.8842,2062.0,22.64
1849,31.3919,2122.9,23.49
1850,30.5363,2078.38,23.58
1851,30.4453,2097.74,22.36
1852,32.8825,2038.74,23.4
1853,30.3801,1897.43,24.32
1854,31.6344,2198.23,25.39
1855,32.5458,2037.23,25.54
1856,32.0227,2189.44,25.47
1857,30.4837,2168.64,26.73
1858,30.5041,2028.65,25.89
1859,29.8226,2074.49,26.8
1860,29.5894,2142.28,27.43
1861,30.656,2011.84,26.83
1862,30.6542,1986.57,26.65
1863,30.4653,2085.34,26.16
1864,28.2181,2108.99,25.8
1865,28.37,2110.27,25.85
1866,28.1469,2050.74,24.98
1867,29.6754,2132.39,24.04
1868,28.7918,2178.02,23.24
1869,29.4669,2100.63,23.67
1870,27.8267,2115.49,22.75
1871,29.7313,2105.48,23.27
1872,31.2324,2135.76,22.84
1873,29.5146,2176.49,23.35
1874,29.5598,2022.46,23.08
1875,30.5684,2169.8,22.65
1876,31.8306,2146.83,23.88
1877,31.8208,2121.17,24.7
1878,30.283,2144.26,24.87
1879,31.7185,2166.3,25.54
1880,31.0713,2201.25,24.84
1881,29.9649,2050.23,26.8
1882,31.0115,2117.42,27.0
1883,32.0984,2230.95,27.17
1884,30.737,2141.08,26.39
1885,28.1832,2145.69,27.19
1886,29.3317,2151.13,26.34
1887,30.1227,2177.45,26.22
1888,29.2688,2287.39,26.71
1889,27.7205,2131.76,25.79
1890,28.0577,2195.08,24.33
1891,30.0108,2157.44,23.36
1892,28.2035,2057.19,23.08
1893,30.0714,2037.09,24.22
1894,28.1464,2074.19,22.76
1895,28.2746,2183.31,23.97
1896,30.2366,2119.87,22.81
1897,30.0949,2158.35,22.22
1898,31.0124,2155.25,23.92
1899,31.3754,2095.56,23.43
1900,31.6131,2250.02,23.9
1901,31.6744,2149.31,24.31
1902,31.8259,2182.76,25.32
1903,32.2478,2198.1,24.99
1904,29.9935,2090.65,26.17
1905,29.9028,2127.88,26.57
1906,31.3966,2124.84,27.35
1907,31.2252,2047.46,26.63
1908,30.7552,2113.12,28.04
1909,28.3123,2106.26,26.83
1910,29.1128,2133.54,27.39
1911,28.8833,2087.11,26.26
1912,29.7909,2022.92,25.83
1913,29.2005,2027.43,24.47
1914,27.3445,2053.63,24.73
1915,28.7905,2017.66,24.52
1916,28.1774,2081.23,24.04
1917,28.8644,2117.39,23.65
1918,29.7306,2076.35,21.87
1919,29.4363,2155.03,22.85
1920,29.7288,2163.58,23.39
1921,31.2882,2048.37,22.91
1922,29.0296,2077.5,23.3
1923,31.8313,2044.18,23.74
1924,30.6786,2136.02,24.29
1925,33.0734,2187.71,23.81
1926,30.7805,2138.03,25.22
1927,30.0427,2131.92,25.4
1928,30.4905,2135.21,26.08
1929,30.9001,1979.4,27.74
1930,29.5559,2041.82,27.13
1931,29.9414,1987.67,27.22
1932,29.9798,2012.63,26.68
1933,28.7703,1988.43,27.41
1934,29.388,2095.34,26.16
1935,28.5519,2099.92,27.06
1936,27.4807,1976.08,25.46
1937,27.9325,2007.13,26.08
1938,29.3816,2109.46,24.85
1939,29.1451,1913.75,24.44
1940,28.4686,2051.22,24.81
1941,27.7816,1967.72,23.51
1942,29.0416,1995.69,23.9
1943,30.4517,2111.95,22.57
1944,29.5144,1920.55,23.17
1945,29.8693,2065.78,23.01
1946,30.4299,2036.7,22.67
1947,30.157,2037.31,23.13
1948,30.939,2017.4,24.05
1949,31.2427,1973.46,23.87
1950,32.8092,2047.37,24.1
1951,31.8347,2042.64,24.61
1952,32.1241,1886.07,26.1
1953,29.6017,1807.37,26.21
1954,30.6636,1913.46,26.95
1955,30.6921,1893.65,26.08
1956,30.6198,1868.08,26.13
1957,29.9987,2007.09,26.48
1958,29.8731,2057.17,27.49
1959,28.8163,1976.55,25.63
1960,29.1965,1969.67,27.17
1961,28.7077,1902.62,25.16
1962,28.6008,2048.32,25.67
1963,28.7769,1834.63,24.38
1964,28.1933,1948.23,23.58
1965,28.4054,1903.92,23.08
1966,29.2696,1976.87,24.02
1967,29.9998,1926.78,23.62
1968,28.7784,1937.89,23.54
1969,31.8009,1903.08,22.64
1970,30.3608,1929.15,23.15
1971,31.5843,1903.96,23.79
1972,30.3987,1829.51,23.66
1973,31.6826,1992.01,24.46
1974,30.2083,1953.26,25.32
1975,32.1555,2016.1,25.05
1976,29.3999,2045.16,25.79
1977,31.3992,1988.32,26.52
1978,30.0156,1839.25,26.13
1979,29.8727,1966.07,27.7
1980,29.7215,1920.08,26.22
1981,28.9717,2041.7,27.08
1982,29.038,2000.11,26.51
1983,28.9498,2049.02,25.95
1984,29.8393,1849.26,24.88
1985,28.1279,1993.55,25.06
1986,28.8901,1906.79,24.88
1987,26.6667,1939.14,24.35
1988,28.4489,1905.54,24.03
1989,29.0881,1936.1,23.31
1990,30.6647,1955.19,23.37
1991,29.3325,1965.44,22.88
1992,31.3993,1930.06,22.49
1993,30.5374,1895.89,22.74
1994,30.2372,2025.85,23.79
1995,30.0287,1882.97,22.67
1996,30.6351,1980.51,24.14
1997,31.8854,2022.52,25.09
1998,31.8978,2016.39,25.24
1999,31.9525,2034.26,26.16
2000,30.9719,1979.15,26.16
2001,31.5696,1994.69,25.89
2002,29.9848,1993.15,26.92
2003,28.4899,2115.6,26.17
2004,29.3185,1997.61,27.25
2005,29.8404,2007.9,27.4
2006,29.4259,1994.0,26.67
2007,29.0568,2085.18,26.12
2008,27.8047,1982.08,25.95
2009,28.5547,2089.62,25.54
2010,28.4837,2077.74,25.21
2011,28.1035,1933.88,24.3
2012,29.845,2026.31,23.4
2013,28.1167,2061.74,23.49
2014,31.2179,1994.15,22.48
2015,29.3776,2077.43,23.7
2016,30.3974,2049.01,22.42
2017,30.5273,1979.75,22.43
2018,32.4465,2045.93,23.11
2019,30.5118,2039.71,23.68
2020,30.2728,2077.72,23.71
2021,32.3126,2194.97,24.04
2022,32.1315,2022.36,24.49
2023,31.9207,2115.66,26.03
2024,31.0061,2136.27,26.14
2025,30.9842,2033.15,25.45
2026,30.7693,2065.94,26.37
2027,30.2529,2195.83,25.81
2028,30.0446,2070.22,27.97
2029,28.9721,2065.26,26.93
2030,28.3743,2121.39,26.34
2031,29.8424,2092.24,26.31
2032,29.004,2080.35,25.62
2033,29.0681,2099.75,24.98
2034,28.7627,2093.64,25.33
2035,27.2026,2138.0,24.23
2036,28.6389,2040.0,24.16
2037,30.0631,2126.75,23.64
2038,29.3351,2128.91,22.82
2039,30.1334,2086.4,21.89
2040,30.101,2091.38,23.08
2041,30.2129,2124.61,23.57
2042,31.5085,2146.77,23.39
2043,30.4957,2097.73,23.59
2044,31.9492,2074.79,24.37
2045,30.83,2167.75,25.22
2046,31.121,2108.73,24.21
2047,31.6335,2133.43,25.54
2048,30.0581,2109.13,25.54
2049,32.4555,2104.64,25.88
2050,31.3341,2192.3,26.64
2051,30.2868,2225.26,27.71
2052,30.2367,2154.62,26.88
2053,29.5213,2270.95,27.69
2054,29.3104,2184.65,25.74
2055,30.5771,2182.48,25.96
2056,27.2956,2173.51,26.41
2057,29.2539,2231.64,25.53
2058,27.8147,2121.94,25.95
2059,28.2392,2125.55,24.82
2060,29.1912,2079.47,23.88
2061,28.8446,2177.55,22.62
2062,29.5982,2049.74,22.58
2063,29.3678,2190.28,22.08
2064,28.8398,2167.44,22.97
2065,30.8449,2091.16,23.39
2066,31.6605,2193.57,23.41
2067,31.3582,2282.05,23.5
2068,32.4057,2100.11,24.56
2069,32.0199,2107.25,24.08
2070,30.394,2171.84,26.34
2071,30.7802,2119.88,25.46
2072,31.0105,2163.22,25.52
2073,30.6781,2109.77,26.12
2074,29.5329,2100.31,26.69
2075,29.6846,2081.96,26.19
2076,30.0909,2121.29,27.01
2077,30.1316,2018.91,26.78
2078,28.8021,2130.33,25.53
2079,28.0781,2102.2,26.45
2080,27.6783,2114.55,26.84
2081,27.7843,2199.14,25.41
2082,28.5856,2223.51,25.04
2083,28.955,2125.07,25.07
2084,29.1688,2051.51,23.98
2085,28.4741,2150.28,22.57
2086,27.843,2133.21,23.38
2087,29.0362,2084.65,23.45
2088,30.6461,1971.94,22.84
2089,31.3837,2141.55,23.05
2090,30.9996,2047.61,24.41
2091,30.1176,2070.94,23.35
2092,32.556,2121.4,23.51
2093,31.7918,2098.49,26.15
2094,31.7087,2085.11,25.22
2095,31.2066,2009.14,25.97
2096,30.8531,2014.05,25.44
2097,31.3389,2048.67,26.59
2098,30.5854,2089.71,26.96
2099,29.2855,2175.72,26.16
2100,32.6726,2064.74,27.43
2101,30.4048,1957.94,26.85
2102,29.7233,2010.01,26.72
2103,28.8174,2028.07,26.6
2104,28.294,2046.2,26.44
2105,28.969,2081.02,25.5
2106,28.6596,2034.99,25.16
2107,29.5698,2034.43,24.7
2108,29.5021,1938.52,24.36
2109,29.3667,2003.68,23.36
2110,29.1682,2041.86,22.31
2111,28.5753,1961.28,22.7
2112,31.128,2001.98,22.36
2113,30.2345,1928.55,22.95
2114,31.339,2069.23,24.57
2115,32.7373,1984.44,24.11
2116,30.6065,1937.97,24.03
2117,31.2922,1962.1,25.45
2118,31.2499,1866.12,25.75
2119,31.0729,2099.49,25.63
2120,30.0579,1930.97,25.04
2121,31.1331,1957.53,25.93
2122,31.4081,1921.73,26.32
2123,30.6179,1998.8,26.94
2124,30.7594,1997.82,27.16
2125,30.3739,1888.68,25.63
2126,29.2978,2030.67,27.47
2127,29.2166,1945.39,26.32
2128,29.1852,1851.56,26.03
2129,27.9365,1938.82,24.61
2130,29.0155,2002.92,25.12
2131,27.3954,1906.91,25.0
2132,28.396,1860.57,24.2
2133,29.6885,1935.41,23.87
2134,29.6073,1902.51,23.46
2135,29.9675,1919.43,23.11
2136,29.3247,1935.3,23.22
2137,31.3609,1939.44,23.0
2138,30.3451,1876.85,22.43
2139,31.4097,1801.12,23.74
2140,30.4022,1946.56,23.8
2141,31.8335,1982.81,25.06
2142,31.1527,2064.83,25.59
2143,32.726,1895.57,25.81
2144,31.5368,1891.7,26.02
2145,31.9769,1978.59,25.62
2146,30.7751,1883.2,26.79
2147,30.539,1963.02,27.38
2148,30.3928,1961.61,26.97
2149,29.1627,1995.63,26.89
2150,30.3316,1818.52,25.33
2151,29.2901,1945.71,26.49
2152,27.2901,1976.08,26.91
2153,28.4115,1913.56,25.32
2154,27.5384,1950.79,25.76
2155,28.05,1873.69,23.95
2156,27.2473,1868.22,24.23
2157,28.7577,2065.17,22.86
2158,29.102,1874.49,23.7
2159,30.1486,1861.44,23.19
2160,30.2825,1985.2,23.27
2161,30.8224,1869.16,22.36
2162,30.5167,1933.61,24.37
2163,30.2751,2028.74,23.97
2164,30.9863,1829.11,23.34
2165,31.3362,1918.88,24.05
2166,31.5864,1884.57,25.43
2167,31.2429,1939.97,25.48
2168,30.5049,2080.5,26.17
2169,32.1935,2005.24,26.45
2170,30.2198,1944.19,27.69
2171,30.9222,2089.72,27.37
2172,29.6688,2124.83,26.52
2173,30.8002,2013.9,26.78
2174,31.6644,1988.2,25.7
2175,30.0226,2048.38,25.53
2176,28.6262,2021.35,25.78
2177,29.0187,1932.67,24.59
2178,28.0793,2037.14,24.11
2179,29.4259,2087.79,24.1
2180,28.7616,2100.6,24.08
2181,29.7386,2071.56,23.09
2182,27.718,2100.76,24.14
2183,29.2982,1988.94,22.77
2184,29.8799,1977.38,22.93
2185,29.3034,2053.64,23.61
2186,31.9578,1968.58,24.44
2187,31.3299,2172.18,23.12
2188,31.2382,2146.26,23.52
2189,32.1186,2011.91,25.17
2190,31.2566,2073.45,26.17
2191,31.351,2091.52,25.71
2192,33.7736,2006.36,25.51
2193,30.498,2186.64,26.08
2194,30.2681,2038.65,26.35
2195,28.7338,2153.1,27.28
2196,31.5784,2065.39,27.72
2197,31.1689,2118.08,27.01
2198,28.6959,2237.63,27.62
2199,28.9621,2075.28,26.78
2200,29.1379,2084.48,26.02
2201,28.7093,2147.17,25.75
2202,29.7735,2157.68,24.76
2203,28.8673,2062.87,24.14
2204,29.3853,2044.41,24.21
2205,28.8208,2005.87,23.93
2206,29.4589,2136.48,23.72
2207,29.219,2169.05,23.2
2208,30.9238,2146.41,24.39
2209,30.7198,2200.37,23.82
2210,29.8643,2170.91,22.75
2211,30.7399,2070.12,23.71
2212,30.9146,2232.88,24.44
2213,30.5439,2205.99,23.78
2214,32.5317,2176.79,24.74
2215,31.0626,2136.03,25.73
2216,30.9288,2173.81,25.96
2217,30.9115,2137.5,26.86
2218,30.7878,2121.81,27.06
2219,29.3909,2224.37,27.05
2220,30.5777,2180.8,26.28
2221,29.4145,2100.42,27.46
2222,27.7662,2134.4,27.24
2223,30.0696,2108.88,26.19
2224,28.0208,2166.71,27.07
2225,27.9781,2128.41,25.95
2226,28.3592,2270.73,25.45
2227,29.3802,2118.37,24.37
2228,29.082,2142.97,23.35
2229,28.9661,2133.85,23.55
2230,30.6923,2174.6,23.67
2231,29.7613,2153.03,22.75
2232,29.0172,2256.33,22.82
2233,29.0651,2159.69,23.14
2234,30.3554,2105.01,24.08
2235,29.7659,2144.63,24.09
2236,31.6028,2184.18,24.42
2237,31.941,2280.42,24.88
2238,30.9632,2130.01,24.48
2239,31.9821,2175.73,25.12
2240,31.3907,2093.5,25.76
2241,31.0348,2222.01,27.37
2242,30.4421,2070.32,26.25
2243,30.7446,2153.31,27.34
2244,30.7034,2249.07,26.76
2245,31.0139,2201.6,27.68
2246,28.2031,2047.61,26.83
2247,29.4583,2090.18,25.77
2248,27.8674,2087.4,26.41
2249,27.7264,2159.51,24.51
2250,28.8315,2110.37,24.68
2251,29.4879,2073.06,24.94
2252,29.0958,2234.7,24.7
2253,28.2472,1995.7,24.08
2254,29.0835,2154.71,23.79
2255,29.5372,2151.38,23.98
2256,28.9722,2005.4,23.21
2257,29.6073,2171.67,22.5
2258,30.8721,2022.28,22.98
2259,30.8355,2003.82,23.48
2260,30.7408,2034.75,23.85
2261,31.9773,2036.23,23.85
2262,31.1717,2076.51,25.44
2263,32.1946,2166.96,25.87
2264,31.4228,2003.68,25.69
2265,31.4363,2139.27,26.5
2266,31.7239,2073.01,26.74
2267,29.7277,2083.43,27.64
2268,30.7632,2036.93,27.08
2269,30.6011,2112.9,25.79
2270,29.2874,2113.81,25.84
2271,27.1592,2014.57,26.05
2272,28.4212,2037.58,25.28
2273,29.5132,2001.86,24.89
2274,29.5991,2039.32,25.34
2275,29.5135,2013.23,24.88
2276,28.4258,2085.24,23.46
2277,29.7733,2000.64,24.53
2278,28.5945,2046.16,22.61
2279,28.9607,1973.81,22.66
2280,28.9393,2005.82,22.8
2281,29.8177,1938.87,22.47
2282,30.4986,1990.71,22.8
2283,29.6614,1976.21,23.86
2284,31.479,2022.43,24.48
2285,32.9651,2067.67,24.84
2286,30.2036,1895.41,24.77
2287,31.529,2018.26,25.91
2288,31.3722,1941.22,25.88
2289,31.1945,1897.55,26.5
2290,30.3643,1807.79,26.24
2291,30.1269,2065.71,27.13
2292,30.1442,1977.86,28.58
2293,28.5517,1932.3,27.76
2294,28.3365,1922.6,26.99
2295,29.459,1973.54,25.71
2296,28.2771,2032.17,25.89
2297,27.4837,1880.25,25.78
2298,27.5154,1968.09,24.41
2299,28.4171,1954.41,24.93
2300,28.9125,1926.53,24.44
2301,28.8343,1936.46,24.06
2302,29.4933,1935.41,23.74
2303,29.0756,1879.98,22.57
2304,31.2698,1982.65,23.21
2305,30.7056,1964.95,23.28
2306,30.0811,1835.04,23.32
2307,31.4467,1844.01,23.32
2308,31.9311,1983.66,24.28
2309,31.2406,1868.53,24.67
2310,31.986,1753.79,25.22
2311,33.8568,1868.55,26.37
2312,30.8356,1949.12,25.09
2313,31.2327,1814.26,25.6
2314,31.3063,1889.25,26.66
2315,31.1781,1959.36,26.63
2316,30.1041,1845.19,26.67
2317,31.0226,1945.83,27.05
2318,29.9151,2006.35,26.51
2319,27.5076,1899.87,27.16
2320,28.8262,2007.41,25.39
2321,29.1735,1953.3,25.06
2322,28.4849,1927.32,24.47
2323,30.6523,1996.87,24.02
2324,30.1022,1962.83,24.38
2325,29.4049,1916.62,24.23
2326,28.1512,1967.09,24.08
2327,28.563,1924.7,23.89
2328,29.4255,1933.16,22.82
2329,31.1515,1924.41,24.11
2330,30.525,1877.4,22.98
2331,31.9412,1996.83,23.36
2332,31.2693,1983.8,23.83
2333,30.0646,1972.26,24.11
2334,30.4402,2011.32,25.38
2335,31.266,2019.22,25.7
2336,31.3261,1867.98,26.32
2337,30.5892,1947.13,25.83
2338,31.5861,1920.97,25.66
2339,29.9078,2059.66,27.96
2340,28.8426,1899.96,27.92
2341,31.1968,2125.53,27.08
2342,29.0508,2068.94,27.12
2343,29.0966,2032.96,25.81
2344,29.6276,2024.34,26.29
2345,28.4053,1952.09,25.61
2346,27.7056,2069.67,25.52
2347,29.3441,1998.9,24.6
2348,28.4301,2041.82,23.88
2349,28.8158,1897.43,23.14
2350,29.9806,2106.3,22.68
2351,30.1411,2119.37,22.63
2352,29.9112,2112.17,22.28
2353,31.0391,1999.22,22.74
2354,29.9924,1950.44,22.18
2355,30.1979,2031.57,24.38
2356,32.466,1989.16,24.71
2357,31.3523,2036.8,24.61
2358,31.6915,2070.35,24.57
2359,32.5007,2020.91,24.87
2360,31.24,2060.29,25.57
2361,31.283,2068.75,25.7
2362,31.1662,2083.2,26.37
2363,30.639,2121.35,26.15
2364,30.6056,2157.96,26.81
2365,29.0225,2098.98,26.76
2366,29.0125,2071.15,27.05
2367,29.3786,2200.98,26.73
2368,26.9912,2081.05,26.61
2369,28.5846,2157.97,25.58
2370,29.0171,2083.82,24.3
2371,28.329,2236.13,23.8
2372,27.856,2037.56,23.93
2373,27.7561,2133.2,23.78
2374,28.2164,2162.94,23.87
2375,28.9475,2131.97,23.65
2376,30.4795,2256.19,22.52
2377,30.4515,2163.43,23.17
2378,29.9851,2087.97,23.93
2379,32.0969,2144.14,23.52
2380,30.8773,2157.98,23.77
2381,31.467,2156.16,24.1
2382,31.1151,2144.68,25.27
2383,32.6051,2201.44,25.16
2384,31.6788,2218.09,26.24
2385,31.7486,2144.78,26.65
2386,29.6585,2110.76,26.45
2387,30.0491,2022.25,27.39
2388,30.192,2115.6,26.84
2389,29.8298,2141.34,26.8
2390,29.271,2211.35,26.45
2391,28.1305,2174.04,26.35
2392,27.8372,2206.04,25.74
2393,27.2865,2239.83,25.13
2394,28.9987,2220.11,25.79
2395,28.468,2172.97,23.9
2396,29.4562,2213.75,23.73
2397,29.0833,2230.34,23.9
2398,31.013,2179.67,22.78
2399,27.6058,2250.37,23.43
2400,28.0453,2169.1,22.67
2401,30.8325,2068.15,21.67
2402,31.2162,2206.07,23.66
2403,30.3093,2217.24,23.52
2404,29.6658,2158.9,24.69
2405,32.1693,2101.17,24.04
2406,30.6462,2125.53,25.04
2407,32.1042,2176.48,25.16
2408,31.5299,2157.83,25.79
2409,32.7981,2009.72,25.22
2410,31.7081,2157.31,26.54
2411,30.0604,2110.82,26.02
2412,29.1337,2135.88,26.79
2413,30.3484,2125.47,27.41
2414,28.5738,2129.57,26.72
2415,26.064,2093.26,27.03
2416,29.0367,2007.91,26.51
2417,29.8891,2234.17,25.87
2418,28.6166,2178.72,24.69
2419,27.9345,2067.84,24.15
2420,28.2075,2084.24,24.17
2421,30.6557,2116.17,23.51
2422,29.3093,2173.43,22.42
2423,29.8726,2123.68,23.08
2424,29.4737,2050.04,23.47
2425,29.9698,1989.19,22.88
2426,30.4145,2170.48,23.0
2427,30.0624,1997.84,24.24
2428,30.6782,2061.87,24.19
2429,31.8191,2185.69,24.87
2430,32.0278,2120.25,25.08
2431,30.584,2117.15,25.19
2432,31.8817,2053.35,27.42
2433,30.8752,1945.98,26.27
2434,30.3128,2024.65,26.88
2435,30.1639,2053.7,26.24
2436,30.7938,2088.78,26.85
2437,29.4973,1995.68,27.2
2438,29.1195,2021.91,26.42
2439,29.7762,1943.8,26.07
2440,28.6328,2003.56,25.66
2441,27.3745,1968.91,25.48
2442,27.6107,2007.2,25.21
2443,29.9479,2015.83,24.23
2444,28.5804,2058.93,25.03
2445,27.5245,1846.33,23.07
2446,28.3384,1963.16,22.75
2447,30.3032,2049.22,23.3
2448,28.5919,1955.24,23.18
2449,30.8862,1924.47,22.36
2450,32.2274,1990.69,24.47
2451,30.065,1953.1,23.43
2452,30.7246,1929.62,23.99
2453,31.33,1990.05,24.86
2454,32.1361,1946.09,24.95
2455,31.8977,1888.62,25.83
2456,31.1403,2004.3,24.51
2457,30.3599,1894.32,25.67
2458,32.5658,1861.59,26.3
2459,31.1379,1973.86,26.99
2460,29.9626,1742.62,27.13
2461,30.3549,1901.36,26.59
2462,28.3385,1936.62,27.28
2463,29.205,1940.9,26.1
2464,27.4762,2030.72,25.48
2465,28.349,1976.17,24.96
2466,27.9452,1964.97,25.72
2467,29.3198,1983.24,24.92
2468,28.4183,1924.7,24.23
2469,27.8805,1861.45,22.81
2470,28.8814,1843.9,23.13
2471,28.0148,1967.85,23.47
2472,29.4562,1851.24,22.49
2473,31.1726,1969.84,23.58
2474,29.6283,1884.15,23.57
2475,31.8107,2028.2,22.77
2476,31.2715,1779.13,23.38
2477,32.1439,1903.59,25.04
2478,29.961,1918.72,25.08
2479,31.2559,1896.33,25.55
2480,31.6717,2003.95,26.59
2481,30.9687,2016.33,25.49
2482,29.9175,2042.52,26.94
2483,28.4737,2041.89,27.56
2484,30.6108,1871.8,27.88
2485,29.1601,1753.66,26.68
2486,29.7866,1877.5,26.92
2487,29.3655,1990.33,27.23
2488,27.8489,1967.49,25.03
2489,29.0062,1829.57,25.57
2490,29.8619,1884.15,24.22
2491,26.8173,1953.83,24.44
2492,29.7919,2007.48,23.89
2493,28.8135,1945.7,23.84
2494,30.3729,1887.3,23.09
2495,30.3394,1819.64,22.9
2496,30.2791,2049.59,23.29
2497,30.4748,1879.58,23.59
2498,31.2707,1993.68,23.19
2499,31.05,1995.03,22.99
2500,30.8666,1855.59,23.38
2501,31.7888,1874.48,23.75
2502,32.4696,1987.83,24.44
2503,31.0807,1901.07,24.87
2504,32.8451,2002.01,25.92
2505,30.3089,1898.54,25.92
2506,32.1745,1870.04,26.66
2507,30.4748,2005.3,26.95
2508,30.5623,2003.39,27.12
2509,29.0054,2020.62,27.18
2510,30.572,2027.64,27.0
2511,29.3041,1947.81,25.84
2512,27.4181,1964.45,25.69
2513,29.6952,2060.82,25.91
2514,29.5075,2033.71,24.96
2515,27.442,2047.29,23.77
2516,28.4638,1891.18,24.86
2517,29.5218,1990.91,24.18
2518,29.47,2044.67,22.71
2519,29.9403,2074.12,22.78
2520,29.6471,2091.76,22.9
2521,29.5064,1977.54,23.14
2522,31.452,2040.42,22.86
2523,29.9697,2055.3,24.1
2524,29.9746,2098.66,24.17
2525,31.2421,2161.29,25.47
2526,30.6696,2097.18,25.07
2527,30.6479,2113.07,25.69
2528,31.8853,2071.22,25.67
2529,31.6355,2087.8,26.31
2530,31.5477,2055.58,26.54
2531,30.9243,2016.19,27.16
2532,28.9612,2120.37,26.87
2533,29.5309,2120.83,27.1
2534,28.993,2209.63,25.97
2535,29.8208,2103.15,26.53
2536,28.5902,2124.1,25.44
2537,27.2636,2117.41,25.27
2538,29.7221,2017.8,25.39
2539,28.8419,2165.58,24.79
2540,28.9373,2147.67,24.29
2541,29.0406,2112.17,23.28
2542,27.9788,2106.34,23.3
2543,29.1599,2186.68,22.79
2544,31.2783,2195.16,23.42
2545,32.7676,2141.37,22.46
2546,30.3092,2109.03,23.88
2547,31.9934,2097.1,23.5
2548,31.8362,2196.76,24.34
2549,31.4013,2209.24,25.0
2550,30.6282,2233.77,25.14
2551,30.9362,2116.99,25.66
2552,30.7172,2189.8,26.07
2553,32.0766,2106.45,25.98
2554,30.6701,2235.87,26.78
2555,29.7165,2257.57,25.93
2556,29.0903,2136.87,26.44
2557,29.5578,2232.58,28.19
2558,31.2552,2138.18,26.74
2559,29.0752,2147.97,26.27
2560,27.8043,2157.42,25.2
2561,27.6939,2130.34,25.4
2562,29.4636,2134.08,25.82
2563,28.6155,2196.18,24.47
2564,28.6346,2162.06,23.42
2565,27.5403,2159.56,23.9
2566,29.1457,2262.78,23.45
2567,27.9989,2182.98,22.88
2568,29.7944,2109.81,22.69
2569,29.8853,2229.14,23.11
2570,30.2765,2107.66,23.36
2571,32.2232,2017.96,24.51
2572,30.075,2115.36,24.48
2573,31.3612,2178.4,23.69
2574,30.5072,2339.19,24.43
2575,29.5373,2095.73,25.51
2576,30.543,2061.18,26.27
2577,30.7798,2089.23,26.81
2578,31.6271,2128.39,26.33
2579,30.0231,2158.35,26.4
2580,27.6419,2124.21,27.04
2581,30.7863,2125.59,25.8
2582,28.7908,2163.14,26.46
2583,28.1659,2113.35,26.67
2584,27.9537,2171.49,25.88
2585,28.4473,2062.59,25.79
2586,28.509,2119.68,25.15
2587,29.0154,2079.37,25.59
2588,28.9136,2152.52,24.01
2589,28.5198,2047.88,22.77
2590,29.5618,1993.59,23.25
2591,30.2155,2021.51,23.02
2592,30.627,2143.84,23.28
2593,28.9992,1971.54,23.22
2594,31.0424,2086.12,23.56
2595,31.4816,2064.17,23.63
2596,31.1723,2112.2,24.21
2597,32.3681,2088.07,24.47
2598,29.9409,1922.76,24.35
2599,32.8633,2019.42,25.38
2600,31.591,2054.76,26.08
2601,31.3787,1989.37,27.53
2602,30.2323,2053.24,26.95
2603,30.2991,2015.82,26.61
2604,29.3777,2024.11,26.56
2605,29.8294,2088.89,26.79
2606,29.9383,2031.75,25.53
2607,28.5177,1985.32,26.03
2608,28.2867,2037.61,25.67
2609,28.6604,2029.23,25.16
2610,29.1214,1915.69,25.78
2611,28.6936,1991.31,24.61
2612,28.4166,2101.46,24.01
2613,28.5131,1922.01,22.48
2614,28.6235,1953.94,22.78
2615,29.3791,1942.6,23.0
2616,28.3504,1957.61,22.96
2617,30.3837,1978.53,23.02
2618,30.8639,1948.05,22.8
2619,31.0173,1969.02,22.96
2620,32.2968,1929.85,24.1
2621,31.681,1873.05,24.75
2622,32.5014,1939.27,25.07
2623,31.9631,1919.12,25.51
2624,31.0146,1965.64,25.29
2625,31.21,1971.7,26.83
2626,30.6548,1935.26,27.23
2627,28.2349,2006.89,27.0
2628,31.8231,1903.37,27.71
2629,31.5347,1943.22,26.63
2630,29.5586,1937.38,26.81
2631,29.4177,1999.35,26.37
2632,27.9523,1914.98,25.32
2633,28.1563,1934.84,26.1
2634,26.7646,1951.39,25.39
2635,27.9121,1968.33,24.43
2636,29.3043,1977.34,23.96
2637,29.7693,1975.96,24.05
2638,29.7218,1869.48,24.23
2639,29.6183,1993.89,23.23
2640,30.494,2043.9,23.45
2641,29.7866,1963.84,23.0
2642,31.5285,1862.71,23.04
2643,32.0468,1929.8,23.1
2644,32.7812,1880.39,24.8
2645,30.6233,1869.89,23.82
2646,32.5146,1839.88,24.92
2647,32.2772,2000.14,25.08
2648,30.0607,1944.34,25.86
2649,31.7199,1940.53,25.87
2650,30.7207,1954.71,26.33
2651,30.9569,1780.2,27.01
2652,30.9951,1923.91,26.67
2653,30.537,1905.2,28.31
2654,29.288,1820.12,26.79
2655,27.9242,2002.86,27.22
2656,30.3342,2052.4,26.9
2657,27.9273,1939.89,25.55
2658,28.4987,2019.12,24.98
2659,30.6944,1928.75,24.87
2660,27.3499,1935.97,22.91
2661,27.4887,1929.13,24.41
2662,28.3483,1965.27,23.09
2663,29.6514,2089.83,23.46
2664,29.6879,1938.84,23.34
2665,28.9235,2033.69,22.64
2666,30.1879,1967.48,23.28
2667,32.71,1925.78,23.46
2668,30.8088,2028.14,24.33
2669,30.9324,1995.48,24.56
2670,31.7843,2017.98,24.74
2671,31.5187,1950.05,24.64
2672,31.726,1966.2,25.84
2673,31.7285,1971.24,26.27
2674,30.6772,1937.68,27.5
2675,30.1209,1907.86,26.97
2676,30.067,1949.33,26.6
2677,29.1231,2038.32,28.0
2678,29.36,2046.67,26.65
2679,30.3365,2105.55,25.94
2680,27.1386,1954.39,25.76
2681,29.779,2055.05,25.74
2682,29.4567,1999.86,24.97
2683,27.8502,1930.23,24.68
2684,29.0127,2102.04,24.93
2685,29.2113,2006.48,24.18
2686,28.7272,1966.48,22.86
2687,29.7785,2135.9,22.45
2688,31.885,2051.12,22.74
2689,31.1721,2022.5,23.47
2690,31.1474,2061.86,23.46
2691,30.206,2057.61,23.22
2692,30.7931,2001.44,22.54
2693,30.2475,2143.42,24.34
2694,32.0811,2039.56,26.11
2695,31.5005,2033.76,26.1
2696,30.9783,2034.9,25.47
2697,30.3946,2214.57,26.26
2698,30.4642,1938.95,27.53
2699,30.6346,2072.81,27.46
2700,29.6658,2072.67,26.77
2701,28.0696,2012.63,26.35
2702,30.0553,2069.16,26.99
2703,27.7593,2040.64,26.36
2704,28.8056,2115.4,26.79
2705,29.3508,2123.53,24.73
2706,27.9174,2106.01,24.73
2707,28.7326,2101.91,24.09
2708,28.902,2085.68,24.28
2709,28.141,2133.87,24.06
2710,29.5427,2111.58,23.51
2711,29.9675,2155.69,24.37
2712,29.866,2185.23,23.39
2713,29.8271,2144.59,22.81
2714,30.5691,2106.11,23.5
2715,30.9228,2272.64,23.35
2716,31.0302,2094.13,24.34
2717,31.6784,2148.61,24.75
2718,31.9286,2177.39,25.31
2719,29.6385,2092.01,26.4
2720,31.0091,2223.28,26.26
2721,31.685,2192.0,26.06
2722,29.85,2255.64,27.68
2723,30.4555,2094.76,26.78
2724,31.8405,2114.32,26.87
2725,29.5998,2099.37,26.46
2726,29.3329,2175.94,27.8
2727,30.3526,2243.35,26.31
2728,28.3591,2174.98,25.32
2729,28.1232,2225.37,24.21
2730,27.7065,2276.49,24.88
2731,27.9522,2094.03,24.94
2732,28.3236,2165.18,23.58
2733,29.4877,2146.2,24.18
2734,29.2656,2041.13,23.29
2735,30.1053,2173.58,23.03
2736,30.8035,2155.91,23.58
2737,30.6262,2131.06,22.83
2738,31.5437,2101.96,23.39
2739,32.1,2204.66,24.2
2740,30.7433,2143.06,24.17
2741,31.7597,2202.74,24.61
2742,31.1175,2118.01,24.64
2743,31.9777,2147.05,26.48
2744,31.3106,2082.68,25.42
2745,30.1392,2144.56,25.99
2746,30.8228,2261.39,26.11
2747,31.223,2142.01,27.78
2748,29.3507,2165.2,27.87
2749,28.7527,2164.0,26.55
2750,29.1716,2211.51,26.76
2751,28.1095,2113.4,26.34
2752,28.7642,2176.45,26.21
2753,28.7551,2165.61,25.47
2754,28.9827,2150.54,25.22
2755,28.0056,2076.01,24.17
2756,29.2655,2149.53,23.85
2757,28.8903,2151.99,24.57
2758,29.2134,2068.88,23.5
2759,30.3478,2193.09,23.13
2760,30.0132,2179.15,22.66
2761,28.9475,2135.8,23.49
2762,31.5259,2182.89,23.41
2763,30.9555,2065.38,24.33
2764,31.9341,1945.77,23.51
2765,30.9637,2139.07,24.58
2766,32.1193,2142.81,24.6
2767,31.3339,1948.72,25.43
2768,31.5917,1968.57,26.24
2769,30.5692,2000.21,25.48
2770,30.85,1983.39,26.38
2771,30.9294,1978.47,26.14
2772,28.9955,1939.61,26.71
2773,28.8203,2041.48,27.68
2774,30.3302,1998.04,26.69
2775,29.0547,1975.82,26.23
2776,29.5875,2010.93,26.42
2777,28.2466,2000.63,25.69
2778,28.3606,1934.76,25.0
2779,28.5,2026.76,24.79
2780,29.1066,2043.38,24.75
2781,27.9283,2027.66,23.64
2782,29.8564,1886.24,23.69
2783,29.4277,1925.69,22.72
2784,29.6613,2013.84,21.69
2785,31.831,2020.58,22.12
2786,31.4117,1887.65,23.65
2787,30.4475,1924.77,23.54
2788,32.4441,1996.1,22.54
2789,33.0295,1975.32,25.48
2790,30.5941,1972.55,25.43
2791,31.2886,1966.73,25.44
2792,31.7324,1919.45,25.64
2793,30.0853,1924.01,26.04
2794,30.1103,1916.38,27.42
2795,30.3516,1961.77,26.21
2796,30.266,1974.89,26.57
2797,29.0022,1961.35,26.08
2798,27.3143,1907.73,26.81
2799,29.4544,1886.17,26.82
2800,28.0857,1934.81,26.78
2801,29.4264,2009.91,25.72
2802,27.334,1912.28,25.32
2803,29.0467,1815.65,25.87
2804,29.4756,1842.68,23.55
2805,29.1957,2022.68,23.63
2806,29.503,1922.22,23.22
2807,29.1699,1987.96,23.91
2808,29.9383,1931.54,23.52
2809,29.9491,1855.64,23.33
2810,30.2598,1921.72,23.54
2811,31.4576,1923.12,23.05
2812,32.016,1848.14,23.77
2813,31.1551,2006.96,24.88
2814,31.3988,1973.44,24.36
2815,30.9415,1940.15,26.01
2816,29.9972,1945.83,25.97
2817,31.0318,1922.35,26.7
2818,30.6741,1989.32,26.37
2819,29.4562,1911.1,26.78
2820,31.4394,1841.25,26.4
2821,29.7837,2061.06,25.65
2822,28.6855,1977.31,26.75
2823,29.8765,1931.37,26.09
2824,28.5074,1820.45,24.75
2825,27.4763,1836.87,25.25
2826,27.7612,2009.79,25.05
2827,29.1028,1930.25,23.83
2828,29.043,1901.59,24.42
2829,28.2681,1931.7,23.02
2830,29.4417,1891.55,22.63
2831,28.8253,1924.08,22.76
2832,30.248,1955.86,22.21
2833,30.1504,2005.27,22.82
2834,31.1789,1902.03,23.49
2835,31.5738,2007.52,23.4
2836,30.3043,2076.35,24.22
2837,31.6458,1896.84,24.48
2838,31.7893,1969.12,24.55
2839,31.1251,1974.18,25.54
2840,30.9448,2016.35,26.71
2841,31.2082,2014.99,26.14
2842,30.3808,2040.6,27.03
2843,31.0814,1906.27,25.99
2844,29.6878,2056.54,26.88
2845,29.9562,2073.96,26.44
2846,29.143,1979.75,26.52
2847,28.4862,2063.23,26.71
2848,28.1705,2124.26,26.76
2849,28.172,1971.95,25.45
2850,29.6976,1988.68,24.58
2851,29.5116,2064.3,24.62
2852,27.6499,2084.46,23.8
2853,30.2503,2000.42,23.35
2854,28.4298,2041.29,23.3
2855,31.2091,2038.09,23.48
2856,29.925,2047.41,23.25
2857,29.8757,1964.08,21.59
2858,29.6006,2043.72,23.71
2859,31.6999,2031.7,23.98
2860,31.2666,2076.22,24.27
2861,30.5521,2142.66,24.09
2862,31.1616,2206.27,25.46
2863,31.7806,2000.85,25.6
2864,31.2582,2190.79,25.78
2865,32.2228,2154.12,26.6
2866,31.0389,2077.95,26.42
2867,30.9959,2042.1,27.4
2868,30.7365,2085.08,26.68
2869,28.9142,2090.31,26.47
2870,29.123,2173.21,27.43
2871,28.442,2128.01,26.34
2872,29.7507,2158.04,26.18
2873,29.1647,2112.13,25.39
2874,29.5847,2164.78,24.32
2875,28.2343,2123.75,24.9
2876,29.5118,2087.32,24.29
2877,30.8478,2125.93,24.5
2878,29.766,2050.94,23.55
2879,29.9251,2072.15,23.17
2880,30.2247,2191.63,23.72
2881,30.2118,2114.66,22.31
2882,31.0969,2103.72,23.85
2883,31.3984,2065.62,24.11
2884,30.9428,2170.48,24.31
2885,30.7726,2094.62,23.86
2886,31.2046,2224.32,24.28
2887,32.3936,2162.56,25.29
2888,31.6285,2138.68,25.22
2889,30.9907,2127.98,26.03
2890,29.678,2199.45,28.21
2891,31.0788,2145.61,26.77
2892,30.572,2137.72,26.94
2893,30.1196,2145.29,26.78
2894,29.5411,2222.22,27.09
2895,30.0356,2214.94,25.97
2896,28.3126,2169.98,26.01
2897,29.4074,2176.06,24.88
2898,29.5016,2234.38,24.74
2899,27.9187,2080.01,23.93
2900,29.5345,2191.25,24.07
2901,28.4978,2198.75,23.29
2902,31.3995,2107.02,23.22
2903,29.2263,2210.61,23.37
2904,29.8313,2179.02,24.24
2905,31.2734,2206.49,23.56
2906,31.3039,2229.57,22.73
2907,32.5865,2235.34,23.46
2908,30.9352,2063.02,24.07
2909,30.9717,2252.18,24.1
2910,31.612,2241.1,24.35
2911,30.6855,2159.66,24.47
2912,30.3078,2097.85,26.48
2913,32.928,2166.4,26.59
2914,30.2419,2110.47,27.52
2915,30.505,2090.5,27.27
2916,29.8592,2275.23,27.48
2917,30.6361,2119.21,26.71
2918,28.3356,2214.97,25.82
2919,30.5236,2068.19,27.1
2920,28.9474,2158.31,26.52
2921,27.3288,2077.96,25.25
2922,29.7949,2090.81,24.84
2923,30.1007,2063.94,24.42
2924,28.523,2145.44,23.87
2925,29.251,2130.25,22.4
2926,31.1218,2102.32,22.56
2927,29.3827,2067.3,23.11
2928,30.4281,2138.44,23.56
2929,30.1458,2114.28,22.85
2930,31.272,2063.11,22.82
2931,32.2949,2131.49,23.56
2932,32.2762,2054.02,24.02
2933,31.5513,2060.7,24.69
2934,32.4105,2075.64,25.11
2935,30.3359,2085.95,26.12
2936,30.7834,2027.17,25.47
2937,30.9449,2103.5,26.77
2938,29.5862,2074.57,26.44
2939,31.4162,1971.08,27.01
2940,28.5263,2058.06,27.51
2941,30.7037,1998.42,26.77
2942,28.5579,2107.95,27.34
2943,29.276,2015.25,26.04
2944,28.8614,2049.34,25.54
2945,28.8344,2039.06,25.69
2946,27.2652,2087.89,25.06
2947,27.5509,1974.86,24.69
2948,27.7688,2044.65,24.48
2949,28.848,1891.44,23.39
2950,28.9972,1944.95,23.67
2951,30.7661,1897.37,22.38
2952,30.5939,1916.48,23.57
2953,29.6134,2010.72,23.7
2954,30.3105,2089.89,23.07
2955,31.3697,2010.7,24.03
2956,31.6535,1950.7,23.82
2957,30.5722,1839.5,24.65
2958,30.9519,1891.84,24.82
2959,31.0362,1941.8,25.02
2960,30.478,2043.39,25.71
2961,29.7692,1934.16,26.51
2962,31.4082,1941.54,27.2
2963,29.5585,1929.85,26.96
2964,30.7477,1951.93,27.77
2965,30.6518,2029.86,27.62
2966,27.9472,1887.59,26.91
2967,28.067,1888.78,26.0
2968,27.846,1954.59,26.22
2969,27.2075,2109.6,25.6
2970,29.2701,1954.17,25.02
2971,27.961,1926.49,25.19
2972,28.449,1961.92,23.7
2973,28.7392,1947.09,23.52
2974,29.2497,2012.94,23.33
2975,28.567,1884.25,22.72
2976,31.207,2003.87,24.13
2977,31.6894,1797.08,21.38
2978,31.8369,1873.64,22.99
2979,31.7106,1887.92,23.18
2980,30.3161,1930.88,23.53
2981,31.0037,1903.05,24.99
2982,31.2973,1974.61,24.9
2983,31.8588,1900.6,25.37
2984,30.789,1856.58,24.95
2985,30.7481,1897.23,26.09
2986,31.4176,1932.33,25.92
2987,29.3566,1845.8,26.56
2988,30.8933,1876.38,26.33
2989,28.3322,1907.2,26.91
2990,29.3416,1979.75,26.35
2991,29.7201,1965.88,26.48
2992,29.5966,1903.28,25.55
2993,28.2981,1975.74,26.24
2994,28.6255,1955.15,25.57
2995,28.9758,2009.25,24.92
2996,28.3762,2012.08,24.0
2997,28.4892,1899.46,23.37
2998,28.9505,2057.05,22.68
2999,29.1338,1773.59,23.14
3000,29.8721,1873.43,22.39
3001,30.614,1924.62,23.32
3002,29.7307,2025.73,23.86
3003,31.199,2015.12,24.18
3004,31.8752,2074.44,23.47
3005,31.466,2008.42,24.69
3006,31.4263,1971.4,24.39
3007,31.5857,2060.16,24.64
3008,31.4859,1923.84,26.75
3009,31.4387,2013.53,26.18
3010,30.6757,1976.78,26.72
3011,30.8966,1993.89,27.0
3012,31.193,1968.84,27.25
3013,30.6914,2009.0,27.4
3014,29.2419,1987.72,27.33
3015,27.9336,1943.52,26.29
3016,27.7004,1971.47,26.02
3017,27.9805,1995.38,25.69
3018,29.149,2008.33,25.65
3019,28.5552,1996.96,23.83
3020,29.9529,2010.16,24.79
3021,28.7552,2037.44,24.1
3022,29.39,2082.41,23.48
3023,28.443,2054.24,23.25
3024,29.3133,2111.16,23.53
3025,31.4957,2099.72,24.06
3026,32.8663,1953.6,23.21
3027,29.7647,1990.67,24.53
3028,31.057,2158.74,24.62
3029,31.3434,2168.39,24.93
3030,31.2093,2135.61,25.28
3031,32.2249,2083.38,25.56
3032,31.6135,2010.34,24.76
3033,30.6968,2079.3,26.54
3034,30.7704,2081.62,27.51
3035,30.594,2203.15,26.64
3036,31.0023,2029.6,26.37
3037,30.1335,2104.66,27.46
3038,29.9343,2058.68,26.13
3039,29.0245,2063.72,25.85
3040,28.6295,2106.87,26.47
3041,28.1271,2198.17,26.32
3042,28.8727,2117.61,24.89
3043,28.6158,2182.27,24.88
3044,29.2259,2134.14,25.0
3045,30.1787,2277.67,24.36
3046,30.5137,2136.14,23.02
3047,29.0273,2134.8,23.86
3048,28.8408,2117.07,23.33
3049,31.194,2189.41,23.28
3050,32.0019,2166.19,23.57
3051,29.9572,2144.96,23.56
3052,30.5316,2261.3,24.97
3053,31.6841,2159.83,24.41
3054,28.8659,2188.99,24.92
3055,32.0928,2139.87,25.71
3056,31.9967,2136.03,25.8
3057,31.8064,2050.93,26.2
3058,30.3135,2126.04,27.24
3059,32.3113,2249.05,26.12
3060,30.0142,2204.98,26.81
3061,30.5246,2269.45,26.97
3062,29.6373,2172.74,27.02
3063,28.9183,2084.78,26.97
3064,28.3141,2149.81,26.53
3065,28.6438,2137.38,25.11
3066,28.6229,2178.21,24.65
3067,28.523,2032.94,24.16
3068,28.5727,2099.61,23.63
3069,28.1435,2203.59,24.34
3070,29.1355,2185.08,22.55
3071,28.4068,2110.26,24.0
3072,29.9434,2026.07,23.4
3073,30.8224,2245.07,23.69
3074,30.7072,2106.76,22.74
3075,31.414,2125.59,23.21
3076,31.3686,2095.98,24.1
3077,31.6172,2115.92,23.91
3078,31.6774,2124.05,24.29
3079,30.209,2103.3,26.17
3080,32.0086,2155.79,25.91
3081,30.8103,2130.14,25.69
3082,30.925,2100.85,27.52
3083,31.268,2112.22,27.57
3084,30.3696,2180.0,27.37
3085,29.1283,2038.16,26.73
3086,28.3892,2185.74,26.34
3087,28.6296,2185.68,25.63
3088,29.8393,2102.51,25.92
3089,29.4558,2095.23,25.28
3090,27.7356,2081.44,24.61
3091,29.1418,2208.34,24.87
3092,28.1991,2084.78,24.51
3093,29.2101,2068.18,23.41
3094,29.7881,2156.5,22.58
3095,29.0553,2196.42,22.88
3096,30.733,2050.93,23.12
3097,29.66,2032.12,23.49
3098,31.5795,2104.12,22.9
3099,31.3974,2059.4,23.92
3100,31.9396,2018.41,23.46
3101,31.9967,2161.31,24.1
3102,31.3151,2160.19,24.87
3103,30.6326,2187.75,25.81
3104,30.2031,2082.22,26.59
3105,30.2724,2112.57,25.01
3106,30.5989,2065.53,26.55
3107,30.3088,2113.6,26.56
3108,30.0996,1961.57,26.43
3109,27.7328,2156.8,26.54
3110,28.9867,1940.81,26.64
3111,29.1688,2057.43,25.92
3112,30.7671,2074.45,26.48
3113,27.2483,2005.92,25.07
3114,29.6341,2011.63,24.9
3115,28.0858,1976.59,24.43
3116,29.2749,2068.01,24.35
3117,28.8403,1997.97,22.95
3118,29.7545,1981.55,24.03
3119,29.3051,2004.06,23.52
3120,29.4404,1906.11,22.89
3121,30.9157,1965.49,23.15
3122,32.6349,1957.39,22.76
3123,30.2126,2044.06,23.71
3124,31.3161,2062.23,22.97
3125,31.0805,1931.24,24.17
3126,31.3815,1946.75,24.98
3127,30.3081,1923.57,25.76
3128,31.3386,1965.36,25.67
3129,30.3301,1858.61,27.28
3130,30.8213,2002.65,26.49
3131,31.6295,2005.86,27.02
3132,29.013,1917.76,26.33
3133,30.2418,1860.38,26.56
3134,30.1389,1966.27,27.61
3135,29.087,1953.6,26.34
3136,28.515,1951.01,25.24
3137,27.5305,1988.7,24.97
3138,28.6053,1983.38,25.1
3139,27.8409,1876.64,23.58
3140,28.3704,1921.16,23.86
3141,28.0144,1942.86,23.66
3142,29.3569,1986.42,22.6
3143,28.4705,1886.56,23.21
3144,29.3582,1887.47,23.5
3145,30.2991,1998.75,23.01
3146,30.8882,1917.03,23.24
3147,31.8336,1796.93,23.97
3148,30.7416,1858.96,24.18
3149,31.7743,1999.85,24.56
3150,30.8428,1869.62,25.42
3151,31.0411,1969.39,24.96
3152,30.7786,1858.9,25.84
3153,31.84,1900.86,26.24
3154,31.0244,1890.32,26.81
3155,31.2298,1944.04,27.27
3156,29.9634,1917.58,27.29
3157,29.1477,1909.91,26.92
3158,28.742,1899.07,26.63
3159,29.0487,1909.62,26.71
3160,30.2966,1993.41,26.09
3161,27.6756,1938.03,25.76
3162,28.7198,1995.18,24.35
3163,28.3428,1953.94,25.3
3164,27.9762,1949.56,24.56
3165,28.0704,1942.68,22.96
3166,30.3782,1868.82,23.47
3167,30.3301,2065.78,22.9
3168,30.2022,1933.9,23.14
3169,30.1268,1869.63,23.43
3170,30.3855,1833.45,22.44
3171,31.3918,1948.1,23.84
3172,30.0608,1983.36,24.39
3173,31.3598,1986.01,23.62
3174,31.7391,1976.54,25.05
3175,31.2686,1951.07,25.26
3176,31.3112,1974.64,25.67
3177,32.1057,1951.79,26.61
3178,30.6547,2062.31,27.02
3179,29.7053,2038.94,26.66
3180,28.3489,2046.4,27.25
3181,28.1355,1993.52,26.59
3182,28.3973,1991.19,26.61
3183,28.0269,2052.31,26.11
3184,27.6044,2022.42,25.74
3185,29.665,2062.01,25.52
3186,27.9723,2068.32,24.45
3187,28.3439,1995.06,24.21
3188,28.2553,1928.79,24.71
3189,28.6483,1962.35,23.82
3190,30.5332,2093.08,23.9
3191,29.8496,2023.75,23.25
3192,29.4676,1986.33,22.94
3193,30.7874,2028.68,22.99
3194,30.194,1976.29,22.61
3195,31.6435,2047.86,23.52
3196,30.3302,2182.28,24.33
3197,31.3812,2093.75,25.02
3198,32.3823,2031.73,24.71
3199,32.9299,2115.09,25.34
3200,31.0325,2080.48,26.6
3201,30.6808,1992.27,25.79
3202,30.0659,1965.56,26.72
3203,30.4397,2093.63,27.08
3204,30.4645,2060.81,27.37
3205,29.7629,2150.5,25.72
3206,30.906,2094.85,26.97
3207,30.0638,2148.63,26.51
3208,28.5534,2197.42,25.79
3209,28.7616,2166.49,25.75
3210,27.8359,2057.83,24.44
3211,28.9887,2168.67,25.01
3212,28.0082,2147.34,23.9
3213,27.9474,2086.72,23.66
3214,29.341,2165.34,23.99
3215,30.302,2023.79,24.13
3216,30.2368,2126.68,22.79
3217,30.5012,2114.57,23.76
3218,30.8876,2092.9,23.08
3219,30.8728,2037.77,23.28
3220,31.7404,2082.94,23.91
3221,30.9712,2117.66,23.92
3222,32.8231,2045.3,25.09
3223,32.3095,2149.81,25.58
3224,30.6583,2127.9,26.09
3225,31.292,2116.31,26.95
3226,31.3607,2108.27,26.12
3227,31.5726,2056.34,28.07
3228,30.2742,2181.03,26.77
3229,28.6249,2158.5,26.89
3230,29.6494,2203.26,26.48
3231,29.3372,2241.04,25.57
3232,28.3671,2115.92,25.73
3233,28.5568,2173.07,25.63
3234,27.7647,2182.25,25.06
3235,27.6093,2296.77,24.22
3236,27.6876,2043.0,23.94
3237,30.2199,2171.03,22.63
3238,28.3489,2146.79,22.37
3239,30.0407,2118.91,23.21
3240,28.7383,2185.68,23.12
3241,30.1951,2218.14,22.86
3242,31.243,2220.57,23.46
3243,31.4761,2223.32,22.6
3244,31.458,2113.19,23.97
3245,30.9158,2184.66,23.69
3246,31.3494,2074.75,24.61
3247,31.481,2097.86,25.38
3248,31.612,2145.14,25.08
3249,30.5373,2129.05,26.51
3250,30.8151,2116.27,27.26
3251,30.4381,2031.2,26.74
3252,29.8698,2118.25,26.76
3253,29.6573,2141.62,26.77
3254,28.9152,2017.25,25.98
3255,28.9811,2276.84,26.88
3256,28.4157,2184.85,25.43
3257,30.1955,2128.56,25.45
3258,28.6961,2147.97,24.57
3259,28.0526,2092.76,25.12
3260,27.5935,2004.73,23.87
3261,28.7135,2102.58,24.18
3262,28.8099,2125.35,22.88
3263,29.9818,2167.13,23.77
3264,30.3256,2026.04,22.8
3265,31.5471,2170.26,23.25
3266,30.8444,2194.07,23.01
3267,31.2609,2083.75,24.09
3268,30.0339,2049.07,23.41
3269,32.4664,2004.05,24.39
3270,30.0649,2077.47,24.78
3271,31.6514,2030.38,25.55
3272,31.723,2118.52,25.87
3273,30.9984,2083.37,25.72
3274,31.3747,2121.63,26.5
3275,29.5374,1998.73,26.62
3276,29.5177,2127.34,27.68
3277,29.7643,1974.08,27.27
3278,28.2653,2133.78,26.81
3279,29.7544,1970.5,25.85
3280,27.0721,2002.3,25.99
3281,29.1345,1920.28,25.35
3282,29.088,2047.5,25.76
3283,27.278,2085.72,24.76
3284,29.2422,2003.91,24.67
3285,29.325,2005.94,24.03
3286,30.0428,2012.25,22.94
3287,30.1081,2012.21,23.63
3288,31.6548,1956.09,23.52
3289,30.4574,1957.69,22.23
3290,30.9332,2015.58,23.36
3291,31.0072,1926.27,24.22
3292,29.758,1980.92,24.42
3293,31.3102,2016.75,23.74
3294,29.6047,1938.49,24.96
3295,32.2938,1943.51,25.45
3296,31.544,1989.31,26.16
3297,31.13,1941.2,26.05
3298,30.1868,2025.71,27.75
3299,30.6623,1953.25,26.76
3300,29.0243,1993.22,27.05
3301,27.8929,1880.07,26.99
3302,29.364,1958.51,26.98
3303,28.491,1873.8,27.26
3304,29.242,1948.79,26.39
3305,27.772,1928.76,25.51
3306,28.1558,1929.57,24.97
3307,28.9416,2010.38,23.61
3308,28.9886,1944.88,24.13
3309,28.3568,1855.97,24.34
3310,29.9477,1932.28,22.98
3311,31.2744,1932.77,23.78
3312,31.4487,1976.52,23.78
3313,29.2284,1972.21,22.7
3314,30.6991,1839.75,23.34
3315,30.0479,1857.11,23.18
3316,32.0877,1908.59,23.85
3317,30.3874,1996.65,24.54
3318,30.1883,1969.89,24.65
3319,30.4859,1995.63,26.28
3320,31.2358,1985.49,25.95
3321,31.9221,1985.29,26.37
3322,30.7105,1860.88,26.48
3323,30.0758,1886.07,28.04
3324,29.3635,1909.86,26.55
3325,29.4206,1942.28,26.6
3326,29.3884,1922.51,26.53
3327,29.8533,1863.68,25.8
3328,29.1304,1913.14,25.72
3329,28.0709,1993.93,25.4
3330,27.6499,1971.14,25.57
3331,29.1268,1909.92,24.69
3332,28.0592,1957.56,23.16
3333,28.1347,1932.35,24.21
3334,28.8026,1998.47,23.7
3335,29.3005,1990.35,22.63
3336,29.7048,1900.58,22.68
3337,29.8488,1984.87,21.96
3338,31.2274,1993.8,22.82
3339,31.717,1883.37,23.64
3340,31.0882,1861.34,23.52
3341,30.7092,1937.17,23.68
3342,30.567,2007.97,24.51
3343,31.0084,1958.74,25.64
3344,31.2272,1990.68,25.6
3345,31.8533,2054.42,26.55
3346,31.5276,1920.09,26.9
3347,30.6426,1941.75,27.37
3348,29.1601,1987.84,27.02
3349,29.0288,2097.93,26.36
3350,28.7981,1958.06,26.82
3351,29.0353,1963.03,26.29
3352,29.7227,2090.57,26.49
3353,28.552,2081.97,25.89
3354,27.8873,2040.01,26.0
3355,28.0153,1960.23,24.79
3356,29.7169,1939.69,23.64
3357,29.282,2002.4,23.67
3358,29.7778,2064.49,23.29
3359,28.5272,2017.71,23.74
3360,30.3218,1968.79,22.58
3361,32.0048,2039.63,22.79
3362,31.121,2025.27,23.41
3363,30.5973,2087.76,23.58
3364,31.5439,1955.76,24.03
3365,31.3187,2072.58,24.49
3366,30.9872,1976.83,24.43
3367,31.164,2094.57,25.2
3368,29.6402,2024.65,25.19
3369,30.5592,2217.72,25.72
3370,30.2154,2111.9,26.08
3371,30.1221,2248.2,26.9
3372,29.4049,2074.05,27.21
3373,29.3354,2052.99,27.35
3374,28.4409,2176.4,27.47
3375,29.2139,2106.89,26.91
3376,27.9883,2143.57,25.68
3377,28.2655,2121.96,25.88
3378,27.2205,2145.52,25.57
3379,27.7119,2137.08,24.2
3380,26.9557,2158.16,23.58
3381,29.2454,2132.66,22.8
3382,30.0239,2124.84,23.53
3383,29.2592,2202.54,24.03
3384,30.1946,2096.97,24.73
3385,29.7755,2116.21,23.33
3386,31.1581,2134.55,23.22
3387,30.8613,2101.84,24.95
3388,31.3278,2069.24,24.9
3389,31.6269,2132.87,24.84
3390,31.5282,2065.38,24.97
3391,31.2702,2244.58,25.48
3392,31.0128,2138.74,26.51
3393,29.5612,2145.74,26.99
3394,28.8609,2101.83,26.87
3395,30.6292,2171.07,26.71
3396,29.9005,2034.49,27.15
3397,29.0861,2144.29,27.07
3398,27.7502,2224.8,27.92
3399,28.3429,2103.52,26.05
3400,28.5442,2291.53,25.55
3401,28.8104,2151.41,25.5
3402,28.1015,2064.91,24.9
3403,27.14,2160.39,23.88
3404,28.5525,2145.75,24.05
3405,28.1831,2172.86,23.92
3406,30.6536,2232.08,24.21
3407,30.1227,2199.41,23.55
3408,29.718,2120.75,22.48
3409,29.7567,2258.18,22.9
3410,30.4954,2163.88,22.54
3411,30.6938,2083.56,23.62
3412,31.2447,2189.27,23.22
3413,30.2333,2148.43,24.87
3414,31.7233,2347.18,24.7
3415,31.2799,2098.64,25.47
3416,30.6299,2075.45,25.08
3417,30.6822,2237.05,26.82
3418,30.6147,2061.95,27.09
3419,30.1307,2044.59,27.29
3420,28.9136,2198.46,26.9
3421,29.7698,2201.63,26.75
3422,29.9786,2091.65,27.05
3423,29.6005,2129.96,26.95
3424,28.6157,2019.21,25.89
3425,28.1391,2054.12,25.79
3426,27.2651,2176.93,25.69
3427,29.433,2066.02,24.2
3428,29.3564,2074.17,23.88
3429,28.9205,2125.89,24.4
3430,28.9127,2091.68,23.23
3431,30.3165,2069.16,23.99
3432,29.0732,2130.27,23.28
3433,30.1342,2039.5,22.46
3434,29.5035,2219.26,22.88
3435,30.557,2165.02,23.38
3436,32.5077,2191.17,23.49
3437,30.6577,2105.2,24.87
3438,30.8913,2103.21,26.27
3439,30.9385,2025.59,25.45
3440,32.0545,2075.13,26.94
3441,30.0441,2178.68,27.02
3442,30.6937,2125.67,26.75
3443,31.0715,1930.78,27.01
3444,29.9619,2087.55,26.69
3445,29.63,2084.3,26.43
3446,29.1676,2046.86,26.69
3447,29.105,2097.91,26.34
3448,28.5324,2007.59,25.86
3449,29.1665,2061.23,25.37
3450,28.799,2038.82,25.47
3451,28.966,1969.41,25.05
3452,29.1606,2024.45,24.65
3453,29.3262,1897.79,23.77
3454,30.8636,1962.42,23.27
3455,27.1485,2109.29,22.98
3456,30.5889,1928.79,23.06
3457,29.9613,2101.21,23.25
3458,30.3845,1911.14,23.87
3459,29.9694,2050.3,23.85
3460,31.524,2078.99,23.83
3461,32.1609,1923.93,24.11
3462,31.6957,1942.55,24.88
3463,32.0453,1901.24,25.79
3464,30.7525,1984.54,25.85
3465,31.1887,1996.8,26.64
3466,31.847,1918.79,26.85
3467,30.6797,2075.82,25.78
3468,30.4706,1894.41,26.44
3469,28.397,1919.26,27.7
3470,28.2012,1886.44,26.23
3471,27.6782,1918.03,26.61
3472,28.1783,1943.57,26.87
3473,28.8751,1891.71,24.98
3474,29.4781,1948.09,24.39
3475,31.098,1977.3,25.25
3476,28.4827,1936.74,24.09
3477,28.1866,1887.06,22.64
3478,28.6726,1861.63,23.71
3479,30.3281,1883.62,23.07
3480,29.2029,1926.57,23.12
3481,31.6905,1939.19,23.49
3482,29.8681,1871.12,23.4
3483,30.4063,1981.49,23.17
3484,30.5143,2149.33,23.65
3485,31.5702,1930.52,24.23
3486,30.1523,1938.24,24.16
3487,31.4692,1970.07,26.28
3488,31.9872,1906.62,26.38
3489,31.1805,1908.14,25.8
3490,29.2395,1976.71,27.83
3491,30.5407,1918.54,26.65
3492,29.6294,1955.28,26.59
3493,29.6218,2036.51,26.46
3494,29.477,2002.52,27.02
3495,27.9901,1932.53,26.71
3496,28.8486,1905.36,25.58
3497,28.0057,1921.35,25.14
3498,28.5369,1996.27,25.57
3499,28.3296,2040.5,24.85
3500,28.7836,2004.08,24.0
3501,29.9287,2071.37,23.08
3502,28.2866,2035.02,23.61
3503,30.3831,1964.19,22.82
3504,30.4693,1979.46,23.38
3505,32.3241,1881.28,23.38
3506,31.5905,1947.17,23.23
3507,30.508,1931.41,22.54
3508,31.2954,1926.48,24.28
3509,31.5195,1988.72,24.1
3510,33.4842,1926.8,25.11
3511,30.1247,2067.47,26.02
3512,30.5965,1934.78,26.64
3513,30.7493,2002.25,27.1
3514,30.4049,1990.11,26.33
3515,29.1451,1908.66,27.59
3516,29.5527,1976.85,27.24
3517,30.2966,1922.8,26.82
3518,29.4561,2039.44,26.47
3519,29.1813,2018.57,26.8
3520,29.5368,1916.19,26.32
3521,27.7394,1972.38,25.55
3522,28.2459,2026.67,24.8
3523,28.6885,2096.29,24.21
3524,28.0696,2048.12,24.45
3525,28.4759,2049.81,23.64
3526,29.3194,2011.7,23.14
3527,30.4981,2141.02,23.58
3528,29.8737,2141.92,22.65
3529,31.0981,2004.46,22.44
3530,29.9909,2072.87,22.89
3531,31.6621,2069.09,23.09
3532,32.1264,2027.71,24.38
3533,30.2832,2105.66,24.8
3534,30.3952,2041.1,25.58
3535,32.4268,2057.08,26.06
3536,31.289,2032.91,26.6
3537,32.0693,1984.87,26.94
3538,32.1473,2107.19,26.39
3539,29.8455,2055.46,27.3
3540,28.9473,1990.69,27.09
3541,29.603,2160.0,27.3
3542,29.167,2220.91,26.17
3543,29.4014,2021.16,25.65
3544,28.8421,2192.57,25.96
3545,28.2535,2218.97,26.0
3546,28.479,2228.04,24.55
3547,27.3083,2234.84,24.37
3548,27.7741,2271.91,24.0
3549,28.0578,2121.61,23.59
3550,28.8906,2138.7,24.46
3551,29.6381,2233.63,23.3
3552,30.4977,2134.62,23.14
3553,30.9503,2098.19,22.64
3554,30.184,2197.9,22.95
3555,30.4274,2082.86,24.31
3556,31.6528,2108.38,23.9
3557,31.0652,2243.8,24.38
3558,33.0262,2164.03,25.71
3559,30.3376,2084.22,24.75
3560,31.3599,2122.3,26.19
3561,31.9345,2163.46,26.84
3562,29.4755,2086.01,27.06
3563,28.8642,2085.7,26.98
3564,30.9944,2150.53,26.89
3565,29.721,2365.6,27.85
3566,28.8595,2216.13,26.24
3567,28.5494,2213.89,26.55
3568,28.9026,2066.81,26.27
3569,28.636,2186.06,24.97
3570,28.7778,2214.68,25.51
3571,28.9405,2030.26,24.87
3572,29.3576,2173.05,24.4
3573,29.0118,2133.49,23.5
3574,28.8327,2166.94,22.59
3575,30.6596,2097.71,22.68
3576,31.148,2166.76,22.13
3577,30.5275,2185.34,22.45
3578,30.5696,2137.95,23.61
3579,30.2167,2121.68,24.27
3580,30.6137,2185.86,24.52
3581,30.6424,2131.61,24.07
3582,31.7827,2221.17,24.66
3583,31.2986,2181.56,25.3
3584,31.177,2223.84,25.89
3585,32.6552,2117.43,26.89
3586,30.9533,2036.69,26.75
3587,29.9654,2284.09,26.18
3588,30.9716,2095.12,27.49
3589,31.2888,2104.89,27.17
3590,31.0544,2124.18,26.99
3591,28.7077,2150.64,26.65
3592,28.5876,2148.41,26.05
3593,28.6777,2152.46,26.11
3594,28.7266,2154.72,25.16
3595,29.072,2127.31,24.74
3596,29.0341,2164.11,23.78
3597,30.3759,2123.56,23.35
3598,29.2887,2079.15,23.06
3599,29.3503,2134.06,22.29
3600,30.8653,2018.58,23.7
3601,29.2388,2032.09,23.41
3602,32.2594,2108.46,24.14
3603,30.3913,2058.9,22.77
3604,31.6137,2082.94,23.84
3605,29.61,2036.58,25.1
3606,31.4724,2107.3,23.47
3607,30.6928,2038.1,26.31
3608,30.9592,2062.98,25.9
3609,28.6097,2057.9,25.95
3610,29.2045,2064.16,26.58
3611,30.6629,2072.59,26.89
3612,28.1837,2097.53,27.53
3613,29.5286,1990.65,26.64
3614,28.7552,2065.12,26.61
3615,28.658,1973.34,26.06
3616,28.0046,2157.11,26.01
3617,29.5777,1993.32,25.31
3618,28.8067,2000.84,25.1
3619,28.2441,2034.48,24.5
3620,29.3875,2010.38,23.41
3621,27.9029,2113.47,24.01
3622,28.7705,1970.91,23.72
3623,30.7128,1936.05,23.52
3624,30.3215,2035.01,22.89
3625,29.6481,1921.88,22.87
3626,30.2765,2032.72,23.05
3627,32.8055,1953.75,23.3
3628,30.4872,1989.77,23.66
3629,30.5383,1993.95,24.11
3630,32.4121,1973.69,25.66
3631,32.1487,1975.08,26.32
3632,31.6665,1881.45,25.59
3633,31.9674,1880.21,26.87
3634,30.7248,2031.86,25.66
3635,29.1892,1942.95,27.47
3636,29.4584,1963.63,26.64
3637,29.2715,2022.77,26.7
3638,30.5321,1954.64,27.18
3639,28.9964,1921.01,26.6
3640,29.1935,1897.26,25.77
3641,28.1417,1954.39,24.54
3642,27.4557,2018.58,24.89
3643,28.8229,1874.77,24.46
3644,29.3173,1914.49,23.11
3645,28.8052,1905.83,24.88
3646,29.1842,1928.65,22.81
3647,29.2949,1836.19,22.97
3648,29.7613,1835.46,24.18
3649,30.4823,1955.73,22.72
3650,32.9967,1887.84,23.38
3651,31.9052,2031.05,23.26
3652,32.0322,1910.59,23.85
3653,30.8464,1862.51,25.14
3654,31.6712,1861.15,25.34
3655,32.0429,1898.31,25.4
3656,29.5189,1929.11,25.75
3657,30.7292,1898.76,27.09
3658,30.8893,2010.88,26.95
3659,30.3508,1846.59,26.74
3660,28.6154,1844.6,27.42
3661,29.7532,1858.3,27.08
3662,29.2085,1898.2,26.65
3663,29.6405,1892.73,26.93
3664,27.2807,2029.62,25.7
3665,27.9149,1898.74,25.41
3666,28.6504,1910.72,25.49
3667,29.8299,1883.22,24.54
3668,29.4614,1860.61,22.87
3669,28.845,1791.31,23.26
3670,28.7511,2015.98,22.18
3671,29.0774,1930.57,22.63
3672,30.16,1843.07,23.45
3673,30.9031,1971.12,23.0
3674,30.8442,1933.86,23.48
3675,30.2701,1981.93,23.34
3676,30.2147,2049.96,24.59
3677,33.4894,1874.71,23.99
3678,31.9075,1972.39,24.56
3679,32.1185,2009.23,25.07
3680,30.8429,2035.74,24.83
3681,31.2049,1935.9,26.58
3682,30.6348,1977.37,26.95
3683,31.6505,1966.98,26.78
3684,29.1348,1913.42,26.61
3685,31.6915,2088.32,27.09
3686,28.1521,2004.67,27.03
3687,29.1363,1954.77,25.19
3688,28.0097,2041.07,25.62
3689,29.0576,1936.34,26.05
3690,28.6638,1947.81,25.03
3691,29.3104,1973.46,24.54
3692,27.2516,2086.04,23.1
3693,28.5038,1961.27,23.81
3694,30.1082,2042.75,23.27
3695,27.7631,2118.43,23.18
3696,30.7943,2074.62,23.4
3697,30.5606,2070.68,22.86
3698,30.3004,2083.0,23.31
3699,30.3983,2162.76,23.44
3700,31.1184,2004.23,24.35
3701,31.6939,2049.1,24.73
3702,30.4112,2060.55,25.37
3703,30.8929,2081.3,25.89
3704,31.4455,2136.78,25.58
3705,30.6725,2132.64,26.5
3706,30.8284,2133.21,26.73
3707,29.8839,2082.15,26.16
3708,30.1661,2139.73,27.24
3709,30.4684,2108.86,27.19
3710,28.9487,2047.58,27.29
3711,30.0833,2109.69,26.0
3712,29.2341,2112.28,25.9
3713,28.1916,2125.2,26.06
3714,28.0728,2140.04,25.2
3715,29.7854,2133.04,25.05
3716,30.3908,2106.85,22.65
3717,28.2021,2173.81,24.06
3718,29.3629,2214.75,24.06
3719,29.7502,2141.95,22.91
3720,29.9601,2057.04,22.53
3721,29.7156,2200.35,22.95
3722,30.3519,2227.53,23.6
3723,31.0335,2163.88,24.19
3724,30.1462,2096.61,23.52
3725,32.5358,2145.84,24.58
3726,33.0672,2170.4,25.31
3727,30.2187,2245.53,24.92
3728,31.2294,2069.87,25.86
3729,31.0984,2112.28,26.12
3730,31.7227,2150.19,27.04
3731,28.7669,2187.77,27.32
3732,30.0744,2089.06,26.73
3733,29.3311,2168.82,26.58
3734,29.087,2122.91,26.66
3735,27.7583,2160.36,27.18
3736,28.8285,2192.38,26.71
3737,29.5642,2086.54,26.02
3738,27.3392,2179.59,24.59
3739,29.0653,2190.56,23.92
3740,29.1794,2252.95,24.55
3741,27.8861,2116.78,23.47
3742,30.1078,2240.39,23.55
3743,29.2368,2167.66,23.39
3744,30.6788,2139.71,22.3
3745,30.073,2185.02,23.53
3746,30.4335,2172.6,23.08
3747,31.0187,2167.33,24.02
3748,29.0424,2116.78,24.83
3749,32.4251,1995.96,24.64
3750,31.9325,2096.75,24.6
3751,32.3024,2153.3,25.75
3752,31.302,2261.88,26.09
3753,30.7663,2184.36,26.48
3754,29.8578,2235.11,26.95
3755,30.6395,2092.37,27.07
3756,30.5902,2172.54,26.75
3757,29.6715,2107.53,27.05
3758,28.7078,2148.87,26.98
3759,30.4589,2180.9,25.73
3760,30.0653,2096.59,25.82
3761,28.8024,2204.16,26.01
3762,29.312,2110.96,25.24
3763,28.6341,2192.76,24.64
3764,27.9878,2221.5,23.66
3765,28.1011,2035.93,23.22
3766,28.5844,1998.71,23.66
3767,28.5495,2081.86,23.55
3768,30.9558,1990.74,23.41
3769,30.5486,2141.66,22.9
3770,31.6992,2072.75,23.71
3771,31.2065,2087.99,23.81
3772,31.0258,2035.05,24.69
3773,31.0754,2022.48,24.71
3774,31.2575,2152.7,24.49
3775,29.7569,2101.53,26.24
3776,31.9842,2045.93,26.56
3777,30.8048,2055.6,25.87
3778,28.6847,2093.8,25.96
3779,29.978,2083.38,26.45
3780,29.4268,2084.78,27.05
3781,30.1855,1955.72,27.02
3782,29.2227,2021.07,27.07
3783,27.9846,1947.01,26.39
3784,28.2577,2072.45,26.48
3785,29.3236,1949.35,25.73
3786,28.9231,1964.88,25.23
3787,28.4985,1946.49,24.47
3788,28.684,2017.13,24.47
3789,28.6636,1967.6,22.56
3790,29.9945,1923.29,23.68
3791,28.5339,1984.92,22.96
3792,30.3246,2053.78,23.4
3793,29.586,1903.12,23.53
3794,31.0977,1819.09,23.38
3795,30.0312,2072.29,23.38
3796,31.9002,1966.3,24.08
3797,33.0976,1909.88,24.64
3798,30.9166,1926.05,25.51
3799,31.1101,1987.06,25.88
3800,37.1459,1978.53,26.29
3801,36.2565,2056.02,27.04
3802,35.2735,2104.42,26.82
3803,35.0499,1864.98,26.28
3804,35.2811,1948.92,27.16
3805,33.4274,2001.32,27.79
3806,34.7738,1952.45,26.99
3807,33.7868,1847.01,25.77
3808,33.3466,2043.19,26.04
3809,32.8027,2038.1,23.82
3810,32.6395,1957.67,24.93
3811,33.7908,1931.36,25.06
3812,33.0264,1997.18,24.01
3813,34.0404,1960.61,23.23
3814,34.4443,1956.5,23.55
3815,33.8541,1932.46,23.17
3816,34.8387,1869.62,22.55
3817,34.9181,1871.21,22.75
3818,34.7782,1824.52,22.97
3819,36.5501,1940.24,24.23
3820,35.8863,1912.84,23.82
3821,36.0721,1943.78,24.64
3822,35.9986,2008.99,24.62
3823,37.0368,1952.76,25.89
3824,30.3063,1983.74,26.28
3825,30.2489,1840.3,25.47
3826,30.3173,2016.67,26.72
3827,31.3878,1947.17,26.62
3828,28.9274,1866.0,27.52
3829,29.9351,1916.53,26.81
3830,29.1131,1948.52,27.71
3831,28.7046,1973.52,26.71
3832,28.082,1967.55,25.93
3833,29.1808,1780.8,25.03
3834,29.5195,1935.23,25.6
3835,28.6889,1968.59,24.2
3836,28.2332,1832.43,23.74
3837,29.5995,1950.24,23.28
3838,28.6482,2017.51,23.66
3839,29.2401,1975.66,23.53
3840,31.0364,1966.23,23.03
3841,31.1561,1977.38,23.49
3842,31.9351,2022.82,22.4
3843,31.1938,1819.63,23.43
3844,31.1713,2005.69,24.07
3845,31.0274,1935.51,24.53
3846,30.7377,1926.08,25.53
3847,32.4599,1908.46,25.68
3848,32.0725,2091.78,25.61
3849,31.7532,1989.34,27.01
3850,31.7817,1986.28,26.4
3851,30.4235,1887.47,26.71
3852,31.4372,2033.17,26.79
3853,29.6945,1967.55,26.73
3854,30.8034,1914.84,27.18
3855,29.366,2024.08,26.37
3856,28.6074,2052.67,25.82
3857,28.3301,1976.71,25.53
3858,28.2487,2150.68,24.6
3859,27.8621,2067.73,23.76
3860,28.1038,1926.76,24.06
3861,27.9578,2041.33,23.93
3862,30.0127,1955.73,23.5
3863,29.8886,2095.56,22.87
3864,30.2998,2104.08,23.38
3865,30.7804,2018.24,24.14
3866,30.8489,2106.35,23.25
3867,32.9316,2019.01,24.18
3868,31.5926,2064.89,24.26
3869,31.888,1931.21,24.27
3870,32.3135,1950.23,24.84
3871,31.4724,2025.83,24.94
3872,31.2645,1968.27,26.5
3873,31.0131,2053.38,25.94
3874,30.0677,1990.61,26.75
3875,30.1062,2066.75,26.49
3876,29.6535,2111.51,27.38
3877,29.3927,1992.89,26.2
3878,29.0843,2146.92,27.21
3879,27.761,2131.44,26.79
3880,28.0566,2080.87,24.93
3881,28.5094,2029.88,26.55
3882,28.6916,2023.76,25.24
3883,27.3823,2121.8,23.67
3884,27.5321,2166.5,24.04
3885,29.2692,2158.73,23.09
3886,29.131,2047.03,24.18
3887,29.6381,2081.89,23.51
3888,28.9716,2263.0,22.7
3889,31.8094,2287.27,22.86
3890,31.6723,2140.51,23.17
3891,31.9654,2094.42,23.32
3892,31.0046,2085.41,23.34
3893,31.4298,2163.57,25.04
3894,33.3459,2138.8,25.06
3895,31.335,2185.26,26.2
3896,33.3445,2140.9,27.1
3897,32.2193,2133.47,26.17
3898,32.6154,2124.22,27.35
3899,30.0863,2207.31,26.15
3900,29.5531,2129.59,28.25
3901,29.6595,2235.67,27.48
3902,28.932,2112.56,26.79
3903,28.6995,2292.44,25.98
3904,30.6322,2119.13,26.28
3905,27.1749,2168.06,25.48
3906,28.4088,2137.79,24.49
3907,28.6767,2170.38,24.54
3908,27.7493,2187.24,23.36
3909,27.7064,2245.13,23.49
3910,29.7341,2238.99,23.56
3911,29.6954,2091.04,22.85
3912,31.3623,2196.79,23.01
3913,29.4845,2154.09,23.99
3914,30.4399,2145.96,23.47
3915,30.6955,2182.65,23.21
3916,31.8835,2100.23,23.42
3917,31.7287,2186.84,24.83
3918,32.0238,2104.76,24.88
3919,31.0013,2191.28,26.2
3920,30.6589,2112.84,25.89
3921,31.5326,2177.78,26.51
3922,30.616,2001.51,26.86
3923,31.8225,2066.04,26.38
3924,30.9845,2112.8,27.23
3925,30.679,2168.19,26.93
3926,30.0509,2124.69,26.43
3927,28.8801,2120.2,26.11
3928,29.7343,2143.18,26.04
3929,28.6841,2164.12,25.48
3930,27.7081,2046.99,24.64
3931,28.6716,2087.47,25.16
3932,27.9328,2054.94,23.73
3933,28.4145,2117.16,23.23
3934,30.7143,2089.14,24.17
3935,30.6359,2086.44,23.82
3936,30.7978,2020.99,22.94
3937,30.9842,2096.25,23.4
3938,31.3883,2069.17,23.37
3939,30.4389,2108.46,24.15
3940,30.6276,2054.18,24.53
3941,31.7016,2114.59,23.47
3942,31.8528,2058.57,24.88
3943,30.8245,2057.53,25.12
3944,31.3212,2076.26,25.82
3945,31.6511,2146.07,26.54
3946,30.553,2038.83,25.8
3947,29.5013,2086.79,27.92
3948,29.9853,2067.83,26.72
3949,30.2872,1942.7,26.6
3950,29.4894,2010.78,26.51
3951,28.4173,1976.53,26.79
3952,28.3623,1990.24,26.31
3953,28.1962,2027.11,24.97
3954,28.5665,1923.95,25.22
3955,30.1792,2083.25,24.99
3956,28.01,1960.29,23.4
3957,29.4293,2075.61,23.36
3958,30.1215,1942.6,22.99
3959,29.2822,1970.51,22.93
3960,30.0742,1974.33,23.33
3961,31.8493,1891.37,22.91
3962,32.2656,1944.37,23.48
3963,30.9686,1902.49,23.35
3964,31.5293,1988.4,24.8
3965,31.4727,1921.56,23.85
3966,31.0308,1860.25,24.92
3967,32.1262,1954.36,25.64
3968,32.7189,2085.94,26.24
3969,31.9482,1951.61,25.9
3970,30.3269,1973.5,26.55
3971,29.5301,1889.16,26.76
3972,28.8624,2070.9,27.25
3973,28.0287,1994.67,27.59
3974,29.8309,2002.06,26.98
3975,28.9061,1993.06,25.72
3976,30.7163,1965.97,27.27
3977,28.2247,1848.15,25.29
3978,29.1179,1888.1,24.53
3979,29.5412,1946.26,23.97
3980,29.6355,1911.83,24.2
3981,29.3544,1915.97,23.26
3982,27.5143,1844.49,23.28
3983,29.2299,1873.1,24.07
3984,30.5589,2006.3,23.06
3985,28.9005,1908.09,23.24
3986,31.0177,1865.25,23.5
3987,30.6772,1837.42,24.19
3988,32.3897,1943.65,23.07
3989,30.9386,1930.56,23.73
3990,31.3923,1971.72,25.87
3991,31.1303,1924.49,25.49
3992,32.3637,1901.51,26.44
3993,30.9726,1832.14,26.61
3994,30.6098,1846.44,26.83
3995,28.7439,1936.51,27.49
3996,29.4196,1965.24,27.3
3997,28.4232,1892.5,27.92
3998,29.42,1916.99,26.49
3999,28.1141,1970.63,27.44
4000,27.5782,1925.59,25.24
4001,28.3119,1966.55,25.49
4002,28.356,2057.08,25.19
4003,27.9692,1914.76,25.53
4004,27.5246,1965.39,23.89
4005,28.5115,1815.17,23.51
4006,29.3484,1834.98,23.02
4007,29.5956,1804.92,22.82
4008,29.6793,1993.77,23.64
4009,31.1848,1853.79,23.19
4010,30.2932,1991.78,23.77
4011,31.0832,1944.36,23.37
4012,31.8773,1976.13,24.05
4013,32.381,1900.57,24.11
4014,30.3911,1896.35,24.94
4015,30.1736,1956.2,25.29
4016,30.7742,2008.42,25.41
4017,30.6727,1917.05,25.82
4018,30.7336,2124.02,26.76
4019,28.2061,2042.93,27.08
4020,30.5071,2027.24,27.55
4021,30.1415,2015.37,26.95
4022,29.3207,1991.75,26.99
4023,30.735,2101.71,26.51
4024,27.8901,2027.02,25.93
4025,27.6701,1998.13,25.12
4026,28.0631,2084.18,25.49
4027,29.6235,2023.72,24.45
4028,29.656,2004.04,23.95
4029,28.2786,2065.28,23.05
4030,29.9783,1934.31,22.92
4031,30.1119,2055.12,23.48
4032,30.1046,2033.13,22.55
4033,30.8732,2078.55,22.2
4034,31.1958,2010.05,23.6
4035,30.6544,2201.3,22.89
4036,30.4023,1988.26,23.15
4037,31.7335,2055.44,24.7
4038,32.9777,2108.8,24.22
4039,31.5358,2119.4,25.58
4040,31.7511,2164.99,26.47
4041,30.6836,2140.42,26.37
4042,31.0864,2082.94,27.9
4043,30.0905,2072.33,26.95
4044,28.7915,2132.74,27.98
4045,30.7506,2020.18,27.17
4046,30.2104,2133.83,26.05
4047,29.8853,2059.5,26.74
4048,27.2357,2041.67,26.01
4049,28.9243,2188.54,26.16
4050,28.2491,2031.73,24.63
4051,28.3035,2117.76,24.81
4052,28.3555,2143.41,24.4
4053,28.6648,2108.72,23.24
4054,28.9351,2172.43,23.24
4055,28.9343,2118.14,23.14
4056,30.7822,2222.28,21.57
4057,28.904,2116.06,23.02
4058,32.6017,2087.45,22.96
4059,31.8185,2128.1,23.71
4060,31.5255,2142.67,24.1
4061,30.981,2076.52,25.24
4062,32.8186,2252.86,24.8
4063,29.8594,2216.39,26.41
4064,32.1956,2126.06,25.74
4065,30.4955,2140.72,26.54
4066,30.1379,2132.21,27.01
4067,31.2642,2260.55,26.62
4068,29.7795,2004.96,26.66
4069,30.9007,2118.65,27.46
4070,28.9301,2218.92,27.94
4071,29.0515,2140.53,26.2
4072,28.4867,2179.49,26.73
4073,29.7586,2184.89,25.73
4074,28.3126,2184.97,25.01
4075,28.5955,2112.73,24.49
4076,28.0971,2279.57,24.09
4077,29.9655,2195.75,24.3
4078,29.7391,2144.88,23.98
4079,30.1109,2107.07,22.56
4080,29.6011,2261.85,22.41
4081,31.0915,2131.03,23.27
4082,31.4726,2040.51,24.27
4083,30.2853,2100.69,23.15
4084,31.2585,2206.21,24.01
4085,31.435,2105.46,24.46
4086,32.7919,2255.84,25.19
4087,32.5927,2059.38,25.32
4088,31.8481,2159.71,25.86
4089,30.4742,2138.82,26.45
4090,31.07,2174.87,26.83
4091,31.1678,2148.7,26.5
4092,30.5978,2181.09,26.89
4093,28.2472,2058.9,26.73
4094,29.1665,2150.28,27.04
4095,28.3126,2205.94,26.79
4096,29.3359,2198.06,25.74
4097,28.2855,2268.33,25.18
4098,27.3403,2093.18,25.16
4099,29.0009,2058.83,24.4
4100,28.6374,2093.04,23.92
4101,28.2079,2066.2,23.9
4102,28.9765,2154.23,22.88
4103,28.8859,2097.54,23.32
4104,31.5772,2050.79,22.69
4105,30.2558,2080.16,22.75
4106,29.4596,2025.05,23.23
4107,32.2497,2024.52,24.0
4108,32.1007,2031.3,22.95
4109,30.6469,2026.7,24.43
4110,29.9226,2023.3,24.82
4111,30.9144,2095.06,25.87
4112,31.1888,2149.06,25.63
4113,31.6624,2101.33,26.12
4114,30.4165,2046.21,27.49
4115,30.1425,2036.95,26.78
4116,31.0372,2133.56,27.75
4117,28.3302,2077.15,26.66
4118,29.5924,1974.23,27.5
4119,28.2923,2056.57,25.89
4120,29.057,2059.49,26.4
4121,28.4196,2033.83,24.65
4122,29.1556,2117.23,25.06
4123,29.1418,2030.05,24.17
4124,29.1097,2035.43,23.55
4125,29.774,2068.25,23.07
4126,30.2984,2040.55,23.1
4127,29.845,1978.22,23.03
4128,29.6929,1972.51,23.42
4129,29.6358,1997.54,23.34
4130,30.2844,1935.45,23.54
4131,30.7321,1892.19,24.3
4132,30.7461,1962.67,24.85
4133,32.2232,2028.51,24.42
4134,31.6875,2067.23,25.51
4135,33.4414,1952.78,25.41
4136,30.9557,1964.94,25.66
4137,31.5259,1972.27,25.67
4138,30.3047,2038.1,26.48
4139,30.7338,2037.52,26.0
4140,29.5513,2011.96,25.92
4141,29.3068,1997.48,26.37
4142,28.7973,2007.83,26.23
4143,29.1735,1882.63,27.16
4144,28.2283,1928.02,25.79
4145,28.9196,2044.35,25.46
4146,28.4844,2034.96,25.41
4147,28.4495,1931.97,24.72
4148,28.6282,1929.59,23.77
4149,28.3849,1903.8,23.85
4150,28.5694,1966.76,23.38
4151,29.7721,1988.79,23.66
4152,31.2647,1940.54,22.88
4153,29.7411,1849.26,22.63
4154,31.8782,1807.87,23.24
4155,32.475,2018.36,23.45
4156,32.6404,1847.92,23.22
4157,32.8169,1948.11,24.9
4158,30.6476,1911.95,24.68
4159,31.3677,1931.4,25.63
4160,30.3369,1865.89,25.99
4161,30.7743,2000.36,25.52
4162,30.7768,1952.99,26.83
4163,30.4865,1873.93,26.54
4164,30.1231,1850.36,26.67
4165,29.509,1971.37,26.97
4166,29.5958,1916.77,26.25
4167,28.6102,1871.92,26.92
4168,28.2253,1902.39,25.02
4169,29.5148,1847.65,25.69
4170,28.4538,1911.92,24.97
4171,28.2856,1937.32,24.25
4172,29.3293,1963.4,23.79
4173,27.2987,1933.78,23.3
4174,29.2103,1897.66,22.96
4175,28.9364,1892.82,23.57
4176,29.2687,2040.78,23.66
4177,31.535,1988.9,23.47
4178,31.0019,1871.37,23.05
4179,32.4129,1887.38,23.89
4180,30.9502,1901.65,24.7
4181,32.2711,2004.0,26.62
4182,31.1528,1929.09,24.28
4183,30.3681,2027.22,25.11
4184,31.6611,1949.89,26.5
4185,32.4387,1958.11,25.84
4186,31.1098,2019.6,26.29
4187,30.6144,1937.28,26.05
4188,29.6465,1999.22,26.56
4189,30.2739,2067.7,27.63
4190,29.7415,1908.78,27.4
4191,28.21,2061.17,26.81
4192,30.3581,1957.99,25.94
4193,28.8649,1971.57,25.24
4194,27.2526,1972.86,25.13
4195,28.9006,2010.56,24.71
4196,28.9798,1995.62,23.62
4197,27.8356,2014.03,23.09
4198,29.4279,2145.03,23.29
4199,31.0825,1985.68,23.37
4200,31.3869,2067.0,22.73
4201,29.9416,2112.48,22.76
4202,31.5196,2010.55,23.97
4203,30.7986,1929.64,23.2
4204,32.0355,1990.87,24.2
4205,30.8535,2180.97,24.75
4206,31.7261,2081.36,25.09
4207,31.7943,2036.93,25.5
4208,31.2132,2111.6,25.45
4209,30.9349,2049.4,26.36
4210,30.6336,2071.13,27.16
4211,30.0774,2045.25,26.97
4212,29.769,2183.16,26.66
4213,29.4148,2123.9,26.69
4214,27.8287,2176.05,26.92
4215,28.7603,2101.82,26.0
4216,28.2468,2018.16,25.8
4217,29.351,2269.42,25.68
4218,27.5658,2113.47,24.66
4219,28.0434,2084.85,24.76
4220,29.082,2018.29,24.14
4221,28.425,2237.34,23.69
4222,28.7892,2190.53,23.63
4223,30.7245,2050.69,22.55
4224,30.2985,2232.36,23.31
4225,29.9074,2278.26,23.87
4226,29.3255,2145.24,22.29
4227,31.1198,2130.22,23.87
4228,31.6021,2210.15,24.82
4229,31.9864,2182.73,24.94
4230,31.264,2055.93,24.85
4231,30.7061,2203.82,25.57
4232,29.6478,2125.76,26.88
4233,29.8984,2160.41,27.1
4234,31.2521,2111.93,27.25
4235,30.4888,2138.14,26.73
4236,29.7052,2132.09,26.69
4237,29.748,2104.34,27.53
4238,29.1587,2230.52,26.87
4239,30.0274,2056.82,26.83
4240,29.6827,2130.93,25.21
4241,28.6868,2216.89,25.15
4242,28.5962,2091.55,24.3
4243,28.6782,2177.98,24.68
4244,28.0521,2207.93,23.85
4245,28.008,2215.25,23.94
4246,31.1567,2172.78,23.2
4247,30.4762,2185.88,24.09
4248,30.6711,2253.79,22.49
4249,31.0827,2181.18,22.69
4250,30.2798,2109.65,23.19
4251,30.9471,2171.32,23.86
4252,31.6536,2247.04,25.1
4253,31.8458,2206.93,24.33
4254,31.2392,2239.55,24.39
4255,32.0022,2118.16,25.49
4256,32.9999,2111.55,25.73
4257,29.8365,2139.21,26.7
4258,30.5062,2301.0,26.41
4259,32.0827,2040.51,26.87
4260,29.2924,2128.32,26.86
4261,28.9521,2146.15,26.64
4262,29.329,2179.44,26.66
4263,29.4681,2143.87,26.46
4264,30.7333,1997.73,25.65
4265,29.2227,2143.72,25.73
4266,28.1661,2137.57,24.75
4267,28.2046,2160.29,25.59
4268,28.8956,2143.01,24.17
4269,29.9989,2131.84,23.84
4270,29.7481,2117.59,23.75
4271,28.698,2171.72,22.96
4272,30.6209,2067.5,22.66
4273,30.2999,2098.9,23.78
4274,29.1427,2118.43,22.6
4275,31.0146,2105.93,22.49
4276,31.4524,2030.6,24.08
4277,31.1209,2053.83,25.11
4278,32.0259,2033.27,24.64
4279,32.2075,2147.12,25.54
4280,32.5537,2125.88,26.04
4281,31.4424,2107.64,25.63
4282,30.7149,2058.88,26.02
4283,30.5057,2078.41,26.66
4284,29.4535,2220.58,27.27
4285,27.3762,2102.45,27.31
4286,29.5591,1949.09,26.12
4287,28.6635,1934.9,26.81
4288,29.4477,2050.79,26.32
4289,28.228,2100.92,26.04
4290,30.2636,1961.66,25.4
4291,28.006,1859.96,25.15
4292,29.976,1996.47,23.38
4293,29.6875,2008.64,24.15
4294,29.5534,2052.61,22.79
4295,30.0058,1982.83,22.58
4296,28.0452,2056.21,23.1
4297,31.0677,1995.22,22.08
4298,31.3154,2046.78,23.92
4299,30.027,2023.59,24.82
4300,30.2194,1901.02,24.48
4301,31.2318,1957.91,24.48
4302,30.5934,1987.44,24.86
4303,31.4504,1962.33,25.86
4304,31.061,1951.25,26.01
4305,30.3533,1919.36,25.61
4306,31.7006,1982.57,26.7
4307,32.2174,1889.4,27.31
4308,29.6874,2002.94,27.54
4309,29.5791,1948.86,27.57
4310,28.9356,2013.72,27.13
4311,28.7937,2030.95,26.29
4312,29.0817,1913.09,25.36
4313,28.0078,1812.45,24.23
4314,28.9398,2024.26,24.82
4315,28.7226,1998.69,24.57
4316,29.6539,2009.85,24.1
4317,26.941,1994.96,24.06
4318,30.0388,1930.81,23.16
4319,30.771,1785.13,23.65
4320,29.7299,2006.21,22.86
4321,29.6,1901.3,22.52
4322,31.939,1944.26,23.56
4323,29.9789,1930.63,24.49
4324,31.0919,1880.58,24.23
4325,32.7354,1985.97,25.49
4326,31.0138,1972.76,25.1
4327,29.8267,1984.03,25.83
4328,31.5168,1957.42,26.46
4329,31.0196,1932.17,25.52
4330,30.4989,1971.46,26.29
4331,31.2858,1972.32,26.7
4332,29.2528,1917.19,27.69
4333,29.753,2004.31,25.97
4334,30.1131,1892.08,26.18
4335,29.2667,1985.2,26.1
4336,27.1132,1885.17,25.28
4337,27.8299,1903.67,25.68
4338,29.6019,1895.25,24.55
4339,27.6764,1979.28,24.24
4340,27.668,1936.43,23.37
4341,29.6992,1970.42,23.97
4342,28.9727,1882.71,24.54
4343,28.9145,1935.74,23.18
4344,30.0901,1973.45,23.55
4345,31.1691,1959.93,23.47
4346,28.6234,1931.93,24.88
4347,32.657,2018.89,24.2
4348,30.7296,1997.53,23.9
4349,30.6453,1935.03,24.78
4350,31.8703,1983.17,25.34
4351,31.1285,1998.08,25.36
4352,30.6194,1999.49,25.81
4353,31.949,1982.93,27.13
4354,31.6748,1939.74,26.83
4355,31.9978,1923.36,26.46
4356,29.2884,2069.94,27.28
4357,29.7992,1992.57,27.04
4358,30.5026,2001.29,27.04
4359,28.1219,2002.28,26.21
4360,28.2519,1993.29,27.01
4361,26.307,2113.21,25.67
4362,28.0816,2070.74,24.69
4363,28.1771,1931.51,24.99
4364,27.8277,1937.64,24.24
4365,29.413,1938.48,23.66
4366,29.8181,1931.49,24.43
4367,31.0615,2108.38,22.47
4368,29.8398,1978.29,22.17
4369,30.8265,2105.75,23.23
4370,30.6732,2059.8,23.02
4371,32.5297,2040.08,24.68
4372,32.3531,2045.54,24.37
4373,30.6846,2011.66,24.96
4374,30.6269,2040.48,25.45
4375,33.5468,2059.85,25.19
4376,31.2691,2069.64,25.85
4377,32.1004,2075.56,26.33
4378,31.775,2088.92,26.24
4379,28.6516,2142.07,26.92
4380,31.4153,2151.49,27.11
4381,29.2022,2056.72,26.27
4382,29.3084,2167.48,26.39
4383,29.3262,2105.9,26.05
4384,30.016,2118.21,26.37
4385,28.7063,2120.01,25.58
4386,28.8378,2192.28,25.04
4387,28.1093,2125.38,23.64
4388,29.2964,2067.92,24.52
4389,28.828,2021.09,23.61
4390,28.9247,2115.2,23.5
4391,28.5699,2161.22,23.68
4392,30.3788,2155.52,23.25
4393,29.4801,2046.38,23.89
4394,30.6711,2271.22,23.21
4395,30.2928,2126.44,23.88
4396,30.6515,2268.05,24.23
4397,32.0118,2108.67,25.0
4398,32.061,2157.52,25.32
4399,32.4707,2183.95,25.84
4400,30.6791,2123.46,25.1
4401,31.2429,2173.58,27.06
4402,31.7168,2068.49,26.12
4403,29.1917,2159.67,27.0
4404,30.0479,2103.46,26.34
4405,30.3002,2146.64,27.92
4406,28.2903,2148.7,26.62
4407,29.5564,2149.64,26.08
4408,27.5991,2081.06,26.47
4409,28.5362,2120.65,25.84
4410,28.723,2151.16,24.62
4411,27.8934,2083.82,23.89
4412,29.782,2219.55,24.05
4413,29.2908,2105.79,24.51
4414,29.4859,2157.06,23.34
4415,29.578,2287.76,23.73
4416,30.7358,2067.47,22.53
4417,29.9645,2190.47,22.92
4418,29.9618,2280.75,23.65
4419,29.9841,2125.82,23.36
4420,32.3919,2134.38,23.74
4421,31.6207,2117.16,24.16
4422,31.0763,2261.33,24.69
4423,31.9147,2110.22,25.87
4424,30.5799,2066.18,25.87
4425,30.8719,2192.35,25.91
4426,29.897,2094.14,26.31
4427,28.5959,2246.19,27.24
4428,29.8557,2166.29,27.59
4429,28.9283,2137.81,27.27
4430,29.7371,2136.27,26.33
4431,27.1839,2164.58,26.0
4432,29.4739,2138.76,25.84
4433,29.0059,2226.62,25.26
4434,29.3266,2173.13,24.3
4435,29.2244,2096.1,24.61
4436,28.6886,2109.67,24.45
4437,27.1158,1969.13,24.0
4438,28.0297,2064.42,23.1
4439,29.533,2123.95,23.08
4440,30.0654,1966.04,24.26
4441,29.5835,2079.61,22.88
4442,30.4134,2026.75,23.09
4443,30.6003,2200.05,22.97
4444,32.3997,2041.04,23.83
4445,30.6341,2136.42,24.22
4446,32.5329,2039.56,24.47
4447,31.9401,2122.95,25.34
4448,31.2454,2058.15,26.38
4449,30.6618,2070.29,26.54
4450,31.4762,2074.81,27.77
4451,29.9511,2049.06,26.82
4452,29.0627,1995.92,26.62
4453,29.2891,2000.19,27.11
4454,29.1341,1984.97,26.24
4455,29.1232,2039.95,26.63
4456,28.7879,2027.72,25.45
4457,29.8212,2017.32,26.23
4458,26.7875,1990.52,24.18
4459,28.2056,2004.0,24.64
4460,29.4094,2067.39,24.03
4461,27.5591,2096.1,23.9
4462,29.5914,2057.69,24.08
4463,30.9586,1942.86,23.08
4464,30.4168,1937.38,23.19
4465,28.9673,1953.87,23.73
4466,30.5585,2021.96,23.14
4467,31.9386,2023.05,24.3
4468,30.2426,1826.56,23.87
4469,31.6242,1990.73,25.15
4470,31.0786,1921.19,25.47
4471,32.7904,1971.29,25.4
4472,31.6141,1971.98,24.63
4473,30.5945,1935.94,25.56
4474,28.9219,1918.98,27.09
4475,30.3821,1884.34,26.22
4476,28.7484,1912.04,25.76
4477,29.2258,1931.94,27.41
4478,29.2973,1859.18,26.11
4479,27.6534,1902.96,25.76
4480,27.9147,1962.01,25.45
4481,29.5472,1913.72,25.3
4482,27.9317,1916.64,24.82
4483,27.6947,1892.71,25.07
4484,29.1,1795.15,23.84
4485,29.8314,2069.52,23.68
4486,29.7492,1973.79,23.19
4487,30.274,1911.49,23.91
4488,30.6058,1884.73,23.91
4489,29.8312,1852.55,22.66
4490,30.844,1924.99,23.11
4491,31.0821,2044.43,23.64
4492,31.9182,1915.0,23.79
4493,31.7011,2026.29,24.58
4494,30.6867,1891.05,25.38
4495,32.4974,1956.99,25.14
4496,31.4321,1948.49,25.94
4497,31.8925,1892.75,26.85
4498,30.7472,1898.35,26.53
4499,29.8125,1871.53,27.48
4500,28.7523,1968.39,26.91
4501,29.4735,1827.67,27.06
4502,29.2496,1863.06,26.69
4503,28.1994,1923.65,26.13
4504,28.8609,1954.01,26.01
4505,29.2619,1942.95,25.45
4506,28.3681,1875.8,26.33
4507,27.9201,1903.44,23.56
4508,29.9408,1991.15,24.38
4509,27.0723,1891.48,22.98
4510,30.6471,1986.91,23.75
4511,29.4825,2013.25,22.58
4512,29.6534,2017.33,22.08
4513,29.9819,1815.2,23.23
4514,30.6316,2013.72,22.91
4515,31.2558,1874.1,23.54
4516,31.1433,1949.11,23.7
4517,30.8307,2061.27,25.01
4518,32.8662,1908.65,25.04
4519,31.336,2040.06,25.88
4520,29.3512,2001.78,24.43
4521,32.2884,1984.53,26.61
4522,30.6256,2010.7,26.96
4523,31.7094,2083.7,26.8
4524,30.2044,1966.78,26.84
4525,31.0942,1929.54,26.87
4526,30.6293,1991.67,26.49
4527,29.2097,2030.9,26.5
4528,28.594,1975.81,25.94
4529,29.7915,1983.17,25.29
4530,28.3485,1998.71,24.92
4531,29.2685,2062.5,24.46
4532,30.4514,2022.88,24.67
4533,29.2699,2036.88,24.26
4534,28.5729,1948.47,24.11
4535,28.9935,1981.33,23.11
4536,29.4685,2171.09,23.52
4537,31.071,2044.76,23.05
4538,31.8827,2018.77,23.78
4539,31.1164,2102.28,23.68
4540,31.199,2058.31,23.56
4541,31.6887,2085.8,24.86
4542,31.8231,2097.76,24.88
4543,32.588,2124.95,25.87
4544,31.748,2086.08,25.65
4545,32.5353,2023.73,26.44
4546,28.9839,2051.65,27.09
4547,30.297,2066.85,26.29
4548,28.8523,2020.82,27.16
4549,30.752,2051.54,27.33
4550,29.1851,2136.77,26.76
4551,27.956,2077.42,26.57
4552,29.4924,2004.89,25.87
4553,28.3169,2065.54,24.71
4554,28.5604,2170.87,24.97
4555,26.4526,2193.56,24.63
4556,28.0419,2089.23,24.39
4557,28.7614,2139.92,23.21
4558,28.0307,2196.94,23.61
4559,29.1544,2107.83,22.76
4560,29.5277,2107.25,22.84
4561,30.3707,2141.2,23.11
4562,28.7188,2124.13,23.6
4563,31.0018,2046.01,23.54
4564,30.39,2212.19,24.12
4565,30.1737,2218.6,24.63
4566,31.8493,2161.92,25.58
4567,31.2986,2218.46,24.78
4568,30.0557,2081.59,26.26
4569,31.0576,2127.79,26.36
4570,30.385,2157.3,27.33
4571,29.8172,2106.01,26.67
4572,29.5909,2060.14,26.68
4573,30.778,2169.52,26.81
4574,29.1652,2103.86,26.78
4575,28.3527,2234.98,25.63
4576,28.5039,2160.95,25.86
4577,27.356,2161.22,25.74
4578,27.6705,2195.11,25.91
4579,27.7361,2198.0,25.39
4580,28.237,2269.88,24.11
4581,29.6703,2089.28,22.92
4582,29.4453,2138.51,23.13
4583,30.0578,2154.92,22.19
4584,29.7334,2168.44,23.55
4585,30.1043,2119.53,22.75
4586,29.7247,2135.87,23.63
4587,29.9511,2176.8,23.17
4588,32.5963,2266.69,24.32
4589,32.1313,2173.85,23.84
4590,30.841,2082.62,24.09
4591,32.7579,2139.41,25.92
4592,30.7388,2167.48,26.14
4593,30.8899,2250.26,26.43
4594,30.9219,2252.9,26.17
4595,30.2992,2167.4,26.94
4596,30.2986,2148.3,26.8
4597,29.9083,2235.52,27.89
4598,29.2647,2080.89,26.67
4599,29.6183,2090.37,25.45
4600,28.4708,2113.63,25.46
4601,27.8576,2082.91,25.71
4602,28.5442,2139.96,24.78
4603,29.4477,2097.14,24.49
4604,28.9562,2081.84,24.02
4605,30.0639,2252.59,23.09
4606,28.6813,2045.0,22.69
4607,29.1495,2089.9,23.59
4608,30.8951,2080.49,23.49
4609,29.0514,2101.1,23.64
4610,30.3941,2100.49,23.34
4611,31.8145,2017.42,23.62
4612,30.4125,2085.24,23.47
4613,32.4142,2031.95,23.87
4614,31.3407,1892.83,24.67
4615,30.8729,2114.97,25.16
4616,31.9816,2037.27,26.56
4617,31.1274,2069.99,26.08
4618,29.4067,1912.39,26.72
4619,30.4928,1996.52,26.4
4620,28.8834,1887.89,26.89
4621,29.5389,2029.22,27.17
4622,30.4429,2139.42,27.02
4623,29.043,2050.75,25.27
4624,29.2268,2054.67,26.8
4625,27.9676,2019.94,26.15
4626,28.9792,1976.51,24.6
4627,28.3898,1919.27,24.92
4628,28.7349,2012.75,24.4
4629,29.3789,1980.75,24.3
4630,29.3564,1918.91,23.45
4631,29.9059,1967.9,22.67
4632,29.2036,1997.32,22.53
4633,30.0311,1962.67,23.09
4634,31.2542,1983.78,23.46
4635,30.7402,1861.28,23.9
4636,31.6543,2016.8,23.75
4637,29.9648,1942.37,24.21
4638,32.1829,1916.02,25.12
4639,32.2014,2001.84,25.54
4640,32.3441,1988.71,25.1
4641,30.2016,1882.88,26.05
4642,29.8165,1998.35,26.44
4643,29.0711,2021.86,27.62
4644,31.0508,1964.42,26.53
4645,30.0591,2024.83,26.22
4646,29.3567,2047.58,26.58
4647,28.6938,2001.35,26.43
4648,29.5309,1997.85,26.01
4649,29.1331,1858.44,25.12
4650,29.4489,1928.45,25.21
4651,28.2915,1911.19,25.13
4652,28.9138,1968.63,23.91
4653,28.9123,1952.05,23.82
4654,29.1116,1909.62,22.98
4655,29.159,1846.41,24.02
4656,29.2498,1991.23,21.86
4657,29.7218,1884.74,23.76
4658,30.5213,1899.8,22.73
4659,31.5487,1858.39,23.88
4660,31.9579,2012.45,23.62
4661,32.4376,1865.42,24.88
4662,32.7897,1812.59,25.2
4663,31.8318,1944.73,25.94
4664,31.8877,1846.11,25.91
4665,31.1869,2025.12,25.43
4666,32.4795,1954.66,26.25
4667,29.81,1885.57,27.21
4668,29.8591,1827.93,26.9
4669,29.5616,1906.19,27.71
4670,28.8036,1921.29,25.91
4671,30.5196,1884.69,27.25
4672,27.6234,1858.58,26.16
4673,29.8156,1901.13,25.14
4674,28.2611,1937.27,25.17
4675,28.0134,1915.88,24.62
4676,29.7242,1889.4,24.0
4677,29.2643,1974.36,23.19
4678,28.8515,1848.16,22.8
4679,31.2592,1986.08,23.16
4680,29.5404,2041.96,22.95
4681,30.8971,1949.11,23.7
4682,31.7042,1845.82,23.4
4683,30.3176,1983.45,22.6
4684,31.6302,1920.32,23.51
4685,30.5245,1908.35,25.53
4686,31.2674,1959.72,24.63
4687,30.4855,1948.67,24.87
4688,30.9342,1934.08,26.65
4689,31.5674,1929.68,26.55
4690,30.6888,1908.53,27.36
4691,31.4663,1959.05,27.04
4692,28.6795,1946.23,27.71
4693,28.8956,1967.17,27.03
4694,29.3461,1905.37,26.32
4695,28.415,1921.19,26.62
4696,28.8776,1965.71,26.93
4697,29.5538,2018.21,25.18
4698,29.4269,2019.02,24.44
4699,27.8443,1978.07,24.51
4700,28.6038,2081.63,23.12
4701,30.1281,1964.46,24.48
4702,30.1755,1942.77,22.57
4703,29.4108,1988.24,22.31
4704,28.8536,2147.74,23.34
4705,30.2143,1958.91,22.63
4706,30.1457,2032.02,23.33
4707,30.3629,2007.77,24.37
4708,29.9958,1998.78,23.68
4709,30.7225,2139.2,24.53
4710,31.7176,2079.86,25.28
4711,32.1627,2093.05,25.36
4712,31.5402,2040.13,25.51
4713,31.497,2107.96,26.19
4714,31.0609,2102.6,27.26
4715,30.3959,2124.98,27.42
4716,29.7874,2052.32,27.49
4717,30.205,2078.42,26.76
4718,29.4701,2146.04,26.33
4719,28.4118,2007.07,25.91
4720,29.4734,2132.67,25.53
4721,27.9582,2144.38,25.73
4722,28.9089,2178.63,25.01
4723,27.6112,2072.53,24.45
4724,29.2242,2264.48,24.79
4725,28.5544,2136.61,23.12
4726,28.6748,2087.27,22.81
4727,29.2823,2097.18,22.95
4728,30.0586,2054.67,23.35
4729,30.6876,2100.67,22.1
4730,29.9524,2133.74,23.48
4731,29.3102,2047.51,23.73
4732,30.3158,2103.42,23.88
4733,31.7199,2113.44,24.85
4734,32.2262,2143.55,23.87
4735,31.6978,2264.65,26.35
4736,31.6746,2073.14,26.08
4737,30.7171,2139.97,26.58
4738,31.0227,2114.19,26.86
4739,31.459,2233.77,27.07
4740,29.1607,2190.88,27.61
4741,30.4878,2085.43,27.33
4742,28.8498,2165.94,26.13
4743,28.4036,2180.87,26.47
4744,28.8629,2221.98,25.68
4745,27.9569,2199.65,24.91
4746,28.1301,2224.23,24.93
4747,28.9211,2169.39,24.81
4748,28.7495,2136.62,23.68
4749,28.3127,2132.75,23.13
4750,29.6045,2200.34,23.35
4751,29.4207,2179.72,22.87
4752,29.9631,2179.64,22.79
4753,29.8837,2203.26,23.58
4754,30.3457,2149.37,22.68
4755,31.5389,2158.22,23.74
4756,31.7573,2164.04,23.94
4757,32.4736,2139.11,23.54
4758,31.9515,2143.37,24.58
4759,30.9199,2146.73,26.02
4760,29.9896,2161.4,26.12
4761,30.4819,2094.66,27.16
4762,31.9318,2209.98,26.44
4763,30.0687,2093.75,27.2
4764,29.419,2148.99,26.39
4765,30.9308,2068.94,27.58
4766,27.3895,2090.55,27.01
4767,29.4337,2173.14,26.29
4768,28.8,2173.88,26.38
4769,29.1344,2170.17,25.77
4770,28.4272,2197.35,25.18
4771,28.5992,2177.21,24.66
4772,27.8697,2100.15,24.07
4773,28.9534,2066.61,24.11
4774,29.8178,2115.77,23.85
4775,29.4944,2214.35,22.22
4776,30.3234,2000.78,23.44
4777,30.6054,2024.11,22.15
4778,30.4786,2073.64,24.01
4779,31.8684,2093.04,23.16
4780,31.1846,2066.3,23.81
4781,31.9424,2040.31,24.62
4782,30.2136,2060.47,24.84
4783,31.0349,2032.02,24.85
4784,30.9433,1919.4,25.77
4785,32.7911,2041.12,27.28
4786,30.8757,2142.76,27.01
4787,30.9344,1987.47,26.47
4788,30.1127,2048.44,27.42
4789,28.9701,1998.22,26.83
4790,30.4061,1890.21,26.26
4791,29.5599,2058.46,26.78
4792,29.5235,2088.15,26.44
4793,28.9208,2103.41,25.14
4794,28.9152,1906.43,24.62
4795,27.59,1982.57,23.78
4796,28.0956,2058.38,24.5
4797,29.2696,1988.56,24.38
4798,30.4391,2015.07,22.78
4799,29.9151,2009.57,22.63
4800,28.7539,2092.43,23.74
4801,30.5441,2086.21,23.08
4802,31.1271,2024.01,21.89
4803,30.8736,1943.34,23.28
4804,31.2106,1918.51,23.12
4805,31.4091,2049.32,24.13
4806,31.1366,1858.14,24.8
4807,32.279,2001.21,25.14
4808,31.7094,1970.77,25.89
4809,30.7902,2031.84,25.89
4810,30.2731,1859.34,26.05
4811,29.4018,1946.73,27.11
4812,30.5236,1846.93,27.05
4813,31.1696,1972.23,26.35
4814,30.1691,1867.74,26.38
4815,28.9625,1906.22,26.63
4816,29.6043,1971.14,25.7
4817,27.0431,1897.91,25.75
4818,28.0206,1866.77,25.23
4819,28.3683,1889.74,24.37
4820,29.3608,1931.22,23.47
4821,28.803,1865.37,24.56
4822,30.4327,1918.36,22.82
4823,29.6137,1937.18,22.44
4824,29.7503,1952.01,22.5
4825,30.6238,1951.24,23.6
4826,30.6454,1909.1,23.34
4827,31.6467,1983.65,23.58
4828,32.8016,1907.92,24.14
4829,31.5403,1863.77,24.43
4830,32.6432,1983.06,24.88
4831,32.9152,1869.22,25.07
4832,31.653,1886.63,26.1
4833,30.7918,1941.05,26.46
4834,29.3512,1812.0,27.01
4835,30.0778,1909.24,26.98
4836,28.8082,1949.83,26.75
4837,28.5186,1959.06,26.81
4838,29.9468,2030.93,26.27
4839,29.0771,1904.01,25.99
4840,28.7332,1823.75,26.16
4841,27.3904,2012.89,25.68
4842,27.3814,1894.8,24.59
4843,30.1701,1909.38,24.65
4844,29.3979,1987.55,24.45
4845,29.0813,1941.58,24.5
4846,29.6327,1985.13,23.44
4847,30.1749,1976.07,22.78
4848,30.4933,2023.79,23.31
4849,30.0352,2024.32,23.39
4850,31.4369,1907.63,22.12
4851,30.3861,1953.45,23.45
4852,30.6179,1867.97,23.88
4853,31.4493,1877.7,25.02
4854,30.4865,2001.39,25.4
4855,31.2199,1888.01,26.73
4856,29.4943,1916.92,25.69
4857,30.7519,2069.51,26.03
4858,31.6692,2022.29,26.26
4859,30.3798,1950.31,26.85
4860,30.1255,1981.07,27.22
4861,29.9413,2028.36,27.02
4862,28.2155,2092.63,27.18
4863,29.5935,1938.06,27.8
4864,29.8336,1898.43,25.7
4865,28.0743,1926.43,25.45
4866,27.8998,2016.9,24.71
4867,27.4448,1932.32,24.58
4868,29.3253,2135.63,24.04
4869,29.4947,1968.9,22.87
4870,28.7924,2009.83,22.1
4871,29.3975,1996.02,22.89
4872,30.0877,1960.97,22.49
4873,30.6177,1993.4,23.72
4874,31.391,1996.89,24.04
4875,31.4774,1984.85,24.55
4876,30.9676,2049.88,24.08
4877,31.8057,2017.02,24.25
4878,31.2036,2175.82,25.47
4879,32.0055,2146.99,25.25
4880,31.0359,2093.18,26.4
4881,31.7366,2107.12,26.47
4882,29.8314,2169.43,26.64
4883,30.9457,2105.51,26.05
4884,29.9181,2149.28,26.71
4885,29.6844,2115.34,26.59
4886,29.9524,2067.8,25.93
4887,29.3004,2193.59,25.79
4888,27.728,2088.25,26.68
4889,28.0165,2159.41,25.7
4890,27.7367,2108.34,25.31
4891,27.9647,2187.07,25.04
4892,29.9175,2002.51,24.32
4893,29.119,2122.29,23.75
4894,28.8411,2152.15,23.28
4895,29.5027,2273.71,23.56
4896,29.2105,2151.12,22.79
4897,29.9615,2093.28,23.33
4898,30.9082,2142.38,23.54
4899,29.877,2006.64,23.84
4900,31.2114,2117.58,24.27
4901,30.6311,2217.4,24.32
4902,33.3916,2139.95,25.37
4903,31.5355,2115.26,25.95
4904,31.8144,2111.21,26.85
4905,30.5942,2092.11,26.9
4906,30.5994,2131.1,26.41
4907,29.9521,2085.21,26.86
4908,30.9617,2159.55,27.58
4909,29.9007,2197.27,26.86
4910,27.5367,2189.61,25.87
4911,29.3374,2105.94,25.99
4912,29.2209,2173.5,25.32
4913,29.8408,2190.78,25.77
4914,29.6048,2083.27,24.67
4915,27.7842,2128.88,25.26
4916,27.1465,2164.81,24.33
4917,29.6875,2121.63,23.01
4918,27.6997,2197.62,24.45
4919,29.2086,2164.27,23.18
4920,31.566,2158.66,23.1
4921,30.8054,2137.37,23.55
4922,29.6092,2191.81,23.18
4923,31.2767,2124.4,23.85
4924,29.3068,2129.47,23.97
4925,31.3349,2147.96,24.81
4926,32.1052,2227.11,25.31
4927,31.9698,2146.2,25.3
4928,31.735,2146.54,26.27
4929,30.3368,2128.73,26.08
4930,31.4891,2104.72,26.84
4931,30.2542,2201.74,27.17
4932,28.2946,2162.81,26.55
4933,29.1942,2141.26,27.67
4934,29.6914,2045.34,26.75
4935,29.1098,2087.4,26.91
4936,28.8282,2203.96,25.95
4937,29.1935,2044.73,24.92
4938,29.3273,2120.24,25.41
4939,28.0859,2149.41,24.4
4940,28.7103,2112.27,24.08
4941,27.4402,2143.73,23.88
4942,31.0826,1988.52,23.28
4943,29.6674,2171.83,22.63
4944,29.1369,2085.56,23.5
4945,29.349,2156.81,23.19
4946,30.5193,2037.43,23.65
4947,32.2261,2021.38,24.07
4948,31.1828,2040.48,24.74
4949,31.8423,2109.85,24.85
4950,32.5657,2052.65,25.06
4951,30.6193,2023.88,25.31
4952,31.9018,2002.29,26.47
4953,31.7124,2051.51,26.17
4954,31.2436,1993.93,27.13
4955,31.0489,2045.57,27.55
4956,30.1107,2067.09,26.7
4957,30.22,2097.09,27.57
4958,28.0134,1964.38,27.47
4959,29.8904,2032.02,26.67
4960,26.9489,2110.71,26.74
4961,28.0593,1954.15,26.04
4962,29.6876,2041.92,24.5
4963,27.9696,2117.98,23.74
4964,28.7514,2057.5,23.61
4965,28.9331,1932.87,23.59
4966,28.9624,2051.01,24.29
4967,29.9694,2029.52,22.52
4968,29.3522,2044.3,22.22
4969,31.2152,1981.89,22.61
4970,30.3242,1925.98,24.17
4971,31.6718,1926.79,23.71
4972,32.7144,2000.54,24.18
4973,33.052,1831.9,24.12
4974,28.1567,2001.6,24.5
4975,31.9155,1950.64,26.15
4976,31.2166,1987.77,25.91
4977,32.2478,1914.45,26.59
4978,30.7529,1936.06,26.68
4979,31.4003,1860.36,26.98
4980,28.9886,1880.28,26.06
4981,29.6216,2009.24,27.27
4982,30.1918,1909.96,27.14
4983,29.3116,1942.55,27.03
4984,28.3362,1953.73,25.95
4985,29.6426,1883.32,25.16
4986,29.0605,1963.45,24.12
4987,27.4972,1981.73,24.61
4988,29.3981,1959.12,25.47
4989,28.8301,1824.9,23.83
4990,30.0553,1985.96,23.07
4991,28.6991,1860.47,23.08
4992,29.2888,1945.51,22.76
4993,30.0221,1918.22,23.43
4994,28.6096,1853.12,23.01
4995,30.8088,1885.23,23.39
4996,29.8179,1895.78,23.87
4997,30.5788,2086.48,23.9
4998,30.7159,1954.87,24.52
4999,31.5698,1940.9,24.41
5000,32.0745,1916.96,26.05
5001,32.0376,1949.14,26.37
5002,31.2591,1992.86,26.01
5003,31.2846,1969.31,27.17
5004,29.8998,1933.96,26.7
5005,29.3691,1839.65,26.56
5006,29.2631,1892.57,26.28
5007,29.7253,1921.95,26.69
5008,29.4803,1801.74,26.84
5009,27.6243,1968.41,25.56
5010,27.7697,2029.74,25.35
5011,28.0048,1918.53,24.78
5012,28.2111,1927.75,23.88
5013,29.0861,1979.17,22.41
5014,29.3237,1957.56,23.23
5015,29.3753,1881.58,22.6
5016,30.6495,1987.0,23.55
5017,30.514,2070.04,23.47
5018,30.8485,1977.33,23.41
5019,32.4196,1966.39,23.36
5020,29.8963,1976.87,24.46
5021,31.9495,1830.56,24.09
5022,32.5573,1994.73,24.41
5023,32.943,1965.57,24.94
5024,31.8842,1950.08,26.38
5025,31.9282,2003.96,26.61
5026,32.1175,2055.36,27.51
5027,29.2911,1979.05,26.06
5028,29.1558,2046.92,27.32
5029,29.8871,1807.49,26.77
5030,29.3601,1911.44,26.05
5031,29.9306,2004.49,26.57
5032,26.7034,1989.67,26.08
5033,29.2824,2005.64,26.19
5034,30.0311,1913.12,25.13
5035,29.4165,1940.64,25.27
5036,29.5522,1973.6,23.61
5037,28.7528,2038.05,23.43
5038,28.2134,2043.51,22.84
5039,28.8147,2057.94,22.72
5040,31.7794,2190.15,23.68
5041,30.3608,2059.76,22.7
5042,32.9236,1943.24,23.58
5043,30.8254,1983.38,23.77
5044,31.0132,1979.68,24.12
5045,31.5741,2160.38,24.01
5046,31.9219,2039.38,25.12
5047,31.8556,2106.45,25.89
5048,31.0108,2080.91,25.59
5049,32.3871,2153.44,26.98
5050,31.371,2042.7,27.16
5051,29.1481,1971.36,26.19
5052,29.9338,2128.13,27.31
5053,29.3658,1984.41,26.8
5054,29.9604,2188.95,26.73
5055,28.4734,2170.42,26.72
5056,28.2979,2103.84,26.16
5057,28.2338,2170.94,24.51
5058,29.263,2181.82,24.78
5059,28.8968,2095.82,24.51
5060,30.7932,2194.9,23.99
5061,28.4871,2089.28,22.52
5062,29.5832,2225.2,23.1
5063,29.8039,2169.75,22.77
5064,29.2035,2035.99,23.51
5065,30.5913,2065.55,23.87
5066,29.9368,2155.43,23.24
5067,30.2492,2095.41,23.99
5068,32.5362,2148.86,24.62
5069,30.4078,2161.88,23.92
5070,31.6148,2223.24,25.49
5071,30.7996,2162.89,25.47
5072,30.529,2180.4,26.77
5073,31.3929,2163.68,26.12
5074,31.4132,2058.68,27.05
5075,29.9297,2155.68,26.94
5076,30.365,2136.67,26.69
5077,31.091,2141.62,26.97
5078,29.7116,2163.96,26.87
5079,30.0599,2174.12,25.69
5080,28.9938,2123.02,25.38
5081,29.1225,2146.85,24.57
5082,29.4325,2208.92,24.87
5083,29.5685,2216.31,24.07
5084,29.491,2128.22,23.65
5085,30.6752,2184.92,23.19
5086,28.8857,2215.13,23.72
5087,28.9922,2221.27,23.06
5088,30.2727,2226.48,22.33
5089,31.6791,2107.11,23.01
5090,32.1558,2104.13,22.1
5091,31.4046,2253.57,23.34
5092,30.4674,2098.46,24.12
5093,33.1613,2008.95,23.4
5094,31.5632,2205.48,24.37
5095,30.406,2252.63,25.44
5096,32.4372,2149.25,26.22
5097,30.2232,2223.14,25.82
5098,30.7529,2119.76,26.95
5099,31.0436,2157.67,27.32
5100,29.328,2176.93,26.27
5101,30.1013,2165.98,26.66
5102,30.1326,2154.63,27.05
5103,28.3218,2049.43,26.9
5104,29.3173,2181.59,25.73
5105,29.0115,2015.36,25.63
5106,27.5344,2113.93,24.79
5107,28.8246,2078.96,24.98
5108,28.0923,2123.56,24.17
5109,28.5284,2070.41,23.22
5110,28.5822,2105.76,23.53
5111,28.0665,1971.37,23.8
5112,29.6254,2009.03,23.52
5113,30.4492,2160.74,22.92
5114,30.1127,2144.86,23.38
5115,31.7035,2234.97,23.05
5116,31.5895,2047.44,24.02
5117,31.1939,2122.91,24.38
5118,31.6452,2114.81,25.6
5119,32.245,2062.01,25.89
5120,31.2588,1985.15,25.79
5121,30.501,2149.06,26.82
5122,30.0716,2004.12,26.26
5123,31.95,2043.45,27.42
5124,31.4059,2143.29,26.98
5125,30.6124,1996.3,26.79
5126,30.5249,2146.71,27.33
5127,28.8938,1911.21,26.04
5128,28.7117,1921.66,25.49
5129,28.1802,2075.64,25.75
5130,29.3341,2050.05,25.67
5131,27.9866,1975.44,25.06
5132,29.0826,2067.58,23.72
5133,28.208,2071.01,23.39
5134,29.2144,1930.51,23.14
5135,29.1519,2017.03,22.53
5136,29.8256,2176.39,23.89
5137,30.3997,1884.18,22.78
5138,30.4644,2053.18,23.19
5139,30.7063,2039.59,23.41
5140,30.6888,1985.31,23.66
5141,30.9774,2010.47,24.34
5142,32.6092,1964.44,25.61
5143,32.0843,1918.46,25.19
5144,32.5308,1937.83,26.52
5145,30.4918,1867.64,26.79
5146,31.823,1961.78,26.18
5147,31.8859,1956.94,27.17
5148,28.8082,2091.17,26.94
5149,29.1092,1934.09,27.13
5150,30.1152,1904.9,26.46
5151,28.6437,1963.84,25.97
5152,30.0507,1952.91,25.96
5153,28.7639,1901.67,26.22
5154,28.9068,1965.92,25.12
5155,29.6922,2042.81,24.77
5156,29.6491,1860.62,24.4
5157,29.4359,1986.33,23.61
5158,28.9213,1920.59,22.37
5159,28.1854,1855.93,23.32
5160,30.2683,1900.7,22.14
5161,31.2951,1852.92,22.62
5162,31.0555,1906.92,23.0
5163,30.5758,1956.77,23.66
5164,31.652,1944.63,24.52
5165,32.0929,2017.56,24.18
5166,31.2795,1933.1,25.12
5167,28.9786,1975.57,26.33
5168,31.2331,1856.68,25.59
5169,31.4232,1885.27,25.7
5170,32.1926,1856.37,26.08
5171,29.948,1921.72,26.58
5172,30.4587,2058.63,27.02
5173,29.7719,1874.45,27.53
5174,28.0798,1839.14,26.89
5175,30.4089,1804.65,26.65
5176,27.4584,1939.33,25.07
5177,29.2846,2006.72,25.9
5178,27.9687,1908.96,24.8
5179,28.7258,1967.65,23.67
5180,28.296,1867.57,24.27
5181,29.2982,1846.97,22.83
5182,30.9105,2054.99,22.56
5183,28.4189,1941.47,23.54
5184,30.6348,2018.58,22.16
5185,29.7054,1950.61,22.92
5186,30.186,1851.25,23.43
5187,32.2396,2024.34,22.69
5188,31.5575,1873.86,24.36
5189,32.2699,2031.79,24.51
5190,31.0344,1934.59,25.18
5191,32.4252,2014.96,25.43
5192,32.2281,2125.75,26.33
5193,30.1853,1971.93,26.11
5194,30.1043,2005.69,27.26
5195,30.162,1979.92,26.93
5196,30.1813,1959.7,26.92
5197,29.4613,1968.91,26.52
5198,28.4679,1938.37,27.33
5199,29.3379,1986.2,26.15
5200,29.6901,2025.92,21.16
5201,29.1495,1954.66,20.82
5202,28.6588,1972.37,19.2
5203,29.7648,1943.9,19.54
5204,28.5658,2053.42,18.89
5205,29.1723,1981.86,18.4
5206,30.1519,2024.17,18.8
5207,30.1781,1994.33,17.69
5208,30.6662,2048.76,18.01
5209,29.9556,2042.43,18.17
5210,31.7739,1984.56,18.26
5211,30.6932,2066.34,18.91
5212,30.6858,1991.13,20.02
5213,31.3297,2179.97,19.59
5214,31.8107,2006.78,19.59
5215,32.8778,2079.36,20.99
5216,32.0878,2079.07,20.88
5217,31.4976,2138.83,21.44
5218,31.7021,2052.32,21.63
5219,31.3441,2147.18,21.48
5220,30.013,2090.84,22.46
5221,30.6211,2039.25,23.31
5222,29.5998,2101.61,22.27
5223,27.819,1954.23,21.67
5224,28.0818,1990.78,20.96
5225,29.4436,2139.2,20.41
5226,29.0452,2157.7,19.7
5227,27.9218,2159.82,19.12
5228,28.5639,2221.26,18.86
5229,28.0678,2150.17,18.76
5230,29.6534,2099.41,17.7
5231,29.72,2104.83,17.88
5232,28.5265,2106.94,18.02
5233,29.7536,2179.61,18.87
5234,30.2398,2124.72,18.25
5235,29.8653,2200.32,19.03
5236,32.5348,2201.75,18.59
5237,30.3313,2192.54,19.28
5238,30.9602,2243.61,19.05
5239,31.9237,2171.19,20.96
5240,31.9941,2170.39,20.45
5241,31.9618,2102.88,22.04
5242,30.8191,2062.85,22.51
5243,30.8928,2108.09,22.08
5244,30.3181,2040.8,22.13
5245,29.7461,2163.45,21.24
5246,29.5061,2164.68,21.15
5247,27.2373,2082.44,21.28
5248,28.4611,2078.36,20.72
5249,28.6653,2170.97,20.55
5250,25.8294,2200.08,19.53
5251,28.435,2195.5,20.08
5252,28.5784,2243.85,19.49
5253,28.3876,2154.32,18.94
5254,30.5409,2153.75,18.24
5255,28.2175,2034.94,18.54
5256,30.0358,2283.1,18.69
5257,29.4317,2230.27,18.04
5258,30.6095,2194.56,18.46
5259,32.1003,2105.52,18.12
5260,31.3334,2086.1,19.48
5261,32.0395,2245.39,20.4
5262,30.6557,2114.84,20.4
5263,31.7425,2149.43,20.02
5264,29.6334,2109.43,21.42
5265,31.8994,2116.77,21.31
5266,29.7857,2141.41,22.41
5267,30.3031,2074.5,21.85
5268,29.4964,2105.35,22.82
5269,29.2822,2155.2,21.88
5270,28.8252,2119.02,22.08
5271,29.3881,2090.25,20.97
5272,28.4465,2152.67,21.07
5273,28.7239,2143.22,20.12
5274,27.5028,2117.27,19.69
5275,28.6426,2148.3,19.67
5276,29.3063,2041.38,18.91
5277,27.6739,2167.16,18.86
5278,30.7778,2080.46,18.61
5279,30.0149,2126.78,17.85
5280,29.7265,2078.23,22.58
5281,30.4557,2125.59,23.83
5282,31.2004,2148.73,23.83
5283,29.9315,2004.91,24.05
5284,31.6413,2127.31,23.42
5285,30.9612,2012.28,24.43
5286,32.2799,2112.03,24.87
5287,32.0989,1951.51,25.63
5288,29.612,2075.61,26.17
5289,29.7313,1894.55,27.17
5290,29.8641,2099.42,26.37
5291,31.0534,2013.93,26.73
5292,30.1721,1949.0,26.78
5293,28.0128,2037.87,26.18
5294,28.1314,2105.08,27.03
5295,29.3661,2025.75,26.02
5296,29.5778,1995.33,25.68
5297,29.7014,1990.14,25.05
5298,28.3172,1914.7,25.5
5299,27.6866,1893.21,24.26
5300,29.1181,2050.37,24.42
5301,29.5699,2016.92,23.63
5302,27.875,2014.31,23.05
5303,29.7147,1913.04,22.7
5304,30.9885,1976.63,22.43
5305,30.6431,1954.85,23.27
5306,31.5231,2082.2,23.23
5307,30.7561,1965.14,22.46
5308,30.9269,1887.52,23.92
5309,32.3472,1948.11,24.02
5310,32.2539,1885.89,24.68
5311,31.9799,1803.24,25.22
5312,30.4963,1902.91,26.63
5313,30.6956,2027.79,26.15
5314,29.8454,2018.24,26.98
5315,31.9613,1935.87,27.24
5316,29.5707,2030.26,26.84
5317,29.2134,1985.33,27.15
5318,29.4164,1807.61,26.3
5319,27.3179,1940.33,26.72
5320,29.3068,1836.48,26.31
5321,28.993,1930.51,25.54
5322,28.7321,1936.48,24.18
5323,29.0038,2033.55,24.52
5324,29.0805,1978.93,23.39
5325,28.3058,1950.82,24.25
5326,29.0358,1856.74,22.85
5327,29.1436,1944.66,22.93
5328,29.0661,1973.81,23.09
5329,30.504,2079.38,22.75
5330,30.3792,1874.97,22.74
5331,30.4304,2059.06,24.8
5332,30.9301,1873.73,24.44
5333,31.7889,1868.79,23.51
5334,31.8092,1928.41,24.81
5335,30.2021,1868.2,25.91
5336,32.2704,1984.34,26.5
5337,31.3569,1908.02,26.62
5338,32.222,1900.53,25.57
5339,29.6168,1960.4,26.45
5340,29.8405,1917.81,26.19
5341,31.1021,1897.57,27.02
5342,29.9174,1933.34,26.91
5343,28.0844,1920.01,25.89
5344,29.0942,1904.25,26.51
5345,27.8929,1969.24,25.48
5346,28.204,1825.84,24.94
5347,29.697,1939.25,23.95
5348,28.23,1863.91,24.58
5349,29.0124,1970.35,23.82
5350,29.1239,1987.67,22.64
5351,31.8773,1959.3,21.34
5352,30.0992,1916.37,22.73
5353,29.142,1971.83,22.76
5354,31.2415,2036.52,22.99
5355,30.0562,1971.27,23.36
5356,31.8867,1943.77,23.81
5357,32.8947,2008.24,25.28
5358,32.0758,2130.74,24.98
5359,30.5672,2003.62,24.98
5360,31.2223,1979.2,26.0
5361,31.2069,2010.87,25.89
5362,31.0876,2073.44,26.84
5363,29.9853,2053.87,27.45
5364,31.0078,1939.51,27.07
5365,29.9837,2005.57,27.19
5366,29.4459,1945.88,26.2
5367,30.1736,2070.21,26.31
5368,28.9677,1946.39,26.64
5369,28.3581,2118.08,26.9
5370,28.1737,2091.88,25.75
5371,28.6351,2018.76,23.7
5372,29.464,1998.73,23.45
5373,29.8757,2106.17,23.84
5374,30.4109,2035.21,23.32
5375,30.0252,2124.6,22.44
5376,30.7477,2009.72,22.85
5377,30.4945,2012.99,22.74
5378,30.1569,2007.08,23.03
5379,30.9769,2005.34,24.4
5380,31.1498,2109.96,23.8
5381,30.2357,2067.49,23.96
5382,29.5476,2093.67,25.98
5383,30.6444,2064.05,25.54
5384,32.0503,2031.36,25.71
5385,30.3052,2095.4,25.81
5386,31.0858,2068.04,26.85
5387,30.4111,2153.31,26.18
5388,30.5143,2005.56,27.33
5389,30.4636,2028.95,26.94
5390,29.5302,2077.31,27.65
5391,29.9962,2020.37,26.32
5392,28.1323,2054.24,25.86
5393,29.0538,2067.56,25.56
5394,28.9289,2151.92,25.36
5395,27.7687,2094.89,24.83
5396,28.1767,2155.35,23.91
5397,28.7479,2166.09,23.72
5398,30.0668,2158.44,23.08
5399,28.785,2181.44,22.71
5400,31.1972,2211.92,22.71
5401,30.1039,2197.52,23.34
5402,29.3647,2105.6,22.57
5403,32.3132,2144.59,24.15
5404,31.9055,2196.8,24.03
5405,32.0204,2171.68,24.97
5406,31.2615,2197.99,24.22
5407,31.6689,2283.86,24.67
5408,30.6938,2201.35,26.57
5409,32.2981,2163.2,27.0
5410,30.93,2147.37,27.56
5411,29.7001,2219.53,26.97
5412,29.641,2204.21,27.92
5413,30.303,2205.88,27.04
5414,28.5226,2144.12,26.95
5415,29.8399,2216.49,27.44
5416,28.4712,2247.82,26.14
5417,28.536,2251.06,25.2
5418,28.9267,2201.05,25.42
5419,29.196,2260.18,24.73
5420,28.6294,2127.78,24.06
5421,29.2266,2140.06,23.67
5422,29.0234,2211.23,23.12
5423,28.7773,2257.44,23.55
5424,31.7695,2153.45,22.56
5425,30.1546,2038.28,23.13
5426,30.6242,2199.75,22.55
5427,30.668,2135.16,24.03
5428,31.6616,2147.15,25.0
5429,29.9033,2144.14,24.0
5430,30.5229,1980.27,25.35
5431,31.4452,2148.86,25.85
5432,31.0603,2155.99,25.53
5433,32.4929,2074.4,26.22
5434,30.1811,2072.57,26.08
5435,29.5236,2096.38,26.55
5436,30.8515,2133.93,27.19
5437,29.6618,2062.01,27.23
5438,28.7044,2223.38,27.44
5439,28.4066,2169.22,26.51
5440,29.0411,2234.46,26.39
5441,28.6081,2227.23,25.64
5442,28.6866,2080.48,25.15
5443,27.9259,2031.11,24.55
5444,28.9054,2031.37,24.62
5445,27.1341,2139.3,22.77
5446,29.0016,2225.13,22.57
5447,29.4227,2104.04,22.83
5448,30.6633,2076.24,23.25
5449,30.6577,2087.19,22.92
5450,31.7834,2187.8,23.67
5451,31.4197,2069.48,24.11
5452,33.484,2146.81,25.08
5453,32.1546,2035.93,24.39
5454,30.7537,2101.73,25.21
5455,32.626,1954.46,24.8
5456,32.5187,2148.77,25.78
5457,29.7675,2014.42,27.1
5458,30.517,1965.75,26.73
5459,30.3854,2087.04,27.9
5460,29.7891,2068.96,26.47
5461,29.1176,1975.24,27.25
5462,29.404,2207.09,26.58
5463,29.1662,2072.15,26.86
5464,28.2751,1984.32,25.17
5465,28.7926,2090.9,25.64
5466,27.8404,2039.96,24.19
5467,28.8175,1927.64,24.25
5468,29.51,1964.53,24.64
5469,29.5394,1937.46,22.77
5470,28.6791,1934.12,22.91
5471,27.35,2022.63,23.16
5472,30.5406,1944.95,23.43
5473,30.2265,1874.01,22.76
5474,30.4181,1987.56,23.63
5475,31.7926,2032.04,23.16
5476,32.1339,1897.79,23.8
5477,32.3339,1917.55,24.38
5478,30.977,1914.56,26.4
5479,32.4367,1906.9,25.58
5480,31.6665,1928.43,26.77
5481,32.7162,1894.99,26.6
5482,31.3481,1951.87,26.08
5483,32.0235,1855.81,26.55
5484,30.7298,1999.91,26.49
5485,30.7701,1955.14,27.11
5486,30.1489,1907.4,27.06
5487,28.4957,2015.91,26.21
5488,28.7323,1910.34,26.5
5489,29.6869,1998.41,25.4
5490,28.0868,2050.86,25.73
5491,28.2954,1880.86,24.68
5492,29.986,1929.02,24.89
5493,29.181,1928.68,23.27
5494,27.8439,1932.49,23.78
5495,28.9068,1992.85,22.65
5496,30.1141,1948.31,22.89
5497,30.3492,1951.56,23.22
5498,29.9911,1861.54,23.49
5499,30.4079,1951.75,23.59
5500,31.2233,1843.72,24.39
5501,31.3637,1898.96,24.87
5502,31.2674,1945.02,24.31
5503,30.0876,1923.44,25.21
5504,31.875,1939.86,26.88
5505,30.1154,1911.57,26.49
5506,30.7984,1903.73,27.51
5507,29.6202,1919.85,27.68
5508,30.3357,1940.29,26.97
5509,29.4328,2059.6,27.6
5510,29.2431,2049.6,26.91
5511,28.8334,2035.96,25.85
5512,27.838,1855.54,27.56
5513,29.4427,1967.78,25.64
5514,29.1788,1970.18,25.53
5515,28.2677,1897.99,24.54
5516,29.506,1885.75,24.58
5517,29.2478,1776.16,23.6
5518,30.2671,2021.66,22.72
5519,29.526,2116.1,23.32
5520,30.9984,1941.75,23.92
5521,30.007,1949.66,23.5
5522,30.9974,1870.79,23.77
5523,31.9447,1999.03,23.81
5524,31.9343,2003.49,24.02
5525,31.4565,1979.54,25.98
5526,31.772,2032.63,25.42
5527,31.036,1978.07,26.56
5528,31.0898,2019.75,26.94
5529,29.8563,2121.37,26.3
5530,30.5619,1998.83,26.69
5531,30.0285,2046.01,26.74
5532,30.5799,1971.38,27.89
5533,30.2491,2041.36,26.66
5534,29.4107,1926.58,26.86
5535,29.1011,1988.88,26.43
5536,27.6501,2024.53,26.32
5537,28.6956,2055.29,25.45
5538,28.7826,1994.85,24.6
5539,28.3772,1994.43,24.99
5540,27.9245,2028.29,25.08
5541,27.9753,1942.56,23.84
5542,28.9156,2048.02,23.13
5543,30.8772,1916.03,22.52
5544,28.7332,1929.03,23.1
5545,30.8408,1976.21,23.43
5546,31.8627,2150.63,23.71
5547,29.8524,2061.64,24.07
5548,31.4188,1920.01,23.98
5549,31.1598,2063.94,23.88
5550,30.7259,2201.13,24.68
5551,30.379,1933.03,24.82
5552,30.7525,1990.55,26.07
5553,31.1476,2045.04,26.64
5554,32.6244,2003.28,26.42
5555,30.9788,2115.94,27.23
5556,31.0812,2106.76,26.96
5557,29.736,2038.09,27.35
5558,29.625,2106.02,26.46
5559,29.6703,2121.51,26.5
5560,28.9526,2170.09,26.6
5561,28.4017,2047.13,25.03
5562,28.1291,2107.03,24.66
5563,28.2642,2084.54,25.38
5564,29.2735,2057.8,23.79
5565,27.7452,2200.56,23.52
5566,28.5074,2065.68,22.2
5567,28.8579,2232.84,22.42
5568,30.1209,2247.28,22.7
5569,30.4403,2224.68,23.69
5570,30.7121,2213.53,23.23
5571,30.6486,2151.94,23.76
5572,31.345,2115.4,23.19
5573,31.8506,2175.34,24.88
5574,31.3973,2200.98,25.37
5575,30.4464,2036.62,25.43
5576,31.5107,2208.4,26.61
5577,31.4342,2149.7,25.75
5578,29.7899,2146.21,27.14
5579,30.9057,2237.05,26.62
5580,29.998,2150.19,26.66
5581,29.9908,2045.08,26.57
5582,29.3165,2159.22,26.49
5583,28.828,2123.43,26.87
5584,27.7323,2156.9,26.0
5585,28.699,2170.03,25.13
5586,30.1371,2223.61,24.56
5587,27.9994,2150.29,24.05
5588,27.365,2236.94,22.96
5589,29.3174,2127.66,23.23
5590,28.8913,2192.81,23.59
5591,30.5035,2155.95,22.71
5592,31.2312,2154.33,22.61
5593,28.827,2121.62,22.77
5594,32.1038,2248.11,23.11
5595,31.6491,2147.69,23.53
5596,30.3329,2182.1,24.81
5597,32.3384,2261.93,24.73
5598,30.8749,2190.97,24.3
5599,31.3889,2089.52,26.46
5600,31.8337,2218.47,25.96
5601,31.5198,2069.97,26.12
5602,30.555,2148.39,27.15
5603,29.6304,2074.4,26.98
5604,29.2716,2096.94,27.35
5605,29.7945,2093.7,26.3
5606,29.232,2177.85,25.85
5607,29.0674,2171.15,26.11
5608,30.0119,2011.43,25.2
5609,27.7847,2192.3,25.4
5610,28.0305,2077.92,25.47
5611,28.1921,2142.8,24.3
5612,28.4081,2141.04,23.61
5613,29.3124,2106.59,22.81
5614,28.7518,2104.52,23.15
5615,28.796,2120.61,22.71
5616,30.1185,2095.63,23.06
5617,29.0588,2048.08,22.83
5618,30.2066,2154.77,23.4
5619,31.9362,2040.39,23.85
5620,29.5511,2151.57,24.03
5621,31.8895,2063.31,24.83
5622,31.9239,2085.87,24.26
5623,32.2829,2052.48,24.57
5624,31.3557,2063.47,25.66
5625,32.0392,2038.95,26.33
5626,31.2002,2008.09,26.39
5627,29.5479,2078.2,27.0
5628,31.4903,1993.43,26.39
5629,29.2759,1916.66,27.66
5630,29.9227,2049.22,25.95
5631,28.7359,2038.28,26.91
5632,28.5548,2024.17,25.77
5633,27.2774,2078.09,25.06
5634,28.6643,2091.53,24.93
5635,28.1873,1977.9,24.19
5636,27.9985,1996.87,23.4
5637,27.7368,1977.38,23.4
5638,30.4687,1943.4,22.76
5639,28.1655,2020.69,22.2
5640,31.6204,1929.0,23.48
5641,30.8014,2027.25,23.72
5642,29.4248,1937.61,23.75
5643,32.92,1897.15,23.59
5644,30.4631,1976.99,23.27
5645,31.7947,2076.14,24.56
5646,32.6079,1893.58,24.89
5647,30.7363,1883.54,25.24
5648,31.508,1977.36,26.65
5649,30.326,1929.46,26.55
5650,31.115,1952.15,26.93
5651,28.5344,1951.61,27.69
5652,28.9196,1992.76,26.74
5653,29.8954,1936.85,27.11
5654,28.5618,1806.77,26.77
5655,29.5759,1961.7,25.42
5656,27.585,1806.0,26.12
5657,28.4758,1827.63,25.45
5658,28.7007,1967.02,25.16
5659,27.9863,1923.93,23.84
5660,29.4877,1961.2,24.31
5661,27.8683,1944.83,23.65
5662,29.0449,2029.42,23.32
5663,29.7026,1907.91,23.36
5664,30.9378,1947.24,23.38
5665,29.604,1787.68,23.16
5666,30.1728,1810.33,23.07
5667,31.9766,1872.12,24.39
5668,31.5108,1922.43,24.47
5669,30.8835,2014.33,25.01
5670,32.057,1993.71,24.59
5671,30.7312,1960.5,25.41
5672,29.9043,1931.66,25.92
5673,30.3206,1957.22,25.27
5674,31.2202,1972.04,26.94
5675,31.1781,2004.55,27.15
5676,29.9816,1902.02,26.43
5677,29.5201,1966.45,26.76
5678,29.9068,2014.52,27.29
5679,27.6958,1782.78,26.57
5680,28.4073,1950.12,25.27
5681,28.3208,1880.39,24.96
5682,27.0399,1919.21,24.94
5683,28.9275,1986.78,23.52
5684,28.3967,1927.48,23.34
5685,30.7428,1946.76,23.82
5686,29.3739,1944.31,23.09
5687,29.8329,1849.24,22.82
5688,30.7917,1948.14,22.63
5689,30.0529,1897.36,22.48
5690,31.0982,2002.83,22.62
5691,31.1441,1951.54,23.48
5692,31.8014,2068.8,24.2
5693,33.0088,2019.18,24.61
5694,31.412,1932.66,25.28
5695,31.9186,1913.86,25.87
5696,31.8776,2059.95,26.71
5697,30.601,1993.64,25.95
5698,29.6493,1934.99,27.9
5699,29.9932,2133.89,26.72
5700,30.5932,2013.04,27.34
5701,30.1938,1944.59,26.97
5702,29.8804,2084.75,26.55
5703,29.4514,1877.75,26.7
5704,30.5922,1891.03,25.7
5705,27.8237,2025.74,25.85
5706,29.7332,1931.2,25.75
5707,28.4097,1975.27,25.45
5708,29.0901,2016.48,23.55
5709,28.5203,1942.86,22.87
5710,29.3593,2096.91,22.88
5711,28.9553,1999.2,23.48
5712,30.293,2021.06,23.37
5713,29.973,2070.93,23.01
5714,31.5113,2089.05,23.23
5715,31.5988,2076.67,23.45
5716,30.7076,2087.05,24.05
5717,31.8556,2072.42,24.42
5718,32.8849,2198.87,25.46
5719,32.6107,2004.29,24.95
5720,30.7912,2097.94,26.33
5721,30.8511,2095.71,25.99
5722,30.2745,2077.67,26.92
5723,30.14,2160.11,26.05
5724,29.1472,2120.41,26.28
5725,29.6,2138.69,26.53
5726,29.2946,2041.16,27.3
5727,28.8151,2133.76,25.92
5728,27.9995,2116.02,26.06
5729,28.821,2049.77,25.92
5730,28.9031,2123.57,25.61
5731,28.0888,2100.96,24.51
5732,28.9514,2132.04,23.96
5733,29.2671,2091.31,22.73
5734,28.6601,2154.47,22.84
5735,29.5955,2182.53,22.84
5736,29.5351,2096.32,23.36
5737,29.2382,2196.07,22.31
5738,31.0691,2089.05,23.6
5739,31.6759,2137.76,23.96
5740,32.4796,2132.5,23.63
5741,31.6153,2094.63,24.28
5742,30.6879,2174.6,24.32
5743,31.0664,2037.33,24.73
5744,31.5261,2140.18,27.06
5745,32.0899,2168.53,27.78
5746,31.0172,2251.11,26.9
5747,28.8506,2128.77,26.19
5748,29.3079,2070.46,27.02
5749,28.5863,2211.16,25.72
5750,28.7302,2162.51,25.57
5751,28.7731,2134.99,26.01
5752,29.013,2129.67,25.49
5753,28.6597,2240.11,25.56
5754,28.2191,2136.27,24.94
5755,27.3852,2168.23,24.73
5756,29.1094,2193.14,23.22
5757,29.4403,2239.62,23.15
5758,28.3228,2210.67,23.52
5759,30.6242,2090.26,22.47
5760,30.9091,2148.98,23.09
5761,30.335,2102.21,23.03
5762,32.1107,2180.56,22.88
5763,29.1715,2225.79,24.29
5764,31.1829,2166.52,23.4
5765,32.0864,2092.69,25.96
5766,31.503,2088.63,24.5
5767,31.8517,2075.6,26.05
5768,31.3652,2178.08,26.64
5769,31.9176,2152.37,26.05
5770,30.9405,2198.99,26.02
5771,29.2835,2175.78,27.21
5772,29.9889,2118.59,26.96
5773,28.8229,2226.99,27.02
5774,29.1428,2047.44,27.12
5775,28.5327,2119.01,27.34
5776,28.3284,2056.96,26.17
5777,26.2061,1974.63,25.91
5778,27.9341,2091.95,24.54
5779,27.8459,2108.54,24.75
5780,28.0563,2146.89,24.47
5781,30.0513,2095.55,23.82
5782,29.9489,2117.94,23.2
5783,30.0156,2141.14,23.76
5784,31.4516,2103.94,23.44
5785,31.1447,2110.0,23.28
5786,29.5808,2072.32,21.82
5787,31.3923,2065.8,23.9
5788,30.0249,2103.52,23.86
5789,31.5578,2102.05,24.71
5790,31.4461,2087.25,25.62
5791,31.4432,2145.48,26.7
5792,31.3185,2019.78,25.81
5793,30.5957,2020.19,26.3
5794,30.6819,2049.71,26.12
5795,30.2101,2020.79,26.26
5796,30.3644,1918.73,27.7
5797,30.0064,2115.35,26.63
5798,28.1684,2041.71,26.04
5799,26.4942,1999.29,25.93
5800,28.1963,1965.43,25.66
5801,28.9497,1959.72,26.38
5802,28.9644,2140.35,25.39
5803,28.5161,2068.82,23.6
5804,28.2613,2047.16,24.72
5805,31.5135,1974.69,23.92
5806,29.5388,1937.45,23.32
5807,29.9981,1953.6,22.43
5808,29.9806,1989.44,22.79
5809,29.767,2018.43,23.98
5810,30.2729,1992.28,24.15
5811,30.6107,1948.31,23.38
5812,31.0962,1995.75,23.25
5813,30.6602,1955.27,24.54
5814,31.838,1974.52,25.02
5815,30.885,1945.31,24.89
5816,31.7813,1989.83,25.94
5817,31.8798,1947.26,26.27
5818,29.4317,1959.07,27.72
5819,30.0117,1908.92,26.36
5820,29.9502,1922.65,26.12
5821,30.5669,1921.14,26.54
5822,29.3437,1825.86,27.19
5823,28.7693,1881.83,26.8
5824,29.0064,1953.12,25.8
5825,28.3012,2026.32,24.93
5826,29.6363,1855.91,24.03
5827,29.159,1963.35,24.43
5828,28.4701,1998.82,24.02
5829,27.884,1922.99,24.42
5830,29.2401,1911.85,23.21
5831,30.0892,1881.85,22.54
5832,30.9146,1888.12,22.68
5833,30.142,1908.12,23.27
5834,30.17,1875.4,23.79
5835,31.5387,1919.88,22.62
5836,32.067,1900.28,23.82
5837,30.9709,1875.99,23.86
5838,30.4311,1933.66,25.02
5839,32.5782,1937.12,25.41
5840,31.2028,1889.62,26.02
5841,30.6029,1938.66,26.77
5842,30.6575,1962.9,27.22
5843,30.4829,1877.38,26.28
5844,29.3254,1870.68,27.29
5845,28.9133,1963.98,27.97
5846,27.5517,1922.02,27.52
5847,29.2576,1938.71,26.18
5848,29.0336,1997.9,26.28
5849,27.5409,1949.93,25.64
5850,28.5487,1943.49,25.29
5851,28.9649,1956.86,24.21
5852,27.4419,1962.93,24.22
5853,29.9368,1891.76,23.16
5854,30.2604,1894.88,23.32
5855,29.5123,1941.42,23.9
5856,30.8605,1999.7,23.45
5857,29.9159,1954.46,23.17
5858,30.9431,1984.3,23.75
5859,30.8586,2008.06,23.08
5860,31.5898,2054.28,24.0
5861,32.7129,1897.79,24.91
5862,32.7667,1941.03,24.98
5863,31.4001,1975.58,24.96
5864,32.2793,2047.68,26.76
5865,30.4908,1915.66,26.5
5866,29.6135,2053.12,27.0
5867,29.5246,2056.06,26.95
5868,30.3257,1938.92,27.21
5869,29.2519,1897.27,26.21
5870,28.1705,1946.19,27.27
5871,28.9866,2056.89,26.63
5872,27.7299,2007.68,26.64
5873,28.4947,2013.39,26.34
5874,28.654,1934.91,25.74
5875,29.5135,2121.1,24.12
5876,28.9695,2051.5,24.56
5877,28.0569,2117.84,23.21
5878,29.042,1975.36,22.99
5879,29.7224,1949.69,23.78
5880,29.7261,2026.76,22.7
5881,29.0839,2089.96,23.15
5882,30.3199,2166.15,22.5
5883,31.5342,2108.67,23.94
5884,32.2598,2158.72,23.94
5885,32.0332,1990.58,23.71
5886,30.8861,2061.59,24.75
5887,30.6377,2047.19,25.49
5888,30.6957,2125.5,25.02
5889,31.1831,2127.36,25.5
5890,29.9621,2047.19,26.79
5891,29.0444,2126.14,26.14
5892,29.4587,2052.7,27.51
5893,31.8703,2052.33,26.5
5894,27.7329,2105.87,26.53
5895,31.4003,2011.23,26.7
5896,28.0605,2141.74,26.43
5897,28.2678,2107.99,25.69
5898,27.5481,2117.15,25.78
5899,29.3682,2138.93,23.3
5900,29.3578,2049.64,24.14
5901,28.4012,2149.58,23.37
5902,27.8174,2117.09,23.89
5903,28.9874,2204.0,23.08
5904,29.9509,2126.8,22.69
5905,30.1645,2030.52,23.07
5906,31.0835,2118.99,22.82
5907,29.7109,2130.58,23.51
5908,31.2133,2094.51,23.62
5909,30.8647,2163.83,25.29
5910,31.2923,2179.82,25.3
5911,32.0295,2157.9,26.21
5912,31.474,2160.9,25.46
5913,30.1835,2223.18,26.57
5914,30.2009,2168.0,26.3
5915,30.3471,2199.96,26.35
5916,29.0909,2107.75,26.92
5917,29.4283,2020.65,26.13
5918,30.3993,2152.59,26.7
5919,29.3576,2166.43,26.74
5920,30.0871,2186.39,26.54
5921,28.3258,2050.88,25.32
5922,29.0225,2219.16,24.72
5923,28.8578,2167.38,24.52
5924,28.3721,2130.87,23.49
5925,29.7354,2109.58,22.96
5926,28.5768,2164.46,23.44
5927,31.4736,2125.59,23.24
5928,30.4634,2166.96,22.87
5929,29.5497,2027.48,23.86
5930,30.7905,2153.82,23.73
5931,31.3114,2183.89,23.63
5932,30.926,2152.31,24.65
5933,32.2055,2152.96,24.72
5934,31.9368,2183.61,25.4
5935,31.235,2170.84,25.37
5936,31.0296,2093.25,26.61
5937,32.2535,2141.25,26.82
5938,30.405,2090.36,27.43
5939,30.6701,2236.38,26.53
5940,30.6341,2080.25,27.39
5941,28.4133,2191.23,26.3
5942,30.2515,2138.79,26.59
5943,30.2818,2137.73,26.72
5944,28.8261,2096.64,26.06
5945,27.861,2145.31,25.34
5946,28.9995,2116.1,24.92
5947,28.9039,2103.97,24.64
5948,28.78,2063.83,24.18
5949,29.096,2053.9,23.74
5950,28.2717,2053.95,22.12
5951,29.617,2168.8,22.17
5952,30.0537,1995.68,23.1
5953,31.2207,2159.44,23.17
5954,31.2239,2083.9,23.42
5955,32.0333,2063.3,23.42
5956,30.3165,2252.77,23.32
5957,31.3546,2069.48,23.39
5958,30.8348,1964.57,24.07
5959,31.4218,2056.32,25.23
5960,32.421,2080.65,27.03
5961,30.769,2019.97,26.62
5962,30.1941,2050.27,26.59
5963,30.3118,2031.53,26.22
5964,29.9991,2018.25,26.8
5965,28.5433,1982.77,27.85
5966,28.8084,2050.17,26.88
5967,30.0225,2149.11,27.08
5968,29.0357,1983.28,25.88
5969,26.5954,2033.67,25.67
5970,27.4726,2047.4,24.36
5971,29.1651,1867.4,24.0
5972,28.4609,2083.52,23.63
5973,31.1489,1905.58,22.31
5974,29.8404,1929.7,24.22
5975,28.3686,2111.3,22.94
5976,30.1328,1831.41,22.94
5977,30.7252,1909.9,23.23
5978,32.0198,1931.78,23.0
5979,30.7615,1915.3,22.81
5980,30.5429,1906.6,24.34
5981,30.0011,1912.67,24.85
5982,32.6989,1910.95,24.76
5983,31.3428,2022.7,25.06
5984,31.9874,2118.51,25.39
5985,31.3435,1859.12,26.94
5986,30.5794,1897.91,26.07
5987,29.8534,2030.0,27.54
5988,30.8483,1972.9,26.68
5989,29.1023,1909.88,27.23
5990,29.5416,1957.76,26.49
5991,29.593,1852.02,26.13
5992,29.6706,1928.08,25.29
5993,28.3141,1929.47,24.95
5994,29.4639,1939.9,25.57
5995,27.8225,2072.26,24.62
5996,27.2478,1958.76,24.0
5997,29.8976,1969.45,24.33
5998,28.4938,2113.59,23.55
5999,29.2953,1864.94,21.88
6000,29.2099,1905.09,23.4
6001,29.932,1887.78,23.69
6002,31.6662,2020.24,23.9
6003,31.3448,1962.05,23.78
6004,31.3446,1945.11,24.15
6005,31.1217,1969.11,24.68
6006,31.1262,1989.59,24.85
6007,31.8496,1930.7,25.93
6008,30.4298,1892.24,25.92
6009,32.1091,1877.57,27.16
6010,31.0507,1993.33,27.27
6011,30.526,1946.57,27.73
6012,29.6724,1896.05,26.0
6013,29.9155,1972.36,27.0
6014,29.8241,1928.26,27.79
6015,29.3408,1900.25,26.44
6016,28.4412,1853.32,26.5
6017,28.0107,1973.25,25.34
6018,29.479,1962.35,24.39
6019,29.5131,1969.73,24.52
6020,27.2827,1997.1,23.62
6021,27.7951,1988.44,23.12
6022,28.4884,1951.9,24.5
6023,29.9857,1938.25,23.42
6024,30.2636,2022.68,22.64
6025,31.2153,1877.56,23.81
6026,31.908,1916.91,22.53
6027,32.0916,1967.1,23.47
6028,30.9644,1855.73,23.79
6029,30.6113,1995.56,23.43
6030,32.1425,2037.24,24.67
6031,29.9869,2061.79,25.36
6032,30.4764,2034.11,25.96
6033,30.8791,1942.42,26.37
6034,31.1596,1995.03,27.25
6035,29.6176,2004.27,26.86
6036,28.0127,2126.53,27.81
6037,29.767,1922.57,26.28
6038,30.3151,1918.69,26.79
6039,30.0053,2033.03,25.43
6040,29.0115,1947.28,25.96
6041,27.9125,1996.58,25.78
6042,28.5788,1972.7,25.59
6043,29.6286,2033.47,24.66
6044,27.6062,2118.51,23.29
6045,28.2755,2041.81,23.95
6046,29.4597,2137.81,22.28
6047,29.825,2078.2,23.66
6048,28.5226,2055.15,22.27
6049,32.0376,2055.49,22.88
6050,30.6683,2094.23,21.81
6051,32.5266,2152.58,23.34
6052,31.8191,2069.87,24.59
6053,32.2756,2086.66,24.28
6054,32.0895,2028.49,25.22
6055,32.3305,2127.29,25.44
6056,30.5599,2031.01,26.16
6057,31.4832,2059.14,26.15
6058,29.9691,2035.66,27.02
6059,29.4202,2065.28,26.78
6060,29.3875,2132.23,27.11
6061,29.2105,2104.68,27.7
6062,30.5373,2071.31,26.65
6063,29.8451,2142.36,26.37
6064,29.6502,2033.16,25.73
6065,28.4106,2065.18,24.82
6066,29.5486,2168.97,24.98
6067,28.8946,2161.18,24.41
6068,28.3734,2329.35,23.53
6069,27.7719,2070.39,23.49
6070,28.6029,2167.65,23.51
6071,28.9553,2302.25,22.83
6072,30.6054,2042.17,22.51
6073,28.9664,2103.74,23.8
6074,31.6331,2088.85,23.59
6075,31.4888,2170.21,23.35
6076,31.3934,2211.55,23.96
6077,32.7189,2221.05,23.08
6078,31.3431,2171.3,25.0
6079,30.8759,2118.88,25.85
6080,32.0045,2137.87,26.24
6081,32.3704,2147.65,26.12
6082,29.9721,2144.22,27.02
6083,31.6181,2007.99,27.64
6084,32.1699,2233.99,26.26
6085,29.0289,2136.49,26.25
6086,29.4727,2184.14,27.34
6087,28.3636,2122.04,27.05
6088,27.7341,2123.93,26.6
6089,26.6934,2125.23,25.04
6090,26.7221,2194.58,24.57
6091,29.044,2180.26,24.44
6092,28.8107,2123.0,23.76
6093,29.1889,2189.18,23.46
6094,28.1954,2208.42,22.7
6095,29.8501,2182.22,23.25
6096,28.9238,2072.93,22.48
6097,31.0537,2203.82,23.82
6098,31.551,2136.86,22.87
6099,30.5641,2190.04,24.04
6100,31.5158,2251.45,24.37
6101,30.6238,2209.44,24.95
6102,32.5878,2207.22,24.44
6103,32.3227,2109.81,25.56
6104,30.8094,2179.97,25.98
6105,30.4013,2151.67,26.41
6106,29.4386,2189.75,26.82
6107,31.0356,2103.93,26.93
6108,29.503,2213.15,26.81
6109,29.8599,2115.27,27.82
6110,28.9629,2101.47,26.18
6111,29.3973,2153.17,27.08
6112,29.0277,2190.34,26.28
6113,28.486,2075.2,25.42
6114,27.3029,2131.11,24.42
6115,29.848,2093.61,24.63
6116,27.0911,2174.12,22.99
6117,28.6274,2146.68,23.09
6118,27.6566,2036.66,23.34
6119,30.0229,2136.03,22.79
6120,30.0198,2076.85,23.63
6121,30.1847,2152.16,22.84
6122,29.6014,2090.57,23.48
6123,32.9702,2075.53,24.06
6124,32.1748,2188.62,24.34
6125,30.5069,2045.69,24.31
6126,30.5817,2003.14,24.64
6127,32.2256,2087.35,25.46
6128,31.9265,1940.14,26.94
6129,30.3658,2180.13,25.98
6130,30.2105,2119.53,26.5
6131,30.0607,2118.21,27.06
6132,30.1605,2100.19,27.58
6133,29.6646,2001.43,26.97
6134,30.5167,2054.47,27.29
6135,29.4562,2073.94,26.14
6136,28.7559,2104.47,26.13
6137,28.5777,2024.35,25.46
6138,28.8644,1950.48,25.67
6139,29.4023,1982.53,24.59
6140,27.8737,2000.46,24.55
6141,28.9254,1976.43,22.88
6142,31.0046,1908.4,23.96
6143,29.7728,1978.69,23.49
6144,28.5038,2034.51,23.01
6145,29.5786,2000.63,23.91
6146,30.716,1980.49,23.31
6147,30.6091,2002.05,23.51
6148,32.2351,2014.55,24.55
6149,33.0412,1923.11,23.51
6150,31.2171,1939.81,24.8
6151,31.4517,1912.49,25.59
6152,31.1647,2071.99,26.28
6153,32.0092,1845.56,25.74
6154,31.8135,1926.6,26.94
6155,29.2925,1924.37,27.41
6156,30.4931,1909.06,26.63
6157,29.7114,2034.38,25.44
6158,30.9319,1835.01,26.96
6159,29.43,1852.88,26.77
6160,28.1949,1858.42,25.98
6161,28.8822,1797.8,25.41
6162,27.4953,1938.74,24.82
6163,27.9381,1908.04,24.57
6164,28.5351,1992.2,23.68
6165,27.8778,1911.42,23.94
6166,29.6917,1968.0,22.92
6167,28.7111,1879.24,22.85
6168,29.7985,1907.13,22.66
6169,30.6226,1914.66,22.83
6170,29.8912,1921.66,22.49
6171,31.0523,1906.01,23.58
6172,31.47,1861.21,23.86
6173,33.0761,1976.89,24.99
6174,31.836,1900.54,25.26
6175,31.7739,1968.28,24.82
6176,29.3866,1905.48,26.39
6177,31.3572,1852.03,25.59
6178,31.4608,1843.99,26.95
6179,29.8983,1919.84,26.63
6180,31.2431,1837.6,27.32
6181,29.4397,1912.15,26.28
6182,30.3922,1820.24,26.8
6183,27.9099,1994.77,26.43
6184,30.2234,1917.38,25.48
6185,28.5566,1898.45,26.27
6186,27.2809,1806.93,24.91
6187,28.3383,1950.16,24.42
6188,27.9965,1904.28,23.42
6189,28.8914,1976.0,23.99
6190,28.1021,1851.74,22.95
6191,30.4354,1846.3,23.1
6192,28.9224,1915.17,22.82
6193,30.5301,1935.48,23.4
6194,30.308,2025.75,23.99
6195,31.3149,2024.32,24.38
6196,30.8074,1975.92,23.49
6197,31.6287,2008.91,24.26
6198,31.7644,1961.47,24.99
6199,32.1275,2019.91,25.33
6200,31.698,1928.84,26.27
6201,31.2894,2007.08,26.9
6202,29.9569,2105.19,26.56
6203,30.7703,1954.38,26.97
6204,29.9419,1884.04,26.52
6205,30.7232,1930.27,26.96
6206,29.5268,1918.21,27.26
6207,29.194,1957.64,27.05
6208,27.2568,1990.74,26.33
6209,28.3796,1908.63,25.75
6210,28.9598,2072.58,25.25
6211,29.1121,2037.14,24.06
6212,28.8366,2094.19,23.88
6213,29.2796,2050.6,23.79
6214,29.1838,2077.48,24.37
6215,30.1192,2015.6,23.39
6216,29.5005,2015.69,22.83
6217,29.0229,2092.46,23.47
6218,32.3533,2043.32,23.95
6219,31.0651,2009.13,23.27
6220,31.2721,2040.68,23.77
6221,31.7805,2037.56,24.34
6222,31.926,2050.26,24.8
6223,30.978,2058.4,25.16
6224,31.3622,2043.5,26.01
6225,30.6198,2148.68,27.25
6226,31.0582,2192.78,25.69
6227,30.2242,2178.77,27.19
6228,31.7011,2088.65,26.68
6229,31.0593,2040.3,26.04
6230,30.5435,2148.8,26.66
6231,28.8242,2072.72,26.06
6232,29.1793,2169.89,25.25
6233,29.5863,2219.27,26.08
6234,27.8471,2222.53,25.15
6235,28.2802,2190.27,23.95
6236,29.043,2004.92,24.42
6237,28.3633,2087.11,23.65
6238,30.7782,2048.9,23.07
6239,29.9802,2123.98,23.12
6240,29.5213,2193.75,22.48
6241,30.6363,2192.55,23.57
6242,30.7439,2131.58,23.5
6243,32.1615,2171.75,23.12
6244,30.9315,2097.33,24.35
6245,31.4167,2162.04,24.69
6246,31.9991,2174.69,25.2
6247,29.9371,2118.44,25.26
6248,31.54,2195.5,26.0
6249,29.1761,2127.64,26.41
6250,31.8759,2195.28,27.49
6251,31.9629,2234.21,27.28
6252,30.3751,2225.72,27.69
6253,29.3816,2229.97,27.23
6254,29.949,2276.21,26.12
6255,29.0934,2190.72,26.15
6256,29.4786,2136.59,26.37
6257,28.9623,2110.61,24.78
6258,29.2674,2145.36,24.98
6259,29.2044,2021.69,24.89
6260,28.4387,2161.56,24.45
6261,29.4746,2247.25,23.01
6262,28.7689,2081.67,22.45
6263,29.1923,2105.44,23.91
6264,29.1519,2228.31,22.98
6265,29.7451,2143.8,23.99
6266,30.1792,2222.92,23.52
6267,30.6545,2142.19,23.1
6268,30.0033,2257.51,24.08
6269,31.3856,2213.53,24.12
6270,32.5822,2203.85,25.47
6271,31.6066,2140.54,25.65
6272,31.9071,2104.08,25.14
6273,32.2885,2201.36,26.62
6274,30.7772,2125.81,25.99
6275,31.4956,2135.3,27.12
6276,29.7542,2229.68,27.03
6277,30.1328,2064.17,26.83
6278,30.0452,2222.58,26.34
6279,28.5696,2050.13,26.06
6280,28.4679,2079.74,26.33
6281,28.6419,2101.63,25.49
6282,28.0201,2215.44,24.9
6283,28.3637,2030.11,24.06
6284,27.5533,2136.66,23.52
6285,27.6329,2090.9,22.51
6286,30.4752,2283.55,22.74
6287,28.3861,2102.14,23.76
6288,29.3347,2051.96,23.47
6289,30.3829,2093.2,23.39
6290,30.903,2043.61,23.51
6291,32.1205,2003.98,23.37
6292,30.0076,1983.21,24.42
6293,31.6425,2179.64,24.38
6294,31.0426,2077.05,24.98
6295,31.7636,1999.28,25.28
6296,33.2606,2043.99,26.98
6297,31.7461,1980.43,26.43
6298,29.7639,2111.71,27.88
6299,30.1861,1982.45,27.63
6300,30.1014,2008.48,26.92
6301,29.8101,2131.59,27.7
6302,29.5885,2053.9,27.54
6303,28.6994,2109.5,26.05
6304,29.8754,2027.6,25.28
6305,29.0182,1982.22,25.35
6306,28.8893,2062.06,25.39
6307,28.7514,2015.5,24.47
6308,28.7914,1951.54,24.24
6309,29.5819,1937.4,23.82
6310,28.5198,2076.31,23.28
6311,29.8525,1926.33,23.31
6312,30.2119,1993.22,22.17
6313,29.7205,1959.93,23.18
6314,31.8315,2009.51,22.81
6315,30.3408,1971.41,24.12
6316,31.4345,1919.13,23.96
6317,31.0753,1928.68,25.06
6318,32.3774,2033.12,24.84
6319,31.8818,1976.21,24.82
6320,32.65,1881.98,25.39
6321,31.7895,2029.75,26.08
6322,30.9368,1842.8,27.13
6323,29.9813,2101.11,26.77
6324,29.5441,1973.13,27.39
6325,29.4094,1911.53,26.75
6326,28.1901,1978.41,26.78
6327,28.6499,2015.88,26.56
6328,28.3352,2011.32,25.68
6329,28.1506,1963.71,25.97
6330,28.2242,1891.0,25.07
6331,29.7281,2039.06,24.81
6332,30.233,1927.34,24.19
6333,28.612,1893.84,24.28
6334,28.4117,1827.01,22.08
6335,28.9017,1919.02,22.77
6336,30.1437,1921.63,23.37
6337,30.6915,1943.66,22.57
6338,29.8525,1935.05,23.06
6339,29.8443,1946.67,23.69
6340,32.8129,1901.95,24.87
6341,30.8239,1976.69,24.72
6342,30.4111,1903.27,25.22
6343,31.3383,1873.89,25.31
6344,31.9937,2014.85,26.99
6345,30.8461,2049.6,26.86
6346,30.0122,1906.89,25.82
6347,30.3394,1915.92,26.86
6348,30.7137,1901.02,26.05
6349,28.2907,1889.98,28.03
6350,30.1376,1968.72,26.61
6351,28.3654,1951.2,26.74
6352,29.3986,1881.72,26.22
6353,28.3725,1931.38,26.17
6354,29.5023,1890.97,25.37
6355,28.301,2002.4,24.24
6356,29.1735,1876.46,23.35
6357,28.706,1990.07,24.0
6358,29.6081,1974.54,23.2
6359,28.5834,1978.64,23.1
6360,29.7205,2016.86,23.05
6361,31.8674,1894.6,23.35
6362,30.9403,1885.71,22.97
6363,30.5775,1974.02,23.42
6364,30.9091,1915.37,23.61
6365,30.2684,1988.87,24.35
6366,32.0858,1978.84,24.53
6367,31.452,2010.04,25.13
6368,29.259,1946.18,25.88
6369,31.4425,1985.56,26.83
6370,30.7077,1963.17,26.91
6371,28.9357,1973.41,26.1
6372,29.5255,1910.8,26.73
6373,29.5242,2007.65,26.19
6374,28.9685,1958.48,26.21
6375,29.6853,1975.85,26.61
6376,28.2425,2076.82,25.52
6377,29.3713,2021.01,25.14
6378,27.211,2021.01,25.08
6379,28.5815,1966.47,24.28
6380,26.9052,1956.17,23.78
6381,28.2999,2071.63,23.89
6382,28.4471,2066.22,24.34
6383,28.2767,2016.74,23.15
6384,30.4324,2001.45,23.14
6385,30.5127,2004.15,22.83
6386,29.7063,2096.87,23.2
6387,31.5248,2114.73,23.33
6388,30.5532,2008.36,23.43
6389,31.1837,2013.65,24.05
6390,32.6023,2079.42,25.45
6391,31.8121,2055.52,25.51
6392,32.1524,2110.14,25.79
6393,30.5089,2121.99,25.91
6394,30.4259,2081.6,26.86
6395,30.9135,2113.31,26.45
6396,31.2221,2222.45,27.27
6397,30.109,2146.8,27.77
6398,28.0396,2145.94,26.51
6399,29.8152,2068.36,25.77
6400,30.0653,2115.14,25.82
6401,29.2465,2108.71,26.68
6402,29.2638,2071.82,24.59
6403,29.8492,2209.62,24.56
6404,28.6137,2049.23,24.37
6405,28.6756,2197.52,23.57
6406,30.4813,2122.18,23.36
6407,28.6834,2222.14,22.76
6408,31.5296,2068.64,22.53
6409,29.5368,2182.65,23.47
6410,30.6364,2009.4,23.49
6411,32.6267,2161.21,22.73
6412,32.3151,2072.86,24.32
6413,31.5294,2116.1,24.93
6414,32.4871,2151.04,25.79
6415,31.0439,2164.77,25.41
6416,30.6338,2122.98,25.78
6417,32.1339,2106.23,26.13
6418,29.6828,2147.78,26.82
6419,30.8746,2261.14,26.33
6420,28.9391,2171.56,27.12
6421,30.4951,2198.14,27.08
6422,29.6668,2181.07,26.46
6423,31.4109,2080.44,26.86
6424,29.2854,2080.92,25.31
6425,28.4023,2092.68,25.91
6426,28.4312,2117.32,25.12
6427,28.0831,2112.24,24.72
6428,27.2444,2140.26,23.84
6429,30.5382,2038.83,23.33
6430,29.5231,2118.95,23.61
6431,30.1385,2104.73,22.45
6432,28.441,2107.03,22.97
6433,31.3319,2143.03,23.4
6434,30.0403,2110.05,23.38
6435,30.8806,2085.94,23.91
6436,31.3459,2227.39,23.7
6437,30.5223,2162.44,24.23
6438,32.236,2195.44,25.3
6439,31.0453,2243.7,24.99
6440,31.2642,2191.01,26.31
6441,30.6807,2115.83,27.61
6442,31.0572,2204.07,26.37
6443,29.8918,2223.15,26.44
6444,30.044,2089.2,27.09
6445,29.3489,2160.9,26.2
6446,30.0177,2194.94,27.19
6447,28.8796,2061.18,26.93
6448,28.6836,2074.15,25.55
6449,28.7981,1994.79,25.79
6450,27.8305,2190.34,25.5
6451,28.2358,2134.85,24.41
6452,29.6557,2112.54,24.18
6453,28.4908,2142.85,23.79
6454,29.3039,2086.6,23.39
6455,29.8753,2103.34,23.1
6456,29.8268,2100.88,23.2
6457,32.6341,2020.83,22.6
6458,30.9714,2104.75,23.06
6459,31.1935,2071.68,23.4
6460,32.7867,1998.31,23.09
6461,31.9561,1996.63,24.55
6462,31.0869,2001.98,25.58
6463,29.1741,2061.09,25.89
6464,28.8894,2007.69,25.82
6465,30.9348,1978.73,26.18
6466,31.2381,2096.41,27.76
6467,29.1567,2036.21,26.91
6468,29.935,2087.53,27.11
6469,30.477,2113.28,27.94
6470,27.6337,2172.53,25.85
6471,29.4958,1990.11,27.23
6472,27.9663,1938.17,25.68
6473,27.9588,1995.46,26.06
6474,28.0102,2002.99,24.33
6475,29.4055,1998.62,24.33
6476,28.5596,2023.79,23.09
6477,28.1084,2001.53,24.52
6478,29.9745,2037.35,22.33
6479,29.9651,1926.83,22.74
6480,31.0338,1983.41,23.32
6481,30.3421,1952.12,23.54
6482,31.0149,2002.88,23.79
6483,30.7388,1932.19,23.4
6484,31.4558,2016.94,24.99
6485,31.3271,1881.75,24.28
6486,31.6243,2048.75,24.75
6487,31.9923,1898.47,25.48
6488,30.7438,1950.75,25.95
6489,31.1867,1921.05,26.71
6490,29.5564,1961.03,27.59
6491,31.2093,1883.82,26.75
6492,28.1671,1879.98,28.09
6493,29.3321,2043.72,26.18
6494,28.0691,2047.8,27.16
6495,30.8054,2034.37,25.75
6496,29.4476,1966.3,26.4
6497,29.0597,2050.63,25.43
6498,27.8111,1980.24,25.04
6499,27.5328,2006.35,24.9
6500,28.6508,2010.17,23.68
6501,28.5713,1946.84,23.54
6502,29.0399,1939.26,23.86
6503,30.2602,1841.86,22.64
6504,30.7901,1934.28,23.05
6505,30.2985,1836.9,22.8
6506,30.1953,1992.59,23.21
6507,31.2604,2008.78,23.56
6508,30.9782,1962.96,24.2
6509,30.6441,1974.1,25.11
6510,32.9813,1906.51,25.17
6511,31.7551,1890.87,25.76
6512,31.8789,2021.32,25.68
6513,32.2443,2045.89,26.7
6514,33.2874,1986.81,26.33
6515,30.6694,1899.83,26.94
6516,30.4546,1919.96,27.22
6517,30.0984,1916.3,27.52
6518,28.6948,1925.61,26.5
6519,29.6135,1939.02,26.62
6520,28.5295,1973.02,26.62
6521,27.7067,1958.69,26.22
6522,29.3031,1882.26,24.6
6523,27.9675,1981.82,24.46
6524,29.0774,1921.12,23.95
6525,29.6104,2036.78,24.54
6526,29.5202,1889.17,24.01
6527,30.3262,1987.05,22.35
6528,30.2829,2057.04,23.05
6529,30.052,1978.84,23.36
6530,30.9512,1871.35,22.68
6531,32.1967,1925.51,24.61
6532,30.5609,2060.84,24.32
6533,32.1518,1925.67,24.76
6534,31.158,2064.48,24.7
6535,33.2147,1978.75,25.27
6536,31.7382,2058.77,27.0
6537,31.3094,1981.19,26.61
6538,30.008,2014.45,27.21
6539,31.3532,1957.65,26.93
6540,29.8349,2101.6,27.04
6541,29.9217,2006.78,26.87
6542,30.0103,2017.96,25.93
6543,29.9704,2175.07,26.45
6544,29.4843,1991.22,26.56
6545,28.0246,2013.45,25.48
6546,28.697,1970.86,24.54
6547,28.3096,2039.22,24.17
6548,29.0236,2056.87,24.25
6549,28.9039,1960.04,23.24
6550,27.9932,2083.43,23.06
6551,28.9274,2000.25,21.99
6552,30.8221,2020.79,22.98
6553,30.8741,2094.12,23.4
6554,30.4482,2149.47,22.77
6555,31.613,2052.26,24.5
6556,30.981,2050.98,24.22
6557,30.9259,1931.23,24.57
6558,30.2855,2049.78,24.28
6559,31.6202,2106.76,26.13
6560,31.6465,2000.28,25.8
6561,29.2447,1969.04,26.13
6562,31.6486,2129.96,27.06
6563,31.1806,1985.06,25.77
6564,30.4881,2118.84,27.25
6565,28.7805,1981.19,26.94
6566,29.1221,2110.01,26.65
6567,29.5687,2122.09,26.77
6568,28.687,2085.69,25.8
6569,28.3611,2058.7,25.85
6570,27.4667,2129.9,26.21
6571,28.2909,2195.56,24.02
6572,28.03,2044.86,24.01
6573,29.1711,2092.82,24.81
6574,27.716,2130.24,22.93
6575,30.0519,2136.57,23.61
6576,30.5133,2150.53,22.03
6577,30.1325,2194.28,23.53
6578,29.6358,2203.12,24.37
6579,31.2537,2156.92,23.53
6580,31.7621,2278.68,23.95
6581,31.3955,2141.53,23.74
6582,29.832,2168.47,24.82
6583,31.1101,2205.46,24.63
6584,30.6426,2111.92,25.57
6585,30.7542,2309.23,26.55
6586,30.5256,2209.21,26.56
6587,29.8855,2179.4,27.49
6588,30.6299,2096.74,27.01
6589,30.3743,2137.83,26.3
6590,29.6988,2191.21,26.73
6591,28.8663,2311.1,26.77
6592,27.5908,2151.68,26.08
6593,28.1578,2048.55,25.13
6594,26.9571,2112.33,25.16
6595,29.0369,2101.46,23.95
6596,28.212,2191.58,24.06
6597,29.0857,2187.13,23.54
6598,28.845,2080.35,23.78
6599,29.6807,2119.57,23.79
6600,28.3587,2151.1,23.51
6601,30.0729,2072.27,22.89
6602,29.6982,2084.08,23.33
6603,30.4165,2138.54,22.97
6604,32.0759,2138.0,24.57
6605,32.7178,2182.54,24.64
6606,32.3963,2224.25,26.29
6607,30.8611,2124.63,25.47
6608,32.124,2244.63,26.16
6609,31.0769,2142.65,25.94
6610,31.5379,2098.81,26.83
6611,30.9423,2266.62,27.6
6612,30.677,2184.83,26.98
6613,29.7558,2192.47,26.44
6614,28.9173,2115.82,26.43
6615,28.3363,2139.08,25.95
6616,27.7573,2130.29,25.63
6617,27.8342,2091.72,25.49
6618,28.2148,2115.63,24.72
6619,29.2578,2219.61,25.23
6620,29.3964,2086.99,23.15
6621,29.6025,2201.05,24.28
6622,28.5528,2012.47,23.31
6623,31.131,2149.82,23.04
6624,29.6567,2120.77,22.9
6625,30.5722,2179.12,22.63
6626,29.8776,2149.25,22.91
6627,32.5367,2235.67,24.0
6628,31.5892,2104.03,23.43
6629,30.4398,2032.34,23.97
6630,30.7427,2037.95,24.26
6631,30.6096,2070.9,25.74
6632,30.1924,2043.47,25.25
6633,29.5452,2037.54,26.0
6634,30.545,2097.7,26.13
6635,30.6984,2051.37,26.69
6636,30.7521,1968.29,26.55
6637,29.6429,2106.4,27.01
6638,28.5893,1985.39,26.6
6639,30.1935,1986.26,25.82
6640,28.0574,2031.77,25.57
6641,25.9603,2027.92,25.52
6642,27.7063,1906.97,25.68
6643,27.4972,2028.75,25.45
6644,28.4253,2105.26,23.71
6645,29.119,2002.78,23.85
6646,30.7515,2017.14,23.0
6647,30.327,2002.13,22.69
6648,30.3098,1953.1,22.85
6649,30.151,1992.94,23.14
6650,31.0496,2025.96,23.0
6651,30.7862,2021.94,23.24
6652,31.0636,1796.58,23.13
6653,31.5752,1914.74,25.16
6654,29.551,1988.2,25.32
6655,31.37,1961.29,25.16
6656,30.3179,1972.38,26.2
6657,31.2228,1902.42,26.05
6658,30.9598,1960.34,26.44
6659,31.0538,1847.14,27.5
6660,31.3415,1991.68,27.34
6661,29.6721,1889.88,27.33
6662,29.2239,1866.64,26.91
6663,28.7254,1944.03,25.98
6664,29.3281,1857.25,26.56
6665,28.2634,1924.58,25.15
6666,27.5082,1836.95,24.38
6667,28.5153,1859.29,25.28
6668,29.2085,2006.26,23.28
6669,28.9046,1797.13,23.32
6670,28.1174,2015.83,22.92
6671,29.1315,1915.97,22.44
6672,29.7129,1967.67,23.48
6673,30.0071,1853.66,22.55
6674,30.6328,1905.17,23.6
6675,30.7358,1885.77,23.36
6676,32.02,1944.29,24.95
6677,30.3339,1907.4,24.55
6678,30.5411,1892.74,24.95
6679,32.7473,1837.8,25.31
6680,31.9594,1871.71,26.07
6681,30.417,1832.36,26.69
6682,30.8388,1993.37,26.47
6683,28.8184,1959.46,27.36
6684,30.7119,1940.79,27.13
6685,29.802,1957.03,28.09
6686,29.1599,1951.71,26.6
6687,29.3263,1938.69,25.44
6688,30.2273,1982.31,26.19
6689,27.552,1933.77,26.1
6690,27.7631,1909.64,25.1
6691,27.6065,2024.59,24.59
6692,29.8316,1998.01,24.03
6693,29.393,1963.15,23.17
6694,29.8965,2000.26,22.66
6695,29.2959,1893.24,23.09
6696,31.3191,2002.13,23.21
6697,30.848,1902.87,22.29
6698,29.5697,1944.71,23.28
6699,30.8188,1972.47,23.35
6700,31.0436,1847.09,23.72
6701,31.8029,2027.45,24.87
6702,31.1611,1911.34,25.05
6703,30.3019,2068.05,25.47
6704,31.1437,1916.24,25.42
6705,31.93,1827.24,26.55
6706,30.0734,1840.72,27.47
6707,29.0084,1986.1,26.44
6708,29.743,1920.47,26.52
6709,30.7622,2041.84,24.97
6710,29.203,1996.54,27.49
6711,30.7553,2007.52,27.26
6712,27.1819,2008.91,25.66
6713,28.0748,2008.89,25.08
6714,28.8438,2018.96,26.08
6715,28.6279,2004.57,24.7
6716,28.2689,2081.8,24.0
6717,28.7103,1993.75,23.95
6718,28.5576,2001.48,23.43
6719,29.9968,2008.92,22.92
6720,29.8086,1998.41,23.15
6721,32.117,1960.32,23.7
6722,32.217,2081.51,24.02
6723,30.6777,2000.15,23.49
6724,32.7788,2058.59,24.39
6725,32.346,1990.76,24.74
6726,31.3496,2127.39,25.2
6727,31.1825,2075.84,25.89
6728,30.4969,2131.97,25.89
6729,31.3503,2009.98,26.93
6730,30.2022,2004.75,27.1
6731,30.2064,2135.21,26.12
6732,29.4645,2051.92,27.28
6733,29.1876,2107.51,27.42
6734,28.787,2084.26,26.66
6735,29.0476,2146.26,26.44
6736,28.5052,2170.13,26.05
6737,28.5347,2076.61,26.19
6738,29.3024,2137.76,25.07
6739,26.7687,2078.84,24.95
6740,28.8423,2127.91,23.8
6741,30.4804,2094.69,23.37
6742,28.9657,2259.28,22.62
6743,28.9085,2144.31,22.81
6744,30.0854,2080.42,23.45
6745,29.5367,2110.62,23.02
6746,31.7776,2170.3,22.45
6747,32.2484,2083.95,24.87
6748,31.3277,2264.6,23.81
6749,30.7989,2201.42,24.95
6750,30.5055,2115.04,24.68
6751,30.9054,2140.39,25.4
6752,31.3335,2133.14,25.77
6753,31.8234,2105.1,26.88
6754,30.5938,2280.98,26.9
6755,29.2802,2116.83,27.31
6756,29.9395,2122.25,26.98
6757,30.1026,2228.21,26.38
6758,27.9103,2168.46,26.57
6759,29.0561,2210.54,26.17
6760,27.9531,2069.02,26.21
6761,30.2027,2247.57,26.08
6762,28.3502,2038.39,24.95
6763,27.7068,2182.43,24.55
6764,29.5429,2237.41,23.94
6765,28.7711,2143.01,23.7
6766,30.1769,2107.27,23.16
6767,29.3408,2132.37,23.23
6768,30.3741,2146.6,22.71
6769,30.53,2076.59,22.61
6770,31.5547,2271.49,23.04
6771,30.3466,2192.45,23.71
6772,30.8017,2209.36,24.21
6773,31.9568,2092.71,25.06
6774,31.6446,2224.35,25.13
6775,31.0808,2251.66,24.61
6776,31.7738,2166.02,25.68
6777,32.4254,2206.88,26.53
6778,29.7341,2117.11,27.06
6779,30.9246,2071.93,26.58
6780,31.4698,2199.6,26.6
6781,28.9984,2165.28,26.82
6782,30.6739,2164.98,27.03
6783,28.4539,2101.17,27.01
6784,29.8216,2063.74,25.11
6785,28.5454,2096.7,25.78
6786,29.7071,2078.13,24.1
6787,29.1584,2222.24,24.38
6788,28.5404,2074.06,23.73
6789,29.8852,2141.05,23.9
6790,29.185,2178.83,23.42
6791,29.8955,2015.05,23.18
6792,29.0645,2029.6,21.76
6793,29.7621,2126.9,23.22
6794,30.6855,2109.21,23.36
6795,30.3265,2057.13,23.48
6796,29.8886,1936.01,24.47
6797,31.4523,2016.73,23.31
6798,31.1985,2024.63,25.0
6799,32.5949,2108.17,24.95
6800,32.9376,2153.35,25.42
6801,29.9888,2099.07,26.48
6802,30.292,2044.12,26.51
6803,30.2926,1971.28,27.4
6804,30.6574,2065.63,26.72
6805,30.7215,1968.7,25.93
6806,29.5805,1968.24,26.33
6807,30.0319,1998.99,25.62
6808,29.0312,1980.26,26.38
6809,29.1107,1991.44,25.69
6810,27.5037,1942.04,24.95
6811,28.0034,1901.22,24.9
6812,28.5921,1907.43,24.42
6813,27.7911,1903.63,23.24
6814,28.8574,2052.54,23.22
6815,29.5598,2073.45,22.26
6816,31.669,1952.56,22.96
6817,31.5246,1995.08,22.97
6818,30.9856,1990.73,23.12
6819,30.976,2046.83,23.87
6820,31.8662,2027.57,23.91
6821,29.6043,2118.32,24.56
6822,32.6641,1918.79,25.33
6823,30.9643,1960.75,25.7
6824,30.1608,1995.96,24.68
6825,31.6094,1928.2,26.19
6826,31.1251,1918.56,26.73
6827,30.4617,1955.98,27.34
6828,30.426,2089.56,27.34
6829,29.5827,1842.54,27.27
6830,29.5186,2044.14,26.37
6831,29.0362,1954.33,26.9
6832,28.3185,1867.52,25.21
6833,29.8725,1889.07,24.82
6834,27.6858,1879.33,24.56
6835,26.6587,1999.46,24.1
6836,28.4592,1964.34,24.07
6837,29.2243,1920.86,23.92
6838,29.5398,1991.83,23.02
6839,30.0403,2025.29,22.27
6840,29.8655,1999.97,22.34
6841,30.6433,1980.85,23.68
6842,30.3731,1983.1,22.91
6843,29.7628,1976.02,23.47
6844,30.9984,1925.25,23.92
6845,32.7481,1931.15,24.96
6846,30.7326,1897.79,25.82
6847,31.6697,1916.78,25.02
6848,30.8344,1827.84,26.09
6849,30.7371,1963.71,26.64
6850,30.2775,1947.82,27.0
6851,30.3739,1913.43,26.75
6852,31.7742,1925.56,26.97
6853,29.4077,1895.71,27.18
6854,30.2062,1889.29,26.44
6855,29.5149,1935.09,25.78
6856,29.6115,1824.16,26.35
6857,30.1948,1977.56,26.42
6858,28.0392,1916.85,25.09
6859,29.4553,1931.72,24.87
6860,27.7834,1975.39,23.92
6861,28.5597,1957.62,23.85
6862,29.4536,1918.59,23.29
6863,30.0095,1953.08,23.64
6864,30.0931,1955.21,23.66
6865,31.7039,1996.02,22.39
6866,31.68,1834.47,23.63
6867,31.1319,1933.49,23.65
6868,32.0714,1963.02,23.64
6869,32.1106,1993.41,24.87
6870,30.9067,1900.55,25.16
6871,32.6316,2004.32,26.12
6872,31.2798,1885.57,25.73
6873,31.8238,1977.46,26.61
6874,31.509,1977.88,27.04
6875,30.1006,1935.82,27.7
6876,29.9571,1913.02,26.72
6877,28.7315,1893.31,26.94
6878,29.8491,1970.44,27.05
6879,29.3412,2005.68,26.1
6880,28.8248,1889.6,24.98
6881,27.8043,1963.7,25.93
6882,28.103,1968.57,25.51
6883,28.1422,1933.04,25.18
6884,29.2952,1971.51,24.16
6885,29.6201,2022.21,24.43
6886,29.4028,1916.03,22.95
6887,27.1561,2012.6,23.61
6888,28.5508,2041.67,23.43
6889,28.6947,2041.56,22.38
6890,30.2088,1972.29,23.76
6891,31.0473,2038.21,23.1
6892,31.4162,2030.08,23.55
6893,31.0294,2014.44,24.84
6894,29.8088,2148.44,25.1
6895,31.8612,2110.15,25.01
6896,31.7699,1907.85,26.08
6897,32.1842,2063.2,26.62
6898,30.7283,2074.27,26.51
6899,29.7754,2089.23,26.74
6900,29.6276,2750.98,28.49
6901,29.9928,2805.81,27.03
6902,29.006,2634.9,26.69
6903,28.8099,2762.63,25.95
6904,28.6876,2716.18,26.84
6905,28.0646,2729.28,25.94
6906,27.8078,2772.07,24.83
6907,29.1672,2809.06,24.8
6908,28.2099,2872.69,23.32
6909,30.7175,2779.64,23.61
6910,30.411,2739.12,22.41
6911,28.1606,2746.68,22.66
6912,30.2195,2796.07,22.25
6913,30.7878,2757.69,23.54
6914,29.8029,2846.47,23.43
6915,31.8256,2777.84,23.64
6916,31.4453,2920.15,23.53
6917,30.2961,2811.18,24.26
6918,31.9002,2783.01,25.43
6919,30.2223,2834.2,25.36
6920,30.7944,2811.61,25.79
6921,29.3592,2737.55,26.45
6922,30.8503,2741.25,27.07
6923,29.5092,2829.88,26.35
6924,29.9162,2781.06,27.57
6925,27.5178,2752.05,25.49
6926,30.1665,2764.96,27.28
6927,27.8726,2852.53,26.26
6928,28.2533,2695.98,26.28
6929,28.916,2826.19,25.05
6930,27.9863,2179.89,25.18
6931,27.7484,2250.74,24.99
6932,28.5103,2103.28,23.53
6933,28.8034,2137.48,22.61
6934,29.2799,2094.76,23.42
6935,30.6455,2079.81,22.87
6936,29.2062,2124.56,23.37
6937,29.6666,2160.35,22.48
6938,31.4734,2205.45,21.81
6939,30.923,2195.43,24.35
6940,31.4475,2196.55,24.61
6941,32.1389,2119.91,24.1
6942,31.3923,2165.14,25.38
6943,32.6396,2154.02,25.27
6944,31.0615,2147.34,25.53
6945,30.9654,2103.02,26.4
6946,30.2048,2048.21,27.29
6947,29.362,2024.09,27.19
6948,29.7212,2168.15,26.6
6949,30.1032,2165.83,27.68
6950,28.2447,2190.07,26.77
6951,31.0592,2177.41,26.03
6952,29.2616,2316.77,26.31
6953,28.9618,2168.28,25.46
6954,28.1423,2012.98,25.33
6955,27.2779,2098.38,24.15
6956,28.5522,2094.97,23.18
6957,28.6032,2062.24,23.56
6958,29.9285,2019.12,23.09
6959,29.2227,1951.55,23.16
6960,30.215,2173.46,23.85
6961,30.3426,2156.58,22.33
6962,30.7479,2079.83,23.23
6963,30.7978,2021.14,23.22
6964,32.3942,2096.25,23.7
6965,31.8599,2067.42,25.12
6966,30.575,2156.34,25.02
6967,30.3674,2042.09,25.79
6968,30.4966,2182.38,26.24
6969,30.4766,2041.75,27.33
6970,29.4318,2012.74,26.46
6971,29.0469,2006.64,26.7
6972,29.1679,2011.09,26.37
6973,29.147,1993.58,26.57
6974,29.6421,2039.39,26.46
6975,28.8932,2140.46,25.88
6976,27.3677,2080.26,26.6
6977,27.5957,1938.1,25.54
6978,27.8476,2046.05,24.65
6979,27.6987,2029.85,24.66
6980,28.147,2011.69,23.02
6981,29.1761,1994.63,24.5
6982,29.2491,2052.07,22.97
6983,29.0064,2049.43,23.16
6984,29.9593,2047.63,23.05
6985,30.2034,2112.1,22.8
6986,32.0203,2064.74,23.42
6987,30.2805,1897.7,24.63
6988,30.9738,1941.92,25.69
6989,31.8289,1956.77,23.21
6990,31.4153,1906.27,25.03
6991,31.2315,1872.49,25.71
6992,31.2085,1938.27,25.9
6993,31.3143,1936.55,25.79
6994,30.3835,1976.42,26.19
6995,30.4394,1943.62,26.19
6996,29.8685,2050.16,27.53
6997,30.1209,2002.15,26.94
6998,30.7751,1850.68,26.92
6999,28.165,2024.45,26.93
7000,29.3994,1932.76,25.56
7001,29.3721,1838.72,25.65
7002,29.0572,1941.17,25.13
7003,28.5313,1932.83,25.5
7004,28.9356,1965.94,23.77
7005,29.7268,2070.86,23.91
7006,27.7168,1985.63,22.97
7007,29.4177,1931.84,23.34
7008,29.6637,1921.24,23.19
7009,30.4614,1965.49,22.38
7010,30.7231,2019.89,23.39
7011,31.9862,1857.71,22.79
7012,31.5227,1911.28,25.29
7013,30.992,1925.68,25.72
7014,32.4037,1972.45,25.07
7015,31.5044,1884.99,25.36
7016,33.1538,1892.78,26.18
7017,30.9705,1897.42,26.78
7018,30.3128,1960.44,26.0
7019,30.6941,1779.76,26.88
7020,28.8814,1876.84,27.19
7021,29.8618,1864.01,26.41
7022,30.1743,1896.32,28.12
7023,28.7703,1936.15,26.75
7024,27.8068,1844.15,26.71
7025,28.3143,1871.89,25.51
7026,29.3053,1986.26,25.55
7027,27.9656,1953.68,23.76
7028,28.6681,1968.67,24.14
7029,27.7911,1946.17,23.55
7030,29.6337,1891.62,23.0
7031,29.2085,2021.89,24.45
7032,27.9045,1935.14,21.77
7033,31.0849,1960.31,22.76
7034,31.4575,1957.2,23.5
7035,30.957,1836.58,23.32
7036,31.5167,1972.51,24.44
7037,31.1859,1967.12,25.44
7038,32.2547,2006.58,24.81
7039,32.1982,2019.77,25.32
7040,30.3922,1912.41,25.33
7041,31.6763,1984.18,26.91
7042,31.5287,2145.43,26.89
7043,32.2309,1979.45,27.03
7044,29.8744,1868.34,26.73
7045,28.7601,2009.07,27.18
7046,28.6805,2083.5,26.25
7047,28.5148,2006.73,26.31
7048,27.9712,2072.31,25.06
7049,29.0456,1981.93,25.03
7050,29.093,2053.04,25.39
7051,29.2328,1978.02,24.55
7052,27.002,2054.55,24.34
7053,30.2553,2058.08,23.3
7054,28.1462,1965.77,23.86
7055,30.7533,2051.48,22.9
7056,31.083,2072.29,23.31
7057,29.2403,2147.44,23.51
7058,30.4528,2031.57,23.82
7059,30.6113,2006.87,24.14
7060,32.1783,1982.16,23.28
7061,31.5428,2163.35,24.48
7062,31.7484,2066.54,24.72
7063,33.845,2048.47,25.75
7064,31.7592,2157.98,26.29
7065,31.2873,2178.4,26.96
7066,31.3462,1977.15,26.41
7067,31.8595,2161.61,27.49
7068,29.3165,2049.58,27.42
7069,28.6198,2100.13,27.19
7070,30.135,2123.94,27.23
7071,29.6092,2040.15,26.14
7072,27.3182,2060.66,26.3
7073,30.2406,2054.3,26.07
7074,28.5559,2170.05,24.72
7075,28.4717,2166.04,23.98
7076,28.4512,2140.1,23.73
7077,29.0348,2046.79,23.67
7078,29.2253,2135.65,22.88
7079,29.4341,2181.89,22.36
7080,29.459,2175.63,23.08
7081,30.231,2070.45,22.82
7082,31.2333,2203.32,22.6
7083,30.46,2293.04,24.58
7084,31.5853,2113.78,23.92
7085,33.1537,2268.53,24.29
7086,30.7214,2126.3,25.22
7087,32.011,2224.06,24.59
7088,31.2391,2166.66,26.53
7089,31.9418,2147.35,26.42
7090,30.709,2156.6,26.23
7091,30.1578,2263.45,26.88
7092,30.4806,2278.45,26.39
7093,29.0502,2017.71,26.85
7094,28.9423,2107.85,27.65
7095,28.2528,2206.68,26.05
7096,28.4022,2136.43,26.43
7097,28.2572,2100.6,25.35
7098,28.1393,2179.3,24.66
7099,28.8057,2223.93,25.11
7100,28.0112,2228.1,23.72
7101,29.1619,2104.48,23.58
7102,29.6652,2018.24,23.51
7103,30.6342,2188.23,22.96
7104,31.2314,2194.18,22.7
7105,29.9425,2111.1,23.22
7106,31.0693,2148.89,23.19
7107,30.8711,2159.05,22.81
7108,31.122,2079.41,22.98
7109,31.3844,2117.93,24.12
7110,31.7135,2063.23,25.73
7111,31.2629,2120.35,25.37
7112,30.7012,2092.65,25.7
7113,29.723,2140.69,27.08
7114,31.1113,2077.0,25.52
7115,31.8118,2173.83,26.76
7116,29.8439,2096.98,26.59
7117,30.1316,2084.35,26.58
7118,29.7603,2071.82,27.61
7119,28.4398,2190.36,26.85
7120,30.3523,2142.83,26.5
7121,28.0386,2141.95,26.04
7122,28.8683,2187.74,26.03
7123,29.4813,2065.33,25.17
7124,29.1593,2199.37,24.26
7125,28.6237,2116.35,23.85
7126,29.9037,1992.19,22.88
7127,30.9656,2205.46,23.35
7128,29.9015,2090.12,21.9
7129,30.6264,2085.72,22.5
7130,29.9714,1955.48,24.66
7131,32.5609,2148.84,23.89
7132,31.3173,2122.73,25.0
7133,31.574,2086.55,24.31
7134,29.9176,2076.27,24.81
7135,31.0189,1974.44,25.39
7136,31.7694,2132.88,26.36
7137,32.3905,2111.24,26.82
7138,30.2787,2008.19,27.58
7139,31.0908,1982.78,26.71
7140,29.1929,2088.25,26.85
7141,28.7563,1983.76,27.0
7142,29.4176,2078.15,27.61
7143,29.2614,2121.95,26.51
7144,28.7221,1969.66,25.56
7145,28.5679,2039.8,25.08
7146,30.713,1987.02,25.09
7147,28.6051,2069.72,24.37
7148,29.0827,1972.66,23.76
7149,29.1881,1946.6,24.02
7150,27.2685,1967.02,23.58
7151,28.962,1935.72,22.66
7152,28.9434,2039.47,22.77
7153,30.4584,1961.36,22.58
7154,31.3848,1987.88,22.85
7155,31.0198,2031.05,22.25
7156,31.7761,1922.6,24.29
7157,30.887,1892.59,24.09
7158,32.3533,2007.26,25.26
7159,31.9782,1950.1,25.62
7160,30.9598,1906.02,26.53
7161,31.469,2008.68,26.38
7162,30.1739,1859.52,26.6
7163,31.3232,1932.77,26.64
7164,30.4788,1903.5,26.53
7165,29.8974,1944.29,26.96
7166,28.9462,1967.49,26.63
7167,29.4355,1995.39,25.56
7168,28.0216,1921.01,25.86
7169,28.0411,1884.65,25.05
7170,28.564,1949.24,25.15
7171,27.6298,1909.77,23.85
7172,28.0873,1949.3,24.16
7173,27.8912,1903.77,23.58
7174,30.3438,2044.05,23.33
7175,30.1087,1955.95,23.79
7176,29.4871,2011.33,22.91
7177,28.1749,1860.6,22.71
7178,30.2554,1864.95,23.49
7179,30.9886,1841.01,22.98
7180,31.0667,1789.21,24.04
7181,31.0013,1895.69,24.83
7182,30.5777,1900.46,24.73
7183,31.0655,1947.23,25.18
7184,29.7098,1920.12,25.87
7185,31.37,1792.91,26.95
7186,32.0203,1952.17,26.89
7187,30.0452,1915.59,27.0
7188,28.7353,1952.77,26.96
7189,30.1665,1893.31,26.99
7190,29.2785,1909.61,27.68
7191,29.4334,1921.59,26.93
7192,28.1492,1950.3,26.43
7193,27.8449,1922.06,25.51
7194,28.2694,1951.97,25.78
7195,28.5996,2017.54,24.3
7196,29.3449,2005.14,23.52
7197,27.7778,2009.7,23.2
7198,29.7216,1872.87,23.83
7199,28.4719,1960.99,23.33
7200,29.4204,1934.56,23.02
7201,29.8334,1914.87,23.11
7202,31.1971,1933.35,22.76
7203,30.7315,1951.47,23.55
7204,30.7131,1888.44,24.58
7205,30.3441,1890.5,24.23
7206,29.5527,2039.66,24.74
7207,31.2657,1982.3,25.49
7208,31.9445,2001.37,26.63
7209,30.888,2027.62,26.35
7210,30.6309,1955.41,26.78
7211,31.365,1964.81,27.41
7212,30.4455,1936.49,27.41
7213,30.2572,2013.48,26.07
7214,27.955,2117.85,27.2
7215,27.9427,2074.26,26.01
7216,28.6659,1959.31,25.78
7217,27.1386,2020.79,25.11
7218,27.635,1977.66,23.92
7219,28.3146,2041.93,23.86
7220,30.9974,2001.05,24.23
7221,28.5311,2060.75,23.61
7222,29.1831,1946.11,23.83
7223,30.0998,2066.83,23.67
7224,30.8265,2083.76,23.19
7225,29.6468,1989.26,23.19
7226,30.3202,2001.5,23.12
7227,31.0878,2035.11,23.86
7228,30.9851,2048.19,23.39
7229,33.535,2186.05,23.89
7230,31.3151,2036.05,25.49
7231,31.331,2097.73,25.46
7232,30.2358,2137.76,25.55
7233,30.4773,2102.63,27.25
7234,29.3184,1974.45,26.66
7235,31.1815,2089.51,27.2
7236,28.9352,2065.73,26.86
7237,28.6016,2109.78,27.36
7238,29.5683,2187.96,27.36
7239,28.8155,2154.47,26.53
7240,29.1957,2106.48,26.05
7241,28.7941,2196.68,25.54
7242,29.4354,2029.85,25.41
7243,28.4817,2141.8,24.37
7244,29.975,2114.15,23.77
7245,29.1168,2030.75,23.74
7246,28.3867,2187.93,22.85
7247,29.724,2160.45,23.11
7248,29.1696,2180.68,22.7
7249,30.3726,2213.04,23.57
7250,30.1538,2163.49,23.49
7251,30.9433,2206.64,24.37
7252,31.7028,2025.72,24.2
7253,30.0672,2168.53,24.49
7254,31.8402,2024.02,25.46
7255,31.9742,2205.0,25.52
7256,31.1388,2084.89,26.34
7257,31.0496,2115.4,26.32
7258,30.206,2108.91,25.95
7259,31.7279,2228.36,26.45
7260,29.8878,2097.82,26.81
7261,29.0518,2059.73,26.29
7262,28.2812,2178.44,26.94
7263,29.6699,2128.66,25.4
7264,28.9323,2193.58,25.82
7265,28.3767,2153.05,24.64
7266,28.1326,2130.93,24.94
7267,28.2806,2165.65,24.2
7268,29.4843,2199.66,23.66
7269,30.2514,2201.57,22.78
7270,28.3615,2004.97,23.02
7271,29.9326,2151.68,22.92
7272,30.8993,2189.17,22.18
7273,31.1841,2136.2,23.04
7274,29.8344,2077.16,22.81
7275,32.1584,2182.12,23.42
7276,30.9568,2239.73,24.33
7277,32.6945,2197.74,24.03
7278,32.6192,2120.49,24.16
7279,31.6765,2226.34,25.1
7280,32.1648,2022.69,25.28
7281,31.6202,2124.93,25.8
7282,29.8207,2085.6,26.27
7283,28.51,2129.23,26.56
7284,31.0271,2107.01,26.52
7285,30.5808,2153.5,26.72
7286,29.0301,2143.86,27.04
7287,29.7916,2187.15,26.92
7288,29.4151,2067.49,25.99
7289,28.8328,2141.79,25.77
7290,28.6832,2206.74,24.92
7291,28.8965,2120.06,24.7
7292,28.475,2041.44,23.41
7293,29.29,2082.46,23.06
7294,28.7236,2117.59,23.52
7295,29.9542,2086.03,22.56
7296,29.8985,2103.74,23.43
7297,30.4591,2145.91,22.91
7298,30.5376,2181.29,23.71
7299,30.8239,2150.81,24.01
7300,30.7036,2073.85,23.81
7301,31.0199,2193.99,24.18
7302,32.9928,2169.64,24.01
7303,30.9468,2035.46,25.48
7304,31.27,1972.24,26.42
7305,30.7434,1954.19,26.26
7306,30.5077,2018.86,26.63
7307,30.1474,1978.78,26.7
7308,30.3273,2075.42,26.89
7309,28.4227,2037.16,27.02
7310,29.6184,2093.74,26.91
7311,28.3872,2061.42,26.71
7312,28.1935,1964.14,26.59
7313,29.1646,2026.97,25.23
7314,29.3393,1984.28,24.98
7315,27.8838,2054.55,24.58
7316,29.8847,2199.97,24.24
7317,29.3477,1795.38,23.22
7318,29.7219,1972.91,23.28
7319,28.4259,1926.93,22.98
7320,29.1681,1974.89,23.13
7321,29.5413,2077.31,23.38
7322,30.7961,1913.91,22.61
7323,31.6098,2005.98,23.67
7324,31.6464,1958.84,23.81
7325,32.608,1918.85,24.64
7326,31.896,1867.07,24.57
7327,32.0012,1924.47,25.45
7328,32.2164,1905.25,25.82
7329,31.9974,1871.66,26.4
7330,31.9078,1925.84,27.48
7331,30.1427,2004.03,26.83
7332,31.0061,1957.11,26.91
7333,28.3654,1870.77,26.91
7334,30.8156,1900.45,26.37
7335,29.1035,1954.8,26.75
7336,29.3516,1930.29,25.52
7337,28.8495,1882.67,25.76
7338,26.9643,1986.19,24.49
7339,27.5924,1979.65,25.21
7340,27.6126,1945.59,23.22
7341,27.7517,1944.52,24.19
7342,28.4038,1946.13,22.88
7343,29.2734,1896.84,22.66
7344,30.141,1957.81,23.06
7345,30.7501,1987.51,22.51
7346,29.8259,1999.64,23.38
7347,30.9952,1987.86,24.26
7348,31.1472,1985.46,23.58
7349,30.7475,1805.5,24.69
7350,31.1428,1921.02,25.14
7351,31.6691,1851.03,25.67
7352,32.0565,1832.87,26.22
7353,32.231,1886.39,26.98
7354,31.3358,1894.08,26.68
7355,31.0991,1835.94,27.46
7356,31.2072,1879.36,27.64
7357,28.0884,1792.41,26.75
7358,28.9155,1910.39,26.58
7359,28.7092,1869.95,27.02
7360,27.8966,1990.9,26.19
7361,29.7438,1871.49,25.04
7362,27.6842,2057.93,25.18
7363,28.1999,1980.63,24.24
7364,28.4195,2018.6,23.63
7365,30.1811,1941.82,23.98
7366,29.4198,1926.71,23.82
7367,30.1113,1971.79,22.71
7368,30.1698,1927.05,23.18
7369,29.9635,1931.13,22.94
7370,32.0441,1943.92,23.22
7371,31.1214,1939.58,23.87
7372,31.4332,1995.96,23.52
7373,32.1718,2101.12,23.85
7374,30.6181,1967.25,24.71
7375,31.2277,1967.87,25.79
7376,32.9354,2014.98,26.16
7377,31.1408,1980.22,25.46
7378,32.0929,1961.32,26.08
7379,30.0239,2045.86,26.23
7380,29.512,2054.51,27.33
7381,28.4681,2093.2,27.31
7382,30.2673,1893.35,26.76
7383,28.9555,2007.4,26.32
7384,29.5315,1940.95,26.31
7385,28.6319,2087.06,25.39
7386,28.8712,1914.04,25.04
7387,29.6168,2025.26,24.34
7388,28.2751,2022.11,23.25
7389,29.0239,2021.36,24.04
7390,28.6677,2077.55,23.82
7391,29.6517,1996.96,23.69
7392,30.7786,2008.34,23.32
7393,30.4785,2058.46,23.08
7394,30.2308,1992.61,22.98
7395,30.6527,2136.06,23.56
7396,31.9768,2060.88,24.0
7397,31.19,2004.51,24.61
7398,31.0806,2074.81,25.37
7399,30.4157,2160.62,25.41
7400,30.7307,2068.34,26.49
7401,31.2683,2069.83,26.73
7402,30.2274,2044.91,26.65
7403,28.6194,2068.84,27.06
7404,29.5807,2049.22,27.11
7405,30.2545,2246.79,26.91
7406,30.9039,2095.17,26.33
7407,29.0553,2046.71,27.0
7408,28.3675,2065.1,25.71
7409,29.3544,2064.65,25.2
7410,27.3098,2220.47,24.99
7411,28.8135,2152.07,25.26
7412,27.6534,2073.4,24.07
7413,28.9052,2072.83,24.34
7414,29.117,2208.43,23.31
7415,30.0957,2091.03,22.59
7416,29.5511,2047.79,23.32
7417,30.4327,2068.3,22.48
7418,30.5303,2201.43,22.9
7419,30.3499,2172.32,23.23
7420,32.6546,2103.97,24.05
7421,31.4741,2152.69,25.41
7422,31.3059,2143.13,24.98
7423,31.4931,2090.15,25.83
7424,31.2969,2187.58,25.47
7425,31.9594,2135.38,26.43
7426,29.3518,2115.73,26.43
7427,29.8558,2184.23,26.94
7428,30.3221,2166.25,27.75
7429,30.7803,2126.41,26.73
7430,29.7474,2146.98,27.07
7431,28.1134,2147.9,26.21
7432,29.2769,2112.8,26.13
7433,29.1504,2141.0,25.65
7434,28.9391,2165.26,25.38
7435,27.4954,2133.99,23.32
7436,29.5881,2202.92,23.28
7437,28.9426,2288.14,23.2
7438,29.6003,2209.38,22.63
7439,30.7329,2070.03,23.26
7440,29.5017,2097.89,22.4
7441,31.4827,2155.85,22.9
7442,31.625,2112.77,22.62
7443,30.5974,2191.7,23.91
7444,32.3662,2232.51,24.07
7445,30.9753,2134.49,24.43
7446,31.152,2117.65,25.49
7447,30.7241,2159.96,25.67
7448,31.4383,2199.15,25.5
7449,31.0836,2128.41,25.73
7450,31.2984,2239.12,26.73
7451,30.2483,2129.92,26.26
7452,29.6625,2168.43,27.38
7453,31.1946,2092.02,26.84
7454,29.454,2181.63,26.71
7455,30.2921,2104.9,26.22
7456,28.4362,2061.89,26.37
7457,28.2784,2166.07,25.31
7458,27.7226,2091.54,25.19
7459,30.1642,2110.07,24.57
7460,29.1962,2002.19,24.52
7461,27.8509,2135.05,23.15
7462,27.8805,2119.3,23.58
7463,30.597,2169.58,22.96
7464,30.4184,2040.71,23.41
7465,30.5218,2111.87,23.8
7466,29.759,2051.74,22.89
7467,31.4471,2075.53,23.25
7468,31.2321,2083.37,24.28
7469,32.5516,2043.44,23.92
7470,31.4799,2105.05,24.81
7471,31.6238,2029.82,25.8
7472,30.8675,2049.27,25.91
7473,30.5231,2127.5,26.04
7474,30.3759,2149.98,26.67
7475,31.3349,2105.16,26.76
7476,29.9799,2065.58,27.56
7477,28.4425,2077.21,27.6
7478,30.313,1993.98,27.18
7479,29.1707,2008.3,26.35
7480,28.4971,2092.89,25.95
7481,28.1498,2002.34,24.94
7482,28.5362,1894.41,25.45
7483,29.2747,2012.05,23.66
7484,28.2998,2048.76,23.96
7485,29.8416,2040.76,23.52
7486,30.3491,2035.75,23.49
7487,30.2224,2007.65,23.9
7488,29.9809,1951.43,23.14
7489,31.1238,2010.75,23.79
7490,31.4124,1912.53,23.39
7491,30.9382,1951.42,23.55
7492,30.3931,1942.51,24.03
7493,30.9143,1986.75,23.99
7494,31.2874,1992.39,24.77
7495,30.3749,2000.3,25.46
7496,30.8303,1980.49,26.04
7497,31.7731,1929.97,26.92
7498,31.1015,1913.48,26.35
7499,30.7627,1851.92,26.82
7500,29.8708,2018.11,27.48
7501,28.5729,2026.66,27.74
7502,29.2836,1888.04,27.01
7503,28.4751,2031.93,26.23
7504,27.5893,2005.26,25.86
7505,27.9291,1978.79,25.15
7506,28.1636,1948.25,24.25
7507,28.8809,1939.51,24.64
7508,29.2268,1848.7,24.59
7509,28.6537,1915.5,23.45
7510,30.4728,2057.34,23.9
7511,28.8415,1916.2,23.02
7512,31.6301,1983.25,23.47
7513,30.5957,1822.31,22.82
7514,30.5935,1839.81,23.5
7515,29.7929,1807.69,23.78
7516,31.1876,1841.02,24.65
7517,31.026,1910.76,25.13
7518,31.7858,1927.91,24.93
7519,30.5626,1964.33,25.47
7520,30.7272,1861.59,26.0
7521,30.3807,1975.38,25.67
7522,30.1933,2017.65,26.66
7523,30.9879,1940.0,27.29
7524,29.9315,1924.04,26.95
7525,29.0501,1914.1,26.75
7526,29.9858,1924.29,26.95
7527,28.8887,1905.3,26.32
7528,28.328,1871.49,25.7
7529,28.6066,1959.54,25.16
7530,27.0974,2029.38,25.11
7531,28.2168,1927.16,24.95
7532,27.9592,1917.2,23.82
7533,28.3568,1867.63,22.61
7534,29.2273,1849.27,22.77
7535,29.0441,2018.52,22.62
7536,30.6993,2039.9,22.39
7537,30.981,1916.26,22.76
7538,30.0851,1972.98,22.89
7539,29.883,1978.12,23.82
7540,31.1336,2038.24,23.98
7541,30.2324,2052.49,24.97
7542,30.7612,1920.54,25.2
7543,31.4302,1923.53,25.41
7544,31.0911,1998.79,26.11
7545,30.716,2007.36,26.34
7546,31.3393,1863.65,26.33
7547,29.7649,1981.87,27.07
7548,31.4315,1865.43,27.15
7549,30.9288,1999.75,27.32
7550,29.4766,1992.35,26.92
7551,29.5224,2043.89,25.85
7552,29.0301,2050.72,27.03
7553,28.6405,2056.32,26.37
7554,27.4822,1993.48,25.06
7555,31.0489,1979.64,24.8
7556,28.7589,2041.05,24.7
7557,29.0593,2031.23,22.83
7558,27.6434,2077.95,22.95
7559,29.1554,2032.35,23.0
7560,30.78,2000.67,22.68
7561,30.9396,2014.98,23.31
7562,30.7502,2022.6,22.1
7563,30.565,2145.45,24.35
7564,29.7049,1970.11,24.06
7565,30.8881,2164.55,24.62
7566,32.4966,2027.04,24.95
7567,30.0078,2144.1,25.63
7568,31.9777,1990.83,25.26
7569,29.8293,2052.8,25.93
7570,30.085,2144.45,27.24
7571,29.8223,2046.18,26.93
7572,30.3728,2098.02,27.3
7573,30.5061,2216.28,26.51
7574,28.9061,2005.87,27.16
7575,28.5485,2176.77,25.97
7576,28.3795,2120.0,26.0
7577,27.7222,2029.17,25.68
7578,29.1076,2115.06,25.28
7579,28.5912,2198.67,25.16
7580,29.8077,2060.6,23.23
7581,28.2486,2045.74,23.09
7582,28.301,2126.53,23.44
7583,30.2855,2012.78,22.48
7584,29.8734,2040.77,22.77
7585,30.6301,2216.6,23.25
7586,29.9317,2104.16,24.06
7587,31.9506,2105.1,23.15
7588,32.0509,2121.04,23.73
7589,31.1154,2148.7,24.63
7590,30.1267,2208.16,25.41
7591,30.4588,2124.12,25.24
7592,32.0053,2149.26,26.58
7593,30.6322,2086.35,26.94
7594,30.7918,2082.64,26.64
7595,30.6343,2159.87,26.04
7596,29.9375,2207.7,27.52
7597,29.9523,2099.89,27.64
7598,29.7823,2214.48,26.27
7599,29.0777,2173.66,26.69
7600,28.5822,2182.98,25.29
7601,28.1288,2177.04,25.47
7602,29.7396,2038.86,25.69
7603,27.4756,2141.72,23.67
7604,29.732,2195.39,24.05
7605,28.629,2164.67,23.82
7606,31.2578,2160.3,23.59
7607,28.3692,2233.61,21.66
7608,29.5619,2094.36,22.34
7609,29.5207,2195.54,23.43
7610,31.3902,2231.52,23.6
7611,31.0408,2083.61,23.35
7612,31.7153,2197.47,23.33
7613,30.9856,2136.5,24.04
7614,31.4267,2167.35,25.35
7615,30.4765,2087.77,25.76
7616,31.6605,2148.1,26.25
7617,29.9252,2135.0,26.68
7618,30.6293,2096.37,26.63
7619,30.1883,2204.48,26.9
7620,29.9874,2172.8,26.24
7621,27.9555,2094.88,27.32
7622,29.8993,2089.17,27.54
7623,29.5426,2110.29,26.77
7624,29.2825,2130.14,26.14
7625,27.1345,2118.92,25.0
7626,28.6982,2089.47,25.26
7627,26.625,2132.32,24.14
7628,29.1652,2101.89,24.45
7629,29.7342,2027.38,23.23
7630,29.0885,2083.23,23.85
7631,29.1874,2180.33,23.35
7632,30.5861,2134.86,23.15
7633,31.1391,2121.6,23.05
7634,30.5326,2201.78,23.72
7635,30.6826,1987.77,23.72
7636,30.9178,2138.62,23.9
7637,32.6199,2057.27,24.51
7638,30.4523,2122.52,25.62
7639,32.2151,2072.01,25.39
7640,30.9982,2004.01,25.04
7641,31.2505,2134.85,25.86
7642,31.0086,2082.32,26.99
7643,31.6317,2063.24,26.96
7644,28.7416,1970.24,26.94
7645,30.1241,2069.35,25.47
7646,29.0132,2094.6,26.67
7647,29.9455,1997.48,26.25
7648,28.2938,1974.91,25.9
7649,28.3025,2043.87,24.91
7650,28.5096,1981.91,25.15
7651,28.5801,2037.18,25.21
7652,28.1385,1953.51,23.48
7653,28.8127,1989.77,23.42
7654,30.048,2022.86,23.84
7655,30.3153,1866.24,21.97
7656,29.7211,2024.12,21.71
7657,33.0794,1951.96,23.4
7658,30.6901,2003.59,23.87
7659,28.5571,1981.45,22.61
7660,30.9554,1926.64,24.42
7661,32.0458,2014.05,24.43
7662,30.7306,2043.17,24.93
7663,29.9831,1873.68,24.25
7664,30.5824,1954.24,25.1
7665,30.4975,1984.03,25.59
7666,30.5301,2079.75,26.22
7667,29.9223,1970.38,27.15
7668,30.2742,1927.1,26.88
7669,29.8349,1874.9,27.08
7670,28.7905,1858.62,26.06
7671,28.6196,1843.47,27.17
7672,28.4109,1892.59,26.44
7673,28.4186,1907.37,26.02
7674,27.8945,1962.66,24.01
7675,28.2832,1855.44,24.38
7676,29.5902,1953.61,23.91
7677,28.0189,1878.45,23.66
7678,28.8603,2023.5,22.96
7679,28.2161,1818.79,24.77
7680,29.9238,1998.03,22.8
7681,30.402,1876.03,23.16
7682,30.6636,1894.53,23.76
7683,30.0187,1929.74,22.21
7684,31.2177,1901.08,22.71
7685,31.2315,1979.28,24.73
7686,30.2722,1963.93,24.8
7687,30.5202,2013.9,25.07
7688,31.945,1879.62,25.87
7689,31.1862,1875.47,26.93
7690,30.7398,1922.74,27.07
7691,30.6269,2041.26,26.77
7692,30.9643,1964.87,28.12
7693,28.8193,1933.46,26.3
7694,29.208,1965.88,26.46
7695,29.6622,1949.87,26.54
7696,29.4548,1931.17,26.4
7697,28.2864,1916.48,24.29
7698,28.8703,1802.43,24.46
7699,27.9793,2029.26,25.24
7700,29.6026,1984.02,23.75
7701,27.5377,1876.05,23.69
7702,29.0899,2066.76,23.66
7703,30.7308,1926.68,22.77
7704,28.4697,1901.89,22.14
7705,31.554,1900.46,22.42
7706,30.9493,1955.54,23.41
7707,29.3914,1932.28,22.8
7708,31.8563,1993.0,23.46
7709,32.9496,1960.83,24.96
7710,30.594,2016.01,25.6
7711,29.6894,1951.66,24.6
7712,30.805,1875.72,25.98
7713,31.2092,2002.76,27.02
7714,31.7973,1995.4,27.29
7715,30.0985,2017.13,26.38
7716,29.629,1948.09,27.57
7717,30.1853,2034.05,27.22
7718,29.7971,1959.84,26.66
7719,29.1755,2077.22,25.95
7720,28.7519,2022.14,25.95
7721,29.7685,1987.58,25.61
7722,29.0693,1978.62,25.69
7723,27.5825,1949.96,24.82
7724,28.9575,2058.15,23.92
7725,29.464,2034.75,23.28
7726,30.3211,2058.05,23.42
7727,30.5518,2092.56,22.45
7728,28.9494,1939.2,23.6
7729,29.8522,2030.22,22.27
7730,30.9072,1996.2,22.88
7731,31.0797,2114.28,22.82
7732,30.6815,2050.05,25.05
7733,30.9164,2085.78,24.04
7734,31.7367,2044.48,24.63
7735,31.8505,2090.28,25.83
7736,30.8356,2008.43,25.56
7737,29.8532,2060.8,26.86
7738,28.8318,1984.22,26.84
7739,31.3728,2222.32,26.05
7740,29.0429,2109.54,26.49
7741,29.6572,2085.19,25.8
7742,29.1813,2203.78,26.77
7743,29.6282,2159.11,26.66
7744,28.6906,2063.63,25.51
7745,28.848,2086.22,25.69
7746,28.1539,2167.46,24.2
7747,27.9396,2071.63,24.65
7748,29.5365,2131.91,24.67
7749,29.1369,2121.48,23.8
7750,30.2416,2164.78,22.68
7751,29.2036,2141.88,22.54
7752,29.5983,2238.47,22.67
7753,31.4137,2131.48,23.14
7754,29.9027,2174.7,22.89
7755,30.8355,2001.18,22.92
7756,30.7744,2228.25,24.07
7757,31.8063,2177.33,24.62
7758,30.5015,2159.13,24.18
7759,31.1514,2162.45,25.02
7760,30.335,2141.86,24.86
7761,28.7442,2339.65,27.62
7762,30.981,2202.97,26.95
7763,31.2263,2172.79,26.87
7764,31.0567,2203.26,26.26
7765,27.8846,2189.88,26.68
7766,29.4413,2272.01,26.4
7767,29.9879,2154.87,26.11
7768,28.909,2045.78,26.9
7769,28.5495,2157.46,24.67
7770,28.6299,2096.29,25.19
7771,27.4207,2102.61,24.63
7772,27.7802,2041.06,24.6
7773,28.0051,2138.34,23.52
7774,29.456,2067.06,22.92
7775,29.4632,2211.36,23.25
7776,30.4476,2143.2,23.36
7777,29.5421,2227.48,22.62
7778,29.5122,2064.26,22.73
7779,32.5652,2225.15,24.53
7780,31.6452,2155.04,23.3
7781,31.2731,2170.79,24.14
7782,32.0486,2169.86,23.96
7783,30.5475,2144.2,25.21
7784,32.6071,2254.68,25.91
7785,29.4728,2101.88,25.93
7786,30.6532,2227.15,27.23
7787,30.2165,2121.54,27.13
7788,29.0797,2093.65,26.56
7789,29.3359,2232.86,27.02
7790,29.3296,2089.43,26.0
7791,29.6392,2148.28,25.48
7792,29.0077,2022.53,25.96
7793,28.8846,2113.61,24.45
7794,29.5833,2204.41,24.95
7795,27.8836,2192.03,25.11
7796,29.0479,2096.9,24.61
7797,29.0703,2035.42,23.91
7798,28.7245,2155.18,23.51
7799,30.244,2054.69,22.47
7800,30.1902,2098.78,23.18
7801,29.3106,2088.47,22.77
7802,30.0815,2051.23,23.63
7803,31.9998,2051.88,23.56
7804,31.5946,2067.32,24.44
7805,31.8146,2064.91,23.5
7806,31.4921,2013.57,25.57
7807,31.4034,2161.74,25.68
7808,31.0169,2059.29,25.55
7809,29.5707,2101.47,26.61
7810,31.5384,2032.38,27.38
7811,31.1295,2026.51,26.51
7812,29.946,2105.89,26.52
7813,29.3725,2059.84,27.25
7814,28.4243,2008.47,27.16
7815,29.1322,1945.28,26.02
7816,28.0492,2092.69,25.0
7817,30.4319,2098.12,25.15
7818,28.7504,2115.05,25.78
7819,28.5955,2023.65,24.42
7820,30.074,2095.02,23.75
7821,29.0992,1886.25,24.09
7822,28.0972,2041.4,23.53
7823,30.6303,2028.83,23.92
7824,30.8039,2104.58,22.86
7825,31.5364,1902.83,23.11
7826,30.7341,1987.26,22.22
7827,30.1473,2038.86,24.44
7828,31.4271,2017.82,24.43
7829,31.0518,1971.86,24.32
7830,31.4602,2019.2,25.37
7831,30.8354,1878.5,24.18
7832,31.0405,2019.49,26.06
7833,30.5728,1994.9,26.87
7834,31.3977,1976.86,27.01
7835,29.2452,1944.96,26.67
7836,28.6532,2026.57,27.13
7837,29.6177,1946.4,27.32
7838,28.0461,1811.7,26.55
7839,29.8354,1982.24,25.96
7840,27.8315,1882.45,25.89
7841,28.6081,1958.56,26.34
7842,27.6573,1886.63,24.53
7843,28.6633,1915.03,24.74
7844,27.6392,1808.95,23.54
7845,28.3641,1921.29,22.59
7846,28.5605,1890.76,23.54
7847,30.9458,1878.45,22.7
7848,29.1185,1912.97,23.33
7849,28.8673,1996.99,22.77
7850,29.4628,1917.73,23.43
7851,30.5164,1889.07,24.08
7852,31.7209,1907.25,24.3
7853,32.339,1726.73,24.51
7854,31.7372,1887.71,25.56
7855,31.1139,1795.65,26.17
7856,31.6032,1934.94,25.39
7857,31.0266,1876.33,26.61
7858,30.2395,1938.89,26.5
7859,29.0042,1868.19,27.21
7860,30.7216,1915.02,27.21
7861,28.6792,1787.25,26.23
7862,29.0531,1938.54,26.46
7863,27.0038,1881.68,25.91
7864,28.6067,1909.61,26.58
7865,27.2168,1798.83,25.93
7866,27.6939,1945.51,24.35
7867,29.3444,1956.94,23.59
7868,28.706,1844.29,24.15
7869,28.8964,1990.89,23.7
7870,29.2514,1976.54,23.17
7871,29.978,1945.04,23.32
7872,29.4747,1870.33,23.05
7873,30.7186,1975.47,22.59
7874,31.1074,1929.98,23.04
7875,29.5312,1921.21,23.47
7876,29.2327,1802.26,25.21
7877,30.5268,1864.88,24.45
7878,32.6287,1962.43,25.52
7879,31.3662,1890.77,24.93
7880,31.3384,2003.27,25.41
7881,31.1292,2007.91,26.54
7882,29.7215,1979.01,27.5
7883,31.0304,1972.03,26.5
7884,30.6727,2053.4,27.61
7885,29.9052,1953.98,26.1
7886,30.2643,1866.94,26.71
7887,28.4264,2030.62,26.15
7888,29.2041,1987.33,25.45
7889,27.8235,1954.9,25.3
7890,27.8017,1900.77,25.28
7891,29.2281,2108.63,24.51
7892,29.3196,2137.89,23.42
7893,29.7702,1980.22,23.77
7894,29.6994,2102.46,24.3
7895,29.1311,1992.91,22.28
7896,30.6364,2112.31,22.97
7897,30.5691,1923.05,23.05
7898,30.6091,1982.34,22.8
7899,30.6819,2053.87,22.8
7900,31.9819,2092.98,25.1
7901,31.2406,2073.54,24.63
7902,30.6354,2046.83,24.92
7903,33.4702,2103.86,25.63
7904,30.2509,2073.63,25.72
7905,32.5751,2191.17,27.79
7906,31.594,2047.1,28.07
7907,30.9622,2042.04,27.02
7908,31.2183,2080.31,26.67
7909,29.7984,2161.55,26.51
7910,27.818,2097.53,26.81
7911,29.6746,2158.42,25.38
7912,28.7265,2093.97,25.15
7913,27.7064,2000.03,25.71
7914,27.2998,2174.81,25.42
7915,28.8134,2004.31,25.11
7916,28.5519,2147.21,24.48
7917,29.8277,2237.18,23.73
7918,29.7373,2197.37,22.36
7919,28.9014,2238.68,24.14
7920,29.5398,2205.12,22.99
7921,30.6659,2103.45,22.44
7922,30.911,2153.35,24.29
7923,31.092,2131.79,23.0
7924,30.0536,2241.62,23.92
7925,32.1553,2123.48,25.21
7926,30.6044,2187.65,25.79
7927,30.921,2119.84,25.54
7928,31.9405,2213.28,25.44
7929,31.3917,2116.78,26.1
7930,30.5781,2174.99,26.31
7931,31.1012,2253.15,26.74
7932,29.5603,2250.4,26.91
7933,29.0972,2157.56,26.72
7934,26.7786,2159.42,26.28
7935,29.2494,2221.99,26.04
7936,28.2693,2188.89,25.05
7937,28.6645,2193.6,25.16
7938,30.1777,2210.69,24.28
7939,26.748,2143.1,24.05
7940,27.6343,2139.49,24.62
7941,30.214,2189.7,24.2
7942,28.7648,2124.04,23.66
7943,30.4338,2194.2,22.69
7944,29.7351,2209.94,22.8
7945,30.7684,2144.95,23.24
7946,30.4425,2094.26,23.87
7947,31.6676,2265.5,23.55
7948,29.1738,2184.62,23.68
7949,32.3694,2145.5,23.93
7950,30.8855,2182.38,26.16
7951,32.3922,2069.15,25.45
7952,34.0182,2078.39,26.39
7953,31.557,2231.96,25.99
7954,31.1988,2223.97,26.25
7955,30.8433,2125.87,27.14
7956,29.6463,2115.25,26.96
7957,30.6299,2157.74,26.62
7958,29.5871,2175.64,26.82
7959,29.0392,2055.57,26.73
7960,28.5105,2119.05,25.3
7961,28.1542,2068.73,26.03
7962,28.6366,2030.18,24.68
7963,28.1249,2127.1,25.42
7964,26.9737,2206.62,24.68
7965,29.9924,2269.59,24.15
7966,29.2375,2053.78,23.9
7967,29.6078,2010.09,22.75
7968,30.4318,2052.64,23.28
7969,31.1709,2034.23,22.69
7970,30.6137,2109.88,23.6
7971,29.5482,2105.25,23.18
7972,31.905,2043.14,24.05
7973,31.2822,2034.14,24.17
7974,30.8162,2000.35,25.5
7975,30.1064,2100.6,26.7
7976,31.3138,1988.02,25.13
7977,32.1789,2121.41,26.55
7978,30.7207,2175.25,27.07
7979,32.6269,2040.5,26.94
7980,31.6339,2067.61,27.24
7981,29.1411,1979.24,27.69
7982,29.591,2100.25,26.06
7983,27.0195,2032.04,26.0
7984,28.1349,2052.46,26.79
7985,27.8563,1988.28,25.53
7986,27.5447,1975.23,25.4
7987,28.6134,2104.92,24.33
7988,28.5882,1948.35,24.06
7989,28.7598,2036.13,23.76
7990,28.3808,1983.63,23.2
7991,29.3111,1959.2,23.51
7992,30.1272,2009.88,23.12
7993,30.1128,2053.99,23.95
7994,30.3372,1892.29,23.57
7995,31.586,2016.18,24.19
7996,30.4062,2015.67,24.59
7997,31.3315,2017.56,23.42
7998,30.6099,2020.07,25.59
7999,30.586,1998.65,25.61
