clock_hour,q_feed_available_m3_h,c_feed_mg_l,temp_c
0,30.149,2040.17,24.18
1,30.1397,2030.28,24.04
2,30.5443,2040.43,23.95
3,30.9519,2064.47,24.2
4,30.536,2080.4,24.57
5,30.6059,2064.56,25.1
6,31.1738,2054.67,24.9
7,30.9064,2091.39,25.42
8,30.4654,2047.92,25.43
9,30.6577,2083.29,25.73
10,30.211,2052.07,26.17
11,30.0415,2071.77,26.12
12,30.0726,2059.86,25.75
13,29.2448,2062.97,25.85
14,29.1325,2056.57,26.12
15,29.3363,2101.22,25.74
16,29.0899,2050.84,25.27
17,29.4181,2052.19,25.1
18,29.0276,2125.2,25.14
19,28.9002,2098.06,24.94
20,29.8335,2015.38,24.5
21,29.4373,2062.22,24.79
22,29.6703,2032.35,24.3
23,29.3914,2055.13,23.99
24,29.8367,2001.63,23.84
25,30.2145,2077.81,23.84
26,30.0047,2053.76,24.2
27,30.6077,2084.83,24.2
28,30.426,2043.67,24.83
29,30.5886,2087.28,25.03
30,30.5195,2075.68,25.13
31,31.2318,2124.38,25.02
32,30.6022,2122.83,25.37
33,30.1777,2107.83,25.96
34,30.5968,2080.61,25.75
35,29.8149,2138.93,26.19
36,30.0627,2050.92,26.09
37,29.2309,2055.04,25.98
38,29.2515,2088.35,25.73
39,29.5641,2147.04,25.69
40,29.6153,2085.8,25.54
41,29.3753,2086.38,25.47
42,29.2653,2054.95,24.82
43,29.2335,2114.61,24.69
44,28.9502,2114.69,24.51
45,29.2891,2110.41,24.43
46,29.5118,2074.71,23.95
47,30.136,2072.46,23.77
48,30.1031,2057.42,24.13
49,29.6523,2091.39,23.73
50,30.4472,2061.77,24.39
51,30.3795,2058.76,24.26
52,30.4031,2076.95,24.19
53,30.8597,2074.6,24.65
54,31.0093,2072.6,25.08
55,30.9555,2096.87,25.15
56,30.3545,2086.28,25.5
57,30.4022,2076.13,25.86
58,30.4494,2086.89,25.83
59,30.4738,2056.44,25.78
60,29.8562,2082.72,25.94
61,29.7631,2082.66,26.25
62,29.3181,2040.08,26.2
63,29.1462,2101.25,25.3
64,29.6375,2052.97,25.72
65,29.7307,2075.87,25.31
66,29.2784,2101.28,25.18
67,29.6249,2093.83,24.63
68,29.5023,2070.02,24.15
69,29.3115,2058.54,24.41
70,29.7584,2089.69,23.95
71,30.2802,2081.23,23.76
72,29.9893,2047.24,23.74
73,30.6506,2041.12,24.15
74,29.5641,2007.46,24.16
75,30.7415,2061.36,24.45
76,30.6323,2053.67,24.63
77,30.5864,2082.35,24.66
78,30.7275,2061.1,24.99
79,30.0799,2083.65,25.16
80,30.5403,2031.02,25.46
81,30.6021,2075.05,25.51
82,30.7934,2031.51,25.94
83,30.0257,2062.31,26.18
84,29.7575,2004.53,25.84
85,29.6683,2045.01,26.22
86,29.9246,1987.65,25.89
87,29.6037,2028.72,25.76
88,29.2349,2044.56,25.16
89,29.4778,2018.68,24.9
90,29.3291,2003.61,25.03
91,29.6144,2049.21,24.9
92,29.1832,2023.68,24.37
93,29.4067,2012.25,24.63
94,29.5324,2023.78,24.28
95,29.3798,2086.92,23.85
96,30.0888,2048.14,24.01
97,30.2595,2046.7,24.53
98,30.3515,2026.89,23.89
99,30.4246,2018.56,24.4
100,30.1816,1952.93,24.44
101,30.55,1994.33,24.88
102,30.5972,1997.81,25.25
103,30.4355,1961.51,25.18
104,30.5578,1978.06,25.72
105,30.6162,1956.12,26.15
106,30.9159,2003.39,25.88
107,30.2335,2023.57,26.12
108,30.0773,2029.58,25.88
109,29.7965,2011.14,25.97
110,29.0744,1975.6,25.83
111,29.4971,1950.36,25.87
112,29.4119,1953.78,25.74
113,30.0628,1965.07,25.24
114,29.2423,1973.73,25.31
115,29.4143,1991.18,25.05
116,29.3834,1969.1,24.67
117,29.1544,2002.28,24.19
118,29.9928,1987.41,24.01
119,30.0444,1992.97,23.87
120,30.2373,2020.76,24.19
121,29.9084,1962.37,23.79
122,30.7708,2002.03,24.27
123,30.0744,1990.97,24.08
124,30.7823,1982.8,24.66
125,31.3333,2013.17,24.74
126,30.4028,2012.98,25.27
127,30.5063,1967.37,25.49
128,30.6361,1986.59,25.79
129,30.3439,1998.34,26.0
130,29.8848,1984.73,25.89
131,30.2017,2006.5,25.73
132,29.6813,1999.28,25.79
133,29.9609,2038.52,25.55
134,29.3742,1954.96,25.65
135,29.97,1990.74,25.72
136,29.1588,1971.74,25.39
137,29.2272,2010.27,25.22
138,29.5441,1955.52,25.1
139,28.9546,2005.45,24.68
140,29.462,1981.95,24.28
141,29.8972,1980.31,24.28
142,29.1678,1963.53,23.95
143,29.8742,1989.14,23.98
144,30.078,2029.02,24.27
145,30.4157,2002.47,23.98
146,29.9789,2020.04,24.49
147,30.0988,2047.26,24.58
148,30.7628,2013.59,24.38
149,30.7652,1994.42,24.52
150,30.7751,2021.51,24.99
151,30.7801,1997.7,25.49
152,30.4022,2000.22,25.4
153,30.5647,1976.4,25.89
154,30.4379,2039.16,26.11
155,29.9669,2007.99,25.81
156,30.5597,2023.86,25.86
157,29.961,1995.11,26.11
158,29.2926,2033.63,25.9
159,29.702,2005.44,25.57
160,29.1014,2022.72,25.43
161,29.56,2050.0,25.24
162,29.6476,2049.64,24.69
163,29.0776,2031.15,24.89
164,29.6828,1989.34,24.4
165,29.6289,2110.22,23.74
166,29.8966,2080.91,24.13
167,30.3879,2057.2,23.89
168,29.9264,2022.17,24.34
169,29.9551,2040.03,23.92
170,30.0831,2031.15,23.91
171,30.2502,2078.19,24.39
172,30.5831,2055.01,24.37
173,30.7785,2030.69,24.59
174,30.783,2040.36,25.1
175,30.9243,2081.97,25.05
176,30.6101,2095.74,25.21
177,30.931,2095.72,26.05
178,30.2706,2078.19,25.98
179,30.9972,2054.68,25.91
180,30.1877,1981.66,26.0
181,29.5617,2071.79,26.07
182,29.3287,2065.95,26.06
183,29.6498,2071.1,25.56
184,29.3267,2070.51,25.57
185,29.5381,2037.53,25.16
186,29.442,2086.11,24.96
187,29.302,2089.42,24.77
188,29.1397,2092.07,24.5
189,29.0506,2100.02,24.44
190,29.516,2092.75,24.23
191,30.0757,2068.65,23.73
192,30.0642,2078.32,23.73
193,29.8075,2083.51,23.96
194,30.402,2085.0,24.5
195,30.6106,2108.29,24.12
196,30.3411,2100.39,24.46
197,30.7223,2137.14,24.63
198,30.7175,2141.21,24.89
199,30.3333,2088.82,25.29
200,30.7136,1991.63,25.78
201,30.6632,2119.11,25.8
202,30.6749,2075.27,25.71
203,30.4973,2069.26,26.52
204,29.5867,2079.79,26.02
205,29.5375,2078.96,25.85
206,29.8045,2105.75,26.15
207,29.6592,2051.7,25.61
208,29.5483,2063.92,25.83
209,30.4797,2099.54,25.08
210,29.4713,2106.57,25.29
211,29.6645,2107.0,24.78
212,29.68,2071.18,24.76
213,29.7004,2066.23,24.67
214,29.5554,2077.78,23.91
215,30.0465,2096.13,24.29
216,29.7682,2126.88,23.72
217,30.1101,2038.11,23.82
218,30.2044,2083.26,23.97
219,30.5195,2054.88,24.39
220,31.3006,2046.24,24.51
221,30.116,2111.0,24.71
222,30.9059,2099.66,25.03
223,30.1923,2096.44,25.38
224,30.4646,2107.33,25.63
225,30.8217,2071.34,25.93
226,30.3693,2071.5,26.23
227,29.8578,2135.87,25.96
228,29.7854,2073.93,25.9
229,30.0227,2097.28,26.09
230,29.4309,2077.81,25.64
231,29.57,2030.15,25.57
232,29.4075,2023.89,25.7
233,29.1284,2059.14,25.23
234,29.9432,2098.58,24.76
235,29.514,2090.4,24.44
236,28.7862,2092.02,24.51
237,29.561,2042.93,24.52
238,29.4515,2106.4,24.36
239,30.0746,2040.24,24.06
240,29.7622,2068.01,24.4
241,30.1468,2060.74,24.01
242,30.5015,2054.92,24.11
243,30.7547,2090.98,23.78
244,30.2461,2038.11,24.41
245,30.5758,2020.2,24.91
246,30.5575,2052.63,25.31
247,30.4801,2040.3,25.09
248,31.1359,2132.89,25.59
249,30.6165,2063.51,25.92
250,29.9717,2034.5,25.87
251,30.4565,2016.47,25.51
252,30.6366,1993.99,26.05
253,30.1286,2013.5,26.12
254,29.1942,2040.14,25.68
255,29.3598,2071.08,25.66
256,29.7739,2061.59,25.27
257,29.1116,2037.43,24.74
258,29.4331,2021.79,25.21
259,29.5562,2034.78,24.74
260,29.1157,2013.3,24.82
261,29.4872,2067.45,24.46
262,28.6776,2018.0,24.06
263,29.5115,2018.85,24.02
264,29.9242,1963.91,24.11
265,29.8068,2012.75,24.23
266,30.8397,2036.91,24.2
267,30.0659,1987.71,24.51
268,30.4742,1994.07,24.44
269,30.7154,2031.13,24.54
270,31.1324,1972.91,24.99
271,30.2454,2034.83,25.3
272,30.9552,1993.69,25.26
273,30.498,1995.93,25.44
274,30.0555,1976.25,25.96
275,30.3198,2012.55,25.88
276,30.0597,2063.41,25.97
277,29.6388,2020.31,25.89
278,29.6709,1978.08,26.17
279,29.3894,2027.05,25.96
280,29.4278,1989.78,25.25
281,29.5225,2031.16,25.15
282,29.7758,2016.12,25.17
283,28.9525,1921.59,24.86
284,30.0337,1969.35,24.49
285,28.9194,2017.42,24.07
286,29.6045,1997.01,24.0
287,29.9953,1967.11,23.93
288,30.0843,1976.41,24.06
289,29.9944,1944.22,24.37
290,30.2876,1989.35,24.0
291,30.3471,2046.58,24.09
292,30.4294,2011.26,24.48
293,30.931,2045.8,24.95
294,30.8071,2013.06,24.71
295,30.4683,2016.72,25.55
296,30.8761,2040.49,25.47
297,30.5872,2000.75,25.56
298,30.5939,1986.88,25.55
299,30.3701,2017.69,26.11
300,29.7513,2028.6,25.97
301,29.6508,1980.7,26.0
302,29.8742,1975.18,25.69
303,29.6881,1997.28,25.64
304,29.3875,2015.24,25.4
305,29.3591,2015.12,25.24
306,29.6833,1960.35,24.87
307,29.1464,2044.58,24.43
308,29.5579,1981.67,25.05
309,29.4444,1992.04,24.02
310,29.5847,1977.12,24.17
311,30.1485,2068.23,23.68
312,30.2476,2007.96,23.6
313,30.4252,1981.83,24.05
314,30.7416,2025.95,24.17
315,30.5013,2024.87,24.55
316,30.8108,2002.3,24.58
317,30.5831,2029.4,24.71
318,30.7972,1989.19,24.81
319,30.6371,1998.99,25.56
320,30.6353,1962.58,25.69
321,30.6735,1981.3,25.46
322,30.1045,2061.19,25.87
323,30.8089,2058.67,25.99
324,29.6982,2020.95,25.93
325,29.4546,2062.58,26.12
326,29.9974,2018.73,26.03
327,29.7425,2018.4,25.67
328,29.581,2027.68,25.44
329,29.5124,2024.94,25.56
330,29.2963,2024.49,25.19
331,29.0547,2060.29,24.76
332,29.4165,2037.3,24.17
333,29.3019,2053.21,24.36
334,29.9425,2063.05,24.27
335,29.7747,2048.84,23.48
336,29.7524,2016.74,24.05
337,30.0848,2009.05,23.95
338,30.4739,2048.46,24.09
339,30.3259,2042.32,24.11
340,30.3596,2050.64,24.47
341,30.7493,2049.89,25.02
342,30.7735,2116.72,24.91
343,30.5241,2020.69,25.45
344,30.4649,2005.99,25.34
345,30.5646,2065.82,25.86
346,29.9156,2049.86,25.87
347,29.7589,2068.9,26.04
348,29.7845,2077.29,26.0
349,29.7548,2096.47,26.09
350,29.7433,2028.32,25.35
351,29.9476,2053.68,25.42
352,29.6511,2079.89,25.58
353,29.2759,2089.95,24.85
354,29.2943,2127.01,24.89
355,29.0231,2097.51,24.73
356,29.3882,2073.59,24.33
357,29.4184,2054.09,24.15
358,29.7468,2063.55,24.19
359,29.5707,2064.08,24.24
360,30.1558,2096.47,23.81
361,30.641,2087.65,23.92
362,30.3174,2049.22,23.99
363,30.6155,2072.44,23.81
364,30.8133,2106.24,24.53
365,30.5558,2094.0,24.93
366,30.7672,2100.26,25.2
367,30.6799,2096.4,25.08
368,30.6355,2128.2,25.25
369,30.2631,2094.1,25.71
370,30.3574,2079.13,26.03
371,30.3306,2066.4,26.0
372,30.4353,2095.99,26.06
373,30.1066,2029.11,26.19
374,30.296,2085.83,25.72
375,29.2748,2085.54,25.66
376,29.6555,2056.75,25.83
377,29.3789,2067.76,25.22
378,29.9569,2111.24,24.75
379,29.0814,2096.73,24.61
380,29.1419,2093.4,24.31
381,29.3252,2098.34,24.36
382,29.0128,2092.76,23.95
383,29.6611,2121.2,24.09
384,29.7723,2092.83,23.85
385,30.2263,2052.84,23.61
386,30.4525,2129.53,24.2
387,31.0578,2097.45,24.32
388,30.8913,2072.81,24.6
389,30.5031,2055.49,24.61
390,30.4305,2095.95,24.84
391,30.8237,2082.28,25.34
392,30.2101,2123.65,25.8
393,31.0444,2074.69,25.71
394,30.7038,2061.38,25.95
395,30.0404,2103.62,25.9
396,29.4861,2103.22,25.69
397,30.225,2083.11,26.16
398,29.6156,2094.56,26.05
399,29.8764,2075.41,25.85
400,28.9155,2080.86,25.46
401,29.144,2102.74,25.38
402,29.3016,2087.81,25.18
403,29.3379,2066.46,25.07
404,29.2588,2102.98,24.7
405,29.6919,2008.48,24.31
406,29.3297,2117.3,23.87
407,29.7761,2021.71,24.07
408,30.0361,2047.02,24.05
409,30.3355,2059.97,24.18
410,30.5635,2055.61,24.4
411,30.1576,2082.67,24.27
412,30.146,2029.29,24.92
413,31.0595,2060.46,24.39
414,30.7997,2037.67,25.08
415,30.4516,2057.67,25.1
416,31.0716,2046.83,25.12
417,30.5297,2048.92,25.67
418,30.7038,2030.99,25.57
419,30.2014,2030.12,25.93
420,30.6182,2048.18,26.01
421,30.3454,2062.72,26.19
422,29.5753,2022.31,25.56
423,29.7965,2013.68,25.89
424,29.5874,2048.88,25.52
425,29.7344,2030.89,25.46
426,29.0105,2050.64,24.91
427,29.5297,2005.41,24.47
428,29.7113,1981.78,24.26
429,28.9774,2011.16,24.03
430,29.295,2003.57,24.23
431,29.2071,2019.04,24.33
432,29.9192,2003.38,23.89
433,30.3964,2036.16,24.16
434,30.8007,2008.8,23.83
435,30.5172,2018.16,24.33
436,31.0948,2016.77,24.63
437,30.2621,2016.18,24.45
438,30.189,2009.22,24.96
439,30.6595,2021.15,25.4
440,30.7214,1987.1,24.91
441,30.4852,2040.63,25.97
442,29.7298,1998.43,25.94
443,30.1544,1970.31,26.11
444,29.6087,2006.61,25.92
445,30.0197,1979.49,25.62
446,29.76,2016.32,25.97
447,29.2231,2053.9,25.69
448,29.2396,1978.03,25.51
449,29.0061,2005.1,25.48
450,29.2812,1952.06,25.15
451,29.6104,2006.52,25.13
452,29.0981,1972.31,24.53
453,29.6562,1978.18,24.15
454,29.4909,1965.69,24.1
455,29.581,2011.01,24.12
456,29.9679,2017.44,24.2
457,29.8706,1992.46,23.74
458,30.1839,1969.95,24.14
459,30.1356,2031.05,24.61
460,31.1956,1972.38,24.45
461,30.6867,1936.98,24.93
462,30.4901,2002.46,25.1
463,30.7403,1963.42,25.45
464,30.5725,2015.86,25.34
465,30.4287,1981.79,25.55
466,30.5343,2006.65,25.87
467,30.4084,2026.91,25.66
468,29.8408,1962.03,25.95
469,29.6461,1978.56,26.02
470,29.5675,1991.33,26.22
471,28.8144,2032.24,25.79
472,28.9392,1978.0,25.63
473,29.7339,1980.31,25.49
474,29.7935,2007.91,24.81
475,29.2491,1982.36,24.71
476,29.5667,2001.51,24.99
477,29.5984,1959.88,24.28
478,30.5737,2055.05,24.36
479,30.1547,1967.08,24.23
480,29.9616,1993.86,23.7
481,29.8945,2002.29,24.1
482,29.8681,2052.16,24.16
483,30.556,1972.52,24.36
484,30.3793,2056.58,24.35
485,30.2495,2027.32,24.52
486,30.506,2020.25,24.9
487,30.3517,1986.69,25.24
488,31.1124,2027.11,25.74
489,30.7595,1996.31,26.07
490,30.3476,2047.67,26.15
491,30.6252,1993.36,26.14
492,30.0232,2016.48,25.8
493,29.5604,2007.12,25.88
494,30.1069,1998.04,25.91
495,29.6667,2043.02,25.58
496,29.0826,2039.65,25.62
497,29.2668,2058.28,25.4
498,29.0373,1985.38,25.11
499,28.909,2058.31,24.95
500,29.6716,2096.18,24.32
501,30.0779,2024.11,24.48
502,29.2304,2084.64,23.99
503,29.9877,2032.55,23.85
504,29.8048,2006.69,24.11
505,30.035,2035.23,24.28
506,30.1723,2070.94,24.23
507,30.2358,2025.64,24.3
508,30.6208,2033.44,24.56
509,30.4269,2065.13,24.77
510,30.7811,2052.2,24.77
511,30.6611,2068.56,25.01
512,30.5345,2061.68,25.48
513,30.2227,2069.5,25.72
514,30.177,2048.46,25.87
515,30.4078,2066.79,26.1
516,30.1503,2039.51,25.96
517,29.5256,2096.57,26.08
518,29.6798,2050.14,25.84
519,29.7304,2095.82,26.07
520,28.893,2063.33,25.52
521,29.4869,2075.74,25.73
522,29.1012,2059.8,25.07
523,29.495,2048.21,24.7
524,29.1648,2031.39,24.32
525,28.9636,2049.97,24.0
526,29.1617,2069.55,23.94
527,29.8333,2084.2,23.86
528,30.0779,2105.35,24.08
529,29.9099,2070.09,23.93
530,30.5416,2060.26,24.17
531,29.9965,2047.27,24.55
532,30.5864,2096.3,24.48
533,30.3128,2119.79,25.16
534,30.5044,2117.71,24.76
535,30.6904,2104.58,25.23
536,30.3481,2103.51,25.39
537,30.3796,2130.63,25.89
538,30.6519,2097.08,25.42
539,30.0081,2105.45,25.68
540,30.2507,2081.73,25.98
541,29.4799,2056.08,26.28
542,29.8089,2073.35,25.91
543,29.9375,2090.46,25.44
544,28.6523,2092.38,25.26
545,29.0848,2139.12,25.59
546,29.4731,2093.03,24.88
547,29.2629,2120.44,24.55
548,29.5051,2079.98,24.8
549,29.3238,2082.89,24.5
550,29.676,2057.22,24.39
551,29.7721,2071.57,23.84
552,30.3503,2102.92,23.69
553,30.2575,2089.49,24.06
554,30.4513,2112.35,24.2
555,30.3714,2092.73,24.37
556,30.4599,2078.73,24.8
557,30.5464,2140.54,24.39
558,30.8183,2083.7,25.17
559,30.5499,2114.28,25.04
560,30.6932,2074.27,25.67
561,31.1176,2101.08,25.61
562,30.6113,2105.51,25.7
563,30.0834,2086.44,25.84
564,30.3604,2021.23,25.71
565,29.6964,2079.35,25.97
566,29.0386,2108.41,25.71
567,29.2026,2089.54,25.86
568,28.8325,2086.15,25.63
569,29.2184,2030.56,25.6
570,29.3055,2054.16,25.07
571,29.8268,2080.97,24.85
572,29.4919,2079.43,24.78
573,29.4393,2097.97,24.17
574,29.8988,2062.38,23.84
575,29.1555,2074.51,24.07
576,30.0707,2063.1,23.72
577,30.4124,2036.32,24.52
578,29.9064,2002.87,24.43
579,30.8381,2068.29,24.73
580,30.7078,2060.09,24.51
581,30.5516,2038.49,24.85
582,30.8898,2011.65,24.91
583,31.3574,2066.04,25.44
584,30.6608,2041.8,25.26
585,30.5694,2060.52,25.2
586,30.2122,2091.34,25.71
587,29.9262,1989.33,25.67
588,30.2491,2023.51,26.3
589,29.562,2033.9,26.33
590,29.6715,2073.63,25.59
591,29.3617,1994.49,25.97
592,29.5375,2081.94,25.69
593,29.424,2035.1,24.94
594,29.6113,2027.47,24.92
595,29.1708,2023.11,24.63
596,29.3128,2015.36,24.65
597,29.2114,2050.69,24.05
598,29.5167,1996.02,24.11
599,29.932,2029.64,23.9
600,30.2271,2009.7,24.09
601,29.9045,1998.58,23.99
602,30.6109,2080.65,24.03
603,30.9017,2024.87,24.25
604,30.7302,2028.17,24.91
605,31.2392,2039.75,24.66
606,30.4679,1974.29,24.79
607,30.3028,2052.19,25.38
608,30.0726,1944.27,25.47
609,30.9438,1986.43,25.42
610,30.5463,1992.87,26.31
611,30.1645,2017.64,25.9
612,30.084,2007.38,25.92
613,29.4812,1996.6,26.0
614,30.3837,1999.39,26.21
615,29.5438,1974.21,25.37
616,29.4266,1960.27,25.56
617,29.5416,2014.96,25.68
618,29.4443,2013.29,25.03
619,29.391,2034.78,24.49
620,29.1566,1974.71,24.38
621,29.6465,2011.13,24.33
622,30.2146,1986.13,24.4
623,30.2225,2022.47,23.97
624,30.478,2017.8,24.17
625,30.0278,1997.15,23.75
626,30.0531,1983.07,23.85
627,30.4572,2015.34,24.2
628,30.6229,2007.31,24.79
629,31.0044,1973.92,24.75
630,30.1923,1957.81,25.06
631,31.135,1983.82,25.31
632,30.5588,2029.03,25.72
633,30.3669,2019.98,25.59
634,30.0464,1963.75,26.0
635,29.6847,1962.68,25.8
636,30.247,2024.12,26.4
637,29.8408,1964.31,25.81
638,29.263,2005.95,25.69
639,29.1165,1978.4,25.82
640,29.293,2034.88,25.52
641,29.8246,1975.91,25.32
642,29.2221,2024.54,25.05
643,28.8729,2001.42,24.52
644,29.3201,2004.0,24.82
645,29.4232,1949.41,24.47
646,28.8409,1944.62,24.41
647,29.8025,1995.26,23.93
648,29.9307,2008.08,24.08
649,30.39,1974.97,24.07
650,30.9047,1977.13,24.36
651,30.8329,2019.68,24.52
652,30.5256,2021.06,24.54
653,30.3442,2004.94,24.44
654,31.472,2029.33,25.36
655,30.6939,1981.95,25.37
656,30.6104,2003.94,25.38
657,30.4877,2055.6,25.79
658,30.4094,2017.71,25.56
659,30.1379,2020.79,26.18
660,29.8279,2076.95,25.71
661,29.6548,1986.02,25.92
662,29.6402,2042.64,25.91
663,29.342,2066.09,25.91
664,29.1799,2018.14,25.52
665,29.3558,2049.55,25.39
666,29.2235,2005.32,24.99
667,29.775,2014.54,24.73
668,28.5985,2043.17,24.52
669,29.8325,2055.37,24.26
670,30.0238,2065.29,23.8
671,29.1968,2078.37,23.88
672,29.8972,2039.31,24.05
673,30.0697,2072.71,23.98
674,29.9277,2036.18,24.1
675,30.2616,2069.15,24.23
676,30.273,2053.64,24.33
677,31.2018,2061.44,24.64
678,30.9807,2062.71,24.94
679,31.0576,2013.82,25.26
680,30.8227,2027.63,25.58
681,30.1563,2060.08,25.67
682,30.1926,2017.09,25.66
683,30.328,2081.77,25.69
684,29.6334,2084.48,26.52
685,30.0327,2072.54,25.74
686,29.5779,2037.97,25.76
687,29.3926,2102.11,25.81
688,29.6071,2120.1,25.57
689,29.4571,2074.37,25.36
690,29.1917,2084.94,24.91
691,29.6717,2078.66,24.79
692,29.0695,2088.27,24.51
693,29.6898,2073.37,24.23
694,29.8279,2076.79,24.18
695,29.726,2101.54,24.25
696,30.0978,2138.73,24.0
697,29.8058,2046.23,24.03
698,30.6272,2079.72,24.35
699,30.4395,2053.82,24.49
700,30.4494,2124.1,24.82
701,30.9909,2070.51,24.39
702,30.4887,2049.97,25.18
703,30.2536,2102.78,25.38
704,30.1392,2131.15,25.32
705,30.6768,2104.78,25.76
706,29.9659,2093.9,26.08
707,30.7076,2099.52,25.8
708,29.3754,2125.12,26.09
709,30.3278,2068.27,26.14
710,29.7133,2087.65,25.65
711,29.476,2079.37,25.68
712,29.2303,2061.66,25.56
713,29.4436,2082.76,25.1
714,29.2887,2118.69,24.82
715,29.6548,2105.13,24.71
716,29.4281,2106.97,24.66
717,29.5501,2094.35,24.42
718,29.5409,2103.52,23.96
719,29.8017,2070.11,24.16
720,30.0923,2082.01,23.83
721,29.6681,2094.1,23.71
722,29.9455,2095.72,24.06
723,30.718,2096.2,24.52
724,30.6575,2084.09,24.63
725,30.621,2077.39,24.74
726,30.7055,2164.99,24.92
727,30.7804,2107.88,25.18
728,30.4443,2094.63,25.52
729,30.2615,2077.51,25.49
730,30.4088,2071.03,25.8
731,29.8877,2077.96,25.92
732,30.1225,2087.41,25.73
733,29.3081,2031.89,25.8
734,29.9587,2038.42,25.95
735,29.6468,2060.43,25.71
736,29.4706,2080.19,25.44
737,29.6187,2067.63,25.08
738,29.7996,2109.13,25.32
739,29.6282,2033.63,24.57
740,28.8415,2050.38,24.55
741,29.1212,2105.6,24.2
742,29.4626,2069.28,24.14
743,29.8267,2086.48,24.13
744,30.1553,2113.98,23.73
745,29.9635,2043.65,24.03
746,30.406,2056.78,24.37
747,30.2684,2050.7,24.65
748,30.4228,2006.87,24.47
749,30.2541,2046.18,24.75
750,30.423,2074.15,25.44
751,30.2706,2063.81,25.49
752,30.3135,2063.93,25.38
753,30.8111,2037.21,25.58
754,30.0652,2028.33,26.06
755,30.9709,2074.6,25.76
756,30.148,2028.57,26.22
757,29.8743,2046.48,26.03
758,29.3925,2041.35,25.97
759,29.7151,2071.94,25.66
760,29.2211,2057.83,25.37
761,29.3605,1999.32,25.55
762,30.068,2000.19,24.95
763,29.295,2042.53,24.66
764,29.7386,2024.65,24.48
765,29.2941,2013.11,24.33
766,29.6395,2048.12,23.93
767,30.3501,2025.69,23.92
768,29.8119,2020.62,23.88
769,30.7249,2037.13,24.2
770,30.5623,2006.62,23.96
771,30.3262,2053.61,23.94
772,30.7959,1993.13,24.11
773,30.9679,2027.73,24.45
774,30.8865,2045.67,25.27
775,30.2051,1973.95,25.26
776,30.3881,1998.41,25.6
777,30.4207,2034.2,25.81
778,30.3277,2033.28,25.88
779,30.3674,1998.81,25.95
780,30.0533,1983.54,26.21
781,29.4182,2024.67,26.0
782,29.7641,2029.28,26.15
783,29.6882,1969.55,25.83
784,29.5617,1967.6,25.38
785,29.6481,2002.43,25.16
786,29.5502,2011.69,24.85
787,29.4616,1987.7,24.98
788,29.3727,2011.44,24.42
789,29.0067,1976.05,24.13
790,29.7789,1940.35,24.2
791,29.8811,1982.11,24.01
792,30.0815,1993.83,24.06
793,29.7981,1984.98,24.41
794,30.0257,1962.59,24.32
795,30.8109,1945.92,24.3
796,30.5944,1978.29,24.22
797,30.8806,2013.48,24.64
798,30.7085,2022.4,25.14
799,30.6851,2020.73,25.02
800,30.8877,1970.74,25.93
801,30.3402,1962.47,25.71
802,30.3788,2003.97,25.88
803,30.0425,2007.75,25.83
804,29.8697,2002.26,26.1
805,29.7261,1942.35,25.73
806,29.7166,1971.55,26.3
807,29.3614,1993.06,25.97
808,29.7705,2006.64,25.7
809,29.0555,2014.35,24.98
810,29.2439,1999.56,25.04
811,29.1919,2005.06,24.98
812,29.8279,1999.82,24.62
813,29.564,2015.8,24.09
814,29.9596,2007.51,24.0
815,29.3732,2002.41,23.94
816,30.0801,1995.2,23.88
817,30.4481,2005.13,24.34
818,30.3747,2016.46,23.75
819,30.8146,2012.33,24.42
820,30.451,2016.51,24.24
821,31.099,2041.95,24.55
822,31.3897,2016.45,24.6
823,30.5673,1995.08,25.15
824,30.4726,2034.92,25.8
825,30.931,1980.24,25.76
826,30.8239,1988.96,25.63
827,30.0243,2026.03,26.17
828,29.8739,2032.22,26.25
829,29.7343,1989.88,25.99
830,29.2467,2013.16,26.27
831,29.2294,2009.33,25.87
832,29.0925,2014.1,25.64
833,29.0935,2051.65,25.1
834,29.2896,2047.54,25.13
835,29.3941,2031.23,24.78
836,29.8589,2019.9,24.6
837,29.2055,2001.66,24.16
838,29.9453,2072.77,24.16
839,29.7546,2053.93,23.87
840,29.9852,2023.33,23.57
841,30.3836,2060.86,24.23
842,30.0132,2042.98,23.83
843,30.6097,2039.42,24.31
844,30.6562,2059.33,24.57
845,30.8239,2031.76,24.81
846,30.7868,2043.53,24.94
847,31.4127,2056.98,25.31
848,30.4149,2043.25,25.59
849,30.3357,2074.24,25.85
850,30.1631,2105.99,26.21
851,30.0145,2042.14,26.01
852,29.8088,2021.07,26.01
853,30.1755,2014.32,25.78
854,30.0762,2062.24,25.95
855,29.3338,2051.02,25.84
856,29.1441,2074.36,25.46
857,29.4653,2074.01,25.37
858,29.1343,2032.09,24.94
859,29.5137,2028.24,24.88
860,29.4547,2082.41,24.68
861,29.0503,2079.74,24.47
862,30.1143,2067.01,24.16
863,30.3576,2037.47,23.83
864,29.8162,2091.88,23.88
865,30.0649,2113.03,24.15
866,30.4358,2089.26,24.62
867,30.5953,2062.15,24.22
868,30.8038,2085.42,24.59
869,31.2792,2051.05,24.63
870,30.6469,2112.5,24.81
871,30.4367,2088.87,25.12
872,30.1924,2043.34,25.08
873,30.2757,2080.68,25.98
874,30.3401,2100.36,25.42
875,30.7195,2080.97,25.91
876,29.8447,2082.85,25.76
877,29.886,2059.52,25.79
878,29.6451,2104.61,26.14
879,29.8615,2074.47,25.75
880,30.1519,2036.95,25.31
881,29.1646,2081.68,25.14
882,29.1532,2115.53,24.85
883,29.6371,2081.29,24.73
884,29.5983,2134.31,24.53
885,30.059,2101.41,24.67
886,29.8252,2098.91,23.75
887,29.711,2086.92,24.03
888,30.1772,2088.04,23.94
889,30.5138,2082.71,24.22
890,30.5961,2081.22,24.2
891,30.6472,2101.47,24.41
892,30.9262,2064.15,24.57
893,31.0269,2059.93,24.55
894,31.1146,2057.97,25.24
895,30.8708,2136.35,25.42
896,30.5561,2097.56,25.68
897,30.539,2090.95,25.96
898,30.712,2055.87,25.95
899,29.9361,2096.81,26.26
900,30.1106,2077.18,26.08
901,29.7008,2084.25,25.92
902,29.6586,2053.24,25.86
903,29.8886,2080.36,25.7
904,29.4511,2064.41,25.4
905,29.3378,2054.47,25.59
906,28.892,2090.53,25.06
907,29.5477,2032.25,24.76
908,29.5874,2083.29,24.58
909,30.154,2084.71,24.89
910,29.5577,2044.01,23.91
911,29.8846,2043.86,23.87
912,30.0748,2057.12,23.72
913,30.6544,2068.05,23.99
914,30.3214,2055.45,24.18
915,30.5787,2068.35,24.2
916,30.7886,2099.81,24.39
917,30.7321,2041.25,24.77
918,30.5661,2009.25,24.9
919,30.7344,2070.94,25.32
920,30.9283,2090.53,25.72
921,30.187,2056.42,25.84
922,30.3899,2017.54,26.04
923,29.9711,2039.77,26.18
924,30.3585,2013.04,26.06
925,29.3619,2055.2,25.93
926,29.4823,2003.48,25.71
927,29.6182,2027.9,25.63
928,29.8634,2008.44,25.4
929,29.3041,2034.88,25.41
930,29.1334,2020.72,25.07
931,29.8882,2032.48,24.88
932,28.9594,2026.82,24.27
933,28.8454,1999.82,24.58
934,29.782,2038.4,24.05
935,29.6682,2019.79,23.81
936,29.6936,1994.59,23.91
937,30.3937,2073.66,24.53
938,30.4231,2027.91,24.06
939,30.3258,2010.57,24.23
940,30.2221,2048.21,24.46
941,30.9379,2057.35,24.71
942,30.8951,2006.19,24.84
943,30.6464,2017.07,25.29
944,31.1602,1982.29,25.72
945,30.1739,2001.96,25.77
946,29.8923,1999.37,25.64
947,29.9736,2007.72,25.9
948,29.9863,2010.23,25.89
949,29.8918,2014.77,25.98
950,29.5776,2005.63,26.13
951,29.6106,1968.4,25.68
952,29.0183,1974.24,25.48
953,29.757,1983.13,25.61
954,29.2754,1988.9,25.18
955,29.659,2021.44,24.86
956,29.4966,1965.38,24.89
957,29.6421,1984.87,24.39
958,29.8209,2017.05,23.74
959,29.9531,1985.21,24.2
960,30.1928,2003.76,23.68
961,30.5799,1988.38,24.12
962,30.409,1997.98,23.79
963,30.7077,1985.6,24.2
964,30.5793,2007.82,24.43
965,31.1082,1952.41,24.59
966,30.4971,1981.92,24.93
967,31.2164,1998.45,25.47
968,30.5942,2004.48,25.36
969,30.0657,2028.64,25.82
970,30.3884,1981.78,25.67
971,29.9769,2028.86,25.93
972,30.2522,1975.78,26.06
973,29.623,2025.92,25.77
974,29.5161,2013.66,25.6
975,28.9382,1970.97,25.81
976,29.2581,2002.13,25.72
977,28.5967,1993.89,25.24
978,28.8248,2011.59,24.91
979,29.552,1991.21,24.77
980,29.6295,1990.02,24.51
981,29.6327,2032.89,24.34
982,29.3599,1997.22,23.63
983,29.8045,2021.43,23.82
984,29.9989,1996.27,23.83
985,29.8337,2044.77,24.06
986,30.801,1987.39,24.17
987,30.7582,1990.29,24.42
988,30.5399,2045.1,24.55
989,30.6842,1997.26,24.48
990,30.7625,2049.85,25.29
991,30.0636,2033.61,25.51
992,30.5321,2008.97,25.25
993,30.2904,1969.07,25.77
994,30.0495,2015.52,25.75
995,30.0968,2020.18,25.99
996,30.5393,2048.49,26.21
997,30.0111,2060.72,26.39
998,29.4786,2005.61,26.02
999,29.6768,2044.52,25.77
1000,29.8136,2045.4,25.43
1001,29.6012,2054.89,25.3
1002,29.3179,2042.34,25.27
1003,29.1298,1983.14,24.73
1004,29.6032,2029.66,24.32
1005,29.6231,2006.51,23.97
1006,29.9186,2032.2,24.24
1007,30.0094,2063.63,24.08
1008,30.3149,2048.63,23.87
1009,30.0206,2071.57,24.24
1010,30.7452,2053.28,24.05
1011,30.5543,2014.14,24.27
1012,31.2288,1985.43,24.5
1013,30.4694,2054.02,24.67
1014,31.2208,2046.78,25.05
1015,30.7355,2029.52,25.49
1016,30.4108,2013.22,25.27
1017,30.3498,2039.15,25.8
1018,30.2539,2054.4,25.9
1019,30.3084,2077.64,26.0
1020,30.1569,2067.41,26.17
1021,29.6467,2104.57,25.98
1022,29.6427,2040.11,25.96
1023,30.1477,2089.63,25.85
1024,29.912,2070.35,25.4
1025,29.4547,2088.06,25.32
1026,29.3114,2061.26,24.95
1027,29.3599,2100.41,24.71
1028,29.5778,2082.39,24.44
1029,29.1982,2059.37,24.39
1030,29.5728,2077.35,24.15
1031,29.3183,2072.91,24.11
1032,30.1198,2092.32,24.0
1033,30.3753,2051.74,23.71
1034,30.205,2081.58,24.14
1035,30.9672,2093.22,24.31
1036,30.2385,2085.13,24.55
1037,30.2368,2118.88,24.62
1038,30.7673,2105.4,24.76
1039,30.9903,2086.64,25.38
1040,31.1114,2092.96,25.45
1041,30.3573,2095.59,25.74
1042,30.6736,2098.86,25.81
1043,30.1696,2043.65,25.96
1044,29.9482,2082.21,25.91
1045,30.0839,2053.02,25.77
1046,29.8457,2122.4,25.96
1047,29.0321,2089.16,25.59
1048,29.8367,2086.03,25.53
1049,29.7379,2113.38,25.34
1050,29.1123,2101.56,24.88
1051,29.4426,2062.75,24.5
1052,29.542,2089.09,24.99
1053,29.5832,2082.31,24.19
1054,29.4849,2046.83,24.26
1055,29.6173,2072.87,24.42
1056,29.9923,2085.16,24.16
1057,30.533,2086.42,23.97
1058,30.5131,2051.72,24.12
1059,30.3838,2116.99,24.13
1060,30.8377,2084.99,24.68
1061,29.8216,2087.77,24.85
1062,31.0446,2096.06,24.9
1063,30.1542,2065.5,25.05
1064,30.4975,2095.71,25.24
1065,30.1591,2074.16,25.9
1066,29.9616,2059.9,25.89
1067,30.5294,2095.57,26.01
1068,29.8597,2117.38,25.84
1069,29.9228,2097.02,25.67
1070,29.6359,2100.73,26.06
1071,29.6481,2063.34,25.72
1072,29.4168,2035.07,25.68
1073,28.939,2110.87,25.18
1074,29.5989,2123.54,24.95
1075,29.1757,2109.26,24.88
1076,28.9268,2060.77,24.65
1077,29.3766,2038.74,24.45
1078,30.1002,2039.36,24.07
1079,30.0739,2022.27,24.16
1080,29.8954,2060.01,24.22
1081,30.0764,2101.14,24.01
1082,30.2535,2055.73,24.03
1083,31.118,2065.07,24.56
1084,30.7208,2090.13,24.37
1085,30.8052,2043.84,24.87
1086,31.0091,2103.01,24.99
1087,30.7478,2100.1,24.89
1088,30.5285,2045.17,25.73
1089,30.4361,2032.16,25.16
1090,30.3285,2062.17,25.47
1091,30.17,2034.18,26.07
1092,30.2183,2012.09,26.11
1093,29.8344,2071.16,25.84
1094,29.8698,2067.67,25.9
1095,29.4808,2039.29,25.2
1096,29.4174,2001.98,25.64
1097,28.7244,2000.97,25.31
1098,29.5749,2032.55,24.99
1099,29.4278,2015.56,24.75
1100,29.6932,2017.73,24.6
1101,28.6361,2050.04,24.29
1102,30.2765,2041.06,23.76
1103,29.7769,2055.46,24.47
1104,30.3325,1994.54,24.24
1105,29.8692,2009.06,23.78
1106,30.5338,2034.97,24.06
1107,30.179,2025.6,24.25
1108,30.4191,2051.14,24.72
1109,31.2504,2021.82,24.31
1110,30.6428,2056.03,24.9
1111,30.7414,2021.89,24.91
1112,30.8672,2033.55,25.44
1113,30.6437,1997.56,25.61
1114,30.3951,2004.7,25.88
1115,30.2907,2025.88,25.84
1116,30.721,2042.23,25.85
1117,29.8015,2019.0,26.09
1118,29.7103,1997.61,25.96
1119,29.8202,2033.1,25.82
1120,29.7254,1942.9,25.46
1121,29.68,1961.24,25.14
1122,29.4916,2012.99,24.98
1123,28.981,1995.52,24.84
1124,29.8838,2009.59,24.06
1125,29.1611,1995.42,24.37
1126,29.7408,2007.5,24.2
1127,29.5925,1972.34,24.05
1128,29.9808,2006.52,23.97
1129,30.2798,2016.73,23.52
1130,30.4464,2022.07,24.05
1131,30.6216,2041.65,24.65
1132,31.0903,1997.24,24.5
1133,30.8122,1997.88,24.68
1134,30.6268,1952.92,25.0
1135,30.9654,1977.75,25.33
1136,30.9631,1986.31,25.63
1137,30.1267,2017.57,25.66
1138,30.5292,1976.28,25.95
1139,30.3915,2011.78,26.3
1140,29.9107,1992.21,26.2
1141,30.2315,1988.27,26.43
1142,29.605,1999.44,25.73
1143,29.5427,1984.03,26.04
1144,29.3419,1983.73,25.34
1145,29.3285,1952.55,25.33
1146,28.9711,1989.75,25.15
1147,28.8918,1984.8,24.64
1148,29.8721,1984.8,24.52
1149,29.2509,2009.09,24.47
1150,29.3526,2016.15,23.99
1151,29.1728,2006.57,24.37
1152,29.8083,2026.79,23.72
1153,29.7842,2017.49,24.42
1154,30.8426,1996.97,24.33
1155,30.7979,1994.07,24.27
1156,30.3998,2014.81,24.42
1157,31.3519,2022.73,24.64
1158,30.9945,2044.77,24.97
1159,30.5787,2041.09,25.25
1160,29.8564,1999.3,25.75
1161,31.1823,2011.85,26.1
1162,29.9331,2032.78,25.91
1163,29.6876,2044.34,25.8
1164,30.3068,2042.78,25.89
1165,30.5508,2019.41,25.93
1166,30.0653,1991.38,25.66
1167,29.6742,1999.51,25.47
1168,29.5722,2033.08,25.92
1169,29.5799,2036.61,25.32
1170,29.5277,2002.41,24.83
1171,29.4082,2032.82,24.9
1172,29.425,2049.33,24.26
1173,29.4862,2006.62,24.07
1174,29.4238,2064.89,23.97
1175,29.7346,2029.69,24.36
1176,29.4921,2072.44,23.95
1177,30.1517,2029.53,23.55
1178,30.0534,2019.07,24.38
1179,30.1639,2035.14,24.23
1180,30.6602,2046.07,24.13
1181,31.0937,2040.58,24.68
1182,30.9755,2046.73,25.1
1183,30.205,2062.29,25.34
1184,30.3093,2051.46,25.86
1185,30.7772,2055.86,25.54
1186,30.0553,2016.54,25.88
1187,30.1138,2070.79,25.83
1188,30.165,2060.46,25.69
1189,29.5283,2104.62,26.14
1190,29.6816,2042.51,25.96
1191,29.1048,2022.39,25.76
1192,29.2134,2084.62,25.59
1193,29.4198,2079.35,25.12
1194,28.8221,2046.96,24.8
1195,29.456,2035.37,24.75
1196,29.3879,2113.44,24.73
1197,29.6708,2111.71,24.61
1198,29.7172,2015.47,24.29
1199,30.2281,2067.44,24.04
1200,30.0376,2121.7,24.05
1201,30.0524,2069.33,24.04
1202,30.3867,2070.05,23.93
1203,30.658,2076.27,24.3
1204,30.6209,2056.28,24.23
1205,30.6883,2042.59,24.72
1206,30.4894,2112.36,25.33
1207,30.4773,2040.75,25.42
1208,30.1854,2093.73,25.32
1209,31.0198,2110.36,25.69
1210,29.9768,2052.5,25.7
1211,29.9733,2066.19,25.95
1212,29.7845,2120.08,26.21
1213,30.0873,2103.45,26.1
1214,29.5615,2075.01,26.36
1215,29.8793,2120.74,25.95
1216,29.1917,2121.02,25.54
1217,29.4076,2097.69,25.39
1218,29.0494,2068.5,24.96
1219,29.9674,2080.63,24.52
1220,29.0375,2098.02,24.76
1221,29.598,2085.97,24.49
1222,29.8401,2113.92,24.09
1223,29.943,2051.88,24.09
1224,29.9444,2052.39,24.25
1225,30.1422,2093.82,24.2
1226,30.3631,2076.49,23.84
1227,30.4509,2072.52,24.34
1228,30.8954,2043.34,24.47
1229,31.3393,2087.32,24.96
1230,30.5328,2084.73,25.21
1231,30.2652,2101.54,25.52
1232,30.5797,2086.02,25.28
1233,31.2689,2080.02,25.55
1234,30.1089,2111.74,26.09
1235,30.6729,2048.42,25.85
1236,30.5033,2093.5,25.7
1237,29.6528,2037.12,26.07
1238,29.8207,2056.69,25.76
1239,29.9935,2046.04,26.07
1240,29.28,2094.56,25.56
1241,29.2628,2071.98,25.29
1242,29.1255,2071.84,24.93
1243,29.0194,2043.02,25.06
1244,29.199,2061.67,24.57
1245,29.1378,2048.51,24.21
1246,29.6602,2075.59,23.98
1247,29.5878,2039.59,24.02
1248,30.0701,2095.94,23.8
1249,29.7144,2019.11,24.24
1250,30.4493,2039.1,23.77
1251,30.745,2099.44,24.26
1252,30.0081,2044.86,24.62
1253,30.7884,2021.07,24.81
1254,31.0683,2057.6,24.86
1255,30.3133,2038.41,25.39
1256,31.108,2027.56,25.32
1257,30.6207,2019.2,25.7
1258,30.1385,2113.95,26.0
1259,30.1644,2036.58,26.06
1260,30.1675,1992.86,25.86
1261,29.8416,2076.47,26.21
1262,29.8116,2052.54,25.88
1263,29.2288,2016.24,25.86
1264,29.4446,2010.22,25.81
1265,28.8997,2048.54,25.48
1266,29.2666,2023.7,25.22
1267,29.0527,1979.91,24.78
1268,29.1731,2070.94,24.66
1269,29.8759,2013.64,24.34
1270,29.9774,2060.12,23.89
1271,30.0016,2052.97,24.09
1272,29.6723,1994.28,24.05
1273,30.0863,2043.47,24.15
1274,30.7139,1999.71,24.11
1275,30.5375,1967.73,24.14
1276,31.302,2002.22,24.63
1277,30.7941,2021.25,24.48
1278,30.7576,1998.26,25.29
1279,30.5834,2000.71,25.21
1280,30.6463,2035.58,25.55
1281,30.4492,2008.31,25.82
1282,30.5624,1983.26,25.98
1283,30.4682,2020.65,25.68
1284,29.7642,2006.85,26.16
1285,29.4195,1937.73,26.03
1286,29.0991,2010.4,25.74
1287,29.6574,2008.46,25.56
1288,29.0628,1998.2,25.43
1289,28.678,2019.09,25.0
1290,29.4166,1979.14,25.34
1291,30.0718,2003.58,25.04
1292,29.392,1955.28,24.59
1293,29.7566,2003.98,24.25
1294,29.6745,2042.05,24.09
1295,29.7892,1967.83,24.19
1296,30.2757,1973.26,24.35
1297,30.0941,1974.12,23.92
1298,30.4302,1994.81,23.91
1299,30.5915,1964.74,24.6
1300,30.4058,2001.67,24.14
1301,30.9738,2012.21,24.54
1302,30.6475,2004.36,24.95
1303,30.4494,1946.82,24.95
1304,30.7672,2016.02,25.72
1305,30.2254,2014.75,25.88
1306,30.3585,2012.31,25.75
1307,30.1784,2001.19,26.22
1308,30.3258,1997.76,26.29
1309,29.9612,2018.51,25.94
1310,29.6425,2041.31,25.78
1311,29.7504,1969.98,26.16
1312,29.8108,2021.41,25.64
1313,29.4912,1993.02,25.31
1314,29.3031,1992.71,25.27
1315,28.9303,1958.38,24.8
1316,29.0742,1990.58,24.4
1317,29.4135,1973.73,24.31
1318,29.4671,1988.09,24.34
1319,29.7627,1973.32,23.64
1320,30.017,1990.69,23.94
1321,30.3401,1992.95,24.31
1322,30.3289,2006.77,24.03
1323,30.6409,1965.28,24.6
1324,30.6256,1970.85,24.78
1325,30.0835,2017.43,24.73
1326,30.4182,1989.89,24.89
1327,30.6329,2038.17,25.2
1328,30.2433,2018.47,26.03
1329,30.675,2029.57,26.08
1330,30.8092,2051.27,25.89
1331,30.5468,2009.89,25.84
1332,29.936,2004.94,26.02
1333,30.266,2042.8,26.01
1334,29.6946,2035.47,25.62
1335,29.4039,2019.8,25.72
1336,29.2098,2061.05,25.76
1337,29.2331,2022.75,24.9
1338,29.1835,2030.69,25.17
1339,29.375,2032.23,25.02
1340,29.442,2010.18,24.39
1341,29.5059,2037.34,24.63
1342,29.7811,2072.18,24.0
1343,30.176,2050.25,24.12
1344,30.2849,2041.78,23.94
1345,29.7357,2038.83,23.97
1346,29.5838,2053.01,24.01
1347,30.7753,2065.34,24.43
1348,30.1962,2063.68,24.67
1349,30.6087,2042.0,24.73
1350,30.349,2060.25,24.73
1351,30.1356,2065.94,25.34
1352,30.7687,2030.56,25.58
1353,30.7227,2061.72,25.66
1354,30.177,2005.23,26.24
1355,29.4039,2073.06,25.65
1356,29.8361,2079.2,25.56
1357,29.9364,2083.05,25.82
1358,29.2063,2056.12,26.01
1359,29.56,2075.33,25.5
1360,29.3892,2104.76,25.3
1361,29.4976,2106.04,25.45
1362,29.3359,2071.45,25.09
1363,29.0319,2077.1,24.82
1364,29.7528,2102.78,24.66
1365,29.4575,2038.84,24.21
1366,29.6418,2069.58,24.06
1367,29.5388,2112.29,24.2
1368,29.867,2104.47,23.73
1369,29.9157,2090.46,23.61
1370,30.2981,2044.67,24.05
1371,31.0085,2082.09,24.48
1372,30.1946,2069.55,24.55
1373,30.1921,2093.48,24.91
1374,31.1414,2065.81,24.6
1375,30.6134,2061.19,25.32
1376,30.4055,2035.92,25.63
1377,30.8069,2118.74,25.44
1378,30.1683,2078.78,26.04
1379,30.729,2093.22,25.94
1380,30.2034,2089.69,26.61
1381,29.6725,2063.44,25.53
1382,30.2972,2058.96,26.14
1383,29.3233,2065.55,25.63
1384,29.6164,2072.78,25.18
1385,29.4136,2100.13,25.15
1386,29.6905,2071.11,25.06
1387,29.7923,2134.63,24.95
1388,29.4034,2116.54,24.84
1389,29.279,2110.89,24.58
1390,29.788,2087.45,23.94
1391,29.6155,2127.99,24.26
1392,30.604,2084.3,24.08
1393,30.2221,2088.51,23.9
1394,30.2404,2093.03,24.09
1395,30.5504,2105.74,24.15
1396,30.2021,2103.47,24.51
1397,30.3847,2074.95,24.6
1398,31.0601,2072.72,24.79
1399,30.4791,2101.2,25.35
1400,30.2921,2102.18,25.63
1401,30.656,2073.5,25.67
1402,30.7057,2042.63,26.14
1403,30.3969,2076.05,25.91
1404,30.2988,2095.68,25.94
1405,29.5918,2124.03,26.1
1406,29.2235,2047.7,25.84
1407,29.9554,2065.69,25.72
1408,29.297,2065.27,25.0
1409,29.2486,2107.51,25.26
1410,29.6985,2071.3,24.63
1411,29.4907,2048.01,24.5
1412,29.5305,2083.13,24.23
1413,30.1545,2057.49,24.08
1414,29.4569,2035.39,24.02
1415,30.0972,2042.04,23.94
1416,30.0171,2106.05,24.13
1417,30.2618,2070.6,24.08
1418,30.8085,2061.96,23.75
1419,30.6473,2051.27,24.31
1420,30.7677,2063.04,24.56
1421,30.9979,2060.95,24.68
1422,30.5905,2059.43,24.99
1423,30.4244,2053.17,25.3
1424,30.2928,2070.17,25.65
1425,29.9051,2047.18,25.39
1426,30.9669,2020.29,25.82
1427,29.8502,2027.56,26.27
1428,29.9336,1991.52,26.28
1429,29.7358,2089.8,26.14
1430,29.7422,2058.83,25.97
1431,29.7497,2014.65,26.04
1432,29.6519,2026.5,25.88
1433,29.1489,2015.78,25.23
1434,29.2499,2068.44,24.81
1435,29.4086,1992.56,24.69
1436,29.3192,2029.12,25.12
1437,29.9872,2021.77,23.98
1438,29.7973,2043.4,24.04
1439,30.0393,2018.41,23.75
1440,30.1989,1975.35,24.02
1441,30.5332,2011.36,23.79
1442,30.4043,1991.7,24.11
1443,30.1059,2016.39,23.9
1444,30.7261,2048.69,24.62
1445,30.4807,1967.82,24.99
1446,30.5414,1989.82,24.92
1447,30.8521,1994.57,25.23
1448,30.9777,1997.45,25.47
1449,30.5014,2024.15,25.74
1450,30.4426,2000.01,25.86
1451,30.6918,2013.5,26.12
1452,30.0722,1986.26,26.25
1453,30.5993,2006.52,25.8
1454,29.8197,2019.13,25.8
1455,28.9768,1980.36,25.89
1456,29.6198,2017.23,25.22
1457,29.4382,1998.1,24.86
1458,29.6869,2022.09,25.05
1459,29.5258,1990.14,24.84
1460,29.3522,2003.99,24.36
1461,29.1377,1992.79,24.18
1462,29.5873,1990.82,23.98
1463,29.5637,1999.18,23.86
1464,29.8258,2005.67,24.14
1465,30.3577,1960.63,23.8
1466,30.851,2027.4,24.08
1467,30.6134,1944.82,24.11
1468,30.2475,1974.02,24.21
1469,30.8095,1988.68,24.92
1470,31.059,2001.31,24.9
1471,30.4932,2030.44,25.3
1472,30.566,1944.68,25.2
1473,30.4994,1978.62,25.56
1474,30.1145,1938.39,26.02
1475,30.3757,1992.66,26.48
1476,29.9637,1999.05,25.6
1477,29.9447,2032.47,25.93
1478,29.3838,1996.24,25.95
1479,29.3738,2019.91,25.58
1480,29.6105,2009.05,25.67
1481,29.212,1984.29,25.09
1482,29.8181,1960.73,25.03
1483,29.204,2003.67,24.64
1484,29.4612,1960.4,24.74
1485,29.7848,2031.04,24.16
1486,29.2245,1995.64,24.06
1487,29.2906,2030.65,24.22
1488,29.5423,1989.9,23.79
1489,30.5599,2009.82,24.05
1490,30.1844,2009.58,23.77
1491,31.2624,2004.52,24.08
1492,30.4369,1996.17,24.58
1493,30.7315,2018.2,24.54
1494,31.1626,1986.67,24.89
1495,31.278,1981.07,25.36
1496,31.2247,2043.9,25.38
1497,30.8575,2032.58,25.87
1498,30.6572,2017.65,25.91
1499,30.3589,2059.27,26.05
1500,30.2335,2362.61,26.25
1501,29.6535,2404.07,26.03
1502,29.4045,2377.12,26.17
1503,29.504,2348.87,25.89
1504,29.3427,2422.46,25.4
1505,29.1879,2402.83,25.52
1506,29.5089,2376.85,25.05
1507,29.6104,2399.88,24.66
1508,29.4203,2373.46,24.56
1509,29.9483,2406.13,24.52
1510,29.3075,2327.49,24.22
1511,29.7607,2363.64,24.4
1512,29.785,2415.48,24.22
1513,29.6212,2386.63,24.14
1514,30.3252,2399.93,23.93
1515,30.4585,2362.93,24.26
1516,31.0603,2444.65,24.51
1517,30.8654,2430.06,24.88
1518,30.3927,2397.11,25.13
1519,31.2324,2393.82,25.29
1520,30.9725,2431.48,25.52
1521,30.6696,2457.08,25.85
1522,30.2821,2433.11,25.69
1523,29.8933,2465.29,26.31
1524,29.8883,2389.64,25.59
1525,30.1455,2393.88,26.26
1526,30.2154,2386.28,25.86
1527,29.968,2428.65,25.91
1528,29.2471,2423.56,25.57
1529,28.988,2416.89,25.33
1530,29.3423,2442.41,25.11
1531,28.7933,2454.42,24.9
1532,29.4907,2386.87,24.43
1533,29.4607,2411.43,24.5
1534,29.5102,2448.16,23.92
1535,29.3404,2417.21,24.03
1536,30.1541,2410.14,24.17
1537,30.0214,2456.69,24.23
1538,29.999,2400.07,24.23
1539,29.6333,2425.8,24.21
1540,30.598,2092.52,24.68
1541,31.2078,2070.86,24.61
1542,31.1984,2105.63,25.35
1543,30.539,2072.61,25.24
1544,30.4256,2122.76,25.19
1545,30.6356,2085.05,25.47
1546,30.0505,2105.56,25.87
1547,30.2717,2107.95,25.99
1548,30.2298,2074.06,26.39
1549,30.1869,2038.79,25.76
1550,29.62,2099.46,25.87
1551,29.4439,2092.49,25.5
1552,29.1304,2104.76,25.4
1553,29.0758,2085.3,25.6
1554,29.2321,2080.24,24.77
1555,29.4341,2141.18,24.86
1556,29.6679,2054.05,24.58
1557,29.2641,2109.03,24.29
1558,30.0978,2076.08,24.24
1559,29.7375,2081.73,23.8
1560,29.9936,2081.82,24.33
1561,29.957,2069.21,24.42
1562,29.6227,2103.06,24.14
1563,30.7602,2122.96,24.78
1564,30.8273,2099.29,24.42
1565,30.5917,2089.41,24.82
1566,30.7201,2061.39,25.29
1567,30.8309,2098.13,25.17
1568,30.1375,2138.21,25.22
1569,30.3363,2073.82,25.38
1570,30.5883,2072.91,26.28
1571,29.8049,2067.2,25.86
1572,30.0881,2067.86,25.96
1573,29.4119,2010.27,25.74
1574,29.7899,2087.78,26.06
1575,29.4943,2055.22,25.55
1576,28.9092,2034.75,25.4
1577,29.6733,2092.44,25.32
1578,29.0796,2045.12,24.79
1579,29.0808,2062.22,24.71
1580,29.454,2105.83,24.78
1581,29.8496,2032.37,24.38
1582,29.3453,2027.69,24.16
1583,29.8373,2071.1,24.08
1584,30.1286,2091.43,23.92
1585,30.3891,2021.64,24.43
1586,30.4029,2069.46,23.97
1587,30.3849,2072.04,24.34
1588,30.3579,2004.26,24.52
1589,30.702,2073.9,24.94
1590,30.3784,2074.04,25.22
1591,29.7997,2042.5,25.25
1592,30.7372,2079.76,25.56
1593,30.7662,2075.01,25.77
1594,29.6411,2047.31,25.41
1595,29.8783,2031.58,25.65
1596,30.1857,2016.68,25.88
1597,30.4361,2038.19,25.85
1598,29.6562,2051.51,25.63
1599,29.2866,2027.3,25.86
1600,29.3389,1978.61,25.5
1601,29.7363,2063.42,25.22
1602,29.1062,2034.63,24.75
1603,29.0841,2018.57,24.73
1604,29.249,2047.69,23.97
1605,29.219,2062.6,24.26
1606,29.6868,1952.69,24.15
1607,30.3062,2031.86,24.08
1608,30.0969,1983.64,23.69
1609,30.1055,2030.11,24.08
1610,30.2625,2019.2,23.93
1611,30.026,2030.29,24.13
1612,30.8712,2000.35,24.64
1613,30.6528,1964.48,25.14
1614,30.6459,1998.57,25.01
1615,31.6341,2018.56,25.1
1616,30.6958,2032.38,25.54
1617,30.2694,1976.35,25.89
1618,30.2221,2030.02,25.99
1619,30.5257,1986.9,26.51
1620,30.034,2010.97,25.86
1621,29.3873,1988.02,26.02
1622,29.9258,2004.24,26.18
1623,29.3046,2020.96,26.0
1624,29.9558,1967.02,25.11
1625,29.6479,1979.8,25.26
1626,29.1658,2000.58,25.3
1627,29.7082,2055.21,25.32
1628,29.4141,1972.88,24.64
1629,29.7609,2044.81,24.22
1630,29.7954,2043.33,23.93
1631,29.5649,1990.27,24.48
1632,29.8069,1984.8,24.15
1633,30.4902,1974.57,23.86
1634,30.2496,1989.85,24.09
1635,30.3739,1956.15,24.35
1636,30.3197,1989.23,24.61
1637,30.8032,2028.46,24.56
1638,31.3188,1975.72,24.88
1639,30.3559,1985.02,24.93
1640,30.6135,1948.61,25.71
1641,30.9186,2000.67,25.64
1642,30.3261,1998.17,25.96
1643,30.3169,1993.46,26.25
1644,29.6813,1986.83,26.04
1645,29.9473,1985.38,25.94
1646,29.5939,2005.77,25.9
1647,29.8007,1993.09,25.72
1648,29.75,2002.33,25.75
1649,30.1007,2000.55,25.32
1650,29.4739,2024.04,24.89
1651,29.4216,2013.72,24.95
1652,29.4521,2002.52,24.75
1653,29.3991,2036.62,24.03
1654,29.7515,2010.19,24.44
1655,29.7302,2033.39,24.11
1656,30.0505,2017.08,24.06
1657,30.5765,1957.05,24.24
1658,30.048,2036.97,24.02
1659,30.8369,2009.02,24.48
1660,31.0014,2005.69,24.42
1661,30.6407,2015.42,24.45
1662,30.0634,2001.2,24.8
1663,30.4938,2016.98,25.37
1664,30.9953,1998.04,25.31
1665,30.4881,2046.26,26.03
1666,30.0502,2013.16,26.1
1667,30.0297,2008.07,26.23
1668,30.2522,1996.18,26.02
1669,29.9828,2027.72,26.02
1670,29.5783,2027.41,25.63
1671,29.395,2034.2,25.91
1672,29.2763,2000.58,25.58
1673,29.0471,1988.03,25.37
1674,29.7846,2045.51,25.34
1675,29.2272,2068.82,24.62
1676,29.7589,2007.89,24.47
1677,29.9614,2075.14,24.36
1678,29.9495,2044.36,23.95
1679,29.6893,2038.95,24.0
1680,30.1211,2031.06,24.1
1681,30.1739,2008.26,23.97
1682,30.0789,2069.43,24.4
1683,30.5923,2027.21,23.99
1684,30.2525,2028.96,24.72
1685,31.0325,2075.09,24.87
1686,30.5606,2005.05,24.89
1687,30.7365,2015.85,25.07
1688,30.6912,2055.28,25.08
1689,30.4173,2064.85,25.55
1690,30.526,2071.39,26.08
1691,30.0387,2053.45,25.95
1692,30.2614,2125.95,26.23
1693,29.415,2058.67,25.84
1694,29.6879,2060.23,26.01
1695,30.0867,2047.68,25.56
1696,29.0937,2072.26,25.31
1697,29.1205,2086.07,25.24
1698,29.4542,2102.26,24.87
1699,29.3777,2036.38,24.43
1700,29.499,2068.86,24.46
1701,29.6518,2087.52,24.31
1702,29.8404,2092.33,24.39
1703,30.1517,2079.06,24.22
1704,30.1229,2093.65,24.24
1705,30.1088,2061.01,24.18
1706,30.5518,2121.26,24.2
1707,31.0649,2108.15,24.05
1708,30.5664,2050.68,24.53
1709,30.3838,2058.33,24.86
1710,31.0321,2059.88,25.29
1711,30.64,2103.78,25.4
1712,29.9544,2055.43,25.75
1713,30.7492,2079.92,25.5
1714,30.1894,2100.15,25.8
1715,30.154,2087.64,26.05
1716,30.0996,2096.22,26.23
1717,29.876,2063.48,25.94
1718,29.8628,2105.31,25.85
1719,29.3744,2075.36,25.84
1720,29.5477,2082.74,25.27
1721,29.246,2096.91,25.58
1722,29.5216,2093.58,24.82
1723,29.5085,2091.56,24.36
1724,29.1132,2072.09,24.5
1725,29.8308,2083.2,24.63
1726,29.4892,2090.5,24.25
1727,30.0612,2055.75,24.18
1728,30.1102,2078.18,24.01
1729,30.7326,2098.99,24.0
1730,30.283,2056.84,23.82
1731,30.3902,2117.11,23.84
1732,30.6004,2119.28,24.54
1733,30.5852,2055.7,25.0
1734,30.94,2119.99,25.07
1735,30.1913,2081.62,25.38
1736,30.2901,2094.76,25.82
1737,30.1746,2070.92,25.77
1738,30.6351,2105.39,25.84
1739,30.6944,2091.38,25.8
1740,29.9687,2059.74,26.4
1741,29.7682,2049.77,26.07
1742,29.671,2041.15,25.68
1743,29.8536,2081.05,25.47
1744,29.1156,2089.32,25.75
1745,29.3954,2089.89,25.05
1746,29.5926,2069.22,25.37
1747,29.4742,2041.77,24.19
1748,29.4507,2052.11,24.78
1749,29.8053,2096.41,24.39
1750,28.839,2053.88,24.16
1751,30.0222,2067.95,24.0
1752,29.8038,2035.8,24.38
1753,29.632,2069.41,24.18
1754,30.5034,2047.82,23.95
1755,30.9071,2083.68,23.95
1756,30.565,2075.08,24.54
1757,30.962,2041.55,24.74
1758,31.1837,2048.96,24.7
1759,31.0706,2036.52,25.25
1760,31.0982,2012.97,25.39
1761,30.7176,2025.16,25.71
1762,30.3726,2049.69,26.01
1763,29.7006,2051.0,26.26
1764,29.9262,2044.71,26.18
1765,29.5659,2031.59,25.82
1766,30.3013,2060.59,25.94
1767,29.4523,2036.99,25.72
1768,29.4307,2051.13,25.23
1769,29.4893,1987.36,25.34
1770,29.3131,1931.81,25.37
1771,29.8324,2035.15,24.75
1772,29.207,1990.64,24.18
1773,29.5634,2019.17,24.3
1774,29.4273,2015.18,23.89
1775,29.4228,2060.69,24.21
1776,29.8165,2029.31,24.1
1777,30.1701,2021.78,24.0
1778,30.2212,2036.92,24.07
1779,30.2872,2023.61,24.25
1780,30.1843,2001.39,24.5
1781,30.6512,2038.1,24.59
1782,30.2486,1982.08,24.72
1783,30.9042,2016.47,25.49
1784,30.6309,1968.3,25.42
1785,30.0577,2010.74,25.74
1786,30.2572,2009.17,25.92
1787,29.9555,2045.01,26.03
1788,30.0958,1962.78,25.77
1789,30.221,1985.75,25.63
1790,29.0874,2020.26,25.75
1791,29.5395,2007.05,25.79
1792,29.3457,2002.21,25.35
1793,29.5253,1972.89,25.19
1794,29.364,1981.18,25.43
1795,29.0983,2026.3,24.37
1796,29.2981,1993.17,24.35
1797,29.2662,2003.19,24.67
1798,29.9728,1990.34,24.13
1799,29.8252,1963.13,23.89
1800,30.5704,2015.6,24.23
1801,30.163,2004.45,24.05
1802,30.1375,2049.2,24.06
1803,30.0409,1965.92,24.33
1804,30.0653,2011.7,24.37
1805,30.2009,1958.25,24.54
1806,30.7801,1994.93,24.98
1807,30.8288,2015.45,25.06
1808,30.1319,1939.34,25.5
1809,30.7635,1986.19,25.78
1810,30.2051,1977.48,26.04
1811,30.2252,1974.32,26.19
1812,30.4837,2001.88,25.92
1813,30.0879,2020.72,26.07
1814,29.5694,1989.89,25.96
1815,29.2377,1998.94,25.77
1816,28.7482,1997.31,25.4
1817,29.1081,1995.22,25.05
1818,29.2367,1968.72,25.1
1819,29.0277,2024.51,24.4
1820,29.3544,2005.08,24.45
1821,29.5281,2008.54,23.78
1822,29.5825,1979.53,23.87
1823,29.6238,1989.29,23.86
1824,30.0506,1997.51,24.22
1825,30.3138,1964.75,24.17
1826,30.0229,1962.15,24.02
1827,30.9183,1990.63,24.44
1828,30.5766,2020.05,24.68
1829,30.6818,1992.06,24.71
1830,30.9125,1984.36,24.72
1831,30.7461,1990.94,25.22
1832,30.8922,2001.45,25.48
1833,30.5811,2005.55,25.46
1834,30.1663,2070.14,25.94
1835,30.2896,2044.0,26.02
1836,29.6569,2044.93,26.09
1837,29.8514,2050.22,26.02
1838,29.64,1997.76,26.01
1839,29.4426,1993.93,25.67
1840,29.3552,1998.59,25.54
1841,28.7593,2061.42,25.18
1842,29.1354,2016.19,24.88
1843,29.3517,2000.42,25.01
1844,29.4417,2022.77,24.09
1845,29.1967,2029.44,24.47
1846,30.0297,2043.97,24.01
1847,29.559,2045.4,23.88
1848,30.2908,2020.3,24.05
1849,30.3093,2060.01,23.74
1850,30.1561,2028.76,23.97
1851,31.0276,2042.69,24.12
1852,30.2481,2065.62,24.46
1853,30.9519,2034.25,24.58
1854,31.0002,2037.89,25.32
1855,30.475,2068.73,25.62
1856,31.024,2034.29,25.1
1857,30.42,2047.89,25.82
1858,30.4366,2073.16,26.04
1859,30.2593,2112.35,26.07
1860,29.9597,2077.83,25.87
1861,30.0621,2076.18,25.92
1862,29.888,2079.27,25.72
1863,28.9805,2040.77,25.62
1864,29.7851,2072.06,25.26
1865,28.8251,2069.95,25.24
1866,29.6098,2080.21,24.7
1867,29.6619,2076.53,24.7
1868,29.0665,2084.5,24.25
1869,29.3818,2068.57,24.33
1870,29.3183,2079.12,24.0
1871,29.7544,2048.2,24.09
1872,29.9076,2072.09,24.22
1873,30.4151,2116.0,24.35
1874,30.7431,2090.28,23.63
1875,30.9137,2082.81,24.13
1876,30.4376,2131.7,24.44
1877,30.6134,2051.18,24.83
1878,30.195,2058.31,24.67
1879,30.4344,2129.65,25.06
1880,30.8957,2088.69,25.53
1881,30.9796,2082.13,25.72
1882,29.9797,2058.8,25.94
1883,30.0034,2100.49,26.05
1884,29.9921,2103.36,26.07
1885,29.9029,2062.77,26.0
1886,29.4071,2086.93,25.88
1887,29.6322,2082.3,25.84
1888,29.2516,2097.26,25.05
1889,29.3195,2062.98,25.57
1890,29.4639,2122.3,24.56
1891,29.3258,2113.86,24.53
1892,29.2629,2081.78,24.45
1893,29.4721,2085.28,24.43
1894,29.6235,2087.03,23.53
1895,29.7078,2070.67,24.03
1896,29.9224,2078.66,24.16
1897,30.6608,2082.54,24.23
1898,30.5183,2129.1,23.99
1899,30.4063,2111.86,24.23
1900,30.8153,2110.91,24.38
1901,30.576,2096.08,24.66
1902,31.0519,2058.12,24.79
1903,30.787,2084.17,25.08
1904,30.574,2108.56,25.59
1905,30.6293,2051.88,25.73
1906,29.8787,2098.23,25.96
1907,29.8431,2139.3,26.01
1908,29.6418,2106.64,26.14
1909,29.8617,2114.25,26.14
1910,30.1698,2083.11,25.52
1911,30.1744,2100.55,25.54
1912,29.5852,2057.06,25.45
1913,29.4741,2093.51,25.25
1914,28.7597,2088.53,24.87
1915,29.161,2077.94,24.92
1916,29.1574,2102.07,24.9
1917,29.3188,2054.13,24.33
1918,29.5996,2061.32,24.15
1919,29.6772,2066.75,24.2
1920,29.4062,2036.95,23.63
1921,30.4055,2066.67,24.04
1922,30.0282,2016.29,24.33
1923,30.5667,2083.69,24.16
1924,31.2284,2056.9,24.25
1925,30.4003,2040.92,24.7
1926,29.9409,2031.27,24.99
1927,30.5903,2044.43,25.08
1928,30.9365,2065.66,25.92
1929,31.0825,2060.29,25.61
1930,29.9811,2027.1,25.64
1931,30.3302,2021.72,25.95
1932,29.8604,2057.42,26.18
1933,29.787,2021.07,25.97
1934,30.4433,2038.76,25.96
1935,29.0541,2038.5,25.53
1936,29.4699,2041.35,25.8
1937,29.4642,2053.16,25.37
1938,29.6257,1998.3,25.21
1939,29.3532,1980.28,24.81
1940,29.4862,2012.08,24.66
1941,29.3875,2069.52,24.12
1942,29.7307,2073.29,24.04
1943,29.7159,2066.78,24.3
1944,30.1865,2014.48,24.31
1945,30.0703,1973.08,23.8
1946,30.4631,1957.42,24.18
1947,30.4862,1999.05,24.21
1948,30.944,2007.88,24.36
1949,30.6607,2043.82,24.8
1950,30.1681,2031.52,25.23
1951,31.0547,2014.07,25.35
1952,30.3345,1984.75,25.44
1953,30.2988,1981.63,25.81
1954,30.1713,2010.7,25.79
1955,30.5935,2020.53,26.05
1956,29.3593,2011.71,26.28
1957,30.7602,1974.91,25.55
1958,29.9668,2015.95,26.03
1959,29.572,2009.31,25.4
1960,29.3773,1970.93,25.75
1961,29.4095,1977.19,25.13
1962,29.4563,2013.16,24.76
1963,29.5174,1989.31,24.88
1964,29.5605,2034.18,24.57
1965,29.5319,2006.33,24.09
1966,29.5908,1981.06,23.88
1967,29.7734,1992.45,24.0
1968,29.9415,1993.84,23.76
1969,30.5213,1973.66,23.82
1970,30.5281,1968.74,24.16
1971,29.6129,2008.85,24.1
1972,30.803,2012.27,24.59
1973,30.7346,2006.13,25.04
1974,30.6944,2028.88,24.97
1975,30.5596,1977.49,25.28
1976,30.9435,2033.0,25.9
1977,30.7792,1968.79,25.47
1978,30.1181,1966.24,26.1
1979,30.3033,1947.87,26.18
1980,29.7085,1981.11,26.17
1981,29.4049,1980.11,26.22
1982,29.462,2006.37,25.92
1983,29.7637,1999.9,25.59
1984,29.6797,1964.63,25.72
1985,29.4778,1985.35,25.49
1986,29.5175,1986.67,25.22
1987,29.4787,1952.39,24.75
1988,29.2013,1973.18,24.36
1989,29.6346,1979.39,24.33
1990,29.8901,2035.53,24.32
1991,30.0451,2005.56,24.24
1992,30.3567,2018.46,23.91
1993,30.3937,1965.64,24.1
1994,30.4554,2034.2,23.87
1995,30.816,2038.17,24.49
1996,30.5983,1957.03,24.34
1997,30.4116,1990.75,24.9
1998,30.6511,2022.22,24.77
1999,30.4527,2027.42,25.47
2000,30.4037,1995.87,25.56
2001,30.4516,2006.76,25.55
2002,30.1123,2001.07,26.0
2003,30.0888,2020.4,25.85
2004,29.4319,2049.24,26.15
2005,29.8828,2001.73,25.91
2006,29.6504,2047.75,25.52
2007,29.2599,2004.94,25.51
2008,29.5916,2005.07,25.41
2009,29.6051,2048.52,25.53
2010,28.8177,2052.92,25.18
2011,29.095,2052.99,25.07
2012,29.163,2000.65,24.83
2013,29.2231,2023.75,24.19
2014,29.8988,2057.84,24.1
2015,29.7607,2040.17,23.95
2016,29.9206,2014.16,23.87
2017,29.58,2054.33,23.67
2018,30.5406,2026.87,24.13
2019,30.1232,2091.46,24.04
2020,30.6242,2087.07,24.49
2021,30.7594,2065.4,25.16
2022,31.1082,2086.15,24.9
2023,30.2835,2055.56,25.3
2024,29.7004,2074.87,25.68
2025,30.5501,2094.46,25.76
2026,30.8902,2065.4,25.92
2027,30.5529,2054.61,25.89
2028,30.0629,2020.08,25.95
2029,29.6713,2062.29,25.77
2030,29.8921,2086.59,26.04
2031,29.213,2091.24,25.36
2032,29.5367,2081.78,25.69
2033,29.4755,2057.16,24.98
2034,29.6181,2022.75,25.19
2035,30.1517,2061.23,24.67
2036,29.5115,2067.4,24.25
2037,29.3523,2068.53,24.41
2038,29.6423,2093.12,24.32
2039,29.2881,2128.54,23.95
2040,29.7916,2083.18,24.14
2041,30.0584,2075.81,23.58
2042,30.1928,2075.83,23.87
2043,30.5407,2086.45,24.55
2044,30.3595,2063.59,24.46
2045,31.0125,2088.21,24.37
2046,30.7001,2097.32,24.86
2047,30.6734,2092.07,25.07
2048,30.5078,2098.98,25.47
2049,30.5415,2099.04,25.63
2050,30.5975,2044.48,25.9
2051,29.921,2105.22,25.95
2052,29.8026,2072.97,26.27
2053,29.7277,2062.73,26.05
2054,29.2462,2062.83,25.96
2055,29.2592,2101.52,25.94
2056,29.2509,2085.3,25.42
2057,29.5862,2048.92,25.01
2058,29.3788,2102.95,25.24
2059,29.3819,2054.97,24.77
2060,29.6491,2094.36,24.53
2061,29.4638,2096.65,24.17
2062,29.7671,2112.58,24.01
2063,29.7879,2134.67,24.2
2064,30.0796,2055.63,24.2
2065,30.0063,2087.98,24.19
2066,29.6184,2081.87,24.29
2067,30.4547,2099.04,24.41
2068,31.033,2092.94,24.53
2069,30.954,2078.01,24.71
2070,30.9896,2075.03,25.24
2071,31.047,2057.29,25.18
2072,30.6328,2109.0,25.57
2073,30.5542,2094.82,25.55
2074,30.1647,2105.26,25.73
2075,30.0864,2073.47,25.92
2076,30.1847,2063.67,25.84
2077,30.18,2051.94,26.13
2078,29.6082,2086.63,25.6
2079,29.37,2050.36,25.73
2080,29.3939,2121.23,25.53
2081,29.5042,2040.92,24.9
2082,28.8668,2079.02,24.91
2083,28.635,2109.86,24.79
2084,29.2286,2084.14,24.59
2085,29.1388,2071.99,24.25
2086,29.4976,2041.79,24.27
2087,29.7745,2029.82,24.01
2088,29.864,2081.95,24.0
2089,30.6169,2098.65,24.08
2090,30.448,2048.3,24.32
2091,30.5851,2029.04,24.16
2092,30.7929,1994.28,24.4
2093,30.3345,2029.42,24.61
2094,31.0117,2049.28,24.93
2095,30.6534,2090.27,25.54
2096,30.8074,2065.28,25.61
2097,30.1734,2054.23,25.48
2098,29.8839,2034.73,25.75
2099,30.4265,2028.29,26.04
2100,30.1129,2076.14,25.82
2101,29.5482,2044.15,25.82
2102,29.3891,1984.7,26.14
2103,29.8427,2018.56,25.58
2104,29.037,2012.09,25.69
2105,29.8167,2018.05,25.51
2106,29.0298,2043.95,24.85
2107,29.5154,2025.37,24.56
2108,29.2952,2024.34,24.44
2109,29.686,2057.32,24.08
2110,29.4868,2005.32,24.16
2111,29.77,2067.61,23.99
2112,30.0123,2002.52,24.07
2113,29.8805,2019.87,24.31
2114,30.5722,2008.97,24.3
2115,30.341,2017.48,24.39
2116,30.5376,2023.95,24.11
2117,30.3778,2022.15,24.83
2118,29.9313,1991.0,25.34
2119,30.6188,1980.31,24.66
2120,31.33,2069.57,25.64
2121,30.7304,1993.55,25.68
2122,30.3442,2021.83,25.7
2123,30.1023,1962.91,26.13
2124,30.0067,1994.92,26.34
2125,29.983,1997.59,26.12
2126,29.2958,2011.51,25.79
2127,29.8393,1930.6,25.52
2128,29.6084,2001.85,25.53
2129,29.5393,1968.05,25.43
2130,29.4315,2004.06,24.92
2131,29.3297,1969.26,24.68
2132,29.5956,1973.07,25.06
2133,29.6826,1986.97,24.51
2134,29.5438,1966.91,24.36
2135,29.6467,1980.82,23.74
2136,30.0306,1962.42,23.86
2137,30.6459,1946.04,24.05
2138,29.9783,2017.01,23.93
2139,30.0547,1958.91,24.61
2140,30.6556,1986.67,24.78
2141,30.6914,2009.86,24.63
2142,30.752,1975.63,25.36
2143,30.7493,1970.41,25.26
2144,30.5393,1996.8,26.02
2145,30.9419,2019.26,25.74
2146,29.8697,1962.33,25.98
2147,29.9326,1988.12,26.25
2148,29.969,1948.94,26.26
2149,29.3259,1982.87,26.07
2150,29.5972,1994.08,25.84
2151,30.0035,1972.44,25.81
2152,29.4,1983.03,25.34
2153,29.3931,1959.97,25.29
2154,28.922,1997.88,24.78
2155,29.1389,2023.19,24.39
2156,29.2812,1970.27,24.51
2157,29.4097,1983.1,24.55
2158,30.0345,2012.25,24.32
2159,29.9861,2031.07,24.02
2160,29.6666,1964.58,24.35
2161,30.2551,1998.88,23.92
2162,30.4995,2011.43,23.75
2163,30.837,2003.09,23.86
2164,31.0804,1945.07,24.26
2165,30.3716,2020.91,24.9
2166,30.4567,2047.81,24.87
2167,30.2989,2014.23,25.35
2168,30.536,1987.06,25.83
2169,30.6349,2001.57,25.49
2170,30.6462,2060.25,25.96
2171,30.1584,2040.39,26.07
2172,29.904,2035.31,25.83
2173,29.8644,2029.92,26.24
2174,29.3995,2006.2,25.81
2175,30.1319,2019.47,25.63
2176,28.9115,2024.31,25.92
2177,29.3793,2041.8,25.36
2178,29.9071,2067.6,25.19
2179,29.3259,2059.66,25.01
2180,29.3368,1998.06,24.37
2181,29.3978,2041.0,24.54
2182,29.5959,2055.68,24.03
2183,30.2307,2054.6,23.93
2184,29.3364,2025.27,23.95
2185,30.6412,2115.72,23.91
2186,29.9228,2012.81,24.3
2187,30.415,2019.52,24.35
2188,30.4774,2054.29,24.4
2189,30.8527,2103.22,24.88
2190,30.2206,2031.22,24.94
2191,30.8148,2047.3,25.19
2192,31.2135,2082.67,25.51
2193,30.086,2057.07,25.8
2194,30.4069,2050.9,25.94
2195,29.9826,2075.14,25.89
2196,30.1278,2069.51,26.17
2197,29.8246,2090.12,25.92
2198,29.4576,2098.29,25.74
2199,29.6514,2075.28,25.41
2200,29.9351,2076.46,25.7
2201,29.2666,2076.04,25.26
2202,29.5159,2084.4,25.04
2203,28.9359,2074.99,24.95
2204,29.1069,2074.99,24.4
2205,29.6467,2106.27,24.02
2206,30.0952,2115.56,24.15
2207,29.9255,2041.21,24.1
2208,29.9061,2080.34,23.95
2209,30.181,2064.01,24.33
2210,29.9749,2074.54,23.64
2211,30.6763,2093.4,24.52
2212,30.8709,2101.04,24.66
2213,30.5405,2082.4,24.83
2214,30.559,2038.21,24.33
2215,30.7559,2062.7,25.52
2216,30.4752,2109.96,25.29
2217,30.4751,2019.68,25.61
2218,30.9799,2118.46,25.83
2219,30.1071,2102.33,26.05
2220,29.8925,2122.65,26.13
2221,29.6246,2085.16,26.14
2222,29.8733,2038.91,26.03
2223,29.4507,2101.44,25.76
2224,29.199,2122.73,25.58
2225,29.7202,2114.08,25.04
2226,29.7259,2074.43,24.85
2227,29.1437,2093.13,24.92
2228,28.8338,2077.54,24.67
2229,29.8073,2070.2,24.44
2230,29.4446,2114.33,24.03
2231,30.056,2060.19,24.22
2232,29.409,2067.4,23.77
2233,30.449,2061.7,24.25
2234,29.9866,2051.52,24.08
2235,30.7142,2091.85,24.63
2236,30.6105,2116.58,24.2
2237,30.39,2082.21,25.09
2238,30.5779,2048.4,24.93
2239,30.882,2106.2,25.18
2240,30.638,2126.44,25.54
2241,30.6703,2067.18,25.57
2242,30.9429,2070.35,25.85
2243,29.7119,2094.12,25.82
2244,30.4852,2120.64,25.86
2245,29.8501,2065.9,26.06
2246,29.3804,2044.34,25.69
2247,29.1059,2092.14,25.55
2248,29.337,2094.99,25.23
2249,29.6003,2073.77,25.16
2250,29.2617,2058.22,25.26
2251,29.7772,2095.55,24.57
2252,28.9584,2082.37,24.35
2253,29.5014,2048.39,24.33
2254,29.2743,2067.23,24.06
2255,29.9279,2030.57,24.48
2256,30.2661,2079.84,23.97
2257,30.0549,2054.44,24.1
2258,29.5687,2048.37,24.32
2259,30.5547,2056.69,24.48
2260,30.7372,2056.75,24.55
2261,30.7974,2076.31,24.71
2262,31.0707,2066.9,25.4
2263,30.3548,2046.39,25.24
2264,30.8103,2067.54,25.41
2265,30.8527,2056.62,25.58
2266,29.8164,2034.07,25.52
2267,30.2771,2039.75,26.13
2268,29.8487,2037.29,25.53
2269,29.7944,2051.76,25.96
2270,29.7543,2028.09,25.83
2271,29.3589,2025.64,26.16
2272,29.1911,2082.77,25.13
2273,29.3341,2055.2,25.08
2274,28.9738,2010.86,24.97
2275,28.9981,2042.33,24.7
2276,29.5976,2029.22,24.39
2277,29.1604,2034.27,24.28
2278,29.8499,2026.17,23.88
2279,29.9576,2050.75,24.11
2280,29.4823,2027.95,23.54
2281,29.9779,2016.08,24.03
2282,30.7082,2042.05,24.01
2283,30.2006,2020.23,24.5
2284,30.4669,2015.87,24.85
2285,30.8148,2019.16,24.67
2286,30.935,2007.49,25.28
2287,30.6007,2008.62,25.2
2288,30.427,1992.32,25.31
2289,30.9217,1986.87,26.06
2290,30.8717,1979.38,25.97
2291,30.4748,1968.3,25.97
2292,30.0256,1979.92,26.14
2293,29.5763,1996.41,26.02
2294,29.4009,2002.27,25.85
2295,29.6618,1991.88,25.44
2296,29.5193,1938.81,25.45
2297,29.7443,2036.16,25.38
2298,29.4951,2023.11,24.98
2299,28.8729,2006.32,24.92
2300,29.7094,2042.14,24.58
2301,29.2056,1969.37,24.12
2302,29.5348,2040.41,23.87
2303,29.8939,1968.57,24.0
2304,30.5987,1998.22,23.9
2305,31.1141,1960.03,24.1
2306,30.532,1991.93,23.99
2307,30.44,2000.97,24.17
2308,30.7666,1987.27,24.71
2309,30.9424,2008.88,24.77
2310,30.6038,1993.48,24.86
2311,31.2147,1977.97,25.26
2312,30.6752,1976.97,25.78
2313,30.6443,2011.59,25.77
2314,30.5498,1975.21,25.98
2315,30.3076,2014.76,25.82
2316,30.2517,2022.82,26.21
2317,29.6337,1950.99,26.43
2318,29.4825,2021.54,25.71
2319,29.175,2045.32,25.47
2320,29.5256,2000.76,25.54
2321,29.5575,2010.15,25.43
2322,29.4373,2021.88,24.98
2323,29.8262,1989.91,24.53
2324,29.3921,2002.26,24.48
2325,29.7056,1965.81,24.41
2326,29.3225,2003.15,24.05
2327,29.7027,2013.22,24.16
2328,30.2087,2014.81,24.23
2329,30.4359,2029.74,24.08
2330,30.2618,1984.98,24.13
2331,30.4735,1992.33,24.46
2332,30.1509,2054.38,24.33
2333,30.569,2004.63,24.55
2334,30.9671,2014.83,24.95
2335,30.8487,2009.63,25.16
2336,30.7564,1992.29,25.34
2337,30.5099,2054.99,26.07
2338,30.3521,2002.81,26.3
2339,29.9831,1989.45,25.9
2340,30.2096,2008.04,26.02
2341,29.9451,1970.96,25.93
2342,29.7976,2006.45,26.09
2343,29.3472,2000.28,25.97
2344,28.7478,2041.7,25.14
2345,29.653,2011.22,25.35
2346,29.1563,2052.07,24.74
2347,29.065,2066.67,25.09
2348,29.6018,2053.08,24.59
2349,29.3874,2030.02,24.13
2350,29.968,2040.79,24.09
2351,30.0039,2001.01,23.98
2352,30.2051,2037.66,24.11
2353,29.7714,2021.36,24.24
2354,30.7136,2062.09,23.9
2355,30.5733,2110.92,24.66
2356,30.4954,2060.95,24.82
2357,30.7192,2000.52,24.57
2358,30.1671,2043.1,25.01
2359,30.7987,2057.0,25.6
2360,30.2974,2057.92,25.75
2361,30.0892,2039.24,25.64
2362,29.8933,2065.4,26.03
2363,30.515,2029.93,26.57
2364,29.8112,2039.07,26.02
2365,30.2789,2080.51,25.84
2366,29.4893,2040.61,25.9
2367,28.9928,2081.06,25.76
2368,29.0588,2034.93,25.4
2369,29.6946,2114.81,25.35
2370,29.2532,2052.82,24.75
2371,29.1594,2068.02,24.61
2372,29.4418,2083.27,24.65
2373,29.6556,2062.22,23.94
2374,29.9852,2081.24,24.31
2375,30.2534,2093.28,23.63
2376,29.8921,2104.11,23.65
2377,29.7834,2101.02,23.93
2378,30.226,2078.02,24.19
2379,30.5731,2079.67,24.56
2380,30.3171,2143.03,24.51
2381,30.389,2108.95,24.69
2382,30.8031,2063.0,25.12
2383,30.6616,2089.33,25.08
2384,30.6161,2079.17,25.53
2385,30.2674,2084.81,25.47
2386,30.2809,2058.04,25.88
2387,29.9039,2079.0,25.94
2388,30.2671,2135.04,25.84
2389,30.1294,2104.61,26.0
2390,29.0961,2028.16,25.9
2391,29.2262,2121.1,25.94
2392,28.9448,2118.1,25.18
2393,29.1288,2081.98,25.24
2394,29.275,2108.93,24.85
2395,28.889,2069.48,24.92
2396,29.1172,2079.1,24.65
2397,29.2038,2128.15,24.39
2398,29.7122,2083.65,23.99
2399,29.8396,2043.39,24.21
2400,29.7835,2088.16,23.69
2401,30.2342,2087.33,23.69
2402,30.186,2118.74,23.88
2403,30.4135,2088.55,24.29
2404,31.1083,2077.0,24.64
2405,31.0783,2112.95,24.15
2406,30.3101,2089.07,25.26
2407,30.9251,2066.46,25.29
2408,30.8496,2113.18,25.19
2409,30.1505,2088.18,25.73
2410,30.5956,2082.39,26.08
2411,30.6426,2085.68,26.09
2412,29.6632,2053.32,26.22
2413,29.5436,2065.71,25.69
2414,29.9553,2077.74,25.78
2415,29.5865,2071.49,25.52
2416,29.5592,2106.82,25.84
2417,29.426,2079.05,25.39
2418,29.4172,2093.55,25.57
2419,28.9259,2070.93,24.65
2420,29.708,2095.57,24.36
2421,29.8559,2077.54,24.26
2422,29.5812,2066.34,24.41
2423,29.8058,2064.03,23.96
2424,29.5407,2038.83,24.02
2425,30.3354,2073.67,24.05
2426,30.5216,2058.26,24.14
2427,30.4763,2044.96,24.16
2428,30.9435,2083.4,24.47
2429,30.5759,2022.69,24.71
2430,30.8694,2041.56,25.0
2431,30.3702,2075.99,25.45
2432,30.5992,2056.34,25.85
2433,30.4427,2045.4,25.54
2434,30.4176,2051.01,25.79
2435,30.0703,2047.35,25.8
2436,29.9606,2003.08,26.04
2437,30.0666,2030.4,25.86
2438,29.519,2077.68,25.91
2439,29.0231,2018.92,25.93
2440,29.9187,2025.59,24.99
2441,29.7383,2018.16,25.36
2442,28.9123,2027.7,24.91
2443,29.5308,2013.48,24.83
2444,29.2429,2038.43,24.32
2445,29.5841,2029.42,24.53
2446,29.7383,2042.07,24.32
2447,29.7485,1994.73,24.15
2448,29.7649,2010.8,24.16
2449,29.974,2011.99,23.88
2450,30.0751,2027.39,24.01
2451,30.2454,1994.57,24.44
2452,30.5861,2035.73,24.35
2453,30.4614,2040.97,25.03
2454,30.9046,1985.1,24.94
2455,31.1223,1996.11,25.36
2456,30.4322,1993.69,25.92
2457,30.5668,2071.45,25.57
2458,30.4999,1993.6,25.88
2459,30.3228,2045.04,26.18
2460,30.0228,1970.24,26.19
2461,30.0416,1976.03,25.9
2462,29.7947,1982.52,25.76
2463,29.1337,1977.52,25.66
2464,29.6545,1991.0,25.79
2465,29.59,1979.07,25.2
2466,29.071,1975.47,25.02
2467,29.3352,2024.13,24.66
2468,29.5988,2025.05,24.64
2469,29.4422,2017.54,24.32
2470,29.9719,2006.32,23.93
2471,30.528,1995.02,23.84
2472,29.7642,1979.83,23.6
2473,29.7669,1968.04,23.87
2474,30.4411,2000.63,24.29
2475,30.7114,1961.97,24.56
2476,30.537,1966.29,24.64
2477,31.1121,2019.86,24.85
2478,30.2984,2038.52,24.97
2479,30.884,2000.87,25.41
2480,30.4245,2018.8,25.56
2481,31.0108,1985.17,26.07
2482,30.9478,1958.12,25.85
2483,29.9512,2007.18,26.23
2484,29.8351,2006.49,26.17
2485,30.0767,1994.5,26.11
2486,29.5339,1987.16,25.46
2487,29.4914,2017.86,25.89
2488,29.4014,1969.81,25.47
2489,28.7479,1975.83,25.17
2490,29.2958,1970.75,24.7
2491,29.1169,1998.92,24.74
2492,29.2458,1970.5,24.51
2493,29.9381,1981.56,24.03
2494,29.273,1982.04,23.84
2495,30.0628,1994.25,24.13
2496,29.9163,1964.72,24.17
2497,30.0972,2005.28,24.07
2498,30.5871,2035.53,24.36
2499,30.597,2009.03,24.28
2500,30.7774,2045.52,24.49
2501,30.9666,2041.74,24.56
2502,30.6006,2029.27,24.69
2503,30.4925,2013.18,25.63
2504,30.2807,2013.4,25.73
2505,30.2474,2033.49,25.43
2506,31.2347,2006.21,25.9
2507,30.5546,1970.57,25.95
2508,29.5947,2031.61,25.95
2509,29.4221,1992.73,25.88
2510,29.7946,1998.68,25.94
2511,29.6692,2024.49,25.87
2512,29.5584,2023.88,25.58
2513,29.2474,1992.76,25.23
2514,29.2624,2034.01,24.97
2515,29.4222,2055.86,24.93
2516,29.4196,2005.34,24.59
2517,28.8392,2067.21,24.31
2518,29.5811,1998.26,24.13
2519,29.5634,2092.06,24.1
2520,30.0526,2030.72,23.91
2521,31.0768,2046.51,24.2
2522,30.4602,1997.44,23.92
2523,30.4009,2045.04,24.21
2524,30.8828,2054.16,24.62
2525,30.821,2048.14,24.51
2526,30.826,2038.05,24.69
2527,30.8582,2030.28,25.27
2528,31.2232,2084.0,25.16
2529,30.1557,2058.28,25.45
2530,30.4921,2097.79,26.02
2531,29.9033,2047.83,25.92
2532,30.1667,2051.82,26.26
2533,29.5432,2084.75,25.72
2534,29.5248,2025.43,25.85
2535,29.4165,2037.27,25.79
2536,29.6865,2096.6,25.27
2537,29.5994,2041.39,25.47
2538,28.9263,2026.7,25.1
2539,29.3403,2120.33,24.42
2540,29.1809,2040.16,24.49
2541,29.1275,2080.96,24.37
2542,29.5849,2079.38,24.02
2543,29.7263,2008.63,23.74
2544,30.728,2073.41,24.06
2545,30.3111,2092.44,24.48
2546,29.9367,2091.17,24.06
2547,30.3255,2105.92,24.61
2548,30.9126,2074.61,24.35
2549,31.3027,2103.02,24.78
2550,30.2242,2068.82,25.15
2551,30.1122,2051.57,25.26
2552,31.1675,2055.1,25.44
2553,30.6119,2051.64,25.85
2554,30.0895,2114.02,26.24
2555,30.3416,2051.43,26.03
2556,29.2093,2096.6,25.9
2557,29.8198,2083.48,25.93
2558,29.7483,2087.88,26.37
2559,29.7823,2124.78,25.73
2560,29.0896,2079.9,25.38
2561,29.3496,2106.26,25.03
2562,29.0224,2091.94,24.63
2563,29.4005,2087.16,24.81
2564,29.1252,2148.36,24.63
2565,29.3826,2054.65,24.21
2566,29.3513,2122.67,24.13
2567,30.0142,2106.54,23.8
2568,30.2575,2077.76,24.03
2569,30.1108,2130.03,24.13
2570,30.3615,2042.58,24.03
2571,30.0604,2075.15,24.63
2572,30.5163,2057.33,24.33
2573,30.6611,2097.13,24.8
2574,31.4862,2058.22,25.17
2575,30.3426,2096.03,25.24
2576,31.0455,2079.64,25.46
2577,30.794,2071.35,25.42
2578,30.4342,2092.03,26.14
2579,30.7088,2074.51,25.93
2580,30.1116,2052.88,26.11
2581,29.9356,2148.93,26.1
2582,29.6341,2065.47,25.74
2583,29.8721,2020.92,25.67
2584,29.7227,2053.96,25.77
2585,29.1361,2041.93,25.04
2586,28.9042,2092.83,25.43
2587,29.263,2078.73,24.59
2588,29.1538,2079.13,24.26
2589,29.486,2058.35,24.32
2590,30.0212,2059.02,24.58
2591,29.6816,2055.09,23.65
2592,29.9872,2060.66,23.97
2593,30.1986,2081.88,24.13
2594,30.6045,2067.67,24.14
2595,29.8209,2070.02,24.37
2596,30.4242,2068.23,24.36
2597,30.7395,2076.05,24.62
2598,31.06,2059.33,24.97
2599,30.5286,2059.27,25.03
2600,30.0433,2078.17,25.49
2601,30.6809,2029.97,25.63
2602,30.1594,2023.34,25.77
2603,29.8243,2013.22,26.03
2604,29.8127,2045.57,25.64
2605,29.7635,1992.79,25.92
2606,29.4686,2048.82,26.33
2607,28.8434,2032.67,25.49
2608,29.6629,2061.91,25.76
2609,29.7063,2014.91,25.27
2610,29.4955,2024.79,24.88
2611,28.9825,2056.11,24.48
2612,29.3333,2060.84,24.53
2613,29.5031,2007.48,24.58
2614,29.8296,2027.28,24.06
2615,30.0193,2028.37,24.02
2616,29.7797,2028.65,24.2
2617,30.2058,2011.07,24.1
2618,30.4872,2048.03,23.82
2619,30.9317,1967.16,24.31
2620,30.8176,2002.31,24.8
2621,30.9129,2022.51,24.73
2622,30.7251,2021.26,24.45
2623,31.0993,2042.2,25.34
2624,30.7291,2036.95,25.46
2625,30.2366,1998.51,25.34
2626,30.771,2036.84,25.53
2627,30.3905,1985.25,26.16
2628,29.8671,2025.18,25.85
2629,29.675,2046.03,25.78
2630,29.739,2030.06,25.86
2631,29.644,2001.31,25.58
2632,29.453,1989.4,25.52
2633,29.4172,1958.58,25.22
2634,29.81,2003.72,24.76
2635,29.6453,1967.29,24.64
2636,29.451,1974.63,24.59
2637,29.7874,1964.04,24.3
2638,29.3402,1981.71,24.12
2639,29.9382,1992.0,24.42
2640,30.5428,1999.09,24.15
2641,30.1158,1976.86,24.2
2642,30.0957,2018.29,24.1
2643,30.2993,1986.11,24.34
2644,30.2793,1971.45,24.41
2645,30.4407,1996.69,24.9
2646,30.5888,2040.09,24.98
2647,30.2545,1999.41,25.3
2648,30.6109,1982.07,25.53
2649,30.7657,1953.13,25.7
2650,30.0777,1986.07,26.45
2651,30.637,1997.74,25.83
2652,30.1532,1982.56,25.86
2653,30.128,1951.07,26.1
2654,29.4526,1971.96,25.75
2655,29.7614,2030.17,25.65
2656,29.0662,2030.31,25.28
2657,29.5909,1973.01,25.36
2658,29.3516,2012.77,25.1
2659,29.4898,1967.33,24.68
2660,29.0411,2032.81,24.64
2661,29.2365,2004.79,23.92
2662,29.8292,2023.43,23.99
2663,29.5343,1957.89,24.0
2664,30.139,2018.85,23.77
2665,29.771,2002.91,23.68
2666,30.6045,2025.65,24.07
2667,30.1252,2028.52,24.43
2668,30.7719,2008.64,24.76
2669,30.8638,1993.36,24.63
2670,30.491,2029.32,25.15
2671,30.8508,2009.81,25.39
2672,30.6844,1991.01,25.74
2673,30.3333,1991.39,25.64
2674,30.0474,1979.07,25.51
2675,29.5924,2004.88,25.98
2676,30.1049,2046.87,25.8
2677,29.3494,2025.45,25.82
2678,29.6786,2009.49,25.81
2679,29.426,2044.61,25.64
2680,29.5975,2005.45,25.53
2681,29.2332,2030.44,25.4
2682,29.2012,2025.38,24.93
2683,29.5434,2051.18,24.82
2684,29.4943,1994.12,24.5
2685,29.5999,2014.15,24.48
2686,29.7908,1996.31,24.1
2687,29.3582,2032.64,24.02
2688,30.227,2071.29,23.93
2689,30.3649,2030.23,24.0
2690,30.045,2031.97,23.98
2691,30.4218,2068.39,24.12
2692,30.5944,2075.17,24.66
2693,30.6358,2048.08,24.52
2694,30.8002,2069.24,24.94
2695,31.1056,2027.02,25.46
2696,30.9307,2090.19,25.43
2697,30.1013,2111.23,25.87
2698,30.5366,2072.3,25.75
2699,30.5799,2008.89,25.76
2700,30.116,2048.74,25.68
2701,30.1461,2079.68,26.23
2702,30.2537,2055.46,25.64
2703,29.8121,2099.41,25.86
2704,29.4686,2083.87,25.3
2705,29.6374,2053.03,25.52
2706,29.3435,2072.98,25.44
2707,29.331,2051.27,24.4
2708,29.2884,2070.44,24.28
2709,29.974,2062.49,24.45
2710,29.4045,2107.02,24.24
2711,30.2785,2131.8,24.19
2712,30.15,2044.31,23.89
2713,29.7614,2033.15,24.43
2714,30.4603,2076.18,24.16
2715,29.865,2045.38,24.05
2716,30.7939,2085.46,24.45
2717,30.9417,2103.93,24.5
2718,30.5223,2123.4,25.32
2719,30.7132,2091.86,25.13
2720,31.1925,2082.71,25.6
2721,30.3433,2038.73,25.61
2722,30.0323,2089.43,25.74
2723,30.6257,2091.08,25.58
2724,30.5888,2105.72,26.12
2725,29.8199,2072.42,26.23
2726,29.9534,2079.57,25.68
2727,29.9075,2053.74,25.4
2728,29.171,2033.58,25.66
2729,29.1783,2063.25,24.93
2730,29.6693,2051.74,25.24
2731,29.8294,2099.38,24.56
2732,29.5626,2077.91,24.28
2733,29.2411,2077.23,24.34
2734,30.2461,2065.83,23.93
2735,29.6595,2009.31,23.89
2736,29.8995,2127.45,24.07
2737,30.2839,2064.29,23.55
2738,30.8162,2078.47,24.46
2739,30.7512,2051.82,24.3
2740,30.7307,2111.84,24.24
2741,30.8151,2090.41,24.54
2742,30.7131,2065.39,25.2
2743,30.8436,2075.4,25.38
2744,29.8473,2126.26,25.78
2745,30.406,2081.51,25.57
2746,30.4224,2077.77,25.93
2747,29.8359,2057.7,26.05
2748,30.1159,2032.73,26.14
2749,29.7575,2074.9,26.19
2750,30.1766,2085.79,25.72
2751,29.9769,2103.84,25.68
2752,29.254,2018.8,25.38
2753,29.2786,2045.49,25.25
2754,29.2778,2057.66,25.14
2755,29.1884,2070.6,24.41
2756,29.4523,2065.54,24.72
2757,29.2775,2064.56,24.07
2758,29.3108,2076.2,24.07
2759,30.0056,2041.78,24.28
2760,30.1889,2086.05,24.07
2761,29.9399,2071.83,24.1
2762,30.6186,2051.27,23.9
2763,30.3055,2097.54,24.08
2764,30.6822,2094.65,24.69
2765,30.9223,2077.26,24.62
2766,30.6899,1976.66,24.9
2767,30.8126,2089.77,25.45
2768,30.4513,2068.32,25.29
2769,30.436,2096.76,25.76
2770,30.2882,2075.67,25.87
2771,29.9572,2082.33,25.97
2772,29.947,2062.97,25.9
2773,29.3542,2072.85,25.85
2774,29.5027,2087.12,25.65
2775,29.4196,2040.82,25.8
2776,29.3169,1994.24,25.37
2777,29.2514,2024.02,25.45
2778,29.2815,2039.62,24.96
2779,29.4677,2029.93,24.53
2780,29.6561,1995.1,24.45
2781,29.3101,1983.71,24.21
2782,29.289,2004.2,24.34
2783,29.5062,2041.2,23.96
2784,29.8538,2058.81,23.94
2785,30.0756,2040.55,24.32
2786,30.119,2042.44,24.24
2787,30.1061,2012.38,24.63
2788,30.4694,1969.28,24.75
2789,30.7306,1999.93,24.56
2790,30.8785,2003.36,25.2
2791,30.5089,1995.96,25.56
2792,30.4823,2008.36,25.81
2793,30.217,2016.68,25.9
2794,30.3406,2025.67,26.06
2795,29.9266,1996.15,25.91
2796,30.1719,1954.31,25.83
2797,29.2831,1988.7,25.9
2798,29.5421,2000.78,25.53
2799,29.5954,2029.23,25.98
2800,29.4489,1983.5,25.44
2801,30.1318,2009.61,25.52
2802,29.4049,2003.2,24.75
2803,29.0226,1996.27,24.96
2804,29.3651,2017.72,24.4
2805,28.9722,1977.28,24.04
2806,29.6258,1978.84,24.46
2807,29.5689,1992.41,24.26
2808,30.2746,1976.25,24.04
2809,30.0163,2004.57,24.04
2810,30.315,1973.73,24.22
2811,30.3043,1996.97,24.33
2812,31.1279,1988.64,24.34
2813,30.5798,1996.41,24.66
2814,31.2498,1979.51,25.39
2815,30.9204,1982.56,25.79
2816,30.7508,1993.54,25.81
2817,30.6056,1996.37,25.8
2818,30.4681,1991.45,25.8
2819,29.6029,2034.51,25.81
2820,29.9163,1967.49,25.85
2821,30.0724,1991.1,25.86
2822,29.6353,1953.88,26.3
2823,29.0835,2003.11,26.07
2824,29.3781,1966.58,25.65
2825,29.8351,1988.21,25.07
2826,29.6741,1986.65,25.18
2827,29.3053,2003.82,24.69
2828,29.6792,1983.88,24.07
2829,29.3951,1983.78,24.35
2830,29.1388,2035.58,23.97
2831,29.5415,2007.88,23.87
2832,30.4689,1987.88,23.95
2833,30.099,1996.83,23.93
2834,30.277,2045.48,24.13
2835,30.405,1999.77,24.28
2836,31.1775,1989.76,24.12
2837,31.1639,1991.26,25.05
2838,31.3656,1996.1,24.8
2839,30.6284,1996.45,25.07
2840,30.6949,1980.84,25.43
2841,30.04,1986.29,25.69
2842,30.7931,1995.27,26.16
2843,29.8308,2032.43,26.02
2844,30.065,2009.77,26.11
2845,29.4896,2015.83,26.02
2846,29.4733,2054.49,25.91
2847,29.2538,2056.86,25.77
2848,29.2114,2019.21,25.11
2849,29.1621,2012.29,25.21
2850,29.1355,2008.26,25.23
2851,29.5739,2049.02,25.53
2852,29.0623,2028.43,24.26
2853,29.5712,2025.74,24.38
2854,30.0154,2016.92,24.02
2855,29.6649,2019.89,24.44
2856,29.7846,2049.0,23.73
2857,30.112,2009.98,24.16
2858,30.7039,2069.61,23.85
2859,30.5532,2033.25,24.23
2860,30.4469,2044.71,24.49
2861,30.8213,2016.87,24.96
2862,30.3693,2051.82,24.78
2863,30.8806,2045.73,25.39
2864,30.7288,2054.49,25.5
2865,30.4026,2094.31,25.76
2866,30.0984,2063.71,26.06
2867,29.9152,2041.13,25.71
2868,30.1604,2044.91,26.16
2869,30.1875,2079.24,25.85
2870,29.4588,2098.47,26.09
2871,29.6425,2074.65,25.77
2872,28.7677,2086.38,25.46
2873,29.1485,2085.93,25.14
2874,29.2907,2107.65,25.16
2875,29.0509,2024.87,24.99
2876,29.1128,2091.69,24.39
2877,29.3047,2100.95,24.07
2878,29.7377,2044.18,24.27
2879,29.7626,2056.76,23.74
2880,29.3285,2058.82,23.74
2881,29.545,2063.01,23.82
2882,30.1679,2070.27,24.05
2883,30.6323,2089.4,24.03
2884,29.782,2105.94,24.11
2885,30.5262,2112.24,24.51
2886,30.5421,2065.1,25.13
2887,31.0926,2065.71,25.0
2888,30.4907,2120.44,25.43
2889,30.6099,2104.36,26.1
2890,30.3924,2090.85,25.86
2891,29.542,2101.13,26.03
2892,30.2305,2089.0,25.81
2893,29.8834,2103.24,26.4
2894,29.8025,2082.04,25.76
2895,30.6829,2097.41,25.66
2896,28.7685,2053.1,25.76
2897,29.8413,2073.77,25.22
2898,29.2138,2074.07,25.01
2899,29.4101,2081.61,24.68
2900,29.3801,2067.7,24.45
2901,29.3778,2077.35,24.37
2902,29.4791,2052.58,24.24
2903,29.9177,2103.85,23.91
2904,29.5448,2087.68,23.85
2905,30.4063,2046.67,23.91
2906,30.2251,2067.91,23.85
2907,30.156,2096.61,23.97
2908,30.4712,2073.97,24.56
2909,31.0533,2069.4,24.93
2910,30.5394,2084.18,25.17
2911,30.7837,2093.8,24.78
2912,30.3869,2048.39,25.45
2913,30.7224,2097.09,25.49
2914,30.5557,2062.3,25.89
2915,30.7358,2080.78,25.88
2916,29.9473,2079.21,26.12
2917,30.0194,2065.72,25.96
2918,29.6794,2052.06,25.49
2919,29.8938,2069.21,25.51
2920,29.1781,2115.64,25.5
2921,29.5474,2039.57,25.28
2922,29.2416,2114.48,24.72
2923,29.3046,2064.2,24.43
2924,29.4213,2070.05,24.51
2925,29.5807,2040.43,24.01
2926,29.6151,2046.72,23.8
2927,29.8832,2051.79,23.95
2928,30.4734,2036.55,23.9
2929,30.4768,2055.77,23.86
2930,30.6107,2049.09,23.99
2931,30.3583,2103.78,24.3
2932,30.3394,2026.59,24.36
2933,30.9627,2056.51,24.76
2934,30.9628,2058.32,24.92
2935,31.1179,2023.54,25.29
2936,30.425,2065.62,25.68
2937,30.4261,2036.64,25.87
2938,29.8582,1982.43,26.12
2939,30.0634,2059.37,26.13
2940,30.299,2013.08,26.05
2941,29.6789,2012.94,25.88
2942,29.8421,2054.46,25.79
2943,29.4479,2026.72,25.53
2944,29.491,2056.49,25.5
2945,28.9795,2061.96,25.4
2946,29.3256,2013.75,24.85
2947,28.4265,2047.89,24.73
2948,29.3377,2007.38,24.36
2949,29.0159,2080.31,24.33
2950,30.0118,2005.41,24.02
2951,30.052,2046.66,23.89
2952,30.14,2040.4,23.86
2953,30.6375,2025.54,24.13
2954,30.0653,1999.24,24.11
2955,31.0192,2010.61,24.21
2956,30.8859,1958.99,24.55
2957,30.6052,2016.92,24.66
2958,31.0407,2018.57,25.23
2959,30.3443,2011.72,25.06
2960,30.3589,1932.66,25.46
2961,30.3124,1974.0,25.43
2962,30.1913,1985.65,25.8
2963,29.8642,2010.39,25.63
2964,30.3669,2009.14,26.15
2965,29.7412,1996.51,26.12
2966,29.7558,2015.57,26.02
2967,29.3339,1973.01,25.71
2968,28.8476,2012.95,25.32
2969,29.4049,2008.66,25.1
2970,28.7263,2005.39,25.31
2971,29.3033,1990.62,25.03
2972,28.9833,2040.22,24.52
2973,30.1012,2006.14,24.19
2974,29.9234,1969.01,24.41
2975,29.8506,1998.91,23.9
2976,30.3791,2011.07,24.05
2977,29.9273,1977.17,24.3
2978,30.513,2018.79,23.97
2979,30.5549,2000.87,24.46
2980,30.6854,1932.58,24.6
2981,31.0579,1998.53,24.73
2982,30.9197,1980.85,24.8
2983,30.7628,2004.46,25.11
2984,30.1098,2014.75,25.56
2985,30.207,1996.19,25.42
2986,30.3132,2033.19,25.89
2987,30.2092,1987.4,26.07
2988,29.6609,2007.87,26.2
2989,30.5423,2012.83,25.69
2990,30.1049,1990.79,26.13
2991,29.6857,2013.28,26.05
2992,29.4154,1979.59,25.58
2993,29.2602,1984.61,25.05
2994,29.0144,1963.14,24.93
2995,29.3471,2002.83,24.73
2996,29.4711,2005.83,24.55
2997,29.1325,2028.15,24.3
2998,29.7503,2019.47,24.19
2999,29.7722,1993.65,24.02
3000,29.4277,1972.45,24.05
3001,29.9231,2013.92,23.94
3002,30.2259,2032.12,24.07
3003,31.0613,2024.52,24.18
3004,30.7732,2034.1,24.88
3005,30.2755,2003.09,25.03
3006,30.8458,1998.16,25.11
3007,30.212,1992.89,25.52
3008,30.931,2011.44,25.66
3009,30.3536,2012.43,25.74
3010,30.3219,2021.17,25.56
3011,30.5789,2014.4,25.91
3012,29.6139,2015.97,25.93
3013,29.3997,2001.59,25.74
3014,29.4749,2046.27,25.57
3015,29.8165,2026.4,25.81
3016,28.938,2021.9,25.56
3017,28.4742,2009.37,25.03
3018,29.1647,1996.58,24.85
3019,29.4894,2064.4,24.97
3020,29.7539,2047.41,24.32
3021,29.3661,1994.8,24.33
3022,29.5266,2056.34,24.1
3023,30.165,2062.19,24.14
3024,29.4391,2044.11,23.83
3025,30.0646,2082.82,24.05
3026,30.4071,2050.15,24.17
3027,30.6297,2011.18,24.34
3028,30.4533,2057.58,24.52
3029,30.6865,2056.42,24.81
3030,29.9535,2037.04,25.44
3031,30.4787,2068.28,25.77
3032,30.7423,2014.05,25.37
3033,30.2003,2082.28,25.24
3034,30.3677,2037.31,25.99
3035,30.3152,2036.37,26.0
3036,29.8972,2059.85,26.21
3037,29.87,2075.19,26.02
3038,29.3612,2070.1,25.88
3039,29.443,2049.04,25.93
3040,29.5768,2056.51,25.75
3041,29.3709,2042.36,24.98
3042,29.124,2066.56,24.84
3043,29.3911,2100.49,24.72
3044,29.6082,2074.9,24.52
3045,28.89,2097.84,24.25
3046,29.9977,2114.04,24.22
3047,29.718,2064.2,24.23
3048,30.1276,2075.43,24.34
3049,30.5403,2135.51,24.15
3050,29.9385,2118.42,23.96
3051,30.2821,2041.53,24.26
3052,30.5197,2093.98,24.48
3053,30.441,2085.22,24.84
3054,31.2205,2106.71,25.08
3055,30.4191,2068.2,25.67
3056,30.4396,2066.55,25.41
3057,30.5563,2071.29,25.78
3058,29.9894,2074.48,26.34
3059,30.0625,2109.68,25.85
3060,30.0952,2060.22,26.03
3061,29.719,2074.56,25.78
3062,29.622,2045.72,25.88
3063,29.3462,2115.86,25.55
3064,28.9394,2122.64,25.71
3065,29.4203,2082.79,25.29
3066,29.8265,2083.55,24.81
3067,29.3294,2102.3,24.91
3068,29.4614,2127.72,24.54
3069,29.7128,2100.9,24.48
3070,29.2692,2073.0,23.9
3071,30.3296,2049.66,24.11
3072,30.0607,2061.87,24.15
3073,30.6707,2091.13,23.95
3074,30.1301,2072.4,23.88
3075,31.0404,2093.07,24.28
3076,30.8388,2073.72,24.75
3077,30.8421,2060.37,24.97
3078,30.7702,2056.62,24.91
3079,30.6016,2124.26,25.0
3080,30.9664,2106.53,25.41
3081,30.5371,2126.6,25.61
3082,29.7599,2095.81,25.96
3083,29.846,2070.48,25.94
3084,29.9442,2113.18,25.85
3085,29.9118,2078.07,26.19
3086,29.633,2083.17,25.89
3087,29.8707,2075.28,25.79
3088,28.8085,2001.34,25.16
3089,29.3669,2113.73,24.77
3090,28.7546,2084.45,24.71
3091,29.5518,2078.94,24.65
3092,29.3654,2067.62,24.62
3093,29.6309,2071.69,23.82
3094,29.3908,2051.07,24.45
3095,30.2027,2079.78,24.07
3096,30.3125,2030.02,24.27
3097,30.3562,2065.65,23.86
3098,30.3111,2073.31,24.23
3099,30.6689,2052.55,24.31
3100,30.3942,2065.01,24.66
3101,30.9328,2029.16,24.69
3102,31.1948,2027.98,25.09
3103,30.9973,2056.21,25.48
3104,30.3873,2065.42,25.37
3105,30.6034,1999.73,25.76
3106,29.9621,2057.79,25.49
3107,30.3529,2029.29,26.11
3108,30.1352,2036.18,26.39
3109,29.2579,2005.64,25.72
3110,29.3015,2015.97,25.85
3111,29.4201,2059.55,25.88
3112,29.3035,2034.37,25.51
3113,28.961,2022.13,25.29
3114,29.4167,2026.96,24.92
3115,29.3993,2040.29,24.66
3116,29.3355,2037.27,24.48
3117,29.2783,2022.61,24.3
3118,29.9646,2050.06,23.9
3119,30.3154,2045.27,24.02
3120,29.8549,2029.64,24.31
3121,29.9975,2019.0,23.95
3122,30.4974,2032.43,23.89
3123,30.3876,2022.26,24.26
3124,30.5644,2039.35,24.36
3125,30.898,2033.8,24.47
3126,30.1272,1984.37,25.03
3127,31.0716,1981.24,25.12
3128,30.628,1989.46,25.38
3129,30.3715,2030.05,25.74
3130,30.3232,1964.94,25.56
3131,30.1699,2012.97,25.62
3132,29.4806,2010.97,26.13
3133,30.2673,2029.84,25.58
3134,29.6624,2004.2,25.67
3135,29.6379,1965.08,25.35
3136,29.6792,1973.71,25.4
3137,29.0175,1967.24,25.34
3138,29.442,1982.5,25.02
3139,29.2436,1990.6,25.22
3140,29.6478,1965.32,24.72
3141,28.8669,2030.57,24.11
3142,29.6203,1960.09,23.89
3143,29.638,2026.36,24.58
3144,30.1297,2021.88,24.21
3145,30.3222,2014.33,24.15
3146,30.1377,1974.21,24.15
3147,30.2813,1999.88,24.35
3148,30.573,1959.21,24.2
3149,30.4072,2013.81,24.77
3150,30.9526,1989.15,25.01
3151,30.5654,1980.8,25.08
3152,29.7341,1960.55,25.39
3153,30.3825,1929.38,26.01
3154,30.0384,1965.59,25.84
3155,29.6918,2019.69,26.38
3156,29.6288,1982.18,25.65
3157,29.8516,1988.47,25.86
3158,30.0486,2009.61,25.56
3159,29.599,2038.95,25.47
3160,29.2118,2027.58,25.33
3161,29.4606,1970.86,25.32
3162,29.1623,1947.39,25.05
3163,29.1155,2055.78,24.61
3164,29.0475,2054.42,24.05
3165,28.9795,2003.38,24.59
3166,29.533,1967.93,24.08
3167,29.8662,2024.85,23.81
3168,29.971,1999.21,24.05
3169,30.0564,2000.28,24.07
3170,30.0663,2026.71,24.07
3171,30.6774,2014.0,24.32
3172,30.2111,1977.35,24.27
3173,30.909,2000.27,24.89
3174,30.3993,2026.35,24.8
3175,30.4504,2024.07,25.14
3176,30.1662,2019.38,25.63
3177,30.3446,2037.73,25.95
3178,30.6426,2006.96,26.18
3179,30.3359,2022.1,26.18
3180,30.2935,1934.92,25.94
3181,29.9755,2009.76,25.66
3182,29.3189,2041.83,26.15
3183,29.4058,2014.73,25.98
3184,29.1597,2014.61,25.37
3185,29.723,2002.02,25.44
3186,28.941,2054.96,24.93
3187,29.592,2045.42,25.04
3188,29.6617,2054.18,24.4
3189,30.0539,1992.25,24.69
3190,29.5271,2033.25,24.29
3191,30.0325,2032.13,24.39
3192,30.6845,2033.99,23.91
3193,29.9959,2027.47,24.12
3194,29.8895,2036.08,23.94
3195,29.931,2067.84,24.46
3196,30.82,2000.63,24.68
3197,30.1112,2094.73,25.22
3198,30.5883,2064.22,25.1
3199,30.8073,2052.88,25.4
3200,30.6618,2078.41,25.41
3201,30.6226,2021.22,25.82
3202,30.4167,2042.65,25.79
3203,30.5648,2057.97,25.99
3204,29.7143,2096.83,26.03
3205,29.6157,2063.2,25.9
3206,29.4182,2077.25,25.88
3207,29.7541,2052.86,25.63
3208,29.6639,2081.34,25.42
3209,29.4592,2112.62,25.47
3210,29.655,2097.06,25.04
3211,28.9704,2071.58,24.81
3212,29.8939,2091.9,24.21
3213,29.962,2090.79,24.38
3214,29.8707,2090.32,24.24
3215,30.3534,2106.7,23.95
3216,29.503,2107.7,24.42
3217,30.0238,2078.05,23.58
3218,30.1294,2098.36,24.29
3219,30.7114,2073.76,24.44
3220,30.2912,2061.22,24.61
3221,30.9034,2078.47,24.78
3222,31.1112,2084.14,25.11
3223,30.8847,2045.29,25.43
3224,30.6913,2109.05,25.35
3225,30.1986,2019.01,25.77
3226,30.0959,2156.65,25.83
3227,30.5561,2126.84,25.75
3228,30.2338,2083.22,26.14
3229,29.8071,2090.36,25.85
3230,29.5246,2098.02,25.57
3231,28.8973,2075.96,25.6
3232,29.0725,2095.68,25.34
3233,29.8973,2087.37,25.46
3234,28.9159,2088.64,25.03
3235,29.3807,2095.5,25.02
3236,29.696,2058.02,24.37
3237,29.1285,2091.67,24.47
3238,29.7054,2094.53,24.7
3239,30.1002,2093.35,24.11
3240,30.0037,2084.35,24.17
3241,31.0417,2117.74,24.17
3242,29.8494,2079.94,23.85
3243,30.8126,2093.88,24.41
3244,30.5544,2119.98,24.56
3245,30.9077,2084.84,24.69
3246,30.8324,2091.41,24.82
3247,30.4562,2082.8,25.4
3248,30.6749,2115.24,25.31
3249,29.9376,2076.89,26.13
3250,30.531,2114.4,25.89
3251,30.2706,2078.64,25.72
3252,30.1916,2058.61,25.9
3253,30.1363,2095.88,25.91
3254,29.7603,2070.04,26.35
3255,29.5495,2091.87,25.53
3256,29.1295,2006.77,25.48
3257,29.1102,2073.74,25.15
3258,29.656,2060.68,25.1
3259,29.7548,2044.11,24.64
3260,29.3223,2055.33,24.27
3261,29.5188,2053.26,24.25
3262,29.3786,2064.8,24.07
3263,30.1707,2030.18,23.92
3264,30.1996,2070.6,23.89
3265,30.7635,2095.15,24.27
3266,30.0865,2066.29,24.07
3267,30.3816,2077.74,24.07
3268,30.6757,2083.1,24.41
3269,30.8701,2084.85,24.75
3270,30.6353,2098.88,24.73
3271,30.4143,2037.82,25.58
3272,30.8706,2030.49,25.67
3273,30.7113,2066.18,25.99
3274,30.0751,2062.44,25.94
3275,30.5878,2062.26,25.55
3276,30.3511,2088.23,26.31
3277,29.8591,2039.41,25.79
3278,29.6739,2047.92,25.71
3279,29.6712,2010.89,25.74
3280,29.1353,2086.93,25.78
3281,29.3329,2023.29,25.47
3282,28.6543,2022.17,25.18
3283,29.5868,2019.39,24.68
3284,28.9253,2010.14,24.43
3285,29.9561,2006.25,24.36
3286,29.551,2009.64,24.11
3287,29.7553,1986.86,24.21
3288,29.8117,1999.67,24.17
3289,30.0948,2066.36,24.15
3290,30.7756,2034.39,23.63
3291,29.7486,2037.55,24.32
3292,30.9893,2042.26,24.48
3293,30.7776,2057.16,24.77
3294,30.3379,1965.54,24.85
3295,30.3536,1977.64,24.99
3296,31.1091,1986.9,25.59
3297,30.2113,1993.9,25.64
3298,30.004,1996.83,25.98
3299,30.5224,1991.93,25.83
3300,30.1016,2007.39,26.28
3301,29.5374,2001.65,26.17
3302,29.715,1981.62,25.93
3303,29.1973,1944.28,25.66
3304,29.724,1972.88,25.67
3305,29.6423,1983.06,25.34
3306,29.4596,1989.77,25.05
3307,29.4324,1966.93,24.95
3308,29.9221,1982.19,24.79
3309,29.5049,1965.53,24.04
3310,29.2954,1990.08,23.92
3311,29.9537,1965.88,23.88
3312,30.6258,1971.03,23.7
3313,29.8767,1959.15,24.02
3314,30.2416,1987.72,24.25
3315,30.6199,1969.65,24.29
3316,30.59,2013.81,24.39
3317,30.3815,2001.18,24.97
3318,31.0366,1989.25,25.03
3319,31.3722,1971.1,25.33
3320,30.6651,2000.65,25.73
3321,30.2238,2008.58,25.68
3322,29.8853,1995.13,26.28
3323,30.2586,2031.96,25.88
3324,30.3312,2003.74,26.4
3325,29.9614,2015.54,25.77
3326,29.6493,1996.56,25.97
3327,29.3282,2010.7,25.58
3328,29.0661,1974.54,25.72
3329,29.5743,1983.71,25.16
3330,29.5741,2004.69,25.06
3331,28.8601,2005.35,24.61
3332,29.8707,2010.39,24.69
3333,29.6772,2026.17,24.16
3334,30.0699,1964.06,24.47
3335,29.4162,1976.41,23.83
3336,29.5903,2007.65,23.73
3337,30.1365,1984.99,24.22
3338,30.5008,2088.79,24.02
3339,31.0339,2018.54,24.29
3340,30.818,2005.03,24.44
3341,30.6033,1995.5,24.48
3342,30.3921,1997.82,24.98
3343,31.0451,2012.06,25.51
3344,30.3168,2015.63,25.7
3345,30.9835,2002.98,25.75
3346,30.2647,2009.17,26.09
3347,30.6583,2051.24,25.75
3348,30.2037,2053.92,25.93
3349,29.7777,2027.31,26.05
3350,29.4942,1989.2,25.84
3351,29.4028,2037.95,25.66
3352,29.5223,2065.12,25.26
3353,29.347,2062.3,24.84
3354,29.1219,2048.23,25.16
3355,29.2742,2067.26,24.79
3356,29.4174,2034.88,24.68
3357,28.8664,2051.1,24.21
3358,29.7875,2020.24,23.99
3359,29.5249,2046.44,24.04
3360,29.654,2074.24,24.17
3361,29.675,2028.13,23.99
3362,29.8118,2023.2,24.29
3363,30.0883,2049.04,24.09
3364,30.3935,2042.79,24.47
3365,31.2621,2066.52,24.73
3366,30.5422,2040.79,25.25
3367,30.7295,2096.9,25.3
3368,30.7264,2023.5,25.85
3369,30.5343,2088.86,25.44
3370,30.3268,2040.15,25.89
3371,29.8226,2016.1,26.0
3372,30.4353,2068.64,26.12
3373,30.361,2058.0,25.8
3374,29.1452,2038.26,26.2
3375,29.1978,2025.57,25.71
3376,29.3098,2068.96,25.28
3377,29.0345,2095.09,25.26
3378,29.4518,2086.8,24.94
3379,29.1054,2075.03,25.3
3380,30.0433,2086.98,24.71
3381,29.8622,2075.67,24.3
3382,29.7138,2041.91,24.11
3383,30.1269,2043.38,24.22
3384,30.3318,2075.01,24.2
3385,30.012,2077.21,23.45
3386,30.1051,2103.59,24.26
3387,30.5184,2102.27,24.3
3388,30.8647,2099.43,24.24
3389,30.7179,2078.2,24.92
3390,30.2269,2051.53,25.45
3391,30.4353,2097.13,25.37
3392,30.584,2100.67,25.72
3393,30.4723,2028.48,26.07
3394,30.9418,2067.92,25.7
3395,29.7654,2072.02,25.59
3396,30.1517,2092.71,26.13
3397,30.2656,2070.04,25.92
3398,30.3314,2089.49,25.59
3399,29.3837,2085.42,25.69
3400,29.5412,2086.88,25.65
3401,29.4948,2073.06,25.23
3402,29.3586,2075.03,24.84
3403,29.2942,2063.96,24.7
3404,29.5246,2100.36,24.5
3405,28.7454,2104.96,23.91
3406,29.8546,2071.18,24.11
3407,29.8567,2128.14,23.77
3408,29.9333,2081.88,24.13
3409,30.7952,2127.55,23.72
3410,30.1475,2072.73,24.34
3411,30.3741,2037.53,24.21
3412,31.2037,2097.6,24.39
3413,30.4265,2093.04,24.8
3414,30.535,2086.91,24.83
3415,30.632,2069.15,25.31
3416,30.8584,2083.44,25.35
3417,30.5573,2070.55,25.6
3418,29.9622,2074.75,25.95
3419,30.0215,2102.27,25.74
3420,29.8178,2084.7,25.75
3421,29.7957,2094.15,26.02
3422,29.7778,2071.86,25.86
3423,29.6305,2067.8,25.74
3424,28.861,2046.17,25.57
3425,29.643,2064.36,25.27
3426,29.3758,1989.15,25.12
3427,29.7392,2055.94,24.76
3428,29.527,2067.12,24.1
3429,29.8354,2081.69,23.94
3430,29.79,2059.28,24.52
3431,30.2227,2073.06,24.03
3432,30.1567,2008.2,24.19
3433,30.1518,2059.57,23.96
3434,31.0317,2017.28,24.12
3435,30.7617,2027.31,24.2
3436,30.7783,2051.06,24.99
3437,30.2933,2085.85,24.79
3438,30.3135,2061.41,24.89
3439,30.764,2050.75,24.93
3440,30.6499,2047.96,25.89
3441,30.3107,2028.76,25.67
3442,30.3923,2031.14,26.01
3443,30.6578,2053.55,26.14
3444,30.2086,2006.37,25.91
3445,29.4765,2053.96,26.1
3446,29.6165,2027.55,25.75
3447,29.2635,2056.04,25.51
3448,29.2775,2057.58,25.73
3449,29.1998,1989.88,25.23
3450,29.1567,2015.33,25.1
3451,28.9473,2006.67,24.82
3452,29.3555,1980.94,24.63
3453,29.3368,1998.67,23.98
3454,28.7712,2083.76,24.02
3455,30.4347,2036.24,23.97
3456,30.3266,2067.24,23.83
3457,30.0683,2038.36,24.12
3458,30.3556,1997.45,24.37
3459,30.1435,2004.85,24.56
3460,31.1149,2027.54,24.43
3461,31.2453,2022.25,24.8
3462,30.747,1995.39,25.09
3463,30.9832,1970.64,25.38
3464,30.6588,2089.19,25.32
3465,30.094,2002.12,26.07
3466,30.2265,1996.2,26.05
3467,30.2208,2005.93,26.16
3468,29.8636,1995.84,26.24
3469,29.7532,2003.84,26.07
3470,29.6226,2031.86,25.66
3471,29.4808,1995.55,25.68
3472,29.4095,1968.63,25.17
3473,29.0057,1992.75,25.34
3474,29.0849,1984.34,24.97
3475,28.9385,2030.77,24.73
3476,29.6871,2023.73,24.74
3477,28.8733,1996.49,24.2
3478,29.9961,1961.25,24.08
3479,30.2347,1962.06,24.04
3480,29.9093,1992.63,23.63
3481,29.4002,2000.28,23.98
3482,30.2416,1982.19,23.64
3483,30.4757,1979.31,24.18
3484,30.303,1976.32,24.67
3485,30.5216,1990.45,24.83
3486,31.1591,1931.43,24.88
3487,30.8756,1963.5,25.27
3488,30.3288,1975.46,25.29
3489,30.0157,2021.5,25.71
3490,30.2519,1971.21,26.45
3491,30.1171,1996.38,26.34
3492,30.1489,1997.92,26.01
3493,29.6582,2025.15,26.0
3494,29.8034,2024.79,25.67
3495,30.0856,1992.37,25.55
3496,29.6384,1982.57,25.57
3497,29.3094,1978.58,25.15
3498,29.2451,1989.92,25.18
3499,29.2168,1985.94,25.06
3500,29.748,2011.54,24.57
3501,29.3168,2009.17,24.31
3502,29.6636,2014.48,23.8
3503,29.8342,2032.25,24.18
3504,29.8495,2048.48,23.77
3505,29.7694,2006.22,23.95
3506,30.4469,2031.83,24.33
3507,30.4767,1996.85,24.5
3508,30.7563,2036.62,24.41
3509,30.5161,2034.92,24.66
3510,31.0662,2035.04,24.86
3511,30.4131,2013.66,25.02
3512,31.1198,1996.13,25.37
3513,29.9707,1979.54,25.38
3514,30.4804,2015.0,26.0
3515,30.3238,2055.96,26.04
3516,29.7613,2011.56,26.11
3517,29.9461,2040.63,25.78
3518,30.0339,2043.83,25.63
3519,28.84,2017.39,25.72
3520,29.5446,2059.17,25.51
3521,28.5759,1955.34,25.23
3522,29.0103,1999.31,24.94
3523,29.8126,2008.81,25.08
3524,29.2192,2013.06,24.59
3525,29.1529,2043.81,24.69
3526,29.5906,2044.51,24.39
3527,30.4392,2048.98,24.37
3528,29.4505,2055.9,23.79
3529,29.8658,2019.12,24.15
3530,30.7992,2014.28,24.05
3531,31.0523,2056.51,23.96
3532,30.5752,2032.7,24.8
3533,30.3044,2011.03,24.68
3534,31.3288,2076.41,24.79
3535,31.1545,2088.82,25.18
3536,30.8099,2094.67,25.34
3537,30.2513,2062.19,25.57
3538,30.3353,2074.92,25.82
3539,30.1331,2095.24,26.31
3540,30.0993,2046.66,25.87
3541,30.2541,2092.13,26.3
3542,29.9138,2072.88,26.04
3543,29.1818,2090.44,25.79
3544,29.8067,2073.82,25.65
3545,29.4178,2103.1,25.26
3546,29.5061,2077.76,25.26
3547,29.7638,2036.51,24.85
3548,29.0603,2111.31,24.17
3549,29.4943,2052.67,24.35
3550,29.4906,2108.98,24.29
3551,29.3485,2076.64,23.98
3552,30.104,2109.49,24.03
3553,30.9346,2109.6,23.91
3554,29.798,2093.07,23.86
3555,30.4853,2096.05,23.98
3556,30.7984,2094.87,24.19
3557,30.7131,2034.86,24.87
3558,30.6661,2089.01,24.5
3559,30.2864,2058.93,25.13
3560,30.6761,2091.82,25.35
3561,30.2679,2059.62,25.65
3562,29.693,2059.15,25.49
3563,30.5396,2129.42,26.05
3564,30.2875,2116.48,25.75
3565,29.8343,2090.02,26.19
3566,29.7187,2095.06,25.74
3567,29.8273,2084.49,25.69
3568,29.4611,2105.11,25.5
3569,29.5951,2074.06,25.31
3570,29.2108,2115.84,25.01
3571,29.7174,2084.64,24.66
3572,29.49,2080.36,24.57
3573,29.5632,2091.23,24.39
3574,29.269,2075.66,23.98
3575,29.9049,2098.35,24.12
3576,29.7504,2076.31,24.24
3577,29.9897,2101.01,24.18
3578,30.1054,2119.18,24.32
3579,30.1751,2070.21,24.33
3580,31.2436,2084.28,24.31
3581,31.0755,2098.36,24.58
3582,31.2761,2075.15,25.06
3583,30.3093,2096.81,25.45
3584,30.6276,2098.19,26.06
3585,30.1069,2110.42,25.9
3586,30.1413,2067.16,25.63
3587,29.9057,2057.66,25.81
3588,30.3719,2072.4,26.46
3589,29.7,2054.7,25.92
3590,29.9705,2091.77,25.88
3591,29.6863,2047.31,25.52
3592,30.0849,2133.33,25.81
3593,28.88,2106.01,25.36
3594,29.6778,2072.49,24.85
3595,29.6678,2092.38,24.54
3596,29.1018,2028.25,24.56
3597,29.8072,2130.69,24.3
3598,29.7508,2051.24,24.3
3599,29.7506,2061.35,24.14
3600,29.7528,2016.3,23.95
3601,29.9654,2073.15,23.93
3602,30.9649,2031.61,24.1
3603,30.4952,2060.06,24.18
3604,30.8409,2042.13,24.47
3605,30.4389,2027.0,24.74
3606,30.466,2032.02,24.82
3607,31.0007,2055.94,25.38
3608,30.2013,2016.41,25.43
3609,30.3704,2027.88,25.54
3610,30.3602,2061.32,25.8
3611,30.2146,2107.93,26.01
3612,29.9463,2052.94,26.02
3613,29.9376,2016.2,26.05
3614,29.8579,2028.09,26.05
3615,29.7254,2036.19,25.97
3616,29.098,2024.81,25.56
3617,29.2386,2054.28,25.04
3618,29.6584,2035.31,24.95
3619,29.5922,2050.76,24.54
3620,28.9819,2018.4,24.84
3621,29.6105,2057.62,24.69
3622,29.0565,2018.57,24.26
3623,29.8329,1996.73,24.21
3624,30.5693,2073.74,24.05
3625,29.8968,1972.01,24.11
3626,30.0997,1997.53,23.81
3627,30.7242,1998.72,24.28
3628,30.1434,2075.54,24.32
3629,30.4863,2056.48,24.8
3630,30.8789,2047.17,24.99
3631,30.4859,2000.12,25.65
3632,30.5354,2067.65,25.68
3633,30.7182,2014.85,25.76
3634,30.4765,2028.78,25.81
3635,30.2612,2007.59,26.3
3636,29.8983,2000.67,25.99
3637,29.9298,1994.48,26.03
3638,29.6129,1994.45,25.87
3639,29.6424,2013.88,25.63
3640,29.2447,2006.88,25.51
3641,29.2691,1996.01,24.87
3642,29.003,2033.69,24.69
3643,29.3133,1921.0,24.81
3644,29.1505,2007.2,24.81
3645,29.1708,2011.75,24.36
3646,29.7276,2021.9,23.99
3647,29.8826,1991.08,23.75
3648,30.2349,1997.45,24.16
3649,30.0518,2016.52,23.92
3650,30.4724,2028.84,24.26
3651,30.6602,1983.8,24.37
3652,30.7396,1997.81,24.6
3653,30.4285,2033.0,24.75
3654,30.7448,1937.9,25.08
3655,30.7854,1973.78,25.23
3656,30.6084,2027.79,25.37
3657,29.869,2018.63,25.51
3658,30.3981,2004.62,25.39
3659,30.8449,1980.66,25.93
3660,29.892,1970.21,26.3
3661,29.6004,1977.92,26.11
3662,29.762,2031.92,25.91
3663,29.5987,1978.09,25.56
3664,29.7516,1996.99,25.7
3665,28.9465,1976.33,25.23
3666,29.5194,2017.02,25.31
3667,29.501,1983.33,24.54
3668,29.3511,1995.26,24.35
3669,29.6066,1956.58,24.12
3670,29.9588,1959.35,23.84
3671,30.0805,2000.96,23.85
3672,29.6571,1968.78,24.02
3673,30.4272,2055.73,23.89
3674,30.3306,1952.81,23.36
3675,30.5168,1985.64,24.51
3676,30.6282,2007.41,24.16
3677,30.6311,1999.26,24.86
3678,31.0575,1982.22,25.01
3679,30.651,1987.36,25.68
3680,30.2704,1988.07,25.7
3681,30.3769,2007.23,25.61
3682,30.4036,2064.8,25.73
3683,30.5499,2019.59,26.27
3684,30.1809,2048.88,25.7
3685,29.5637,2033.68,26.0
3686,30.3956,2050.58,25.84
3687,29.5845,1954.49,25.64
3688,29.7764,2018.65,25.57
3689,29.2783,2060.74,25.3
3690,29.46,2015.58,25.09
3691,29.5757,2075.77,24.77
3692,29.7592,2070.65,24.58
3693,29.8222,2023.67,24.31
3694,29.9117,2024.68,24.0
3695,29.7243,2013.79,24.03
3696,29.8285,2025.26,23.86
3697,30.281,2012.05,23.88
3698,30.6299,2055.46,24.07
3699,30.4282,2010.2,24.27
3700,30.9258,2063.55,24.51
3701,31.1119,2066.0,24.92
3702,30.4251,2010.6,24.9
3703,30.4251,2092.69,25.3
3704,30.5641,2068.58,25.52
3705,30.5873,2076.26,25.59
3706,30.1926,2040.3,25.88
3707,30.5868,2076.55,26.17
3708,30.1272,2090.85,26.04
3709,29.8307,2061.9,26.01
3710,29.2192,2116.05,25.72
3711,29.1103,2068.7,26.1
3712,29.4781,2097.69,25.37
3713,28.6841,2078.02,24.93
3714,29.6038,2086.81,25.17
3715,29.2764,2031.83,24.72
3716,30.3667,2084.28,24.44
3717,30.1974,2057.98,24.18
3718,29.5956,2056.49,24.51
3719,29.7869,2122.5,24.1
3720,30.2987,2074.75,24.11
3721,30.6921,2056.15,24.07
3722,29.8586,2073.33,24.19
3723,29.9591,2050.82,24.57
3724,30.4196,2120.15,24.45
3725,30.851,2067.81,24.45
3726,30.8491,2099.28,25.17
3727,30.9971,2120.73,25.36
3728,30.2463,2075.04,25.52
3729,29.8001,2101.49,25.8
3730,30.6074,2063.03,25.79
3731,29.9327,2150.44,25.97
3732,29.3945,2113.16,25.97
3733,29.8623,2085.31,25.85
3734,29.888,2071.12,26.1
3735,29.4684,2087.84,25.42
3736,29.2564,2082.36,25.97
3737,29.276,2139.79,25.43
3738,29.1888,2060.36,24.64
3739,28.9194,2094.34,24.7
3740,29.1794,2090.4,24.47
3741,29.6614,2087.75,24.37
3742,29.7465,2087.73,23.94
3743,29.8692,2087.23,24.04
3744,29.7015,2111.57,23.98
3745,30.1267,2104.52,23.89
3746,29.6969,2099.25,23.96
3747,30.5485,2012.34,24.48
3748,31.0349,2095.04,24.16
3749,30.2339,2045.44,24.84
3750,30.5242,2102.21,25.16
3751,30.7749,2122.07,25.22
3752,30.9821,2061.15,25.51
3753,30.3605,2076.79,25.94
3754,30.1423,2067.33,25.73
3755,29.5905,2112.12,25.85
3756,30.031,2082.47,25.9
3757,30.4314,2122.11,26.2
3758,29.7332,2088.0,26.12
3759,29.4983,2082.42,25.43
3760,29.4904,2076.71,25.7
3761,29.3205,2094.06,25.42
3762,29.0561,2028.73,25.31
3763,29.5708,2072.82,24.82
3764,29.4615,2067.41,24.49
3765,29.5103,2085.74,24.52
3766,29.3574,2061.31,24.27
3767,30.2099,2038.4,24.48
3768,30.1994,2062.88,24.19
3769,30.0153,2033.92,24.06
3770,30.6505,2011.14,23.9
3771,30.3457,2075.69,24.18
3772,30.3716,2070.21,24.21
3773,30.4482,2065.62,24.7
3774,30.1687,2084.7,25.19
3775,30.8176,2033.67,25.26
3776,30.0569,2012.67,25.7
3777,30.1264,2044.85,25.77
3778,29.7273,2036.05,25.79
3779,30.1554,2021.81,25.98
3780,29.9549,2039.0,26.09
3781,29.7208,2023.84,25.99
3782,29.3372,1991.36,25.9
3783,29.1534,2024.37,25.55
3784,29.5331,2005.14,25.41
3785,29.1587,2037.5,25.71
3786,29.3949,2013.47,25.25
3787,29.0583,2055.85,24.45
3788,29.4481,2066.36,24.03
3789,29.896,2041.47,24.31
3790,29.8258,1983.96,24.31
3791,29.6951,2058.64,23.93
3792,30.0772,2058.7,24.2
3793,30.109,2018.11,24.05
3794,30.3524,2049.07,24.1
3795,30.3973,2000.61,24.44
3796,30.5569,1966.18,24.39
3797,30.7398,1992.3,24.68
3798,30.402,2053.06,25.13
3799,30.3714,1971.11,25.25
3800,32.4397,2006.98,25.88
3801,32.2649,2006.5,25.85
3802,32.2348,1991.52,25.99
3803,32.479,1992.01,25.96
3804,31.9822,2003.71,26.17
3805,32.2229,1986.72,25.9
3806,31.9104,1964.14,25.92
3807,31.1645,2004.04,25.52
3808,31.8403,2024.53,25.71
3809,31.8171,2018.53,25.32
3810,31.2518,1975.71,25.4
3811,31.6999,1963.89,25.22
3812,31.3868,1987.35,24.65
3813,31.7843,2033.0,24.31
3814,31.5207,2009.36,23.94
3815,31.5309,2010.3,24.22
3816,32.1352,2014.5,24.04
3817,32.3941,2002.39,24.14
3818,32.4807,1994.57,24.48
3819,32.3898,2007.87,24.13
3820,32.7362,1977.49,24.32
3821,33.0069,1955.67,24.69
3822,32.9365,2009.07,25.16
3823,32.9809,2021.98,25.37
3824,30.4052,1963.18,25.32
3825,30.8465,2011.86,25.86
3826,29.9971,2033.58,25.63
3827,30.3274,1991.82,25.8
3828,30.3546,1971.8,25.98
3829,29.9631,1995.78,25.86
3830,29.5892,1979.46,26.04
3831,29.3465,1978.39,25.76
3832,29.7046,2005.29,25.85
3833,28.897,1955.08,25.21
3834,29.009,1959.85,24.98
3835,29.2046,1997.28,24.98
3836,29.7651,1997.14,24.48
3837,29.619,2007.25,24.59
3838,29.3596,2046.57,24.24
3839,29.7257,2003.38,23.56
3840,29.8157,2016.86,24.24
3841,29.9682,1978.71,24.22
3842,30.6437,2023.55,24.32
3843,30.0835,1992.48,23.91
3844,31.0889,2008.78,24.37
3845,30.9246,2005.66,24.62
3846,31.0273,2035.65,24.83
3847,30.5373,1978.56,25.61
3848,30.5612,1955.75,25.5
3849,30.065,2009.06,25.7
3850,30.1926,2027.71,25.98
3851,30.3293,2021.44,26.08
3852,30.3888,2050.11,25.33
3853,29.4867,2031.94,25.84
3854,29.5403,2008.64,25.58
3855,29.4596,1966.35,25.79
3856,28.975,2020.33,25.44
3857,29.5013,2053.76,25.26
3858,29.0828,2020.07,24.58
3859,29.2652,2032.41,24.68
3860,29.2582,2044.08,24.72
3861,29.2682,2010.02,24.57
3862,29.6479,2052.84,24.28
3863,29.7541,2080.06,23.77
3864,29.8884,2036.68,24.25
3865,29.9626,2014.64,24.18
3866,30.4459,2043.07,24.11
3867,30.9911,1990.99,23.89
3868,30.6482,2056.87,24.69
3869,30.975,2061.6,24.62
3870,30.2829,2094.02,25.07
3871,30.7235,2049.09,25.27
3872,30.277,2065.95,25.81
3873,30.0519,2035.98,25.68
3874,30.1282,2050.36,25.86
3875,30.5387,2022.86,26.28
3876,30.285,2057.82,25.87
3877,29.8917,2056.73,26.13
3878,29.1902,2073.48,25.83
3879,29.4461,2052.01,25.51
3880,29.4843,2071.25,25.5
3881,29.3765,2062.36,25.4
3882,28.7469,2063.89,25.27
3883,29.0568,2075.62,25.04
3884,29.3746,2076.02,24.44
3885,29.6659,2095.38,24.1
3886,28.9912,2074.64,24.07
3887,29.7702,2070.15,23.8
3888,30.0429,2075.57,23.96
3889,30.4361,2063.36,23.97
3890,30.5579,2073.31,24.28
3891,30.6697,2134.12,23.85
3892,30.3662,2061.48,24.35
3893,30.1037,2078.24,24.6
3894,30.5821,2076.36,25.24
3895,30.9766,2080.65,25.04
3896,31.0243,2079.26,25.55
3897,30.7081,2095.18,25.68
3898,30.4788,2046.02,26.07
3899,30.2951,2115.23,26.09
3900,29.8332,2105.56,26.02
3901,29.7798,2059.06,25.85
3902,30.1507,2033.71,25.5
3903,29.2223,2066.26,25.76
3904,29.8782,2084.79,25.61
3905,29.2272,2155.47,24.94
3906,29.6976,2104.58,24.75
3907,28.9018,2045.78,24.79
3908,29.5696,2073.62,24.57
3909,29.284,2089.36,24.09
3910,29.2254,2096.78,24.02
3911,29.8844,2057.26,23.67
3912,30.3028,2086.37,24.28
3913,29.9277,2071.36,23.77
3914,29.9003,2061.18,24.24
3915,30.4674,2094.68,24.29
3916,30.58,2106.89,24.76
3917,30.8406,2107.85,24.58
3918,30.9849,2100.41,25.01
3919,30.6583,2072.77,24.92
3920,31.1629,2102.17,25.11
3921,30.5622,2091.06,25.83
3922,30.2461,2085.66,25.51
3923,29.6977,2065.94,25.92
3924,29.9212,2067.67,26.2
3925,29.7179,2080.75,26.12
3926,29.9381,2138.65,25.73
3927,29.6438,2083.89,25.39
3928,29.04,2059.73,25.6
3929,29.3755,2052.8,25.53
3930,29.5015,2059.88,24.87
3931,29.7823,2125.12,24.58
3932,29.66,2059.18,24.4
3933,29.7333,2090.27,24.41
3934,29.668,2056.6,24.38
3935,29.9353,2070.89,23.79
3936,30.3749,2082.49,23.7
3937,29.7813,2046.7,24.5
3938,30.2452,2043.24,24.1
3939,30.2632,2098.99,24.34
3940,30.72,2080.35,24.36
3941,31.0452,2073.71,24.84
3942,30.5209,2071.81,25.19
3943,29.9591,2061.78,25.32
3944,30.4826,2098.9,25.85
3945,30.769,2047.7,25.64
3946,30.5113,2059.17,25.81
3947,30.3096,2006.6,26.01
3948,29.916,2020.38,26.09
3949,29.4351,2009.11,26.01
3950,29.8046,2069.12,25.61
3951,29.2547,1971.59,25.77
3952,30.049,2023.49,25.43
3953,29.495,1956.86,25.14
3954,29.1258,2009.09,25.01
3955,29.1404,2015.79,24.55
3956,29.3659,2060.88,24.27
3957,29.4332,2034.4,23.77
3958,29.9851,2001.9,24.48
3959,29.8748,2047.65,24.15
3960,29.7805,2019.75,23.98
3961,30.7483,2018.58,23.9
3962,30.3648,1985.93,23.56
3963,30.7256,1989.65,24.15
3964,30.4237,1992.21,24.64
3965,30.7851,2012.47,24.93
3966,30.7933,2011.77,25.13
3967,30.1093,2046.99,25.29
3968,31.2108,2016.62,25.76
3969,30.8822,1937.96,25.64
3970,30.2308,2010.91,26.08
3971,29.8505,1966.85,25.89
3972,30.1043,1977.76,25.82
3973,29.8448,1980.47,25.76
3974,29.7567,1983.1,25.65
3975,29.5625,1964.29,25.84
3976,29.5457,2002.79,25.35
3977,29.758,1961.52,25.05
3978,29.4704,2004.87,25.14
3979,29.009,2051.1,24.81
3980,29.8026,1961.22,24.69
3981,29.9972,1986.69,24.4
3982,30.5956,1930.13,23.98
3983,29.4818,1985.18,24.05
3984,30.0729,2008.32,24.03
3985,29.5565,2009.89,23.85
3986,30.5159,1993.49,23.91
3987,30.3305,2013.55,24.16
3988,31.1833,2054.79,24.91
3989,30.4438,2033.84,24.66
3990,30.1932,1977.94,25.25
3991,30.5348,1954.76,25.17
3992,30.0136,1980.99,25.68
3993,30.7203,1967.64,25.89
3994,29.7305,2002.84,26.06
3995,30.1897,1962.34,26.04
3996,29.3767,1990.43,26.28
3997,29.7227,2013.65,26.04
3998,30.143,1990.7,26.21
3999,29.6132,1970.15,25.38
4000,29.1347,2023.83,25.57
4001,29.3145,1948.2,25.32
4002,29.3054,1987.76,24.81
4003,29.4656,1995.75,24.86
4004,28.9837,1998.1,24.2
4005,29.6828,2003.18,24.16
4006,28.8387,2014.95,23.73
4007,29.6299,1999.88,24.35
4008,29.8535,1992.71,23.95
4009,30.3712,1992.91,24.47
4010,30.3568,1989.06,24.29
4011,30.0733,2025.33,24.38
4012,30.3107,1990.83,24.38
4013,30.7358,2029.55,24.53
4014,30.6763,2010.3,25.1
4015,30.5024,1998.28,25.24
4016,30.462,2028.29,25.23
4017,30.7038,1996.21,25.4
4018,30.1947,2031.95,25.67
4019,30.1547,2022.95,26.33
4020,30.651,2004.4,26.44
4021,29.3917,2034.22,26.01
4022,29.0944,2036.4,25.9
4023,29.7401,2053.42,25.64
4024,29.1902,2050.42,25.31
4025,29.2284,2040.34,25.53
4026,29.0657,2001.68,25.37
4027,29.2459,2092.92,24.56
4028,29.8733,1998.46,24.48
4029,29.7457,2059.13,24.2
4030,29.9087,2048.05,24.05
4031,29.394,2009.78,24.27
4032,29.6547,2037.89,23.74
4033,29.3294,2040.9,24.13
4034,30.1072,2077.38,24.28
4035,30.782,2028.77,24.26
4036,30.7613,2041.9,24.68
4037,30.6097,1991.89,24.77
4038,30.6933,2095.5,25.24
4039,30.4695,2027.18,24.95
4040,30.6676,2063.91,25.43
4041,30.7247,2054.98,25.69
4042,29.8652,2056.82,25.33
4043,30.2711,2081.24,25.75
4044,30.2797,2104.48,25.84
4045,29.6943,2070.65,26.16
4046,29.8602,2082.38,25.72
4047,30.3494,2075.82,25.54
4048,29.3625,2094.6,25.66
4049,29.4418,2059.12,24.94
4050,29.0786,2099.06,24.59
4051,29.3782,2101.38,24.67
4052,29.5319,2102.07,24.21
4053,29.5635,2059.85,24.01
4054,29.3441,2073.44,24.25
4055,29.8807,2084.89,24.21
4056,30.4387,2045.82,24.16
4057,30.3158,2121.1,24.26
4058,30.6386,2082.01,24.38
4059,30.4239,2090.43,23.87
4060,30.8312,2069.88,24.59
4061,30.7599,2052.03,24.64
4062,30.4147,2070.95,24.85
4063,30.7717,2092.31,25.37
4064,30.3087,2104.38,25.15
4065,30.3051,2092.24,25.36
4066,30.4068,2097.45,25.99
4067,30.2703,2080.87,26.06
4068,29.6432,2102.15,26.03
4069,30.135,2127.2,25.79
4070,29.8216,2108.06,26.01
4071,29.2936,2110.92,25.84
4072,28.9325,2098.21,25.52
4073,29.2804,2053.39,25.02
4074,29.1662,2064.88,24.91
4075,29.3578,2102.34,24.91
4076,29.2848,2090.59,24.77
4077,28.9028,2101.68,24.23
4078,29.5335,2132.35,24.08
4079,29.7271,2108.28,24.0
4080,30.1901,2121.22,24.05
4081,29.9717,2091.66,23.92
4082,30.8536,2068.6,23.56
4083,29.9215,2086.75,24.53
4084,30.9996,2067.42,24.86
4085,30.6089,2125.79,24.62
4086,30.9579,2105.81,24.79
4087,30.7001,2098.22,25.23
4088,30.9481,2115.2,25.46
4089,30.3788,2032.83,25.91
4090,30.0204,2097.02,25.88
4091,30.6073,2048.46,25.81
4092,29.966,2079.91,25.74
4093,29.8853,2071.11,26.14
4094,30.0204,2094.2,25.99
4095,29.1954,2082.06,25.92
4096,29.5724,2108.64,25.31
4097,29.1469,2058.57,25.63
4098,29.2603,2089.9,24.65
4099,29.3455,2074.75,24.88
4100,28.9437,2028.28,24.12
4101,29.2714,2044.64,24.13
4102,30.0553,2062.25,24.45
4103,30.0847,2092.17,24.2
4104,29.9812,2074.29,23.89
4105,30.2541,2031.81,23.93
4106,30.2617,2055.76,24.15
4107,30.9019,2107.96,24.4
4108,30.5461,2058.52,24.75
4109,30.7457,2045.76,24.65
4110,31.0438,2064.42,24.68
4111,30.4429,2069.38,25.29
4112,31.0739,2037.05,25.41
4113,30.0358,2059.16,25.45
4114,30.8389,2036.51,25.93
4115,30.0694,2060.85,25.92
4116,29.9272,2045.24,26.06
4117,29.2518,2051.18,25.79
4118,29.5136,2018.28,25.96
4119,29.1931,2014.87,25.44
4120,29.2115,2057.19,25.33
4121,29.2827,2029.72,25.21
4122,29.5873,2037.0,25.35
4123,29.3861,2020.4,24.9
4124,29.4861,2048.73,24.72
4125,29.1764,2009.29,24.58
4126,29.3858,2019.34,24.85
4127,30.3584,2040.66,24.04
4128,29.7794,2048.63,24.28
4129,30.678,2004.54,24.24
4130,30.2771,2064.99,24.33
4131,30.4957,2022.23,24.65
4132,30.9273,1986.76,24.42
4133,31.0577,2020.54,24.64
4134,30.6668,2000.25,25.06
4135,30.5597,2019.24,25.22
4136,30.5894,2005.92,25.56
4137,30.5964,2007.5,26.02
4138,30.6174,1981.56,25.77
4139,30.1824,2027.85,25.9
4140,30.1857,1973.01,26.03
4141,30.3103,1973.05,25.92
4142,29.7644,2008.87,25.48
4143,29.5985,2038.73,25.59
4144,28.9381,1988.88,25.64
4145,28.5346,2014.32,25.55
4146,29.4165,2022.79,24.77
4147,29.2954,2015.54,24.51
4148,29.2393,1986.68,24.51
4149,29.5781,1966.53,23.88
4150,29.6319,1938.03,24.04
4151,30.1572,1986.13,23.69
4152,30.0258,2021.71,24.27
4153,29.9571,1963.77,23.88
4154,30.647,2009.06,24.46
4155,30.4298,1967.56,24.52
4156,30.7642,1993.79,24.37
4157,30.5329,2008.73,24.53
4158,30.5051,1974.51,24.96
4159,30.7014,1995.3,25.24
4160,30.6101,1980.76,25.57
4161,30.6389,2008.94,25.55
4162,30.2694,1997.44,26.02
4163,29.6303,1993.28,26.02
4164,29.8702,2031.21,25.93
4165,30.057,2009.26,25.82
4166,29.5608,1975.96,25.83
4167,29.4311,1991.66,25.54
4168,29.6897,1992.56,25.51
4169,29.1103,1997.18,25.28
4170,28.8372,2059.06,25.05
4171,29.2757,2006.07,25.09
4172,29.2485,1946.8,24.47
4173,29.2152,1985.09,24.49
4174,29.5974,1951.38,24.18
4175,29.9663,1992.53,23.99
4176,29.9972,1952.23,23.98
4177,30.2733,1981.31,24.02
4178,30.894,1966.33,24.19
4179,30.3921,2015.25,24.1
4180,30.6897,2007.0,24.21
4181,30.5234,2015.96,24.87
4182,30.4461,2007.21,25.18
4183,30.5007,1976.45,25.41
4184,30.4626,2025.67,25.53
4185,30.6028,2062.45,25.86
4186,31.0547,2026.23,26.01
4187,29.9664,2006.99,26.12
4188,29.875,1983.6,25.83
4189,29.7999,1998.3,25.75
4190,29.7687,2034.06,25.79
4191,29.5841,2051.31,25.7
4192,29.779,2032.78,25.45
4193,28.5959,2048.06,24.88
4194,28.5839,2047.57,25.34
4195,29.1751,2044.37,24.69
4196,29.723,2017.09,24.53
4197,29.0353,2039.75,24.54
4198,28.7477,2016.05,23.66
4199,29.9902,2039.57,23.93
4200,30.0731,2049.27,23.92
4201,29.8541,2084.84,23.97
4202,30.0543,2011.99,24.1
4203,30.2041,2058.64,24.58
4204,30.6394,2085.48,24.63
4205,30.4883,2069.27,24.93
4206,30.8482,2072.95,25.01
4207,29.8198,2068.63,24.98
4208,30.3492,2088.2,25.08
4209,30.1572,2030.33,25.4
4210,30.2731,2024.62,25.94
4211,30.0198,2060.84,25.97
4212,30.2394,2008.67,25.96
4213,29.261,2095.13,25.89
4214,29.6636,2096.52,26.27
4215,29.6725,2056.77,25.54
4216,29.9508,2059.9,25.69
4217,29.1793,2068.88,25.26
4218,29.3973,2073.48,24.99
4219,28.7827,2076.79,24.98
4220,28.6762,2088.96,24.79
4221,29.7585,2072.04,24.24
4222,29.6483,2101.23,24.29
4223,30.1724,2090.05,24.11
4224,29.588,2064.92,24.0
4225,30.3371,2114.61,24.07
4226,30.9106,2048.36,24.0
4227,30.6209,2081.03,24.23
4228,30.6892,2108.47,24.38
4229,30.6787,2067.13,24.92
4230,30.2287,2093.79,24.98
4231,31.0828,2100.41,25.0
4232,30.423,2066.03,25.36
4233,30.6463,2086.38,25.07
4234,29.8811,2084.87,25.77
4235,29.8273,2075.5,25.97
4236,30.4305,2147.29,25.97
4237,29.7146,2071.05,26.36
4238,30.086,2115.56,25.98
4239,29.4816,2080.87,25.81
4240,28.8412,2063.69,25.17
4241,29.5915,2093.54,25.19
4242,29.123,2107.23,24.9
4243,29.5335,2113.98,24.58
4244,29.4013,2129.92,24.34
4245,29.0421,2164.32,23.93
4246,29.6993,2096.7,23.88
4247,30.4777,2073.55,24.21
4248,30.1479,2101.07,23.97
4249,30.1639,2082.64,23.93
4250,30.6726,2111.93,24.13
4251,30.5582,2055.77,24.53
4252,30.6691,2146.75,24.5
4253,30.3487,2108.23,24.85
4254,30.7702,2043.95,24.83
4255,30.9868,2067.48,25.14
4256,30.3554,2104.7,25.57
4257,30.9223,2112.74,26.09
4258,30.3225,2050.51,26.15
4259,29.9148,2099.06,26.08
4260,30.2993,2031.41,26.03
4261,29.7328,2076.67,26.25
4262,29.8779,2105.45,26.02
4263,29.4175,2062.57,25.25
4264,29.3758,2037.34,25.29
4265,29.4719,2077.27,25.33
4266,29.3873,2057.06,24.64
4267,28.7252,2086.43,24.56
4268,29.0574,2047.03,24.36
4269,29.7838,2048.29,24.24
4270,29.6104,2015.47,24.08
4271,29.6617,2068.61,23.98
4272,29.5924,2058.67,24.17
4273,29.8573,2031.28,23.98
4274,29.7435,2064.11,24.06
4275,30.4646,2083.19,24.02
4276,30.4267,2050.35,24.7
4277,30.3862,2060.65,24.61
4278,30.6796,2058.96,24.78
4279,30.7853,2020.19,25.3
4280,31.2342,2099.87,25.35
4281,30.0414,2034.83,25.6
4282,30.6978,2061.14,25.92
4283,30.4731,2062.1,25.9
4284,29.7663,2037.51,26.46
4285,29.8798,2054.3,25.95
4286,29.5127,2043.41,25.99
4287,29.5607,1999.96,25.32
4288,29.8465,2025.24,25.33
4289,29.5055,2016.39,25.04
4290,29.4526,2018.33,24.81
4291,29.1948,1995.46,24.82
4292,28.9486,2054.42,24.71
4293,29.4425,2064.54,24.36
4294,30.012,2047.18,24.09
4295,29.3607,2052.77,23.91
4296,29.6835,2010.69,24.22
4297,30.2191,2001.73,24.45
4298,30.0546,1996.54,24.16
4299,30.2572,2030.5,24.48
4300,30.4791,2018.51,24.57
4301,30.2665,2009.38,24.89
4302,30.4078,2042.2,24.77
4303,30.8872,2018.51,25.16
4304,30.214,1986.02,25.58
4305,30.0156,1988.62,25.95
4306,30.161,2021.4,25.7
4307,30.4008,2029.14,25.56
4308,29.9409,2015.7,25.9
4309,29.6795,2048.19,26.17
4310,29.6633,2040.56,25.55
4311,28.9813,2009.69,25.47
4312,29.5422,1976.73,25.53
4313,29.4389,1964.04,25.24
4314,29.1772,1986.27,25.12
4315,29.6256,2014.0,24.5
4316,29.0555,2040.12,24.44
4317,29.8434,2004.24,24.53
4318,29.6963,2022.44,23.9
4319,29.7179,1986.57,24.33
4320,29.994,2007.82,23.79
4321,30.149,2012.46,24.2
4322,30.7161,1942.07,24.06
4323,30.172,1980.98,24.06
4324,30.3775,2014.88,24.4
4325,30.987,1997.9,24.85
4326,30.5213,1961.09,25.0
4327,30.9463,1930.28,25.48
4328,31.116,1982.0,25.79
4329,30.3744,1989.52,25.47
4330,30.5544,1969.46,25.61
4331,29.8351,1995.45,25.7
4332,30.2264,2004.91,25.82
4333,29.8787,2009.47,26.19
4334,29.7919,1934.32,25.98
4335,29.3114,1960.95,25.6
4336,28.8955,1986.84,25.5
4337,29.4748,2009.48,25.54
4338,28.681,2008.18,25.38
4339,29.2286,2008.59,24.79
4340,29.6761,1988.11,23.97
4341,29.5626,1990.47,24.35
4342,30.2345,1981.48,24.32
4343,30.1264,2019.97,24.08
4344,29.8038,1978.9,24.15
4345,30.1894,2024.35,24.11
4346,30.3358,2009.54,23.89
4347,30.0203,2004.52,24.12
4348,30.3241,1990.57,24.44
4349,30.5079,1974.5,24.95
4350,30.0891,1993.63,24.85
4351,30.6904,2003.06,25.35
4352,30.5315,1953.61,25.56
4353,29.9931,2009.46,26.02
4354,30.4713,2039.11,25.86
4355,30.3959,2031.82,25.61
4356,30.0681,2006.9,26.13
4357,29.7216,2022.18,26.39
4358,29.8274,2008.83,26.01
4359,29.7091,2028.21,25.55
4360,29.486,2064.76,25.28
4361,29.0765,2052.27,25.07
4362,29.383,2042.89,25.4
4363,29.6825,2019.38,24.68
4364,29.2148,2052.3,24.37
4365,30.1344,1993.23,24.26
4366,29.4923,2030.95,24.07
4367,29.8285,2053.72,24.35
4368,29.7983,2059.51,23.8
4369,30.2482,2059.62,24.27
4370,29.8273,2052.11,24.16
4371,30.3312,2041.71,24.53
4372,30.2786,2061.9,24.82
4373,30.7167,2026.47,24.76
4374,30.9983,2031.01,24.94
4375,30.8699,2055.48,25.27
4376,29.8947,2060.07,25.48
4377,31.1076,2011.87,25.38
4378,30.4386,2070.65,26.18
4379,29.9482,2080.31,26.02
4380,30.0471,2060.76,25.77
4381,29.8717,2123.73,25.55
4382,29.4499,2048.93,25.4
4383,29.5644,2058.57,25.86
4384,29.2115,2059.29,25.38
4385,29.2025,2068.79,25.17
4386,29.0941,2063.96,25.1
4387,28.8941,2038.44,24.64
4388,29.4375,2061.34,24.61
4389,29.6806,2073.91,24.31
4390,29.8045,2108.37,24.12
4391,30.0648,2133.95,23.72
4392,30.0973,2113.48,23.84
4393,30.0214,2061.85,24.15
4394,30.6019,2064.92,24.0
4395,30.0877,2079.35,24.53
4396,30.336,2128.92,24.97
4397,30.3869,2081.07,24.87
4398,31.024,2052.86,25.3
4399,30.959,2074.3,25.4
4400,30.7524,2106.47,25.39
4401,30.8166,2105.44,25.75
4402,30.0862,2083.77,26.27
4403,30.2858,2106.38,25.86
4404,29.9624,2032.92,25.79
4405,30.0729,2092.72,25.74
4406,29.6154,2111.96,25.82
4407,29.3895,2069.86,25.51
4408,29.5561,2069.95,25.83
4409,29.5867,2044.3,25.3
4410,29.0995,2130.75,25.19
4411,29.3055,2072.96,24.68
4412,29.0763,2096.89,24.27
4413,28.7556,2105.78,24.03
4414,29.7101,2128.24,23.95
4415,30.0015,2086.28,24.1
4416,30.0786,2076.26,24.1
4417,29.5963,2093.62,24.15
4418,30.2447,2120.88,23.84
4419,29.8295,2083.94,24.29
4420,31.0171,2063.67,24.29
4421,30.3503,2048.31,24.82
4422,31.0766,2055.52,25.1
4423,30.9599,2106.82,25.02
4424,30.336,2076.29,25.69
4425,30.1551,2068.15,26.17
4426,30.4551,2064.41,26.03
4427,29.9279,2083.36,25.93
4428,30.0307,2074.11,25.94
4429,29.674,2072.07,25.92
4430,29.1157,2111.39,25.71
4431,28.8359,2114.81,25.76
4432,29.4618,2034.76,25.27
4433,29.1554,2081.8,24.88
4434,29.1341,2052.75,25.04
4435,29.5326,2064.48,24.75
4436,29.7458,2076.9,24.39
4437,29.4233,2062.28,24.04
4438,29.5478,2071.76,24.19
4439,29.9689,2081.19,23.84
4440,29.5929,2070.06,23.97
4441,30.2481,2044.82,24.39
4442,30.5156,2043.54,24.26
4443,30.699,2021.52,24.02
4444,30.0252,2034.39,24.25
4445,30.4477,2102.99,24.77
4446,30.4365,2032.33,24.72
4447,30.7061,2020.46,24.86
4448,30.7504,2056.45,25.61
4449,30.944,2043.84,25.77
4450,30.2015,2039.85,25.96
4451,30.0319,2078.1,26.02
4452,30.3449,2054.73,25.99
4453,29.9078,2025.88,25.83
4454,30.0303,2026.65,25.97
4455,29.5916,2022.84,26.01
4456,29.0466,2055.42,25.4
4457,28.9239,2024.0,25.05
4458,28.8345,1985.05,24.77
4459,29.5225,2026.85,24.57
4460,29.7504,1987.84,24.54
4461,30.0598,2079.09,23.86
4462,29.9029,1998.59,24.22
4463,30.1677,2016.96,24.16
4464,29.826,2025.76,23.64
4465,29.8342,2010.42,23.84
4466,30.605,2008.75,24.15
4467,30.6203,2024.94,24.26
4468,30.6385,2050.99,24.6
4469,30.7924,2030.5,24.71
4470,30.797,2046.79,25.25
4471,31.0613,1982.22,25.19
4472,30.9947,2014.93,25.3
4473,30.6582,2009.53,25.49
4474,30.6037,2013.12,26.01
4475,30.3354,2037.51,25.97
4476,29.8616,1996.39,26.13
4477,30.0458,1990.63,26.09
4478,29.2317,2013.04,25.46
4479,29.8212,1954.21,25.48
4480,29.0354,1991.78,25.3
4481,29.4096,1993.44,25.1
4482,29.0465,1972.94,24.92
4483,29.4899,2021.6,24.94
4484,29.3836,1967.9,24.74
4485,29.0266,1990.41,24.23
4486,29.7762,2000.55,24.08
4487,29.6455,2026.54,23.89
4488,30.2643,1991.99,24.02
4489,30.1816,2015.28,24.07
4490,30.4686,2009.07,24.3
4491,30.2077,1994.4,24.45
4492,30.4294,1963.9,24.04
4493,30.5386,1955.17,24.71
4494,30.957,1993.66,25.28
4495,31.1794,1977.47,25.17
4496,30.3647,2014.12,25.73
4497,30.818,2009.96,25.65
4498,29.6991,1986.94,25.9
4499,29.8229,1962.93,25.74
4500,29.7124,2005.02,25.78
4501,29.4131,1967.25,26.11
4502,29.1749,1974.26,26.04
4503,29.6289,1969.32,25.71
4504,29.3296,1990.99,25.25
4505,29.4377,2024.43,25.27
4506,29.5071,1995.83,25.25
4507,29.4035,1985.71,25.09
4508,29.5911,1959.56,24.44
4509,29.4842,2012.47,23.96
4510,29.2939,1980.18,24.3
4511,30.1362,2003.71,23.98
4512,29.8233,1993.05,24.19
4513,29.9005,2024.06,24.09
4514,30.2966,2000.42,23.96
4515,30.2211,2004.17,24.3
4516,30.481,2019.14,24.76
4517,30.7794,2061.06,24.71
4518,30.8045,2032.04,24.79
4519,30.4068,2009.09,24.94
4520,30.4599,2012.91,25.35
4521,30.8173,2001.28,25.63
4522,30.4989,1992.25,26.03
4523,30.8037,2003.82,25.74
4524,30.354,2000.0,26.31
4525,30.1621,2037.34,25.7
4526,29.2336,1995.95,26.33
4527,29.7342,2057.82,26.05
4528,29.3779,2045.06,25.53
4529,29.1586,2028.57,24.93
4530,29.3504,2029.88,24.99
4531,29.6074,2017.77,24.66
4532,29.544,2040.3,24.25
4533,29.2415,2062.6,24.35
4534,29.8727,2019.68,23.97
4535,29.6276,2000.8,23.89
4536,30.065,2058.58,23.96
4537,30.0902,2050.98,23.92
4538,30.2843,2016.73,24.55
4539,30.7248,2028.26,24.19
4540,30.2942,2026.97,24.59
4541,31.2597,2032.18,24.77
4542,30.1537,2044.03,25.07
4543,30.4968,2047.28,25.34
4544,30.7173,2039.47,25.68
4545,30.6703,2038.56,25.76
4546,30.3199,2053.55,25.91
4547,30.164,2065.19,25.98
4548,30.1232,2054.79,25.97
4549,29.7495,2093.33,25.78
4550,30.068,2078.7,25.85
4551,29.7568,2027.83,25.76
4552,29.6556,2082.26,25.58
4553,29.034,2085.83,25.29
4554,29.2762,2061.31,24.95
4555,29.2337,2036.23,24.73
4556,29.0921,2075.21,24.39
4557,29.6131,2076.16,24.36
4558,29.4887,2049.61,24.09
4559,30.0154,2042.62,24.07
4560,29.6789,2077.9,24.2
4561,30.6969,2075.4,23.89
4562,30.0811,2071.88,24.25
4563,30.5608,2081.25,24.3
4564,30.8438,2056.73,24.9
4565,30.505,2074.34,24.7
4566,30.9557,2099.38,25.14
4567,30.3074,2078.08,25.26
4568,31.0419,2045.74,25.22
4569,30.4992,2076.38,25.6
4570,30.1711,2062.02,26.04
4571,30.0914,2095.97,25.88
4572,30.2427,2097.72,25.56
4573,29.6435,2048.66,25.96
4574,29.4252,2109.42,25.65
4575,29.4386,2062.88,25.73
4576,29.0407,2129.84,25.81
4577,29.87,2089.75,25.41
4578,29.1301,2059.84,25.31
4579,29.5733,2062.42,24.63
4580,29.4566,2099.56,24.47
4581,29.2097,2080.9,24.08
4582,29.6482,2088.03,24.0
4583,30.054,2130.45,23.85
4584,29.9435,2072.27,23.74
4585,30.5391,2090.8,24.31
4586,30.6565,2124.27,23.72
4587,30.7706,2094.96,24.57
4588,30.4683,2047.38,24.75
4589,30.3522,2099.46,24.84
4590,30.5159,2056.97,24.78
4591,30.735,2120.38,24.94
4592,30.77,2063.73,25.39
4593,29.8435,2157.57,25.83
4594,30.3476,2119.0,25.87
4595,30.2286,2061.31,25.76
4596,29.9167,2080.59,26.23
4597,30.2062,2097.74,26.3
4598,29.7765,2097.24,25.82
4599,29.8981,2087.41,25.73
4600,29.329,2106.31,25.2
4601,29.6051,2070.54,25.18
4602,29.7905,2063.01,25.1
4603,29.7174,2062.02,24.81
4604,29.0661,2090.63,24.4
4605,29.4289,2076.73,24.24
4606,29.5465,2073.28,24.04
4607,29.9656,2084.24,23.98
4608,30.2059,2011.42,24.08
4609,29.9295,2068.75,23.64
4610,30.3704,2064.73,24.12
4611,29.889,2099.23,24.36
4612,31.0388,2017.52,24.39
4613,30.5224,2092.87,24.65
4614,30.7168,2054.01,24.91
4615,30.5833,2062.52,25.16
4616,30.95,2090.35,25.5
4617,29.6437,2060.62,25.73
4618,30.345,2054.75,25.45
4619,30.1494,2048.93,26.1
4620,29.8639,2028.91,25.94
4621,30.3367,2038.42,26.35
4622,29.3838,2019.38,25.63
4623,29.7366,2034.29,25.53
4624,29.5007,1975.15,25.46
4625,29.7023,2042.43,25.34
4626,29.0998,2026.83,24.61
4627,29.104,2019.65,24.58
4628,29.7226,2031.76,24.62
4629,29.6326,1988.65,24.1
4630,29.1865,2070.96,24.41
4631,29.657,2018.44,23.94
4632,30.1159,2015.66,23.82
4633,30.4325,1993.5,24.16
4634,30.1462,2016.6,24.46
4635,29.6207,2049.07,24.38
4636,30.7632,2038.73,24.75
4637,30.3101,2032.67,25.08
4638,30.0948,2023.49,24.82
4639,29.8265,1999.42,25.45
4640,30.8504,1970.74,25.2
4641,30.5336,2000.62,25.79
4642,30.2823,1998.45,25.85
4643,30.5979,2029.32,26.21
4644,30.1912,2009.64,26.23
4645,30.3037,2041.08,26.08
4646,29.2322,2029.63,25.93
4647,29.4947,1987.25,25.81
4648,28.9088,1952.82,25.51
4649,29.255,2031.43,25.25
4650,29.2254,2029.94,25.29
4651,29.5118,1961.02,25.05
4652,29.4075,2032.19,24.47
4653,29.692,2003.36,24.34
4654,29.861,1997.24,24.15
4655,30.4653,2033.07,23.71
4656,29.9054,2025.87,23.93
4657,29.8989,2008.15,24.35
4658,30.4238,2003.39,23.98
4659,30.2543,2006.72,24.72
4660,31.0508,1981.14,24.73
4661,30.5912,1989.66,24.82
4662,30.5303,1968.44,25.11
4663,30.5348,1982.71,25.08
4664,30.8217,1981.97,25.45
4665,30.4477,1975.43,26.0
4666,30.1575,1994.98,25.74
4667,30.6808,1983.77,26.18
4668,29.7431,2004.81,25.72
4669,29.8295,1952.15,25.73
4670,29.8457,1990.39,26.25
4671,29.0156,1997.09,25.7
4672,29.5379,1986.69,25.39
4673,29.0073,1990.86,25.53
4674,29.5468,1956.32,25.25
4675,29.0351,2005.71,24.93
4676,29.6016,2013.89,24.39
4677,29.8368,2011.0,24.24
4678,29.9084,2025.66,24.2
4679,29.8942,2005.81,24.17
4680,29.9306,2013.88,23.9
4681,30.0082,2007.0,24.07
4682,30.7913,2021.54,24.19
4683,30.2851,1966.21,24.55
4684,30.2951,1984.65,24.65
4685,30.8758,2048.06,24.44
4686,30.4612,1948.31,24.96
4687,30.3911,2007.8,25.07
4688,30.1731,2042.14,25.61
4689,30.3501,2012.07,25.89
4690,30.3252,2005.87,25.89
4691,30.2541,2020.87,25.91
4692,30.2854,2010.48,26.01
4693,29.9769,2021.78,26.01
4694,29.5927,2005.65,25.74
4695,29.4456,2052.2,25.46
4696,29.5468,2061.84,25.09
4697,29.7056,2024.72,25.51
4698,29.3379,1995.21,25.1
4699,29.1831,2018.61,24.81
4700,29.0959,2028.95,24.75
4701,29.0715,2048.04,24.04
4702,29.8499,2012.06,23.79
4703,29.9922,2019.9,24.11
4704,30.1732,2053.77,24.06
4705,30.1426,2066.34,23.69
4706,30.7721,2029.2,24.21
4707,30.3497,2013.27,24.21
4708,30.8928,2130.56,24.34
4709,30.6645,2069.88,24.67
4710,30.5175,2045.45,24.51
4711,30.8539,2075.67,25.14
4712,30.7291,2052.63,25.36
4713,30.6021,2079.19,25.82
4714,30.3744,2063.25,25.83
4715,30.1698,2063.28,26.09
4716,30.7165,2059.85,25.49
4717,30.1741,2028.18,25.8
4718,29.8668,2114.45,25.98
4719,29.5386,2044.06,25.65
4720,29.6959,2035.17,25.67
4721,29.4793,2065.37,24.9
4722,29.3079,2048.14,25.15
4723,29.2328,2072.32,24.61
4724,29.3695,2092.2,24.35
4725,28.5539,2101.24,24.49
4726,29.7132,2098.02,24.37
4727,29.6723,2071.26,24.24
4728,30.4778,2081.33,24.41
4729,30.187,2091.43,24.29
4730,29.9933,2038.37,23.97
4731,30.48,2097.6,24.32
4732,30.2924,2047.87,24.43
4733,30.8182,2136.21,25.15
4734,30.7873,2075.94,25.22
4735,30.9635,2082.21,25.22
4736,30.369,2068.3,25.68
4737,30.5052,2072.44,25.46
4738,29.9405,2145.63,25.92
4739,30.3916,2112.81,25.78
4740,30.1557,2051.02,25.66
4741,29.9676,2127.73,26.12
4742,29.6505,2120.27,26.05
4743,29.6295,2083.66,25.8
4744,29.8751,2098.53,25.46
4745,29.2383,2090.59,25.01
4746,29.3416,2140.31,24.77
4747,28.998,2071.06,24.55
4748,29.1333,2094.51,24.45
4749,29.5344,2079.98,24.51
4750,29.9812,2054.62,24.35
4751,29.7419,2144.92,23.7
4752,29.9292,2060.21,23.86
4753,30.0591,2094.8,23.89
4754,30.1896,2045.26,23.63
4755,30.5835,2078.22,24.41
4756,30.157,2098.09,24.45
4757,31.0604,2066.21,24.72
4758,30.5004,2100.72,25.27
4759,30.8927,2078.48,25.28
4760,30.2252,2113.3,25.41
4761,30.6956,2117.38,25.82
4762,30.5516,2067.64,26.08
4763,30.2964,2083.15,26.03
4764,29.7017,2084.68,26.14
4765,29.8937,2094.38,25.94
4766,29.2951,2078.01,25.85
4767,29.4292,2081.11,25.73
4768,29.7026,2068.92,25.35
4769,29.5629,2076.5,25.15
4770,29.3046,2104.62,25.28
4771,29.0314,2086.84,25.14
4772,29.5875,2086.7,24.82
4773,29.5108,2085.68,24.03
4774,28.9539,2062.15,23.85
4775,30.0536,2072.33,23.8
4776,29.9927,2035.56,24.03
4777,30.5419,2092.71,23.47
4778,30.0214,1989.69,24.02
4779,29.542,2055.34,24.57
4780,30.6899,2084.26,24.7
4781,30.7636,2019.84,24.64
4782,30.1928,2062.12,24.91
4783,30.3826,2033.28,25.37
4784,31.4328,2039.23,25.69
4785,30.4033,2070.25,25.6
4786,30.5693,2049.69,25.82
4787,29.986,1992.01,25.85
4788,29.3729,2016.59,25.73
4789,29.7677,2063.51,25.92
4790,29.5703,2048.49,25.81
4791,29.3851,2079.11,25.45
4792,29.3594,2075.61,25.63
4793,29.4031,2023.15,25.36
4794,29.255,2092.45,25.14
4795,28.9447,2028.67,24.59
4796,29.5396,2002.2,24.1
4797,28.9202,2008.65,24.39
4798,29.0349,1966.31,24.0
4799,30.0406,2061.18,23.86
4800,30.1521,2059.17,23.75
4801,30.164,1992.25,23.98
4802,29.9314,2010.3,24.45
4803,30.2826,2016.79,24.19
4804,30.5274,1988.83,24.28
4805,30.1974,1967.43,24.87
4806,30.4783,2004.57,25.03
4807,30.8718,2000.36,24.83
4808,31.0344,1997.28,25.63
4809,30.3691,2011.21,26.13
4810,30.5769,2040.09,25.35
4811,29.607,1995.52,25.72
4812,30.1978,2006.17,25.43
4813,29.5776,2018.94,25.95
4814,29.7422,2013.54,26.06
4815,29.4307,1983.3,25.73
4816,29.7899,2000.11,25.78
4817,29.0615,2010.48,25.42
4818,29.4883,1967.74,25.34
4819,29.24,2026.76,24.97
4820,29.3463,2030.25,24.42
4821,29.4499,1975.74,24.31
4822,29.3963,1998.06,23.96
4823,29.8146,2008.76,23.99
4824,29.9812,1978.61,24.01
4825,30.2535,2003.91,24.02
4826,30.3754,1995.64,24.4
4827,30.7344,1954.62,24.23
4828,30.8833,2002.62,24.31
4829,30.361,1963.53,24.57
4830,30.9606,2014.48,25.13
4831,30.3202,1974.25,24.98
4832,30.7826,1987.11,25.46
4833,30.6809,2025.62,25.97
4834,29.7766,2003.97,25.92
4835,30.2091,1964.88,25.95
4836,29.8595,1966.88,25.99
4837,29.5912,1977.72,25.76
4838,30.0553,2003.09,25.69
4839,29.3089,2002.76,25.67
4840,29.1519,1973.38,25.55
4841,29.3466,1965.99,25.45
4842,29.5057,2002.99,25.02
4843,29.2814,1992.25,25.01
4844,29.7437,2051.63,24.82
4845,29.6643,1999.58,24.45
4846,28.9965,2045.04,24.38
4847,29.66,1971.51,23.84
4848,29.8314,1962.58,23.77
4849,30.325,1975.1,24.14
4850,29.5626,2034.08,23.87
4851,31.2597,2049.55,24.23
4852,30.7655,1987.44,24.65
4853,30.7208,1996.87,25.02
4854,31.0545,1980.6,24.95
4855,31.3792,1966.02,25.13
4856,30.8674,2030.79,25.56
4857,30.7796,2019.97,25.49
4858,30.3892,2016.26,25.83
4859,30.1387,1982.64,25.96
4860,29.8573,2060.3,25.99
4861,29.571,2008.42,25.98
4862,29.4439,2036.07,25.7
4863,29.0999,1988.12,25.56
4864,29.371,2021.5,25.35
4865,28.8185,2035.34,24.93
4866,29.3573,2038.05,25.07
4867,29.313,2035.57,24.92
4868,29.4379,2045.91,24.66
4869,29.3484,2007.14,24.24
4870,30.5731,2042.2,23.97
4871,30.2269,2041.97,24.18
4872,29.6266,2046.79,24.13
4873,30.251,2044.68,24.08
4874,30.1676,2012.91,24.48
4875,30.1906,2013.65,24.29
4876,30.2042,1993.1,24.45
4877,30.8058,2070.73,24.66
4878,30.4956,2072.82,24.69
4879,30.9665,2075.03,25.39
4880,30.9044,2063.41,25.48
4881,30.9071,2004.19,25.81
4882,30.0943,2033.6,26.23
4883,30.3238,2065.25,25.89
4884,30.1897,2066.08,25.53
4885,29.6766,2058.79,26.06
4886,29.4185,2075.22,25.9
4887,29.9879,2067.89,25.56
4888,29.462,2072.19,25.58
4889,29.5146,2054.71,25.42
4890,29.0534,2096.72,24.81
4891,28.9581,2062.85,24.68
4892,29.2229,2041.74,24.8
4893,29.4678,2057.08,24.15
4894,29.3307,2068.94,24.15
4895,29.8159,2103.75,23.51
4896,29.4934,2079.03,23.7
4897,29.8452,2076.58,24.07
4898,30.5513,2051.1,24.38
4899,30.6761,2102.97,24.02
4900,30.4887,2068.0,24.51
4901,30.3708,2082.71,24.67
4902,30.3918,2123.05,25.19
4903,30.5642,2099.55,25.02
4904,30.7996,2046.84,25.59
4905,30.7734,2043.96,25.58
4906,30.201,2087.17,25.91
4907,29.8351,2058.98,25.98
4908,30.0804,2105.96,25.95
4909,29.5718,2091.18,26.06
4910,29.4945,2094.58,25.87
4911,29.9026,2073.02,25.68
4912,29.6419,2134.39,25.43
4913,29.3712,2162.03,25.27
4914,28.9184,2084.04,25.04
4915,29.3873,2099.79,24.54
4916,29.7126,2093.3,24.43
4917,29.3923,2084.19,24.08
4918,30.0553,2069.64,24.13
4919,30.2067,2063.0,23.92
4920,30.4991,2061.36,24.15
4921,30.2727,2099.43,24.17
4922,30.5262,2075.79,23.95
4923,30.9192,2023.74,24.29
4924,30.7404,2098.67,24.63
4925,30.5258,2085.87,24.71
4926,30.5654,2119.72,24.85
4927,30.7477,2094.53,25.04
4928,30.219,2047.33,25.67
4929,30.452,2027.59,25.89
4930,30.679,2064.33,25.82
4931,29.5238,2065.6,26.12
4932,30.4603,2103.67,25.41
4933,30.1555,2078.68,26.23
4934,29.5121,2105.99,25.83
4935,29.668,2043.23,25.74
4936,29.3947,2099.14,25.44
4937,29.6928,2091.64,25.54
4938,29.5948,2021.72,24.79
4939,28.9038,2103.76,25.04
4940,29.57,2071.5,24.58
4941,29.4433,2077.4,24.42
4942,29.6748,2044.38,24.07
4943,29.6004,2096.24,23.77
4944,30.5244,2033.05,24.19
4945,30.4932,2081.8,24.1
4946,30.1281,2079.78,24.41
4947,30.0946,2033.16,24.25
4948,30.4905,2105.32,24.42
4949,30.8065,2059.73,25.02
4950,30.7721,2068.47,25.38
4951,31.0521,2012.12,25.26
4952,30.8432,2101.4,25.35
4953,30.7858,2015.98,25.87
4954,30.4481,2070.36,25.82
4955,29.7644,2018.0,26.09
4956,29.9413,2025.53,25.95
4957,30.1369,2058.85,26.28
4958,29.6345,2062.95,25.73
4959,29.656,2003.62,25.8
4960,29.2982,2060.81,25.4
4961,29.0149,2057.83,25.2
4962,29.263,2006.43,24.92
4963,29.4166,2068.03,24.89
4964,29.1971,1989.84,24.68
4965,29.4343,2008.87,24.4
4966,29.3682,2034.71,24.11
4967,30.1546,1999.67,24.06
4968,29.9117,2025.9,24.18
4969,30.617,2023.66,24.22
4970,30.8086,2011.32,23.6
4971,30.4707,2035.21,24.24
4972,30.3037,2007.12,24.46
4973,30.0504,2017.1,24.88
4974,30.2584,2038.49,24.99
4975,30.264,2028.15,25.4
4976,31.0198,2026.64,25.28
4977,30.5297,1976.92,25.76
4978,30.4669,2017.47,26.05
4979,29.515,1981.14,25.67
4980,29.6406,1969.87,26.5
4981,30.085,1998.98,26.2
4982,29.736,1977.08,25.87
4983,29.4609,2018.43,25.54
4984,29.5632,2018.06,25.46
4985,29.8146,1949.23,25.28
4986,29.2337,1975.24,25.09
4987,29.3447,1958.68,25.04
4988,29.4516,1982.89,24.4
4989,30.2227,2005.19,24.41
4990,29.0202,1987.16,23.88
4991,30.0238,1977.96,23.95
4992,29.9656,2024.76,24.08
4993,30.3512,1934.25,24.17
4994,30.1528,2022.48,23.98
4995,30.4803,1977.71,24.2
4996,30.8196,1989.19,24.79
4997,31.61,1977.85,24.97
4998,30.9424,2029.57,25.04
4999,30.4217,1960.26,24.81
5000,30.4791,1991.43,26.0
5001,30.359,2004.5,25.7
5002,29.8113,1951.28,25.8
5003,30.0821,1968.87,25.86
5004,30.2198,1988.55,26.08
5005,29.4366,1970.54,26.04
5006,29.9645,1972.83,26.06
5007,29.6514,1985.06,25.52
5008,29.1735,2010.7,25.44
5009,29.2814,1986.6,25.66
5010,29.7795,2022.91,25.04
5011,29.5439,1971.85,24.71
5012,29.3964,1966.4,24.31
5013,29.4337,2046.82,24.39
5014,29.673,1983.24,24.34
5015,29.6653,1968.0,24.21
5016,29.3686,1958.36,23.95
5017,30.7938,2029.98,24.11
5018,30.3966,1995.81,24.47
5019,30.6144,1999.3,24.51
5020,30.5888,2003.01,24.34
5021,30.4556,2033.71,24.23
5022,30.6442,2005.34,25.06
5023,30.1963,2069.91,25.42
5024,31.2893,2016.18,25.28
5025,30.1246,2040.94,25.71
5026,30.0404,2036.13,25.81
5027,30.0491,2016.73,25.99
5028,30.3864,2004.63,25.89
5029,29.8232,2029.3,26.22
5030,29.2792,2035.49,25.9
5031,29.8813,2010.17,25.53
5032,29.6131,2030.42,25.68
5033,29.4854,2058.96,25.01
5034,29.5147,2081.62,25.26
5035,30.0422,2053.06,24.94
5036,30.0493,2080.12,24.78
5037,29.299,2019.67,24.26
5038,30.1372,2054.81,24.03
5039,29.9338,2072.59,24.05
5040,30.1497,2018.59,23.98
5041,29.6735,2030.73,23.9
5042,30.2989,2088.18,24.02
5043,30.2511,2022.22,24.22
5044,30.8546,2014.92,24.27
5045,30.9975,2088.5,24.88
5046,30.0777,2082.05,24.99
5047,30.6695,2064.74,25.2
5048,30.9428,2054.59,25.28
5049,30.439,2046.55,25.48
5050,30.5687,2066.32,26.25
5051,30.2865,2100.49,25.84
5052,30.1025,2068.66,26.12
5053,29.7374,2118.54,26.0
5054,29.285,2043.55,25.31
5055,29.1686,2067.11,26.07
5056,29.6066,2059.84,25.64
5057,29.3297,2043.56,25.11
5058,29.2584,2068.35,24.99
5059,29.1967,2084.05,24.51
5060,29.3022,2088.11,24.87
5061,29.8191,2130.62,24.11
5062,29.5494,2089.26,24.03
5063,29.4165,2107.65,23.89
5064,30.2231,2081.74,24.02
5065,30.1197,2123.18,24.31
5066,30.3594,2142.27,24.49
5067,30.9772,2096.61,24.21
5068,30.6,2059.48,24.58
5069,30.7629,2071.49,24.76
5070,30.3463,2093.1,24.8
5071,30.6102,2098.24,25.74
5072,30.7891,2105.0,25.77
5073,30.0284,2099.7,25.74
5074,30.4103,2088.95,26.18
5075,30.2114,2073.39,26.21
5076,30.0124,2099.77,26.02
5077,30.13,2136.5,26.03
5078,29.7503,2115.94,26.17
5079,29.9484,2104.05,25.52
5080,29.0957,2116.6,25.83
5081,29.3646,2081.69,25.21
5082,29.3253,2078.29,25.3
5083,29.0031,2072.27,24.74
5084,29.6807,2087.73,24.57
5085,30.2024,2080.14,24.29
5086,29.6449,2120.65,24.03
5087,29.9703,2078.25,23.98
5088,30.0254,2069.68,24.28
5089,29.9671,2137.86,23.57
5090,29.8038,2077.49,23.89
5091,30.2832,2092.03,24.15
5092,30.1886,2098.83,24.28
5093,31.1874,2058.41,25.04
5094,30.6655,2116.94,25.25
5095,30.5724,2101.13,25.38
5096,30.873,2123.26,25.37
5097,30.1584,2066.36,25.97
5098,30.1199,2084.79,25.55
5099,30.2016,2082.21,26.39
5100,30.3086,2086.69,25.86
5101,29.9693,2042.53,25.91
5102,29.7245,2080.42,25.78
5103,29.5285,2040.69,25.49
5104,29.5139,2083.97,25.89
5105,29.3843,2020.4,25.42
5106,28.991,2025.88,25.24
5107,29.3377,2091.15,24.5
5108,29.0717,2055.5,24.54
5109,29.5294,2042.91,24.4
5110,29.5058,2097.77,24.19
5111,30.5806,2072.55,23.8
5112,29.988,2084.5,24.22
5113,29.7599,2056.84,24.06
5114,30.3097,2126.26,23.94
5115,30.6508,2042.4,23.92
5116,31.1082,2099.35,24.62
5117,30.4993,2052.41,25.23
5118,30.2253,2010.76,24.8
5119,30.9212,2062.37,25.29
5120,30.192,2056.32,25.72
5121,30.3641,2020.32,25.45
5122,30.2727,2021.68,25.77
5123,30.1603,2042.25,25.79
5124,30.2067,2049.74,26.2
5125,29.6137,1977.36,26.23
5126,29.5679,2063.59,25.9
5127,29.5007,2023.04,25.54
5128,29.4387,2000.25,25.41
5129,29.3532,2055.23,25.13
5130,29.4308,2029.28,24.8
5131,29.577,2058.46,24.72
5132,29.5116,2037.21,24.61
5133,29.6411,2024.45,24.39
5134,29.1753,2018.91,24.13
5135,29.8339,2033.07,24.05
5136,30.1439,2008.97,23.98
5137,30.3999,1996.32,23.77
5138,30.1423,2031.25,24.17
5139,30.2973,2010.79,24.18
5140,30.434,2013.67,24.23
5141,30.8371,2038.54,24.82
5142,31.0102,2006.98,24.88
5143,30.5539,2008.76,25.3
5144,30.8786,1992.0,25.67
5145,30.532,2016.41,25.52
5146,30.3127,2013.09,25.88
5147,30.1178,2025.62,25.6
5148,30.224,1987.43,26.31
5149,29.9165,1989.32,25.69
5150,30.3327,2019.49,25.76
5151,29.2494,2004.97,25.97
5152,29.5492,1975.04,25.45
5153,29.1651,2029.46,25.02
5154,29.0392,1953.49,25.14
5155,29.3206,2014.78,24.88
5156,29.435,1962.83,24.37
5157,30.3805,2040.95,24.19
5158,29.5948,1954.61,24.05
5159,29.4798,2021.51,23.99
5160,30.0819,1990.21,23.62
5161,29.5588,1982.71,24.0
5162,30.3224,1996.19,24.49
5163,30.4998,2007.11,24.11
5164,30.8446,1968.53,24.38
5165,30.9682,1970.64,24.5
5166,30.5489,2007.24,25.12
5167,30.631,1948.35,25.5
5168,30.3764,1976.53,25.74
5169,30.1566,2067.33,25.46
5170,30.443,1967.36,25.97
5171,29.7991,2020.57,26.25
5172,29.8756,1977.6,26.1
5173,29.5203,2005.43,26.06
5174,29.8149,2009.58,25.77
5175,30.0455,2022.03,25.75
5176,29.0033,1989.45,25.75
5177,28.7679,2044.89,25.32
5178,29.2625,1981.22,24.75
5179,29.3286,2002.65,24.65
5180,29.4594,2003.83,24.74
5181,29.3711,1970.61,24.36
5182,29.5898,1992.54,24.16
5183,29.9291,2004.81,23.92
5184,30.3121,1991.11,24.24
5185,29.5947,2064.12,24.37
5186,30.2393,1983.38,24.39
5187,30.5591,2035.13,24.58
5188,30.3308,2028.4,24.43
5189,31.1955,2008.04,24.64
5190,30.5094,1988.2,24.97
5191,30.6638,1992.1,25.27
5192,30.773,1999.88,25.79
5193,30.3176,1969.75,25.94
5194,29.796,1990.91,25.97
5195,30.0526,1980.57,25.68
5196,30.3088,2052.95,25.66
5197,29.7178,2036.47,26.01
5198,29.3961,2042.38,26.04
5199,29.7827,2039.21,25.69
5200,29.2945,2030.44,23.38
5201,29.1708,2064.58,22.54
5202,29.3448,2014.6,22.26
5203,29.5551,2034.37,22.11
5204,30.1083,2052.22,21.86
5205,29.7532,2002.37,21.9
5206,29.998,2114.68,21.55
5207,29.667,2039.84,21.22
5208,29.6922,2044.55,21.68
5209,30.1999,2074.29,21.18
5210,30.3822,2067.61,21.42
5211,30.1714,2047.55,21.47
5212,30.5536,2051.71,22.04
5213,30.7959,2012.69,22.28
5214,30.8081,2038.21,22.88
5215,30.8274,2066.87,22.94
5216,30.6935,2066.84,23.29
5217,30.3429,2088.04,23.26
5218,30.1958,2056.25,23.17
5219,29.8215,2026.31,23.49
5220,30.5354,2089.11,23.62
5221,29.8229,2100.27,23.61
5222,29.5825,2088.46,23.27
5223,29.2264,2063.51,23.3
5224,30.2745,2095.28,22.81
5225,29.0019,2156.41,22.55
5226,29.1713,2075.05,22.28
5227,29.4486,2040.82,22.25
5228,29.5738,2060.35,21.76
5229,29.7924,2091.99,21.71
5230,30.1923,2037.53,21.81
5231,29.9707,2083.13,21.33
5232,29.6832,2089.6,21.4
5233,30.1041,2119.61,21.55
5234,30.4423,2115.07,21.68
5235,31.1154,2104.95,21.69
5236,30.1869,2030.23,22.16
5237,31.0369,2108.23,22.36
5238,30.754,2103.69,22.73
5239,30.9275,2093.23,22.74
5240,30.5756,2044.29,22.9
5241,30.2422,2068.77,23.07
5242,30.5753,2059.61,23.43
5243,30.3775,2038.92,23.39
5244,30.2916,2089.67,23.39
5245,29.8148,2070.18,23.38
5246,29.4701,2156.07,23.23
5247,29.0374,2086.47,23.25
5248,29.6396,2123.2,22.72
5249,29.451,2051.74,22.82
5250,29.0103,2077.75,22.64
5251,29.1623,2093.39,22.13
5252,29.2538,2068.16,22.38
5253,29.0601,2080.13,21.8
5254,29.4047,2084.99,21.32
5255,29.4787,2084.28,21.48
5256,29.8763,2136.12,21.51
5257,29.9596,2098.75,21.62
5258,29.8619,2100.77,21.58
5259,31.1018,2101.69,21.59
5260,30.982,2102.86,21.78
5261,30.4424,2084.76,22.11
5262,30.7817,2078.03,22.39
5263,30.8014,2089.38,22.53
5264,30.9635,2113.22,22.85
5265,30.2494,2111.49,23.34
5266,30.6776,2076.3,23.7
5267,30.0168,2100.43,23.62
5268,29.5992,2075.23,23.76
5269,30.0361,2079.75,23.66
5270,30.0372,2065.81,23.53
5271,30.2814,2071.81,23.14
5272,29.0339,2108.54,23.03
5273,29.5335,2075.92,22.67
5274,29.1771,2075.56,22.46
5275,29.5589,2034.51,22.25
5276,28.9526,2061.43,22.14
5277,29.1262,2061.57,21.88
5278,29.4172,2045.27,21.6
5279,29.8425,2064.91,21.55
5280,29.8077,2051.96,24.09
5281,30.3789,2062.99,24.17
5282,30.6581,2062.3,23.83
5283,30.6748,2033.62,24.08
5284,31.0919,2045.77,24.72
5285,30.8009,2055.88,24.73
5286,30.3349,2081.73,24.92
5287,31.0852,2056.71,25.21
5288,30.4247,2031.9,25.45
5289,30.7681,2056.57,25.82
5290,30.8221,2087.43,25.64
5291,30.3182,2065.79,25.97
5292,29.5512,2054.69,26.05
5293,29.5434,2057.27,26.05
5294,30.0468,2073.26,25.91
5295,29.4543,2062.29,25.81
5296,29.4177,2047.72,25.39
5297,29.5515,2058.42,25.07
5298,29.5089,2002.83,25.49
5299,29.4075,1990.5,24.68
5300,29.3312,2030.19,24.46
5301,29.4112,2026.2,24.43
5302,29.9074,2009.14,24.45
5303,29.9849,2041.65,23.93
5304,29.9228,1972.73,23.8
5305,30.5058,2004.27,23.79
5306,30.3113,2003.88,24.45
5307,30.2395,1973.49,24.09
5308,30.3785,2050.2,24.49
5309,30.3825,1977.33,24.55
5310,30.6183,1995.12,24.71
5311,31.0463,2031.09,25.2
5312,30.3647,2023.14,25.31
5313,30.5515,1977.94,25.57
5314,30.153,2021.41,26.27
5315,30.1031,2010.35,26.05
5316,29.547,2060.23,26.19
5317,29.7527,2010.87,26.13
5318,29.5919,1996.16,25.85
5319,29.6671,1977.25,25.62
5320,29.4608,1979.09,25.55
5321,28.9643,1976.15,25.29
5322,29.6253,2030.23,24.89
5323,29.3869,1995.62,24.77
5324,29.4533,2008.59,24.36
5325,29.5023,2031.66,24.26
5326,29.4947,1934.26,24.07
5327,29.8842,2024.68,23.78
5328,30.1427,1993.64,23.53
5329,29.6571,2002.75,23.85
5330,30.1884,1970.85,24.49
5331,30.4185,1972.44,24.23
5332,30.6831,2003.36,24.66
5333,31.0341,2050.65,24.32
5334,30.4685,2016.08,24.8
5335,30.5268,2022.67,24.99
5336,30.4525,1986.34,25.46
5337,30.2545,1976.31,26.19
5338,30.2458,1972.04,25.96
5339,30.4124,1979.66,26.31
5340,29.6838,1940.93,25.95
5341,29.9472,1974.58,26.24
5342,29.1394,1979.21,26.28
5343,29.3366,1989.42,25.69
5344,29.2949,1997.75,25.39
5345,29.8263,2004.23,25.0
5346,29.2176,1995.58,24.94
5347,28.6635,1982.26,24.76
5348,28.7941,1948.61,24.91
5349,29.5152,1984.28,24.03
5350,29.8341,1975.38,24.15
5351,29.9315,2012.42,23.67
5352,30.0503,2024.64,23.91
5353,30.5299,2026.57,24.1
5354,30.1881,2023.27,24.24
5355,30.7634,2002.31,24.41
5356,30.1166,1993.94,24.58
5357,30.4047,1989.71,24.86
5358,30.1579,1972.14,25.01
5359,30.5937,2036.11,25.05
5360,30.5923,2008.47,25.13
5361,30.5292,1983.24,25.6
5362,30.3686,1995.34,25.84
5363,29.9029,1995.96,26.22
5364,29.9429,2020.38,25.98
5365,29.3696,2047.69,25.93
5366,30.059,2014.03,25.94
5367,29.4139,1968.17,25.65
5368,29.2471,2021.53,25.66
5369,29.8005,2024.15,25.65
5370,28.9273,2024.25,25.44
5371,28.9862,2016.02,24.76
5372,29.0649,2038.98,24.57
5373,29.4847,2037.06,24.61
5374,29.7795,2036.64,24.1
5375,30.0407,2049.45,24.17
5376,30.7716,2030.25,23.77
5377,29.5063,2030.7,23.97
5378,30.5326,2079.24,24.37
5379,30.3278,2060.58,24.15
5380,30.4303,2069.13,24.47
5381,30.4902,2080.95,24.43
5382,30.4274,2065.27,25.4
5383,31.1815,2077.15,25.51
5384,30.8589,2016.25,25.54
5385,30.5019,2062.62,25.81
5386,30.7553,2054.7,25.95
5387,29.7274,2102.94,26.24
5388,29.6008,2085.89,25.9
5389,29.1654,2048.6,26.11
5390,29.4402,2075.32,26.08
5391,29.5535,2071.79,25.95
5392,29.4246,2080.52,25.05
5393,29.3687,2045.22,25.14
5394,28.8767,2081.17,24.8
5395,29.5648,2067.91,24.77
5396,29.4657,2082.07,24.1
5397,29.7249,2058.25,23.88
5398,29.0822,2063.03,24.57
5399,29.9123,2108.24,24.16
5400,29.6437,2053.8,24.02
5401,30.062,2056.79,24.11
5402,30.5103,2081.02,24.16
5403,30.5223,2064.04,24.49
5404,30.3508,2062.18,24.37
5405,30.678,2087.83,24.78
5406,30.2405,2048.42,25.05
5407,31.0212,2061.63,25.05
5408,30.5446,2138.9,25.76
5409,30.8305,2099.68,25.62
5410,30.192,2070.11,26.07
5411,30.0241,2099.75,25.99
5412,29.7707,2103.93,26.33
5413,30.0817,2114.99,25.76
5414,29.4372,2087.26,25.65
5415,29.6984,2115.1,25.53
5416,29.279,2039.9,25.53
5417,28.7311,2064.56,25.57
5418,29.1289,2095.1,25.32
5419,28.9701,2099.21,24.28
5420,29.404,2068.07,24.55
5421,29.1479,2097.17,23.65
5422,29.9278,2074.85,24.29
5423,29.7915,2083.2,24.26
5424,29.9467,2115.37,23.99
5425,30.3779,2112.02,24.05
5426,30.6392,2063.85,24.15
5427,30.4889,2061.76,24.14
5428,30.3749,2077.26,24.59
5429,30.144,2086.16,24.69
5430,30.4942,2069.6,25.19
5431,30.491,2111.22,25.24
5432,30.6383,2092.99,25.33
5433,30.3914,2093.49,25.4
5434,30.5564,2050.65,25.49
5435,29.9973,2110.41,26.23
5436,29.9829,2009.59,25.91
5437,30.174,2099.75,26.03
5438,29.7525,2101.01,26.22
5439,29.487,2065.55,25.59
5440,29.2132,2106.83,25.37
5441,29.1339,2072.04,25.23
5442,29.0448,2073.74,25.01
5443,29.1615,2079.18,25.12
5444,29.6205,2148.83,24.81
5445,29.4385,2101.21,24.42
5446,29.2451,2083.53,24.42
5447,30.3493,2041.54,24.0
5448,30.096,2066.28,24.06
5449,29.7591,2040.67,23.97
5450,30.2174,2079.82,23.88
5451,30.5282,2061.03,24.53
5452,31.1176,2027.62,24.61
5453,30.3437,2055.97,24.74
5454,30.9928,2030.89,25.0
5455,31.096,2054.08,24.96
5456,30.4176,2026.98,25.3
5457,30.4117,2047.29,25.77
5458,30.0391,2063.5,25.76
5459,30.1201,2041.54,25.92
5460,29.989,2031.23,25.98
5461,30.0167,2044.21,25.83
5462,29.9771,2054.69,25.67
5463,29.2806,2007.72,25.38
5464,28.8036,2040.06,25.47
5465,29.3175,2064.64,25.38
5466,29.3881,2044.22,24.67
5467,29.3987,2029.5,24.74
5468,29.2958,2042.26,24.56
5469,29.5425,2035.8,24.09
5470,30.1046,2041.57,24.42
5471,29.9333,1970.41,23.96
5472,29.888,1980.47,23.98
5473,30.0311,2042.76,24.0
5474,30.299,1978.37,23.78
5475,30.986,2024.44,24.49
5476,30.5512,2004.03,24.31
5477,30.6702,1986.4,24.69
5478,30.5553,2018.57,25.12
5479,31.0058,2013.41,25.55
5480,31.1942,2059.75,25.28
5481,30.6302,1990.02,25.62
5482,30.3748,2040.35,26.14
5483,30.1922,2011.91,26.06
5484,29.2847,1985.38,26.13
5485,30.0424,2020.75,25.76
5486,29.6902,2013.83,25.79
5487,29.6335,1999.56,25.67
5488,29.1803,2004.36,25.33
5489,29.2085,1981.87,24.92
5490,29.1767,1975.31,24.9
5491,29.6303,2014.16,25.01
5492,29.2802,1988.86,24.51
5493,30.1298,1991.8,24.57
5494,29.7793,2000.22,24.17
5495,29.4361,1999.34,23.88
5496,29.9614,1956.52,24.26
5497,29.9857,2024.03,24.08
5498,29.6917,1994.59,24.33
5499,30.9748,1986.25,24.08
5500,30.8172,2001.91,24.71
5501,30.8361,1996.95,24.95
5502,30.7496,2010.18,25.06
5503,30.2615,2004.48,25.1
5504,30.4611,2009.09,25.49
5505,30.7475,2025.09,25.83
5506,30.0346,2013.65,25.91
5507,29.4216,1987.86,26.09
5508,29.9319,1964.18,26.2
5509,29.7763,2034.4,25.84
5510,29.6907,1987.28,25.64
5511,29.7236,1981.98,25.7
5512,29.5851,1951.04,25.43
5513,29.4015,2003.63,25.42
5514,29.6587,1999.67,24.79
5515,28.8682,1958.92,24.95
5516,29.5452,2009.03,24.77
5517,29.693,1986.21,24.29
5518,29.2781,2066.95,24.15
5519,29.368,1986.54,23.88
5520,29.7762,1991.03,23.89
5521,29.9827,1981.23,23.95
5522,30.576,2036.29,24.42
5523,30.3106,1996.33,24.28
5524,30.3493,1988.87,24.24
5525,30.4927,2026.06,24.79
5526,31.0356,1975.32,25.17
5527,30.6801,2026.94,25.25
5528,30.5524,2057.37,25.79
5529,30.462,2028.56,25.86
5530,30.7376,2031.95,25.66
5531,29.9564,2039.39,25.86
5532,30.3947,2062.05,26.05
5533,29.882,2051.25,25.63
5534,29.6019,2033.72,25.93
5535,30.2553,2047.08,25.35
5536,29.0771,2004.11,25.7
5537,29.2177,2047.47,25.44
5538,28.9303,2004.74,25.1
5539,29.6096,2022.53,24.61
5540,29.9005,1956.48,24.53
5541,30.006,2045.44,24.19
5542,30.0172,2021.17,23.93
5543,29.7595,2066.91,23.97
5544,29.8904,2050.75,24.14
5545,29.6798,2070.97,24.04
5546,30.9608,2017.65,24.42
5547,30.6357,2072.56,24.45
5548,30.4586,2101.1,24.63
5549,31.0746,2069.4,24.42
5550,30.4082,2071.88,24.94
5551,30.7981,2058.18,25.05
5552,30.5544,2042.62,25.46
5553,30.6866,2076.54,25.57
5554,30.3309,2021.61,25.79
5555,29.7459,2050.55,26.18
5556,30.0227,2018.42,26.1
5557,30.1335,2046.77,26.17
5558,29.6412,2082.05,25.55
5559,29.7376,2080.24,25.72
5560,29.0801,2070.44,25.69
5561,29.316,2074.95,25.56
5562,29.1126,2025.03,24.69
5563,29.5479,2064.3,24.67
5564,29.4032,2057.97,24.71
5565,29.712,2059.88,24.25
5566,29.9763,2092.64,23.95
5567,30.0263,2057.39,23.72
5568,30.0819,2064.97,23.81
5569,29.8817,2029.05,23.7
5570,30.3492,2074.96,24.15
5571,30.335,2056.14,24.47
5572,30.503,2086.28,24.25
5573,30.5638,2061.43,24.79
5574,30.406,2088.66,25.17
5575,30.0889,2083.21,25.26
5576,30.4058,2129.34,25.18
5577,30.553,2100.62,25.78
5578,29.9455,2042.79,25.86
5579,30.1859,2057.67,25.93
5580,30.5701,2091.13,25.89
5581,30.1257,2066.88,25.98
5582,30.1431,2016.23,25.97
5583,29.6224,2124.42,26.19
5584,29.744,2108.87,25.52
5585,29.1067,2103.99,25.56
5586,29.1067,2075.82,25.07
5587,28.5021,2101.66,24.72
5588,29.7496,2073.25,24.53
5589,29.9671,2095.81,24.05
5590,29.484,2067.43,24.2
5591,29.7426,2128.04,23.64
5592,29.7738,2050.49,23.83
5593,30.296,2120.1,24.06
5594,30.6875,2089.75,24.37
5595,29.9721,2075.96,24.58
5596,30.729,2091.72,24.45
5597,30.5931,2105.16,24.77
5598,30.734,2120.22,25.2
5599,30.8138,2093.03,24.99
5600,30.5498,2062.03,25.58
5601,30.4639,2084.73,25.54
5602,30.2858,2127.73,25.83
5603,30.4723,2114.92,25.87
5604,30.1256,2102.81,26.09
5605,29.885,2098.79,26.08
5606,29.2687,2095.14,26.04
5607,29.3915,2105.32,25.78
5608,29.6634,2063.59,25.53
5609,29.3352,2039.74,25.63
5610,29.4979,2073.9,24.7
5611,29.8538,2050.25,25.08
5612,29.7054,2042.79,24.44
5613,29.533,2049.59,24.41
5614,29.4967,2128.13,24.07
5615,29.0528,2067.77,23.89
5616,29.9495,2071.74,24.1
5617,30.0834,2030.44,24.24
5618,30.4671,2013.17,24.23
5619,30.4488,2037.04,24.18
5620,30.5101,2091.69,25.22
5621,30.1423,2062.3,24.98
5622,30.418,2067.09,25.19
5623,30.8191,2068.76,25.19
5624,31.121,2033.67,25.37
5625,30.4657,2081.3,25.65
5626,30.4483,2028.92,26.08
5627,30.4669,2078.03,25.77
5628,29.7567,2052.06,25.79
5629,29.9289,1994.4,26.07
5630,29.4279,2018.56,25.93
5631,29.7645,1990.78,25.55
5632,29.4392,2062.63,25.28
5633,29.4134,2031.09,25.55
5634,29.0652,1974.17,25.07
5635,29.536,2037.45,24.47
5636,30.0192,2012.83,24.24
5637,29.2027,1987.39,24.22
5638,29.5481,2064.68,24.28
5639,29.8883,2023.69,24.15
5640,30.2359,2011.97,24.23
5641,30.0133,2007.65,23.74
5642,29.5001,1978.17,24.18
5643,30.9027,1981.78,24.58
5644,30.8344,2044.96,24.77
5645,30.1533,1999.46,24.81
5646,30.5177,2010.38,25.47
5647,31.1466,1957.28,25.38
5648,31.0406,1974.04,25.71
5649,30.7766,2020.89,25.72
5650,30.2972,2013.79,25.71
5651,30.2061,2046.94,25.79
5652,29.9607,2035.48,26.04
5653,30.1573,1995.0,25.92
5654,29.3872,2011.51,25.51
5655,29.2633,1990.75,25.5
5656,29.6969,2049.07,25.44
5657,29.3105,2025.52,25.4
5658,29.7135,2000.19,25.0
5659,29.1224,2000.18,24.73
5660,29.3773,2030.58,24.3
5661,29.2283,2008.3,24.3
5662,29.6522,2032.19,24.4
5663,29.3753,1937.86,24.07
5664,29.8537,2003.78,23.7
5665,29.7503,1978.99,23.78
5666,30.5582,2035.47,24.25
5667,30.71,2029.97,24.25
5668,30.0871,1991.96,24.49
5669,31.0763,2029.43,24.62
5670,31.4492,2035.58,25.1
5671,30.6899,1992.9,25.2
5672,30.4139,2052.94,25.46
5673,31.3423,1990.53,25.54
5674,29.9543,1986.2,26.05
5675,30.1872,2013.52,25.92
5676,30.0539,1983.41,26.12
5677,30.2224,1994.84,25.73
5678,29.7579,2028.46,26.21
5679,29.3554,1994.29,25.96
5680,29.1084,1952.08,25.12
5681,29.2213,2004.35,25.1
5682,28.9979,1978.54,25.1
5683,29.3382,2018.43,24.48
5684,29.2245,2015.1,24.47
5685,29.0568,2035.45,24.38
5686,30.0265,2022.38,24.1
5687,29.6695,2028.03,24.14
5688,29.6196,1985.18,23.86
5689,30.1307,2023.2,23.59
5690,30.3705,2053.56,24.33
5691,29.971,1988.43,24.49
5692,30.7057,2051.98,25.0
5693,30.362,1994.65,24.3
5694,31.2133,1988.53,25.15
5695,30.8333,2018.71,24.87
5696,30.4862,2030.73,25.85
5697,30.2714,2037.19,25.8
5698,30.3185,1991.96,25.68
5699,30.365,2028.5,26.12
5700,29.9924,2002.17,25.89
5701,29.7537,1983.78,26.03
5702,29.6675,1999.51,25.91
5703,29.3239,2005.71,26.06
5704,29.2908,2039.3,25.86
5705,28.6981,2056.86,25.14
5706,29.5921,1993.04,25.21
5707,29.4135,2040.5,24.81
5708,29.1617,2004.13,24.22
5709,30.0746,2051.13,24.15
5710,29.6761,2021.7,24.6
5711,29.508,2012.85,24.11
5712,30.257,2060.99,24.2
5713,30.3006,2028.2,23.99
5714,30.4684,2036.84,24.03
5715,30.3672,1991.1,24.3
5716,30.7414,2072.12,24.45
5717,30.5976,2070.82,24.44
5718,30.8668,2052.26,24.8
5719,30.1047,2015.75,25.4
5720,30.4761,2085.97,25.42
5721,31.0116,2040.86,25.71
5722,30.1199,2047.93,25.91
5723,30.0,2118.8,26.03
5724,29.8656,2045.1,26.23
5725,29.4544,2082.92,25.75
5726,28.9875,2080.05,25.98
5727,29.4358,2077.36,25.86
5728,29.4345,2076.22,25.7
5729,29.3081,2080.1,24.98
5730,29.2565,2078.97,25.05
5731,29.3368,2072.32,25.08
5732,29.7006,2112.79,24.48
5733,29.4479,2043.54,24.39
5734,29.4778,2103.19,24.29
5735,29.7345,2099.46,23.83
5736,30.1738,2097.55,24.37
5737,30.6048,2109.15,24.13
5738,30.1616,2080.0,24.24
5739,30.5247,2036.61,23.96
5740,30.7077,2082.49,24.66
5741,30.3784,2060.43,24.84
5742,30.7061,2067.75,25.32
5743,30.2364,2055.77,25.2
5744,30.0755,2075.61,25.3
5745,30.605,2073.28,25.57
5746,30.2348,2029.34,25.77
5747,30.2419,2106.8,25.74
5748,29.9946,2145.25,26.26
5749,29.5259,2105.28,26.23
5750,29.6364,2085.37,25.83
5751,29.1351,2089.32,25.63
5752,29.8111,2080.34,25.14
5753,28.9171,2093.22,25.4
5754,29.2413,2090.07,25.33
5755,29.0112,2069.94,24.61
5756,29.5649,2132.93,24.48
5757,29.4056,2053.51,24.38
5758,29.4944,2108.4,24.48
5759,30.0748,2087.6,24.07
5760,30.0088,2137.27,24.04
5761,30.3362,2097.82,24.07
5762,30.0556,2079.78,23.85
5763,30.0735,2082.0,24.0
5764,30.6384,2088.54,24.34
5765,30.5805,2058.26,24.94
5766,30.8879,2066.88,24.93
5767,30.6522,2040.58,25.15
5768,30.6677,2061.23,25.39
5769,30.008,2085.68,25.68
5770,30.9165,2089.82,26.21
5771,30.1319,2031.75,25.94
5772,30.2093,2076.66,25.84
5773,29.568,2092.98,25.97
5774,29.7424,2073.58,26.22
5775,29.1142,2060.51,25.61
5776,29.5294,2064.7,25.26
5777,29.2171,2060.1,25.16
5778,29.3088,2056.26,25.03
5779,29.5332,2075.04,24.88
5780,29.024,2126.86,24.7
5781,29.2997,2049.01,24.08
5782,29.7872,2058.05,23.94
5783,30.4483,2063.07,23.97
5784,29.9586,2045.51,24.14
5785,30.3585,2088.45,23.78
5786,30.3179,1999.99,24.01
5787,31.0776,2044.24,24.17
5788,30.0821,2076.2,24.69
5789,30.7045,2046.59,24.85
5790,30.2123,2031.61,25.18
5791,29.9242,2061.31,25.53
5792,30.6955,2071.11,25.44
5793,30.5368,2051.86,25.47
5794,30.2645,2024.71,25.63
5795,30.1493,2054.27,25.6
5796,30.9295,2030.95,25.91
5797,29.7414,2057.76,25.89
5798,29.803,2074.34,26.02
5799,29.3102,1970.26,25.71
5800,29.4824,2036.32,25.4
5801,29.2524,1988.31,25.24
5802,29.1768,2090.92,24.79
5803,29.8695,2016.36,24.95
5804,29.7469,2044.92,24.34
5805,29.546,2023.6,24.06
5806,28.9587,2002.66,24.3
5807,29.7105,1997.95,24.15
5808,30.8109,2058.95,23.66
5809,30.112,2041.54,24.21
5810,30.681,2064.59,23.99
5811,30.9276,2015.78,24.22
5812,30.6719,2020.03,24.54
5813,30.4236,2004.63,24.86
5814,29.9694,2002.65,25.09
5815,30.8814,1982.34,25.25
5816,30.3618,2009.09,25.42
5817,30.5478,1985.91,25.79
5818,29.9751,2015.4,25.84
5819,30.1016,2007.35,26.33
5820,30.0101,2009.1,26.12
5821,29.8994,2042.65,25.78
5822,29.3156,1998.75,25.77
5823,29.8641,2017.58,25.72
5824,29.2147,2048.99,25.76
5825,28.8215,2029.46,25.54
5826,29.2673,2024.78,24.92
5827,29.3342,1987.5,24.55
5828,29.442,2000.2,24.29
5829,29.9137,1960.85,24.34
5830,29.5791,2005.69,24.59
5831,29.7829,1999.57,24.14
5832,29.669,1992.84,23.68
5833,30.4273,2017.55,23.89
5834,30.4053,1961.36,24.01
5835,30.369,2032.19,24.13
5836,30.0348,2013.68,24.42
5837,31.1095,1989.27,24.82
5838,30.3317,1987.28,25.14
5839,30.4988,2003.05,25.48
5840,30.7137,2029.16,25.6
5841,30.136,1993.85,25.32
5842,29.9019,1995.16,25.65
5843,29.544,1992.32,25.93
5844,30.2163,2036.8,26.03
5845,29.6553,1983.48,26.14
5846,30.5282,1992.48,25.87
5847,29.2067,2030.39,25.72
5848,29.1173,1998.13,25.55
5849,29.1542,2023.6,25.21
5850,29.3729,1973.17,25.02
5851,29.1828,1991.66,24.97
5852,29.5775,2034.81,24.48
5853,29.2114,1981.76,24.29
5854,29.2355,1995.91,24.13
5855,29.2794,2007.19,24.29
5856,29.3329,1977.18,23.78
5857,30.0258,1992.76,24.39
5858,30.2597,2007.16,23.9
5859,30.3055,2006.81,24.16
5860,30.9792,2039.0,24.65
5861,31.0446,2046.92,24.95
5862,30.5996,1988.42,24.72
5863,30.138,2014.09,25.04
5864,30.4362,2029.69,25.56
5865,30.315,2052.31,26.18
5866,30.1529,2033.96,26.12
5867,29.9719,2024.91,25.92
5868,29.804,2035.97,25.52
5869,29.7029,2037.85,25.98
5870,29.4593,1999.54,25.94
5871,29.5675,2029.31,25.63
5872,29.5019,2062.74,25.33
5873,29.0507,2022.88,25.29
5874,29.6813,2033.11,24.81
5875,29.0298,2025.64,25.12
5876,28.9084,1975.7,24.8
5877,29.6193,2035.92,24.42
5878,29.4048,2044.81,24.15
5879,29.9152,2026.32,23.9
5880,29.2789,2012.13,24.0
5881,30.5989,2020.85,24.36
5882,30.5517,2063.84,24.31
5883,30.0448,2095.91,24.33
5884,30.1626,2083.01,24.68
5885,31.1778,2016.69,24.85
5886,30.4788,2073.49,25.08
5887,30.4259,2037.36,25.45
5888,29.9264,2041.18,25.6
5889,30.3897,2045.96,25.88
5890,30.2817,2076.92,25.9
5891,30.3958,2084.98,25.92
5892,29.5803,2060.24,25.89
5893,29.3627,2062.34,25.83
5894,29.7853,2077.61,25.54
5895,29.807,2081.8,25.52
5896,28.9224,2098.57,25.31
5897,29.6483,2038.58,25.16
5898,29.3113,2072.68,25.31
5899,29.6514,2046.91,24.71
5900,29.3727,2073.74,24.55
5901,28.7483,2070.7,24.35
5902,29.6044,2076.48,24.45
5903,30.1369,2058.91,23.92
5904,29.7319,2042.91,23.96
5905,30.0648,2028.87,24.01
5906,30.2972,2079.03,24.36
5907,29.6251,2072.56,24.56
5908,31.1076,2067.4,24.59
5909,30.4057,2118.27,24.99
5910,30.8517,2064.56,25.04
5911,30.6501,2122.25,25.22
5912,30.9835,2128.14,25.74
5913,30.6168,2039.42,25.8
5914,30.2795,2091.09,25.72
5915,29.9131,2079.3,26.17
5916,30.2394,2016.95,25.96
5917,29.2568,2054.01,25.9
5918,29.8438,2109.81,26.04
5919,29.1753,2141.17,25.69
5920,29.7695,2113.43,25.58
5921,29.3722,2099.06,25.39
5922,29.4932,2090.47,24.84
5923,29.3484,2133.03,24.82
5924,28.8681,2144.57,24.77
5925,29.2468,2076.01,24.1
5926,29.8517,2040.44,24.22
5927,29.8688,2037.67,23.87
5928,30.3543,2122.79,24.2
5929,30.3022,2088.12,24.24
5930,30.06,2093.36,24.06
5931,30.2562,2043.43,24.73
5932,30.6371,2068.71,24.72
5933,29.9819,2079.44,24.88
5934,31.202,2091.24,25.13
5935,30.8087,2075.24,25.46
5936,30.9743,2058.37,25.3
5937,30.0208,2063.72,25.75
5938,30.7234,2112.52,25.94
5939,30.8506,2087.35,25.89
5940,29.6037,2095.4,26.09
5941,30.0502,2056.43,26.21
5942,29.6503,2003.81,25.78
5943,29.0417,2063.28,25.7
5944,29.5416,2053.34,25.34
5945,29.5739,2082.34,24.9
5946,29.1197,2154.32,25.16
5947,29.6736,2088.07,24.74
5948,28.8938,2137.57,24.51
5949,29.0566,2081.82,24.1
5950,29.691,2050.25,24.1
5951,29.8264,2073.06,24.25
5952,29.785,2107.21,24.0
5953,30.4241,2106.73,24.04
5954,30.5093,2044.88,24.18
5955,30.7524,2063.84,24.05
5956,30.5693,2020.01,24.62
5957,30.8569,2074.56,24.49
5958,30.5663,2090.96,24.81
5959,31.2923,2051.29,25.05
5960,30.3625,2031.77,25.46
5961,31.1266,2055.6,25.64
5962,30.3605,2055.17,25.87
5963,29.7685,2044.9,25.78
5964,30.4104,2045.47,26.2
5965,29.8566,2034.79,26.13
5966,29.9053,2062.16,25.83
5967,29.8722,2053.81,25.61
5968,29.4952,2008.97,25.38
5969,29.1462,2006.44,25.2
5970,29.5927,2023.51,24.72
5971,29.3241,2046.48,24.55
5972,29.5995,2029.96,24.67
5973,28.8589,2008.41,24.35
5974,29.7841,2029.27,24.46
5975,29.6273,2012.74,23.97
5976,30.496,2041.32,23.93
5977,30.3681,2025.96,23.95
5978,30.422,2008.12,24.07
5979,30.6409,2020.19,24.16
5980,30.3067,2045.71,24.55
5981,31.1631,1997.07,24.75
5982,31.2974,2019.89,24.9
5983,30.794,2006.62,25.51
5984,31.0833,2017.67,25.88
5985,30.3242,1989.28,25.94
5986,30.1109,2007.11,25.98
5987,30.1935,2030.8,26.12
5988,30.1305,1978.48,26.37
5989,29.7006,1967.53,26.12
5990,29.8113,1967.4,25.75
5991,29.5969,1969.4,25.79
5992,29.0943,2012.58,25.63
5993,29.4795,1961.65,25.06
5994,29.5591,1988.5,24.94
5995,29.3753,2010.63,24.96
5996,29.7396,2004.87,24.14
5997,29.1398,1984.17,24.04
5998,29.7904,1997.99,24.1
5999,29.4677,1995.38,24.1
6000,29.6658,1986.65,23.73
6001,29.9919,1986.6,24.01
6002,30.0674,2047.44,24.36
6003,30.3306,2011.55,24.31
6004,30.542,2053.16,24.69
6005,30.9273,1978.61,24.62
6006,30.6037,1988.88,24.84
6007,30.2005,1957.73,25.43
6008,30.9482,1970.9,25.57
6009,30.2438,2038.86,25.47
6010,30.3324,1978.51,25.71
6011,30.3151,2039.85,26.28
6012,30.0599,1961.17,25.82
6013,30.1471,1966.37,26.15
6014,29.7937,1984.69,25.77
6015,29.2466,1992.21,25.71
6016,30.0474,2017.53,25.56
6017,29.3822,2006.44,24.84
6018,29.2558,1985.54,24.71
6019,29.613,1993.46,24.76
6020,29.4686,1989.72,24.36
6021,29.6248,1975.8,24.49
6022,30.3977,1977.49,23.81
6023,29.7363,2026.47,24.15
6024,29.9047,1956.2,23.72
6025,30.2161,2043.54,23.96
6026,30.6715,1995.77,23.92
6027,30.043,1986.33,24.67
6028,30.0166,2025.49,24.23
6029,30.5,2045.52,24.72
6030,30.2098,2037.77,24.65
6031,30.5487,2023.86,25.58
6032,30.757,2040.01,25.58
6033,30.2278,1971.49,25.73
6034,29.922,2002.95,26.16
6035,30.202,1994.86,26.0
6036,30.2588,2049.92,26.04
6037,29.3103,2011.42,25.99
6038,29.8961,2043.87,25.98
6039,29.7502,2037.88,25.61
6040,29.68,2004.7,25.46
6041,29.6894,2013.39,25.42
6042,29.9606,2062.22,25.06
6043,29.217,2012.32,24.72
6044,29.4267,2036.67,24.22
6045,29.3801,2015.84,24.59
6046,29.6506,2029.41,24.0
6047,30.2787,2037.98,24.23
6048,29.5965,2021.43,24.04
6049,29.9229,2018.86,23.78
6050,30.7632,2051.89,24.38
6051,30.801,2025.48,24.34
6052,30.4973,2028.19,24.77
6053,30.9325,2026.82,24.7
6054,30.8024,2050.18,25.14
6055,31.1262,2077.53,24.91
6056,30.6286,2093.4,25.4
6057,30.8027,2039.37,25.45
6058,31.1426,2113.02,25.79
6059,30.3606,2035.88,26.06
6060,30.0148,2089.78,25.88
6061,30.0356,2046.32,26.14
6062,29.5404,2044.23,25.69
6063,30.2214,2048.98,25.88
6064,29.4478,2067.85,25.76
6065,29.242,2085.19,25.46
6066,29.0493,2088.92,24.93
6067,29.653,2050.01,24.32
6068,29.6539,2050.27,24.62
6069,29.3558,2053.44,24.27
6070,29.8229,2074.87,23.94
6071,29.3663,2073.64,23.92
6072,30.0555,2056.34,24.29
6073,30.317,2087.97,23.81
6074,30.8622,2138.88,24.23
6075,30.2637,2070.72,24.34
6076,30.2227,2073.46,24.43
6077,30.4075,2099.2,24.87
6078,30.299,2072.08,25.33
6079,31.0771,2103.55,25.2
6080,31.0708,2069.58,25.45
6081,30.591,2134.0,25.83
6082,30.7164,2097.4,26.05
6083,30.2214,2073.8,25.94
6084,29.9715,2075.03,25.94
6085,29.7189,2077.28,25.52
6086,29.5569,2124.76,25.71
6087,29.0407,2058.97,25.48
6088,29.4731,2074.16,25.64
6089,29.3118,2076.92,25.21
6090,29.5236,2090.61,24.94
6091,29.3519,2084.19,24.74
6092,29.345,2053.58,24.33
6093,29.2437,2080.69,24.6
6094,29.6716,2087.95,24.39
6095,30.0403,2074.43,24.36
6096,29.657,2106.92,24.14
6097,30.2074,2112.28,24.03
6098,30.4199,2086.82,24.46
6099,30.2796,2093.96,24.16
6100,30.4299,2033.52,24.33
6101,30.7453,2076.3,24.62
6102,30.36,2111.17,25.1
6103,30.7811,2074.62,25.11
6104,30.3376,2065.87,25.47
6105,30.8138,2140.28,25.39
6106,31.0513,2127.79,25.96
6107,29.9229,2092.92,25.66
6108,30.1603,2108.56,25.81
6109,29.6008,2023.25,26.21
6110,29.9623,2057.96,26.1
6111,29.1254,2064.61,25.78
6112,29.538,2069.11,25.56
6113,29.062,2061.37,25.15
6114,29.2379,2008.42,24.85
6115,29.0145,2080.34,24.67
6116,29.6405,2082.76,24.2
6117,29.2539,2107.65,24.34
6118,29.8156,2046.29,24.14
6119,29.7156,2042.61,23.85
6120,29.9657,1995.69,24.31
6121,30.2255,2053.66,24.16
6122,30.1215,2081.79,24.27
6123,30.5581,2042.22,24.2
6124,31.0653,2109.32,24.5
6125,30.4427,2047.53,24.87
6126,31.0515,2055.8,25.03
6127,31.1256,2016.22,25.58
6128,30.3614,2055.63,25.46
6129,30.0585,1997.12,25.61
6130,30.4406,2062.08,25.99
6131,30.017,2060.98,25.71
6132,30.5606,2074.98,26.18
6133,29.8293,2013.63,25.71
6134,29.4093,2041.28,25.99
6135,29.1609,2049.5,25.58
6136,29.7208,2044.6,25.6
6137,29.1525,2010.07,25.44
6138,29.3131,1970.07,25.03
6139,29.6106,2036.73,24.5
6140,29.2485,2022.45,24.32
6141,29.4912,2010.32,24.15
6142,29.645,2041.83,23.75
6143,30.0238,2019.88,24.26
6144,30.1772,1986.33,24.02
6145,30.1151,1969.35,23.81
6146,30.3691,1987.78,24.43
6147,30.3834,2074.22,24.15
6148,30.1629,2030.9,24.55
6149,30.7534,2016.02,24.58
6150,31.2677,2005.28,24.6
6151,30.411,2002.2,24.99
6152,30.3743,2036.17,25.41
6153,30.2338,1993.38,25.89
6154,30.5674,2018.77,25.94
6155,30.3157,1994.39,25.99
6156,29.9524,2050.41,25.6
6157,29.5434,2019.33,26.22
6158,29.6777,2030.83,25.91
6159,29.0356,1984.05,25.68
6160,29.4368,2024.15,25.73
6161,29.5853,1988.98,25.51
6162,28.9246,1998.7,25.23
6163,28.8641,2036.05,24.69
6164,29.8676,1968.39,24.3
6165,29.3215,1998.89,24.49
6166,29.9908,2004.17,23.86
6167,29.7726,2005.7,24.42
6168,29.9514,1980.98,24.01
6169,30.3127,2044.03,23.82
6170,30.0848,1959.19,23.89
6171,30.5347,2027.79,24.04
6172,30.4918,2021.52,24.53
6173,30.28,2038.56,24.74
6174,30.8012,1951.29,24.75
6175,30.5972,1969.31,25.19
6176,30.5591,2028.44,25.23
6177,30.1319,1944.39,25.82
6178,30.8274,1951.4,25.86
6179,30.4442,1979.66,25.89
6180,30.2892,1997.05,25.74
6181,29.7272,2032.51,25.91
6182,29.1312,1988.59,25.78
6183,30.0909,1978.6,25.77
6184,29.3755,2002.24,25.53
6185,29.0992,2006.91,25.42
6186,29.425,2006.98,24.9
6187,29.674,1992.34,24.37
6188,29.3869,1948.82,24.7
6189,29.8886,1975.72,24.11
6190,29.9749,2035.19,23.91
6191,29.4959,2005.45,24.03
6192,29.7979,1993.85,24.06
6193,30.4684,2031.06,23.93
6194,29.5362,1976.09,24.03
6195,30.4501,2000.01,24.21
6196,30.177,2010.44,24.78
6197,30.5332,1997.35,24.74
6198,30.6104,2012.34,24.81
6199,30.5687,2006.62,25.07
6200,30.4405,1977.85,25.45
6201,30.1658,2018.94,25.75
6202,31.0376,1982.79,25.96
6203,30.7414,2021.78,25.99
6204,29.6514,2053.66,25.83
6205,30.2935,2013.98,25.88
6206,29.5302,1993.45,26.01
6207,29.5438,2021.31,25.48
6208,29.3748,2005.46,25.41
6209,29.1259,2042.92,25.38
6210,29.5952,2026.17,25.18
6211,29.3616,2074.45,24.7
6212,29.2508,2062.62,24.42
6213,29.1136,2031.57,24.03
6214,29.3819,2055.15,24.24
6215,29.3264,2029.3,24.3
6216,30.0037,2041.85,24.51
6217,29.8222,2033.83,24.11
6218,30.2703,2063.9,24.12
6219,30.906,2082.42,24.11
6220,30.966,2068.42,24.12
6221,30.6665,2073.34,24.78
6222,30.6739,2075.2,25.47
6223,31.2401,2067.72,25.51
6224,30.7624,2027.26,25.72
6225,30.3966,2100.04,25.76
6226,29.9222,2104.38,25.94
6227,30.2993,2055.15,25.48
6228,30.2488,2053.43,26.15
6229,29.6293,2079.67,25.85
6230,29.7374,2079.77,25.73
6231,29.396,2062.55,25.64
6232,29.3386,2037.92,25.43
6233,28.5775,2078.33,25.12
6234,29.2335,2085.96,25.0
6235,29.6147,2091.76,24.63
6236,29.2044,2083.74,24.52
6237,29.5208,2069.58,24.0
6238,29.4232,2102.5,24.09
6239,29.927,2080.54,23.81
6240,29.935,2068.47,23.87
6241,29.8994,2076.71,24.06
6242,30.7498,2038.66,23.81
6243,30.7737,2078.78,24.13
6244,30.4247,2101.51,24.61
6245,30.8255,2093.7,24.46
6246,30.8612,2124.07,25.36
6247,30.8688,2080.25,25.5
6248,30.0979,2099.73,25.4
6249,30.797,2108.01,25.55
6250,30.1791,2147.35,25.91
6251,30.0738,2092.92,25.68
6252,30.7914,2063.64,25.6
6253,29.9094,2111.33,25.87
6254,29.5341,2137.08,25.84
6255,28.8434,2082.62,25.73
6256,29.8107,2111.89,25.38
6257,28.9203,2121.68,25.51
6258,28.999,2116.43,24.7
6259,29.2244,2094.1,24.51
6260,29.8187,2073.4,24.6
6261,29.737,2088.65,24.06
6262,29.6026,2101.91,23.89
6263,29.9113,2112.83,24.06
6264,29.8199,2098.1,23.79
6265,30.2231,2079.8,24.01
6266,30.372,2102.66,23.99
6267,30.7856,2109.7,24.12
6268,30.8964,2097.03,24.08
6269,30.8243,2065.92,24.77
6270,30.5913,2081.51,24.75
6271,30.8987,2108.9,25.23
6272,30.5786,2049.73,25.4
6273,30.1704,2031.01,25.67
6274,30.229,2120.01,25.84
6275,30.2065,2094.02,26.0
6276,30.2731,2095.26,25.85
6277,29.7638,2051.98,26.21
6278,29.2872,2096.09,25.5
6279,29.522,2083.24,25.66
6280,29.4278,2035.4,25.67
6281,29.3796,2109.22,25.35
6282,29.576,2076.14,24.81
6283,29.6295,2060.79,24.58
6284,29.2155,2059.72,24.3
6285,29.3202,2017.22,24.41
6286,29.3379,2080.83,23.99
6287,30.0285,2070.91,24.09
6288,30.4346,2057.84,24.05
6289,30.0866,2092.96,24.51
6290,30.2776,2024.67,24.2
6291,30.935,2042.59,24.13
6292,30.7579,2034.49,24.21
6293,30.807,2046.97,24.69
6294,30.3427,2053.81,24.98
6295,30.8798,2061.05,24.82
6296,30.3275,2039.78,25.36
6297,30.1548,2024.66,25.77
6298,30.246,2086.89,25.76
6299,30.0054,2103.16,26.16
6300,29.9335,2044.58,25.69
6301,29.3865,2020.21,26.1
6302,29.9376,2074.15,26.05
6303,29.8433,1999.23,25.9
6304,28.8096,2025.18,25.19
6305,29.6174,2014.3,25.32
6306,29.0568,2000.89,24.87
6307,29.5809,2021.06,24.46
6308,29.3732,2004.66,24.42
6309,29.5137,2024.8,24.11
6310,29.5945,2023.41,24.32
6311,30.1825,2005.47,24.14
6312,29.6281,2010.04,23.77
6313,30.3635,2011.87,23.89
6314,30.6804,2036.25,24.06
6315,30.7099,2010.69,24.28
6316,31.3036,2033.45,24.7
6317,30.5175,2025.95,24.88
6318,30.9872,2024.11,25.01
6319,30.6443,2043.08,25.21
6320,30.9762,1979.01,25.15
6321,30.4927,1993.82,25.97
6322,30.2336,2048.43,25.78
6323,30.573,1996.67,26.28
6324,29.8525,1931.53,26.04
6325,29.395,1995.7,26.37
6326,29.4949,2003.06,25.99
6327,29.6907,1933.24,25.42
6328,29.8114,2031.05,25.38
6329,29.3572,1978.95,25.22
6330,29.6955,2004.17,24.83
6331,28.9164,1989.52,24.67
6332,29.2608,1962.25,24.23
6333,29.4185,1967.04,24.29
6334,29.6156,1969.84,24.18
6335,29.8441,2019.85,23.83
6336,30.2073,1988.57,24.39
6337,30.0477,1978.83,24.05
6338,30.3917,1968.19,23.97
6339,30.4814,2021.22,23.97
6340,30.3285,2027.74,24.51
6341,30.642,2020.65,24.69
6342,30.6569,2003.31,25.16
6343,30.6266,1998.28,25.23
6344,30.6157,1960.74,25.26
6345,30.5177,1985.17,26.04
6346,30.2203,1974.46,25.95
6347,30.563,1946.23,25.92
6348,29.6492,2018.68,26.03
6349,29.6025,1975.31,26.06
6350,30.484,2023.12,25.58
6351,29.1936,2015.85,25.74
6352,28.9877,2008.37,25.41
6353,29.5442,2010.49,25.36
6354,28.6769,1980.57,24.85
6355,29.2533,2043.24,24.62
6356,30.0375,1998.78,24.83
6357,29.0415,2006.21,24.54
6358,29.0554,1983.46,23.47
6359,29.3691,1977.49,24.27
6360,30.2695,2013.84,23.99
6361,30.5186,2008.54,23.89
6362,30.1962,1984.61,23.93
6363,30.6999,1969.68,24.1
6364,31.0233,1975.24,24.36
6365,31.2124,2038.29,24.52
6366,30.6261,1994.49,24.73
6367,29.9857,2002.84,25.05
6368,30.36,2049.09,25.56
6369,30.3669,1986.34,25.72
6370,30.2723,1997.83,25.98
6371,30.1248,1998.42,25.95
6372,30.3357,2059.76,25.74
6373,30.2012,2070.84,26.06
6374,29.5985,2041.52,25.67
6375,29.8346,2044.07,25.84
6376,29.5011,2011.75,25.27
6377,29.3432,2076.74,25.12
6378,29.572,2036.57,24.93
6379,29.3455,2053.03,24.88
6380,30.0111,2030.91,24.54
6381,29.0735,2028.7,24.3
6382,29.4954,2078.84,24.51
6383,29.7809,2052.62,23.67
6384,30.1318,2077.28,23.79
6385,30.5616,2049.25,23.82
6386,30.3427,2023.53,23.78
6387,30.0683,2032.01,24.15
6388,30.859,2051.03,24.64
6389,30.9026,2034.63,24.62
6390,30.1174,2024.44,24.93
6391,30.675,2083.98,24.91
6392,30.1292,2042.12,25.34
6393,30.2956,2060.97,25.61
6394,30.0792,2066.67,25.99
6395,30.424,2046.29,25.63
6396,30.035,2098.96,25.91
6397,29.4331,2036.43,26.18
6398,29.914,2072.54,25.78
6399,29.0749,2073.75,25.28
6400,29.4928,2067.81,25.76
6401,29.0796,2038.27,25.41
6402,29.1903,2093.94,25.17
6403,29.4751,2092.2,24.39
6404,29.5502,2058.12,24.8
6405,29.9061,2094.04,24.14
6406,29.6253,2087.03,24.03
6407,29.9108,2046.88,23.89
6408,29.8687,2058.74,24.19
6409,30.2358,2109.69,24.0
6410,30.4818,2090.05,24.23
6411,30.4655,2069.23,24.31
6412,30.0651,2062.84,24.48
6413,30.7756,2072.32,24.55
6414,30.8094,2074.94,25.36
6415,30.4721,2065.68,24.97
6416,30.2209,2044.0,25.58
6417,30.9377,2116.69,25.78
6418,30.4974,2113.04,26.1
6419,30.1124,2057.46,26.24
6420,29.6589,2093.15,25.97
6421,29.5723,2067.57,26.07
6422,30.0408,2083.9,26.22
6423,29.5463,2082.07,25.69
6424,29.2286,2080.16,25.29
6425,29.4768,2141.04,25.18
6426,29.0557,2079.99,24.74
6427,29.7741,2070.76,24.82
6428,29.7996,2071.8,24.71
6429,29.3651,2116.78,24.27
6430,29.4614,2049.14,23.81
6431,29.0334,2071.06,24.24
6432,29.5555,2125.92,23.64
6433,29.7793,2095.4,23.72
6434,30.3906,2093.58,24.1
6435,30.3971,2141.5,24.34
6436,30.2026,2093.7,24.58
6437,30.5918,2069.12,24.73
6438,30.8516,2079.0,25.35
6439,30.8345,2056.82,25.27
6440,30.0363,2115.7,25.71
6441,30.4565,2097.7,25.86
6442,29.935,2110.42,25.61
6443,30.4517,2111.55,25.93
6444,30.2352,2069.74,26.42
6445,29.5494,2055.28,25.87
6446,29.4202,2076.36,25.73
6447,29.3666,2054.54,25.74
6448,28.7179,2079.13,25.41
6449,29.4246,2101.92,25.1
6450,29.2181,2067.97,24.9
6451,29.6149,2074.44,25.03
6452,29.0643,2066.82,24.47
6453,29.3193,2087.67,24.03
6454,29.198,2049.31,23.83
6455,29.5175,2009.45,24.48
6456,29.6454,2074.47,23.96
6457,30.48,2085.69,24.12
6458,30.1405,2070.43,23.98
6459,30.5322,2041.51,24.36
6460,30.492,2027.36,24.79
6461,30.2953,2066.3,24.61
6462,30.6495,2055.66,25.09
6463,30.8559,2047.15,24.98
6464,30.2439,2094.01,25.9
6465,30.7377,2022.93,25.76
6466,30.0951,2089.11,25.78
6467,30.0363,2043.66,25.91
6468,30.1592,1995.11,25.9
6469,29.6198,2034.65,25.87
6470,29.6613,2061.25,25.38
6471,29.4106,2026.28,25.69
6472,29.4326,1996.68,25.47
6473,28.6096,2027.59,25.36
6474,28.7511,2008.44,24.9
6475,29.5086,2040.35,24.59
6476,29.7049,2045.6,24.5
6477,29.2319,1998.08,23.97
6478,29.5768,2005.09,24.16
6479,29.9072,2039.92,23.66
6480,30.208,1997.83,24.22
6481,29.5729,1990.58,24.17
6482,30.0842,1986.53,23.95
6483,30.3952,2023.2,24.43
6484,30.8172,2020.56,24.52
6485,31.4257,1994.21,24.54
6486,30.6316,2009.95,24.6
6487,30.2541,2046.56,25.32
6488,30.7269,1982.64,25.34
6489,30.8913,1956.85,25.93
6490,30.3824,2015.72,25.87
6491,29.9092,2000.34,25.83
6492,30.2874,1984.16,26.36
6493,30.0179,2017.07,26.08
6494,29.3422,2020.67,25.14
6495,29.6195,1943.46,25.61
6496,29.693,1981.38,25.22
6497,29.6784,2054.73,25.1
6498,29.2801,2010.54,24.97
6499,29.2164,2012.07,24.81
6500,29.762,2023.78,24.55
6501,29.142,1994.23,24.51
6502,29.7816,2013.14,24.26
6503,29.4078,2010.66,24.15
6504,30.3196,2005.73,24.04
6505,30.1038,1983.82,24.29
6506,30.7306,1995.86,24.07
6507,30.6424,1976.61,24.23
6508,30.2393,1991.46,24.12
6509,31.1035,1961.82,24.95
6510,31.1654,1971.23,24.98
6511,30.9408,1983.98,25.85
6512,30.3777,1967.55,25.42
6513,30.4032,1978.69,25.72
6514,30.3936,1987.46,25.98
6515,29.9701,2001.93,25.75
6516,30.5077,2015.99,26.07
6517,29.8621,1981.11,25.97
6518,28.839,2026.6,25.81
6519,29.6068,2017.27,25.94
6520,29.2893,2007.06,25.32
6521,29.3014,1999.01,25.31
6522,29.1894,2003.93,25.29
6523,29.566,2026.47,24.6
6524,29.7297,2028.29,24.44
6525,29.5899,2032.04,24.76
6526,29.5482,2000.72,24.23
6527,29.8064,2014.64,23.93
6528,30.0059,2035.5,24.16
6529,29.9404,1987.51,23.92
6530,30.5237,1996.39,23.82
6531,30.633,2006.05,24.57
6532,31.0684,2029.48,24.28
6533,31.0528,2031.26,25.23
6534,30.4943,2004.05,24.9
6535,30.9222,1973.59,25.69
6536,30.3209,2018.99,25.23
6537,30.7038,1991.44,25.91
6538,30.195,1978.75,25.97
6539,29.8742,1986.04,26.13
6540,30.084,2027.47,26.19
6541,29.0165,2055.03,25.87
6542,29.1247,2023.71,25.6
6543,29.4518,2029.77,25.7
6544,29.4185,2055.83,25.54
6545,29.2131,1989.45,25.16
6546,28.8262,2042.88,25.06
6547,29.0785,2031.41,24.81
6548,29.5111,2047.7,24.32
6549,29.6796,2023.31,24.37
6550,29.6451,2016.82,24.08
6551,30.1659,2042.64,23.89
6552,30.1192,2082.23,24.16
6553,29.9569,2064.39,23.88
6554,30.2658,2032.04,24.04
6555,30.0741,2013.07,24.31
6556,30.5738,2006.4,24.77
6557,31.0098,2083.2,24.78
6558,30.9056,2028.25,25.11
6559,31.0968,2045.8,25.2
6560,30.5154,2088.77,25.48
6561,30.8988,2017.17,25.7
6562,30.292,2096.57,25.92
6563,30.6226,2054.65,25.91
6564,29.9934,2033.98,26.27
6565,30.031,2058.18,25.89
6566,30.0925,2047.94,25.52
6567,29.447,2078.62,26.26
6568,29.4593,2052.96,25.43
6569,29.7105,2022.9,25.52
6570,29.2601,2066.66,25.28
6571,28.9276,2039.7,24.93
6572,30.0367,2080.12,24.46
6573,29.3641,2046.68,24.35
6574,29.6976,2065.45,23.88
6575,30.1656,2083.46,24.43
6576,29.8175,2074.78,23.83
6577,29.8788,2087.49,23.98
6578,30.4261,2099.32,24.15
6579,29.9571,2054.39,24.27
6580,30.5198,2082.69,24.37
6581,30.7497,2001.97,25.02
6582,30.619,2092.23,25.19
6583,30.2131,2079.31,25.32
6584,31.0845,2062.96,25.42
6585,30.526,2096.09,25.92
6586,30.7793,2118.1,25.77
6587,30.1032,2077.4,26.28
6588,29.736,2066.13,26.02
6589,29.8996,2094.25,26.21
6590,29.5853,2057.05,25.84
6591,29.1517,2074.18,25.72
6592,29.8347,2121.42,25.75
6593,29.1372,2092.52,25.7
6594,28.7479,2044.01,25.31
6595,29.7223,2046.04,24.92
6596,29.2425,2094.91,24.62
6597,29.3227,2112.25,24.19
6598,29.1204,2050.0,24.19
6599,30.3411,2101.37,23.85
6600,29.6132,2123.0,24.08
6601,30.1987,2136.49,24.12
6602,30.6238,2097.06,23.74
6603,30.6215,2100.86,24.3
6604,30.5883,2034.21,24.58
6605,30.1656,2139.32,24.72
6606,30.4571,2071.66,25.07
6607,30.7325,2061.87,24.99
6608,30.3701,2077.92,25.34
6609,30.556,2121.13,25.91
6610,30.5545,2137.51,25.87
6611,30.4699,2084.37,26.03
6612,29.6321,2105.04,25.89
6613,30.4778,2079.98,25.97
6614,29.8802,2051.71,25.41
6615,29.5045,2113.27,25.88
6616,29.7206,2059.46,25.86
6617,30.0335,2112.0,25.05
6618,28.8684,2104.64,24.81
6619,29.2563,2086.04,24.83
6620,28.6803,2114.89,24.79
6621,29.5628,2123.41,24.29
6622,29.7596,2061.62,23.89
6623,29.8071,2044.14,23.99
6624,29.8036,2016.09,23.79
6625,29.5663,2117.11,23.9
6626,30.4621,2048.28,24.07
6627,30.9316,2085.89,24.11
6628,30.4289,2037.21,24.34
6629,30.8082,2092.4,24.76
6630,30.2296,2034.62,25.04
6631,30.8133,2020.5,24.97
6632,30.4882,2043.24,25.58
6633,30.2662,2033.3,25.63
6634,30.1219,2059.64,26.01
6635,30.0631,2041.58,26.12
6636,30.1147,2056.69,25.89
6637,29.4252,2031.85,26.09
6638,29.5309,2020.64,25.7
6639,29.4926,2020.81,25.97
6640,29.0641,2084.67,25.34
6641,29.8629,2037.33,25.33
6642,29.044,1980.28,24.96
6643,29.123,2015.05,24.54
6644,29.1003,2028.68,24.68
6645,30.0446,2070.62,24.17
6646,29.8159,2048.45,23.79
6647,29.5378,1997.96,23.46
6648,30.3319,2079.76,23.82
6649,30.2414,2016.86,24.31
6650,30.4272,2047.16,24.39
6651,30.3916,1985.52,24.15
6652,30.3814,1952.88,24.43
6653,30.7775,1976.1,24.65
6654,30.5365,1928.57,24.73
6655,31.2212,2061.19,25.07
6656,30.2254,2012.35,25.7
6657,30.9558,1982.53,25.81
6658,30.3166,2015.66,25.92
6659,30.2709,2007.83,25.7
6660,30.2499,2017.43,26.02
6661,29.6298,2031.01,25.51
6662,29.9093,1992.44,26.03
6663,28.6928,1976.67,25.76
6664,29.1778,2018.39,25.23
6665,29.0466,2016.85,25.58
6666,28.9239,1998.47,24.64
6667,29.2594,2049.61,24.85
6668,29.5095,1983.51,24.61
6669,29.7158,1971.31,24.04
6670,29.7223,2003.67,24.13
6671,29.6191,1975.83,23.71
6672,30.1107,2004.64,23.43
6673,30.2185,1971.05,23.82
6674,30.6308,1981.55,24.01
6675,30.7281,2038.59,24.42
6676,30.6154,1981.0,24.51
6677,30.407,1971.06,24.76
6678,30.5041,2020.27,24.8
6679,30.5112,1964.76,25.15
6680,30.5116,1973.82,25.31
6681,30.5754,2005.73,25.46
6682,30.5646,2015.02,25.75
6683,30.1658,2022.38,25.98
6684,30.0048,1973.57,25.89
6685,29.8618,2007.6,25.9
6686,29.4952,1981.57,26.01
6687,29.2274,1978.66,25.61
6688,28.8672,2024.54,25.23
6689,29.1153,1981.43,25.37
6690,29.4419,2002.91,25.05
6691,29.113,2000.68,24.81
6692,29.3224,1970.93,24.63
6693,29.645,2022.82,24.38
6694,29.8062,2013.7,24.14
6695,29.495,1951.11,24.51
6696,30.2991,2008.84,23.74
6697,30.5194,1983.78,23.92
6698,30.011,2031.77,24.33
6699,30.2478,1969.51,24.32
6700,30.9635,1998.08,24.65
6701,30.6321,2017.44,24.78
6702,30.0341,2011.18,25.27
6703,30.2562,2030.38,25.06
6704,30.5314,1974.87,25.77
6705,30.1461,2055.7,25.94
6706,30.226,2029.13,25.62
6707,30.1909,2051.63,26.09
6708,30.4387,2041.16,25.99
6709,29.7317,2020.72,25.84
6710,29.9718,1990.63,25.49
6711,29.9337,2010.4,25.5
6712,29.8241,2066.0,25.64
6713,29.4093,2062.69,25.42
6714,28.711,2014.38,24.96
6715,29.4621,1961.25,24.9
6716,29.7083,2028.23,24.69
6717,29.4807,2028.21,24.32
6718,30.1734,2031.02,23.99
6719,30.0768,2052.34,24.12
6720,30.1705,2062.91,24.1
6721,30.5071,2067.63,24.17
6722,30.45,2055.88,24.31
6723,29.7471,2001.58,24.02
6724,30.4565,2039.92,24.4
6725,31.0353,2107.9,24.36
6726,30.4577,2061.48,25.15
6727,30.6091,2063.14,25.22
6728,30.2928,2064.72,25.59
6729,31.0302,2067.9,25.41
6730,30.8544,1999.69,26.15
6731,29.916,2055.01,25.73
6732,30.0442,2061.75,26.15
6733,29.6147,2096.4,25.99
6734,29.8345,2067.19,25.83
6735,29.6579,2026.44,25.65
6736,29.6373,2079.92,25.37
6737,29.4234,2050.6,25.52
6738,30.1806,2041.75,25.0
6739,29.0155,2052.76,24.49
6740,28.8806,2088.57,24.42
6741,29.3871,2107.82,24.32
6742,29.1796,2089.73,24.31
6743,29.3711,2094.7,23.91
6744,29.6996,2091.92,23.89
6745,29.9045,2083.76,24.04
6746,30.0636,2099.74,24.31
6747,30.6504,2022.87,24.02
6748,30.4544,2087.08,24.6
6749,30.6223,2059.08,24.65
6750,30.9683,2115.12,24.94
6751,30.4463,2083.15,25.66
6752,30.5269,2088.32,25.46
6753,30.6047,2050.57,25.86
6754,29.7675,2114.2,26.01
6755,29.4657,2104.98,25.73
6756,30.1038,2103.67,25.63
6757,29.9664,2069.8,26.13
6758,30.2693,2071.1,25.65
6759,29.5525,2096.28,25.37
6760,29.6397,2073.5,25.71
6761,29.2652,2101.84,25.05
6762,29.3892,2036.98,24.85
6763,29.824,2078.78,25.14
6764,28.7566,2135.78,24.17
6765,29.6291,2101.67,24.04
6766,30.2907,2094.61,24.04
6767,29.9034,2139.76,23.99
6768,30.4952,2031.35,23.82
6769,29.9924,2068.91,23.8
6770,30.3404,2078.75,24.44
6771,30.505,2109.65,24.35
6772,29.9409,2109.44,24.62
6773,30.3257,2065.18,24.71
6774,30.3709,2111.0,25.06
6775,30.9228,2075.12,25.45
6776,30.8679,2114.59,25.3
6777,30.5922,2057.52,25.76
6778,30.5972,2079.23,26.01
6779,30.1319,2068.98,26.27
6780,30.3606,2106.49,26.39
6781,29.8215,2065.83,25.98
6782,29.6674,2076.59,26.09
6783,29.4253,2089.03,25.17
6784,29.5991,2088.64,25.81
6785,29.1975,2095.79,25.11
6786,29.5929,2077.45,24.95
6787,28.9842,2060.23,24.83
6788,29.0641,2060.42,24.47
6789,29.7113,2068.24,24.33
6790,29.6234,2072.24,24.45
6791,29.6827,2060.68,23.96
6792,30.267,2063.17,23.78
6793,29.999,2023.06,24.4
6794,30.2899,2075.95,24.24
6795,30.9147,2062.04,24.68
6796,31.068,2080.78,24.67
6797,31.1479,2053.94,24.48
6798,30.6154,2008.67,25.13
6799,31.0454,2041.33,25.06
6800,30.3215,2043.45,25.5
6801,30.2229,2065.17,25.69
6802,29.6449,1992.98,25.54
6803,30.683,2043.9,25.8
6804,29.7408,2053.84,26.44
6805,29.7809,2022.59,26.01
6806,29.3769,2039.13,25.83
6807,29.7136,2019.73,26.07
6808,29.2811,2015.31,25.42
6809,28.9324,2021.49,25.24
6810,29.4325,2012.11,25.2
6811,28.8937,2045.15,24.66
6812,29.1426,2007.89,24.35
6813,28.873,2001.91,23.84
6814,29.2228,2066.93,23.95
6815,29.8724,2045.02,23.84
6816,29.4106,1972.77,24.03
6817,29.7368,1998.52,23.91
6818,30.3493,2022.06,24.57
6819,30.3319,2022.49,24.08
6820,31.2038,1975.57,24.78
6821,31.2263,2040.27,24.79
6822,30.4396,2030.46,25.16
6823,30.8433,2020.43,25.41
6824,30.831,2040.91,25.06
6825,30.3157,2016.95,25.7
6826,29.9013,2015.56,25.81
6827,30.1775,2042.04,25.74
6828,29.9481,2029.44,26.09
6829,29.6881,1979.73,26.31
6830,29.7827,2015.52,25.33
6831,29.2798,1982.06,25.6
6832,29.0482,2010.3,25.25
6833,29.3566,2008.71,25.27
6834,29.4158,1961.36,24.93
6835,28.9709,1992.13,24.62
6836,29.6722,2001.09,24.64
6837,28.9739,1982.9,24.62
6838,29.4766,2001.09,24.67
6839,29.7414,2012.85,23.89
6840,29.8091,1991.49,23.64
6841,30.0117,1997.49,24.15
6842,30.9113,2026.14,24.46
6843,30.2397,2003.14,24.46
6844,31.3386,1996.16,24.82
6845,30.8073,1967.08,24.7
6846,30.7276,2007.78,24.88
6847,30.819,1999.29,25.28
6848,31.3652,2023.23,25.43
6849,30.1969,1992.49,25.84
6850,30.0139,1946.15,26.06
6851,29.9547,1949.37,26.18
6852,30.0096,2010.65,26.1
6853,29.3011,1978.45,26.02
6854,29.6567,2004.14,26.02
6855,30.0131,1996.66,25.31
6856,29.4392,1990.29,25.54
6857,29.236,1992.76,25.27
6858,29.1146,1974.32,25.04
6859,29.5934,1996.4,24.72
6860,29.146,1983.09,24.59
6861,30.0589,1989.36,24.18
6862,30.23,1991.6,24.36
6863,29.8959,1995.1,24.13
6864,29.9965,2024.96,24.03
6865,30.4904,1999.86,23.89
6866,30.6784,2029.94,24.3
6867,30.2532,2044.09,24.33
6868,30.4483,2028.36,24.35
6869,30.2794,2021.75,24.73
6870,30.8227,2018.0,25.13
6871,30.8761,2032.94,25.37
6872,30.2012,2015.07,25.6
6873,30.3584,2039.01,25.73
6874,29.9458,2031.35,26.07
6875,29.9115,2008.64,26.21
6876,30.1653,2041.7,26.15
6877,29.5988,2023.29,25.85
6878,29.5598,2020.08,25.65
6879,29.0168,2012.58,25.6
6880,29.4499,2030.41,25.89
6881,29.3106,2052.97,25.32
6882,29.0813,2052.1,25.43
6883,29.2671,2040.54,24.72
6884,29.4479,2048.54,24.45
6885,29.2606,2067.19,24.28
6886,29.2071,2033.51,24.12
6887,30.3605,2011.24,23.88
6888,29.81,2073.53,23.77
6889,30.1521,2029.63,24.13
6890,30.6533,2027.48,24.34
6891,31.5537,2001.69,24.78
6892,30.2329,2062.73,24.41
6893,30.8111,2009.76,24.67
6894,30.4877,2033.37,24.85
6895,30.5145,2068.65,25.48
6896,30.3902,2073.79,25.66
6897,30.1573,2041.22,25.53
6898,30.3376,2055.91,25.69
6899,29.7388,2039.18,26.16
6900,30.284,2373.98,26.08
6901,29.8353,2396.02,26.12
6902,29.7767,2378.46,25.69
6903,29.3652,2386.5,25.33
6904,29.2836,2357.55,25.33
6905,29.4101,2424.01,25.4
6906,28.9508,2409.93,25.42
6907,29.2165,2418.44,24.66
6908,29.1359,2432.27,24.96
6909,29.2379,2380.73,24.46
6910,29.017,2393.69,23.86
6911,30.2206,2356.53,24.08
6912,29.794,2483.6,24.17
6913,30.5302,2402.49,23.55
6914,30.6706,2433.28,24.26
6915,30.1092,2377.38,24.53
6916,30.2797,2434.21,24.58
6917,31.4443,2456.65,24.73
6918,31.2253,2409.54,24.97
6919,30.6667,2386.56,25.21
6920,30.6834,2409.07,25.26
6921,30.3057,2357.53,25.57
6922,30.4797,2412.83,25.78
6923,29.966,2434.82,25.99
6924,29.3903,2413.85,25.89
6925,29.4224,2408.02,25.79
6926,29.6563,2428.63,26.02
6927,29.1657,2430.79,25.78
6928,29.3736,2374.36,25.39
6929,29.0015,2418.19,25.36
6930,29.0653,2151.9,24.91
6931,29.5798,2057.59,24.75
6932,29.468,2088.72,24.7
6933,29.5021,2139.23,24.17
6934,29.9137,2118.05,23.9
6935,29.963,2077.29,24.01
6936,30.434,2094.9,23.73
6937,30.0432,2089.24,23.98
6938,30.2211,2070.08,24.08
6939,30.1046,2086.34,23.8
6940,30.4775,2080.54,24.61
6941,30.9656,2089.65,24.7
6942,31.09,2067.34,25.24
6943,30.9642,2053.29,25.3
6944,30.068,2083.27,25.65
6945,30.8199,2126.21,25.95
6946,29.7984,2084.37,25.84
6947,30.4506,2072.94,25.97
6948,29.8897,2098.94,25.69
6949,30.0296,2074.94,26.21
6950,29.2503,2124.35,25.84
6951,29.8564,2076.26,25.51
6952,28.9543,2092.52,25.65
6953,29.1233,2054.75,24.82
6954,29.0006,2084.75,24.91
6955,28.7976,2077.57,24.92
6956,29.4221,2067.75,24.41
6957,30.0469,2055.06,24.15
6958,30.4501,2050.05,24.05
6959,29.848,2071.42,23.63
6960,30.335,2078.42,24.14
6961,30.2508,2057.82,24.01
6962,30.4997,2066.45,24.08
6963,30.3923,2056.57,24.24
6964,30.6647,2058.2,24.5
6965,30.8374,2048.93,24.87
6966,30.5265,2052.58,24.99
6967,30.6529,2117.75,24.99
6968,30.5887,2056.24,25.62
6969,30.7429,2062.73,25.81
6970,30.0302,2055.69,25.91
6971,30.1657,2036.3,26.18
6972,30.5736,2073.35,26.01
6973,30.168,2031.85,26.19
6974,30.0548,2063.64,26.15
6975,29.5124,2027.05,25.82
6976,29.4901,2009.55,25.35
6977,29.6245,2040.84,25.23
6978,29.7681,2002.26,25.25
6979,28.7384,2041.45,24.44
6980,28.9991,1996.41,24.42
6981,29.8979,2016.51,24.22
6982,29.5669,1986.94,23.96
6983,29.6173,2091.61,24.21
6984,29.6238,1977.96,24.08
6985,30.0147,2017.88,23.89
6986,29.9293,2044.58,24.26
6987,31.1223,2040.31,24.26
6988,30.5995,2034.12,24.32
6989,30.6588,2003.38,24.6
6990,30.8764,2043.6,25.09
6991,30.9649,2031.22,25.45
6992,30.89,2012.3,25.4
6993,30.8171,2011.66,25.82
6994,30.1607,1996.75,26.18
6995,30.0918,1980.36,25.71
6996,30.2307,2032.84,26.07
6997,29.6606,2033.58,26.13
6998,29.6485,1977.59,25.85
6999,29.6247,1994.82,25.95
7000,29.6293,1994.11,25.94
7001,28.7905,1995.98,25.33
7002,29.5144,1997.56,24.95
7003,29.2537,2018.84,24.94
7004,29.606,1975.78,24.67
7005,29.7381,1972.65,23.79
7006,30.1324,2024.14,24.13
7007,30.2249,1981.14,23.96
7008,30.404,1960.68,24.08
7009,30.6143,1979.74,24.0
7010,30.4374,1983.31,24.12
7011,30.5046,2030.19,24.12
7012,30.8681,2014.26,24.65
7013,30.8958,2019.72,25.07
7014,30.6073,2011.5,24.83
7015,30.7976,2014.69,24.98
7016,30.5957,1973.94,25.5
7017,30.2388,1986.35,25.7
7018,30.7371,1966.81,26.1
7019,30.1977,1986.61,25.72
7020,30.6146,2009.36,25.89
7021,29.3312,1996.07,25.54
7022,29.483,2026.01,26.14
7023,29.5148,1965.27,25.76
7024,29.735,2006.96,25.41
7025,29.4437,1963.96,24.99
7026,29.3931,1998.31,24.75
7027,28.9857,2015.3,24.82
7028,29.0467,1992.34,24.28
7029,29.6018,2012.44,24.31
7030,29.2408,1975.69,24.54
7031,29.6593,1959.18,23.96
7032,30.1503,2015.83,23.81
7033,29.8865,2046.7,24.11
7034,30.8316,1979.45,23.89
7035,30.8622,2036.2,24.64
7036,30.1348,2008.08,24.78
7037,30.3964,1974.99,24.71
7038,30.0143,1981.54,24.82
7039,30.4414,2011.7,25.17
7040,30.8361,2002.72,25.44
7041,30.3708,1981.58,25.78
7042,30.4882,1973.65,26.07
7043,29.7245,1996.47,25.76
7044,30.2394,2024.15,26.2
7045,29.6523,2020.85,26.09
7046,29.6537,2010.2,25.76
7047,29.4772,2029.53,25.49
7048,29.0123,2052.26,25.52
7049,28.9779,2037.91,25.05
7050,29.5903,2026.84,25.2
7051,29.4435,2054.91,24.52
7052,29.7088,2009.55,24.61
7053,29.6024,2029.78,24.28
7054,29.6929,2032.24,24.02
7055,29.301,2008.21,24.01
7056,29.9189,2030.5,24.22
7057,30.173,1991.0,23.8
7058,30.9359,2092.54,24.05
7059,30.7011,2023.16,24.14
7060,31.067,2088.1,24.49
7061,30.8554,2051.25,24.6
7062,30.4866,2066.25,24.65
7063,30.7113,2041.72,25.05
7064,30.6771,2060.94,25.83
7065,30.2132,2073.78,25.76
7066,30.2347,2075.88,25.91
7067,30.1194,2080.36,25.91
7068,30.4817,2053.49,25.99
7069,29.1946,2052.35,25.88
7070,30.0117,2026.15,25.97
7071,29.224,2080.68,25.73
7072,28.9822,2096.23,25.27
7073,29.6778,2111.09,25.31
7074,29.5196,2079.8,24.51
7075,29.7002,2054.45,24.82
7076,29.634,2032.58,24.22
7077,30.123,2102.4,24.27
7078,29.8176,2032.75,23.9
7079,29.7719,2070.38,24.03
7080,30.1029,2074.48,24.12
7081,30.5542,2079.49,24.33
7082,30.1162,2083.21,23.83
7083,30.2994,2086.79,24.49
7084,30.5135,2023.92,24.53
7085,30.0448,2085.57,24.65
7086,30.7414,2030.31,25.15
7087,30.1103,2105.13,25.21
7088,30.6221,2073.67,25.64
7089,30.7546,2034.27,25.51
7090,30.2069,2068.42,25.74
7091,30.6843,2075.04,26.15
7092,29.5618,2119.51,26.3
7093,30.1762,2095.04,25.96
7094,29.8525,2099.05,25.31
7095,28.9902,2120.22,25.67
7096,30.207,2088.46,25.51
7097,29.3047,2109.82,25.21
7098,29.0368,2108.1,25.07
7099,28.9017,2058.8,24.65
7100,29.3278,2127.68,24.67
7101,29.4668,2055.18,24.06
7102,29.6808,2113.38,24.38
7103,29.7295,2052.2,24.34
7104,30.19,2104.78,23.82
7105,30.0649,2135.84,23.85
7106,29.7695,2083.45,24.22
7107,30.4502,2081.79,24.06
7108,29.896,2102.8,24.4
7109,30.7823,2078.59,24.96
7110,30.4062,2131.51,25.15
7111,30.7252,2090.01,25.65
7112,31.0004,2076.3,25.53
7113,30.2104,2069.83,25.58
7114,30.6684,2058.99,25.88
7115,30.0512,2065.54,25.94
7116,30.526,2071.32,25.97
7117,29.7093,2066.71,25.96
7118,29.3979,2061.2,25.68
7119,29.7112,2128.83,25.76
7120,29.263,2049.26,25.22
7121,29.0714,2077.28,25.12
7122,29.1566,2086.99,24.98
7123,29.3105,2086.44,24.29
7124,29.7964,2067.7,24.65
7125,28.9248,2061.58,23.88
7126,29.6569,2077.29,24.27
7127,30.0063,2071.03,23.78
7128,30.058,2056.22,23.92
7129,30.5741,2021.95,24.14
7130,30.3277,2047.57,24.57
7131,30.4396,2028.85,24.32
7132,30.7839,2039.06,24.1
7133,30.7059,2054.77,24.93
7134,30.5829,2061.09,24.95
7135,30.831,2094.81,25.27
7136,30.4105,2035.02,25.61
7137,30.3116,2065.96,25.26
7138,30.1916,2052.39,25.87
7139,30.5871,2075.27,25.88
7140,29.0337,2055.41,26.24
7141,29.9375,2013.92,26.11
7142,29.6603,1994.19,25.54
7143,29.0008,2043.18,25.96
7144,29.4867,2020.34,25.59
7145,29.4666,2007.2,24.95
7146,29.4769,1998.18,25.01
7147,28.5283,2032.08,24.95
7148,29.8037,2063.95,24.26
7149,29.2837,2014.27,24.57
7150,29.856,2037.49,23.83
7151,30.0411,2018.45,23.88
7152,29.737,1987.07,23.81
7153,30.3793,2036.01,24.31
7154,30.2344,1988.63,24.04
7155,29.8736,2014.94,24.06
7156,30.9565,2004.3,24.59
7157,30.4436,2033.64,24.87
7158,30.4437,1983.37,25.13
7159,30.5552,2018.16,25.2
7160,30.6879,1986.0,25.55
7161,30.4778,1992.87,25.58
7162,30.5144,1913.47,26.2
7163,29.7793,2055.4,26.19
7164,29.7773,2015.67,26.22
7165,29.784,1981.59,26.12
7166,30.2194,1971.57,25.97
7167,29.4709,1986.27,25.46
7168,29.7193,2015.62,25.63
7169,29.3354,1949.49,25.28
7170,29.1549,1992.41,25.25
7171,29.2498,2039.44,24.9
7172,29.3433,1966.11,24.61
7173,29.6861,1995.82,23.96
7174,30.0624,2048.3,24.12
7175,29.9267,2008.51,23.92
7176,30.3561,1995.4,24.05
7177,29.8917,2004.54,23.95
7178,30.2256,1981.54,24.08
7179,30.2777,2023.81,24.38
7180,30.7006,1981.16,24.41
7181,30.5685,1942.06,24.77
7182,30.9189,1981.22,24.7
7183,30.3968,1966.87,25.09
7184,30.6191,1984.11,25.63
7185,30.701,1984.84,25.46
7186,29.7304,2021.49,26.12
7187,30.8177,2009.25,26.16
7188,29.9151,1998.84,25.95
7189,29.2113,1992.63,26.57
7190,29.6974,1966.75,26.11
7191,29.5151,1939.28,25.52
7192,29.3692,1997.29,25.65
7193,29.6212,2015.04,25.27
7194,29.5242,1993.24,24.84
7195,29.4132,1983.42,24.53
7196,29.5288,2009.31,24.7
7197,29.4737,1996.58,24.17
7198,30.1826,2041.83,24.11
7199,29.3751,2031.59,23.85
7200,30.0419,2025.9,23.85
7201,30.2007,2022.04,24.01
7202,30.594,1972.09,24.21
7203,30.2418,2022.22,23.78
7204,30.0831,2016.4,24.5
7205,30.7232,2023.55,24.59
7206,30.7844,2022.14,25.28
7207,31.123,2022.63,25.85
7208,30.2251,2080.36,25.43
7209,30.8414,2012.49,25.36
7210,31.0602,2039.41,25.89
7211,30.0678,2005.86,25.92
7212,29.6127,2039.07,26.39
7213,29.6967,2044.49,26.3
7214,29.6542,2031.84,26.04
7215,29.6742,2066.22,25.59
7216,29.2164,2004.16,25.64
7217,29.7904,2015.88,25.31
7218,28.9656,2035.18,25.05
7219,28.8021,2053.72,24.43
7220,29.7258,2038.03,24.71
7221,28.8226,2067.55,24.31
7222,29.5888,2020.72,24.11
7223,30.7541,2010.62,23.91
7224,29.9964,2048.7,23.84
7225,29.8449,2040.94,24.1
7226,30.3328,2058.31,23.78
7227,30.4797,2045.91,24.45
7228,30.6544,2039.95,24.29
7229,30.8748,2048.42,24.33
7230,30.3883,2052.85,25.36
7231,31.1824,2046.32,25.09
7232,30.6798,2050.66,25.36
7233,30.713,2047.42,25.93
7234,30.1616,2080.68,26.24
7235,30.5671,2065.85,25.66
7236,29.9229,2119.11,25.81
7237,29.9021,2068.38,25.79
7238,29.3701,2052.23,26.05
7239,29.2059,2134.37,26.03
7240,29.6002,2079.51,25.28
7241,29.1908,2095.44,25.54
7242,29.0439,2086.98,24.86
7243,29.1309,2089.19,24.81
7244,29.6035,2088.4,24.25
7245,29.3163,2048.8,24.27
7246,29.6147,2086.84,24.11
7247,29.8233,2045.78,23.97
7248,29.4248,2075.73,24.08
7249,29.7398,2063.09,23.83
7250,30.4509,2091.25,23.96
7251,30.2739,2091.69,24.38
7252,30.9232,2096.33,24.77
7253,30.9662,2092.39,24.74
7254,30.9158,2070.88,25.1
7255,31.2221,2080.3,25.41
7256,30.5813,2110.55,25.67
7257,30.6896,2114.89,25.52
7258,30.1747,2060.11,25.71
7259,30.9169,2051.02,25.83
7260,30.5951,2071.57,26.39
7261,29.8224,2116.26,26.07
7262,29.766,2120.81,25.96
7263,29.9128,2067.57,25.78
7264,29.3496,2098.54,25.24
7265,29.1269,2136.83,25.65
7266,29.5622,2101.38,25.1
7267,29.3474,2126.5,24.89
7268,29.4487,2115.83,24.15
7269,29.2547,2067.93,24.45
7270,29.1347,2085.69,24.06
7271,29.8897,2091.0,23.77
7272,30.2715,2092.35,23.81
7273,30.1134,2112.2,23.78
7274,30.7809,2099.0,23.88
7275,30.2838,2014.79,24.31
7276,30.2898,2054.72,24.42
7277,30.656,2032.14,24.81
7278,30.6752,2090.43,25.34
7279,30.9071,2091.22,25.23
7280,30.3737,2091.38,25.05
7281,30.9054,2059.36,25.66
7282,30.9401,2099.17,26.1
7283,30.1694,2099.14,25.95
7284,30.3749,2048.71,26.31
7285,29.5019,2042.25,26.06
7286,29.9726,2077.65,25.5
7287,29.8192,2121.15,25.73
7288,29.6528,2117.5,25.56
7289,29.3192,2087.7,25.47
7290,28.4137,2053.92,25.36
7291,29.1313,2092.86,24.92
7292,29.206,2057.86,24.59
7293,29.2115,2048.41,24.43
7294,29.6867,2012.4,24.1
7295,29.6931,2066.92,23.74
7296,29.7526,2046.95,24.01
7297,29.8635,2063.41,24.11
7298,30.1353,2001.78,23.89
7299,30.8314,2061.76,24.56
7300,30.4079,1994.96,24.7
7301,30.5217,2081.14,24.47
7302,30.563,2065.17,25.27
7303,30.7778,2043.33,25.2
7304,30.7431,2062.52,25.34
7305,29.5816,2022.15,25.92
7306,30.6565,2046.55,25.86
7307,30.6121,2062.74,26.35
7308,29.6849,1963.64,25.83
7309,29.5271,2027.95,25.62
7310,29.5149,2036.7,25.81
7311,29.2782,2030.49,25.86
7312,29.461,2069.98,25.31
7313,28.7399,2003.61,24.99
7314,28.9646,2014.34,25.05
7315,29.7856,1980.16,24.45
7316,29.1153,2064.02,24.56
7317,29.8781,2018.33,24.22
7318,29.7566,2011.77,24.23
7319,29.276,2019.69,23.76
7320,30.1906,2035.21,24.26
7321,30.1459,2026.32,24.0
7322,30.2134,2082.2,24.29
7323,30.5685,2025.75,24.48
7324,30.7486,2001.2,24.27
7325,30.8884,1997.28,24.92
7326,31.0535,2000.01,24.71
7327,30.7986,1970.84,24.98
7328,30.1935,2007.99,25.89
7329,30.3529,2025.23,25.93
7330,31.2329,1989.01,26.28
7331,30.3985,1982.92,25.89
7332,30.7108,2039.81,26.02
7333,30.2375,1965.11,26.07
7334,29.7225,1947.99,25.86
7335,29.5954,1969.84,25.56
7336,29.3828,1959.19,25.32
7337,28.8025,2006.45,25.3
7338,29.3054,1986.93,24.79
7339,29.6871,1989.68,24.52
7340,29.2139,2023.28,24.58
7341,29.6286,1976.52,24.27
7342,29.9055,2012.6,24.32
7343,29.5459,2030.49,23.95
7344,29.8646,1980.86,23.88
7345,29.8758,2010.3,24.12
7346,30.1034,1985.51,23.97
7347,30.1087,2014.42,24.16
7348,30.3361,1951.85,24.38
7349,31.102,1949.9,24.7
7350,30.4254,1981.22,25.35
7351,30.7141,1968.81,24.98
7352,30.4554,1978.22,25.76
7353,30.8486,1985.83,25.85
7354,30.7433,2009.56,26.18
7355,30.4404,1981.68,26.59
7356,30.0918,1971.66,26.29
7357,29.7495,1983.92,26.15
7358,29.2924,1973.99,25.6
7359,30.0881,1970.46,25.47
7360,29.1659,1954.13,25.57
7361,29.5229,1996.91,24.92
7362,29.6179,1981.73,25.12
7363,29.1573,2020.95,24.31
7364,29.7052,1961.51,24.73
7365,29.7343,1985.11,24.23
7366,30.1684,2045.01,24.16
7367,29.678,1977.28,23.88
7368,29.6142,1996.0,23.62
7369,30.0295,1972.71,24.28
7370,30.4127,1970.64,24.4
7371,30.5124,2044.33,24.22
7372,30.4882,2011.27,24.63
7373,30.1034,2011.73,24.66
7374,30.8411,1967.42,25.06
7375,31.2679,2020.28,25.41
7376,30.7455,2041.77,25.61
7377,30.6777,2043.14,25.98
7378,30.5217,2032.71,25.97
7379,30.3003,1989.4,25.97
7380,30.2795,2027.13,25.85
7381,29.9374,2037.7,25.87
7382,29.5562,1977.87,26.03
7383,29.2662,1996.45,25.41
7384,29.3191,2048.47,25.72
7385,29.4181,2049.96,25.2
7386,29.2052,1991.16,24.84
7387,29.4182,2051.58,24.52
7388,29.5255,2035.93,24.63
7389,29.755,2054.93,24.29
7390,30.0348,2021.4,24.45
7391,29.8422,2055.26,23.78
7392,29.6077,2062.1,23.88
7393,30.0776,2034.09,24.02
7394,30.3632,2045.18,23.98
7395,29.9442,2030.39,24.29
7396,31.0228,2089.74,24.56
7397,30.7189,2047.29,24.84
7398,30.8144,2029.08,25.3
7399,31.0858,2036.05,25.0
7400,30.4172,2058.91,25.57
7401,30.6672,2076.35,25.58
7402,30.317,2025.87,25.95
7403,30.1259,2107.19,26.05
7404,29.7683,2070.41,25.8
7405,30.3185,2076.02,25.79
7406,29.5373,2063.57,25.97
7407,29.7149,2068.08,25.71
7408,28.8313,2065.46,25.46
7409,29.6778,2096.14,25.39
7410,29.6157,2071.98,25.15
7411,29.3531,2092.79,24.64
7412,29.3257,2064.16,24.33
7413,29.625,2081.25,24.04
7414,30.3366,2057.55,24.14
7415,29.2899,2109.31,23.75
7416,30.2346,2059.25,24.02
7417,29.9077,2073.11,24.28
7418,30.344,2074.44,24.06
7419,30.4206,2074.49,24.19
7420,30.4777,2102.36,24.9
7421,30.673,2077.29,25.04
7422,30.3597,2120.9,24.85
7423,30.9849,2066.37,25.29
7424,30.068,2091.78,25.57
7425,30.6569,2068.8,25.75
7426,30.252,2099.3,26.23
7427,29.8299,2088.9,25.98
7428,30.0607,2085.87,26.05
7429,29.3517,2119.84,26.1
7430,29.6619,2074.08,26.1
7431,29.0782,2105.35,25.89
7432,29.5322,2071.64,25.61
7433,29.0465,2093.78,24.95
7434,29.1647,2061.11,24.9
7435,29.412,2074.4,24.91
7436,29.162,2088.81,24.55
7437,29.4876,2136.05,24.46
7438,29.1959,2092.96,24.51
7439,30.0081,2131.5,23.8
7440,30.5295,2095.25,24.23
7441,31.0188,2079.62,23.97
7442,30.3774,2127.26,24.32
7443,30.7314,2099.12,24.28
7444,30.072,2071.48,24.93
7445,31.127,2098.59,24.77
7446,30.9329,2078.73,24.87
7447,30.531,2035.48,25.34
7448,30.9774,2107.7,25.56
7449,30.4186,2110.71,25.93
7450,30.2126,2128.26,25.96
7451,30.3238,2091.78,26.46
7452,29.681,2073.87,25.98
7453,30.1253,2099.77,25.95
7454,29.3332,2098.9,25.75
7455,29.19,2117.31,25.72
7456,29.1209,2073.89,25.55
7457,29.5517,2069.47,25.32
7458,29.115,2054.29,25.01
7459,28.9195,2084.13,24.62
7460,29.2121,2030.46,24.32
7461,29.4954,2087.0,24.22
7462,29.2957,2080.7,24.36
7463,29.4733,2078.99,24.31
7464,30.6334,2066.15,23.98
7465,29.923,2099.32,23.85
7466,30.2531,2081.07,24.12
7467,30.3848,2042.34,24.71
7468,30.4798,2041.01,24.7
7469,30.8626,2031.95,24.85
7470,30.9844,2065.91,25.19
7471,30.5844,2025.29,25.57
7472,30.2353,2075.54,25.27
7473,30.8773,2079.67,25.63
7474,30.3214,2022.76,25.76
7475,30.7003,2038.23,26.08
7476,29.3263,2041.42,26.03
7477,29.8774,2061.23,26.12
7478,30.2256,2077.5,25.76
7479,29.399,1993.26,25.98
7480,29.3261,2025.59,25.49
7481,29.4125,2025.05,25.4
7482,29.1324,1994.86,25.24
7483,29.2302,2015.93,24.96
7484,29.2924,2036.96,24.57
7485,29.3168,2017.52,24.46
7486,30.0187,1984.12,24.48
7487,29.9572,2092.86,24.14
7488,30.0752,2025.96,23.85
7489,30.4237,2020.43,24.15
7490,30.2707,1988.55,24.13
7491,30.2627,2020.92,23.82
7492,30.4254,2008.73,24.59
7493,30.6767,1964.1,24.76
7494,30.3822,1983.07,25.23
7495,30.5261,2028.26,25.11
7496,30.4514,2055.59,25.2
7497,31.1323,2014.82,25.74
7498,29.5179,2031.92,25.94
7499,30.1273,1999.21,25.98
7500,30.5177,1999.74,26.0
7501,29.8554,2028.04,25.75
7502,29.876,2041.26,25.84
7503,29.535,2031.19,25.64
7504,29.1936,1971.04,25.71
7505,28.6513,1995.12,25.33
7506,29.3616,2002.89,24.94
7507,29.0912,1988.68,25.09
7508,29.1537,2004.15,24.45
7509,29.3553,2014.32,24.4
7510,30.1735,2018.29,24.1
7511,30.5403,2034.85,24.36
7512,30.0652,1984.02,24.02
7513,30.0417,1957.77,24.06
7514,29.9968,2000.51,24.11
7515,30.6355,2038.41,24.33
7516,31.1411,1979.22,24.74
7517,30.6019,2008.21,24.91
7518,29.9863,2008.39,25.01
7519,30.8772,1995.82,25.6
7520,30.9018,1991.31,25.67
7521,30.0192,1968.23,25.62
7522,30.4029,1934.52,25.59
7523,30.3165,1964.08,25.88
7524,29.9781,1982.5,26.08
7525,29.5816,2020.14,26.09
7526,29.9548,1990.64,26.14
7527,29.384,1980.83,25.49
7528,28.9482,1972.18,25.41
7529,28.709,2011.59,25.02
7530,29.6783,2029.91,24.73
7531,29.5089,2023.38,24.62
7532,29.4202,2012.85,24.57
7533,29.3729,1961.77,24.45
7534,29.4913,1990.9,23.94
7535,29.4961,2049.45,23.87
7536,29.8706,2029.96,23.64
7537,29.5451,1964.66,24.08
7538,30.1292,2002.96,23.99
7539,30.4017,2014.72,24.63
7540,30.7892,1987.94,24.58
7541,30.6642,1950.66,24.71
7542,30.9385,2012.3,24.87
7543,31.0809,1991.62,24.96
7544,30.9237,1993.24,25.23
7545,30.6361,2005.53,25.58
7546,30.3536,2012.66,25.73
7547,29.8869,2017.41,25.77
7548,30.222,1997.21,26.08
7549,30.3228,2015.5,26.07
7550,29.7526,1978.8,25.77
7551,30.0802,2032.26,26.09
7552,28.9361,1954.86,25.15
7553,28.9776,2020.82,25.27
7554,29.5566,2052.85,24.96
7555,29.4031,2005.22,24.63
7556,29.7879,2051.46,24.36
7557,29.5004,2064.3,24.29
7558,29.3896,1954.57,24.09
7559,29.7547,2035.35,23.96
7560,29.5402,1969.11,23.74
7561,29.8426,2039.91,23.71
7562,30.6417,2044.56,24.08
7563,30.7568,1984.53,24.21
7564,30.7151,2096.57,24.46
7565,30.1598,2057.45,24.72
7566,30.5925,2030.9,24.9
7567,30.3086,2090.58,25.22
7568,30.9592,2010.85,25.33
7569,30.3199,2026.78,26.01
7570,30.0243,2001.78,25.71
7571,30.1901,2106.02,25.89
7572,29.808,2071.0,25.86
7573,30.2639,2080.85,25.82
7574,29.4296,2073.53,25.87
7575,29.0853,2081.95,25.69
7576,28.7479,2071.12,25.41
7577,29.3146,2077.46,25.2
7578,29.1314,2074.86,24.86
7579,28.8952,2058.4,24.82
7580,29.7506,2073.84,24.91
7581,29.7052,2083.2,24.12
7582,29.6415,2080.42,24.21
7583,30.2281,2041.95,24.04
7584,30.1988,2046.47,24.13
7585,29.9343,2108.3,24.17
7586,30.0382,2074.64,24.18
7587,30.7404,2097.95,24.28
7588,30.7251,2057.0,24.41
7589,30.7271,2048.38,24.59
7590,30.4461,2064.96,24.98
7591,30.8585,2081.26,25.0
7592,30.3796,2070.92,25.38
7593,30.4644,2120.54,25.93
7594,30.7841,2093.27,25.89
7595,29.9829,2135.52,26.14
7596,29.5281,2099.86,26.29
7597,29.5031,2029.81,25.93
7598,29.9483,2116.84,25.91
7599,29.5814,2052.95,25.65
7600,29.3551,2096.62,25.34
7601,29.1711,2071.6,25.07
7602,29.4456,2144.57,25.17
7603,29.0691,2126.95,24.78
7604,29.4855,2072.31,24.87
7605,29.2856,2087.5,24.49
7606,29.3807,2096.56,23.99
7607,29.6276,2111.71,24.2
7608,29.8874,2090.48,23.94
7609,30.1665,2063.67,24.28
7610,30.4206,2070.84,24.04
7611,29.3885,2088.08,24.08
7612,30.3639,2118.41,24.34
7613,30.5587,2097.52,24.59
7614,31.1515,2066.71,24.83
7615,30.3521,2101.42,25.14
7616,30.6551,2074.63,25.67
7617,30.9435,2105.6,26.07
7618,29.9561,2145.49,25.6
7619,30.2994,2072.26,26.22
7620,29.7593,2100.13,25.9
7621,29.6674,2060.26,26.04
7622,29.4091,2074.85,25.54
7623,29.2855,2077.09,25.81
7624,30.2104,2070.17,25.1
7625,29.5772,2135.19,25.32
7626,29.6305,2064.51,25.05
7627,29.4714,2085.36,24.78
7628,28.9119,2020.91,24.35
7629,29.6235,2078.4,24.4
7630,29.9719,2094.55,24.21
7631,29.5628,2051.17,23.99
7632,30.2896,1999.94,24.13
7633,30.3925,2060.03,24.01
7634,30.9056,2059.7,24.24
7635,30.3696,2075.62,24.27
7636,30.2769,2106.01,24.54
7637,30.5677,2044.44,24.86
7638,31.1307,2030.72,24.92
7639,30.1276,2021.12,25.01
7640,29.9857,2053.4,25.56
7641,30.5218,2058.58,25.94
7642,30.2172,2031.1,25.93
7643,30.1835,2062.34,26.03
7644,30.2836,2052.63,25.99
7645,29.6531,2040.21,26.11
7646,29.0881,2014.7,25.83
7647,30.1184,2023.36,25.62
7648,29.0946,1972.8,25.72
7649,29.0061,2037.6,25.15
7650,29.6311,2030.53,25.18
7651,29.2085,2032.77,24.96
7652,29.3748,2038.87,24.61
7653,29.6499,2034.13,24.04
7654,29.9751,2019.97,24.14
7655,29.7188,2022.22,23.99
7656,30.456,1984.2,23.9
7657,29.5404,2003.04,24.06
7658,30.5779,2017.26,24.29
7659,30.2431,1996.0,24.2
7660,31.0179,2034.34,24.47
7661,30.7188,1994.84,24.69
7662,30.4981,2015.23,25.23
7663,30.875,2011.3,25.21
7664,30.8742,2025.65,25.25
7665,30.6875,2028.16,25.39
7666,30.0411,2021.7,25.94
7667,30.036,1950.45,25.81
7668,29.9988,2031.76,26.13
7669,29.8064,2038.95,25.7
7670,29.8749,1987.63,25.76
7671,28.9006,2004.58,25.44
7672,29.4941,1975.43,25.59
7673,29.2369,1948.08,25.39
7674,29.0484,1977.48,25.07
7675,29.1011,1981.67,24.52
7676,29.3294,1985.59,24.35
7677,28.4247,1969.83,24.34
7678,29.4396,1974.89,23.8
7679,29.5561,1992.43,23.99
7680,30.1598,1973.0,24.3
7681,29.9395,2005.46,24.0
7682,30.2855,2008.6,23.84
7683,30.9577,2050.82,24.17
7684,30.9045,2019.28,24.37
7685,30.9468,1997.11,25.17
7686,30.55,1975.49,25.33
7687,30.8391,1998.38,25.41
7688,30.536,1999.3,25.43
7689,30.4361,1978.48,25.95
7690,30.4729,2011.15,25.64
7691,30.0021,1956.92,26.18
7692,30.4479,1986.14,26.19
7693,29.7708,2006.6,25.94
7694,29.8355,1986.03,26.09
7695,29.9417,1988.64,25.62
7696,29.7033,1991.01,25.25
7697,28.9012,1974.28,25.45
7698,29.4335,2025.3,24.98
7699,29.5791,1971.34,24.86
7700,29.6613,2005.65,24.86
7701,29.171,2009.0,24.15
7702,29.4529,1975.97,24.11
7703,30.1172,2002.6,24.35
7704,29.7715,1979.17,24.13
7705,30.0913,2037.88,23.89
7706,30.8228,1975.88,23.94
7707,30.4806,1989.3,24.19
7708,30.3882,1976.39,24.35
7709,30.4129,1974.44,24.79
7710,30.7998,2049.61,25.02
7711,30.2762,2024.88,25.31
7712,30.532,2016.34,25.33
7713,30.5949,1997.98,25.69
7714,30.7397,2038.69,25.45
7715,30.3814,1997.03,25.99
7716,29.7858,2039.15,26.24
7717,30.1724,1999.19,25.68
7718,29.5601,2006.62,25.96
7719,29.1343,2043.44,25.58
7720,29.3422,2047.86,25.66
7721,29.7553,2043.0,25.29
7722,29.3496,2003.63,25.08
7723,29.3276,2020.54,24.75
7724,29.8849,2037.47,24.77
7725,29.0756,2014.17,24.36
7726,29.2643,2071.54,23.99
7727,29.3341,1979.08,24.05
7728,30.1118,2021.53,23.93
7729,30.2311,2030.13,24.07
7730,30.8128,1973.64,24.05
7731,30.568,2011.69,24.16
7732,30.485,2064.08,24.54
7733,30.6767,2051.05,24.75
7734,30.7353,2091.45,25.21
7735,30.1746,2092.57,25.18
7736,31.4193,2066.56,25.1
7737,30.6509,2065.34,25.63
7738,30.413,2060.92,25.54
7739,30.3657,1994.62,26.05
7740,30.2128,2027.83,25.67
7741,29.7767,2066.88,25.77
7742,29.4606,2081.4,25.79
7743,29.6849,2074.84,26.02
7744,29.5095,2046.85,25.29
7745,29.0809,2094.13,25.26
7746,29.7257,2109.24,25.12
7747,29.4119,2097.06,25.04
7748,29.6127,2099.75,24.66
7749,29.9226,2062.37,24.51
7750,29.6566,2104.55,24.31
7751,29.9139,2082.54,23.79
7752,30.243,2092.88,24.07
7753,29.9637,2090.37,24.2
7754,30.3662,2079.27,23.94
7755,30.5326,2061.84,24.18
7756,30.3194,2082.25,24.34
7757,31.3714,2109.87,24.9
7758,30.2778,2075.01,24.99
7759,30.2867,2109.16,25.19
7760,31.0005,2105.97,25.24
7761,30.709,2080.72,25.69
7762,30.0422,2123.5,25.75
7763,30.3634,2080.41,26.01
7764,30.4404,2127.49,25.77
7765,29.8097,2100.98,26.0
7766,30.4296,2090.04,25.78
7767,28.9878,2068.49,25.46
7768,29.6019,2088.65,25.23
7769,29.6738,2085.87,25.02
7770,29.5674,2059.54,24.96
7771,29.2625,2085.52,24.77
7772,29.3066,2070.77,24.55
7773,29.6383,2105.34,24.35
7774,29.8947,2123.1,23.98
7775,29.9996,2059.46,24.25
7776,30.312,2132.55,23.91
7777,29.8755,2086.08,24.12
7778,30.2817,2064.4,24.1
7779,30.213,2107.14,24.37
7780,30.4904,2076.38,24.46
7781,30.9807,2084.78,24.82
7782,30.7324,2075.94,25.0
7783,31.4582,2064.79,25.42
7784,30.6642,2102.4,25.34
7785,30.5129,2076.18,25.35
7786,30.3819,2046.4,25.67
7787,29.9898,2095.01,26.18
7788,29.9826,2049.95,25.97
7789,30.1572,2050.07,25.98
7790,29.6842,2107.47,25.66
7791,29.267,2046.45,25.72
7792,29.1163,2017.1,25.3
7793,29.1888,2089.19,25.08
7794,29.3222,2064.58,24.92
7795,29.6819,2065.25,24.83
7796,28.9916,2061.3,24.61
7797,29.4091,2073.39,24.41
7798,29.6933,2047.18,23.82
7799,29.2687,2101.27,24.03
7800,29.7499,2025.79,23.96
7801,29.9772,2072.12,23.73
7802,30.1112,2075.32,24.14
7803,30.5525,2038.52,24.24
7804,30.558,2030.14,24.6
7805,30.5096,2079.37,24.76
7806,30.8284,2027.35,24.89
7807,31.1931,2035.13,25.44
7808,31.098,2070.63,25.06
7809,29.9181,2047.47,25.69
7810,30.5231,1999.81,25.51
7811,30.1278,2086.55,25.78
7812,30.0465,2027.75,26.1
7813,29.6993,2029.06,25.71
7814,29.6853,2043.66,25.58
7815,29.5504,2051.03,26.18
7816,29.2201,2082.58,25.23
7817,29.0549,1990.2,25.59
7818,29.1654,2050.52,24.97
7819,29.3941,2046.63,24.64
7820,29.5735,2022.83,24.61
7821,29.761,2044.17,24.56
7822,29.5017,2046.09,23.9
7823,29.904,1986.46,23.93
7824,30.2888,2063.05,24.17
7825,30.5309,1978.67,24.09
7826,30.3324,1987.62,24.35
7827,30.4287,2007.85,24.4
7828,30.6636,2060.96,24.86
7829,30.3312,2003.6,24.78
7830,30.6419,2009.03,25.04
7831,30.8995,2044.19,25.32
7832,30.7988,1999.48,25.47
7833,30.4139,1976.18,25.88
7834,30.4153,1993.92,25.91
7835,29.9338,2037.37,26.12
7836,30.211,2003.68,26.19
7837,29.7955,2049.04,26.05
7838,29.5672,2018.14,25.97
7839,29.3965,1982.54,25.51
7840,29.3749,1998.98,25.39
7841,29.1895,1975.46,25.43
7842,29.4974,1979.24,25.28
7843,29.2053,2107.15,24.35
7844,29.8717,2019.92,24.39
7845,29.9446,2015.33,24.3
7846,29.3825,1977.64,23.96
7847,29.8397,2031.94,23.87
7848,29.8048,2019.74,24.09
7849,30.0832,2038.91,24.35
7850,30.9507,2037.39,23.73
7851,30.4027,1954.34,24.26
7852,30.7143,1963.39,24.59
7853,30.8385,1965.94,24.9
7854,30.3998,1967.4,25.06
7855,30.4196,1999.12,25.61
7856,30.2444,1976.97,25.51
7857,30.2292,2043.13,25.97
7858,29.495,2039.18,25.74
7859,30.3445,1991.71,25.98
7860,30.6163,2041.14,25.76
7861,29.8632,2029.91,26.15
7862,29.2251,1981.95,25.84
7863,29.3122,1943.58,25.78
7864,29.2561,1989.01,25.44
7865,29.0186,1979.06,25.38
7866,29.5581,2001.11,25.08
7867,29.5669,1999.02,24.54
7868,29.0471,1999.27,24.31
7869,29.7225,2011.76,24.29
7870,30.108,1969.38,24.27
7871,30.3896,2011.05,24.41
7872,30.8596,1990.92,24.06
7873,29.9106,2008.1,24.24
7874,31.1973,2028.28,23.81
7875,30.3887,1975.03,24.7
7876,30.4285,1999.96,24.62
7877,30.7743,2005.42,24.73
7878,30.5254,1996.97,24.97
7879,30.7959,2033.8,25.04
7880,30.2102,1994.82,25.34
7881,30.4233,2000.51,26.09
7882,30.7357,1998.25,25.67
7883,30.1641,2044.94,25.76
7884,30.0425,2006.99,25.86
7885,29.9614,2032.51,25.73
7886,30.0012,2072.13,25.87
7887,29.0085,2022.62,25.92
7888,29.5691,2054.06,25.38
7889,29.2434,2069.84,24.98
7890,29.35,2055.55,25.06
7891,29.6418,2031.28,24.73
7892,29.0355,2049.6,24.7
7893,29.2012,2003.22,24.2
7894,29.0694,2017.76,24.08
7895,29.6541,2024.01,24.0
7896,30.3991,2097.02,24.02
7897,30.145,2022.55,23.96
7898,29.948,2024.05,24.02
7899,30.3493,2020.5,23.92
7900,30.1599,2062.45,24.39
7901,30.3386,2053.86,24.88
7902,30.8166,2079.3,25.17
7903,30.324,2070.72,25.16
7904,30.94,2021.23,25.76
7905,30.4736,2037.33,25.7
7906,30.3757,2093.4,25.6
7907,30.0977,2055.91,25.64
7908,30.2319,2092.38,26.24
7909,30.0538,2060.62,25.89
7910,29.7505,2041.81,25.62
7911,29.6745,2060.02,25.26
7912,29.3302,2044.96,25.42
7913,29.4865,2056.55,25.34
7914,29.1986,2077.2,24.86
7915,29.3245,2086.4,24.53
7916,29.3114,2035.25,24.39
7917,29.3679,2075.92,24.54
7918,29.4433,2062.99,23.86
7919,29.9591,2062.69,23.91
7920,30.3932,2083.41,24.24
7921,30.5325,2067.47,24.13
7922,29.973,2116.87,24.17
7923,30.8817,2113.04,24.16
7924,30.5108,2113.85,24.51
7925,30.8564,2072.83,24.63
7926,30.4281,2061.99,24.83
7927,30.7187,2088.88,25.04
7928,30.7003,2083.78,25.66
7929,30.0496,2072.97,25.7
7930,30.5325,2059.39,25.93
7931,30.585,2088.26,26.0
7932,29.9476,2079.64,26.09
7933,30.2269,2107.34,25.91
7934,29.5931,2107.07,25.77
7935,29.7599,2118.21,25.54
7936,28.7282,2059.38,25.22
7937,30.0495,2100.99,25.03
7938,29.7486,2072.81,24.93
7939,29.2385,2060.45,24.42
7940,28.8022,2080.15,24.22
7941,29.5914,2117.4,24.5
7942,29.2168,2081.13,24.18
7943,29.9523,2129.26,23.94
7944,30.1235,2103.47,24.45
7945,29.8988,2079.44,23.7
7946,30.6863,2117.78,24.33
7947,30.7366,2099.33,24.27
7948,30.899,2064.23,24.66
7949,30.6788,2133.3,24.76
7950,30.2753,2092.54,24.63
7951,30.9695,2085.68,25.28
7952,30.5251,2062.91,25.57
7953,30.078,2112.82,25.27
7954,30.7556,2095.24,26.25
7955,30.811,2096.96,26.03
7956,29.9876,2067.4,26.13
7957,30.4666,2099.75,25.73
7958,29.6774,2100.45,26.0
7959,29.3909,2059.64,25.93
7960,29.2046,2039.58,25.55
7961,29.815,2088.15,25.26
7962,29.066,2032.84,24.82
7963,29.5444,2074.49,24.7
7964,29.226,2057.98,24.4
7965,29.3669,2098.07,24.41
7966,29.9591,2056.18,23.96
7967,29.7048,2092.05,24.15
7968,29.8786,2049.84,23.83
7969,30.521,2085.99,23.98
7970,30.8292,2110.78,24.26
7971,30.6884,2030.81,24.15
7972,30.4098,2063.04,24.63
7973,30.523,2122.66,24.85
7974,30.724,2053.79,24.95
7975,30.7724,2051.84,25.49
7976,30.3099,2068.16,25.52
7977,30.7119,2047.63,25.93
7978,30.3757,2002.06,26.22
7979,29.6665,2071.18,25.92
7980,29.7213,1990.93,26.13
7981,29.6676,2028.71,25.84
7982,29.6281,2067.45,25.66
7983,30.0718,2026.49,25.67
7984,29.4652,2016.21,25.23
7985,29.0716,2053.69,25.07
7986,29.3662,2008.6,25.12
7987,29.2182,1997.5,24.64
7988,29.4912,2033.13,24.64
7989,29.6792,2019.91,24.35
7990,30.0128,1991.64,24.5
7991,29.8115,2036.93,24.14
7992,30.4917,2030.92,24.22
7993,30.4536,2008.64,24.11
7994,30.1378,2008.72,24.2
7995,31.1579,2026.16,24.53
7996,30.7043,2042.59,24.63
7997,30.4256,2004.24,24.78
7998,31.1959,2026.19,25.04
7999,31.2995,2022.52,25.37
