clock_hour,q_feed_available_m3_h,c_feed_mg_l,temp_c
0,30.3974,2039.02,23.44
1,30.2776,2015.27,23.09
2,31.2682,2039.63,22.81
3,32.2791,2097.32,23.35
4,31.1117,2135.56,24.17
5,31.2616,2097.54,25.39
6,32.7634,2073.81,24.76
7,32.0628,2161.94,25.92
8,30.9235,2057.6,25.84
9,31.4947,2142.49,26.47
10,30.3793,2067.56,27.49
11,30.0156,2114.85,27.31
12,30.1936,2086.25,26.38
13,28.0811,2093.72,26.65
14,27.8701,2078.36,27.36
15,28.4895,2185.54,26.49
16,27.8907,2064.62,25.43
17,28.8025,2067.84,25.11
18,27.7736,2243.08,25.35
19,27.4213,2177.95,24.98
20,29.8735,1979.51,24.01
21,28.7587,2091.94,24.82
22,29.304,2020.25,23.68
23,28.472,2074.92,22.95
24,29.5645,1946.51,22.59
25,30.477,2129.33,22.58
26,29.8292,2071.63,23.44
27,31.3612,2146.2,23.34
28,30.8185,2047.42,24.84
29,31.2155,2152.07,25.22
30,31.0186,2124.22,25.32
31,32.9307,2241.1,24.93
32,31.2882,2237.39,25.66
33,30.2145,2201.39,27.04
34,31.408,2136.07,26.45
35,29.4116,2276.03,27.49
36,30.1671,2064.81,27.24
37,28.044,2074.69,26.96
38,28.1875,2154.63,26.38
39,29.0968,2295.49,26.37
40,29.2917,2148.52,26.09
41,28.6882,2149.92,26.03
42,28.4075,2074.49,24.56
43,28.3102,2217.67,24.35
44,27.5181,2217.86,24.02
45,28.3635,2207.59,23.92
46,28.8815,2121.91,22.81
47,30.4575,2116.51,22.41
48,30.2749,2080.4,23.34
49,28.9778,2161.94,22.31
50,31.0093,2090.84,23.91
51,30.7526,2083.62,23.51
52,30.7575,2127.28,23.23
53,31.9382,2121.64,24.24
54,32.3248,2116.84,25.19
55,32.1939,2175.08,25.25
56,30.6277,2149.67,26.01
57,30.8133,2125.32,26.78
58,31.015,2151.13,26.63
59,31.1687,2078.06,26.46
60,29.6167,2141.14,26.85
61,29.4632,2140.99,27.64
62,28.3649,2038.78,27.57
63,27.9824,2185.59,25.4
64,29.351,2069.73,26.55
65,29.6361,2124.69,25.64
66,28.4424,2185.68,25.46
67,29.3539,2167.8,24.21
68,28.9903,2110.66,23.12
69,28.4232,2083.09,23.88
70,29.5391,2157.85,22.8
71,30.8422,2137.55,22.37
72,29.9713,2055.96,22.34
73,31.6399,2041.29,23.37
74,28.6542,1960.5,23.34
75,31.7182,2089.88,23.98
76,31.3687,2071.41,24.33
77,31.2097,2140.23,24.27
78,31.5734,2089.25,24.96
79,29.8588,2143.36,25.26
80,31.1233,2017.04,25.89
81,31.3464,2122.72,25.93
82,31.9323,2018.23,26.93
83,29.9736,2092.14,27.47
84,29.3532,1953.47,26.59
85,29.2104,2050.62,27.57
86,29.9823,1912.95,26.79
87,29.2023,2011.54,26.53
88,28.2772,2049.54,25.15
89,28.9617,1987.43,24.61
90,28.5777,1951.27,25.07
91,29.326,2060.71,24.88
92,28.1393,1999.42,23.66
93,28.6772,1971.99,24.42
94,28.9363,1999.67,23.64
95,28.441,2151.21,22.61
96,30.2369,2058.14,23.02
97,30.5971,2054.68,24.31
98,30.7541,2007.13,22.65
99,30.873,1987.15,23.85
100,30.1667,1829.64,23.84
101,31.1124,1929.0,24.84
102,31.2258,1937.35,25.63
103,30.8071,1850.23,25.32
104,31.17,1889.93,26.56
105,31.3839,1837.3,27.52
106,32.2589,1950.73,26.77
107,30.5279,1999.17,27.32
108,30.206,2013.59,26.7
109,29.5522,1969.34,26.94
110,27.715,1884.05,26.64
111,28.9181,1823.47,26.81
112,28.7491,1831.66,26.6
113,30.5217,1858.77,25.46
114,28.3461,1879.55,25.77
115,28.7923,1921.43,25.25
116,28.6732,1868.45,24.42
117,28.0044,1948.07,23.33
118,30.1643,1912.39,22.96
119,30.2133,1925.72,22.66
120,30.6328,1992.42,23.47
121,29.6607,1852.28,22.46
122,31.8722,1947.46,23.61
123,29.9392,1920.92,23.05
124,31.7685,1901.33,24.41
125,33.2013,1974.2,24.49
126,30.7076,1973.74,25.67
127,30.9959,1864.29,26.09
128,31.3788,1910.41,26.72
129,30.6579,1938.63,27.14
130,29.5095,1905.96,26.8
131,30.4431,1958.19,26.35
132,29.1502,1940.88,26.47
133,29.9906,2035.04,25.89
134,28.5145,1834.51,26.19
135,30.1793,1920.39,26.45
136,28.0744,1874.78,25.72
137,28.2935,1967.26,25.43
138,29.1508,1835.85,25.25
139,27.5664,1955.68,24.33
140,28.8829,1899.27,23.44
141,29.9851,1895.34,23.56
142,27.964,1855.06,22.82
143,29.7595,1916.54,22.93
144,30.2079,2012.25,23.67
145,31.0137,1948.53,22.93
146,29.7604,1990.69,24.15
147,30.0043,2056.03,24.3
148,31.7166,1975.2,23.71
149,31.6865,1929.2,23.93
150,31.7004,1994.22,24.97
151,31.726,1937.08,26.09
152,30.755,1943.14,25.75
153,31.2465,1885.96,26.87
154,30.9845,2036.58,27.34
155,29.8167,1961.77,26.54
156,31.4926,1999.86,26.66
157,29.9908,1930.86,27.29
158,28.297,2023.32,26.81
159,29.4646,1955.65,26.07
160,27.9212,1997.13,25.82
161,29.1808,2062.61,25.48
162,29.4269,2061.74,24.22
163,27.8946,2017.37,24.87
164,29.4717,1917.03,23.76
165,29.2696,2207.13,22.19
166,29.9076,2136.78,23.26
167,31.1292,2079.87,22.7
168,29.8037,1995.81,23.84
169,29.7852,2038.67,22.78
170,30.0384,2017.36,22.72
171,30.408,2130.27,23.84
172,31.2374,2074.64,23.67
173,31.7218,2016.26,24.09
174,31.7214,2039.46,25.25
175,32.1106,2139.33,25.0
176,31.3094,2172.38,25.27
177,32.2235,2172.33,27.28
178,30.5383,2130.26,27.02
179,32.5644,2073.83,26.8
180,30.5005,1898.58,27.0
181,28.926,2114.9,27.18
182,28.3933,2100.89,27.22
183,29.3253,2113.24,26.04
184,28.5222,2111.83,26.18
185,29.1223,2032.68,25.26
186,28.8786,2149.26,24.91
187,28.4928,2157.21,24.56
188,28.0235,2163.56,24.0
189,27.7275,2182.65,23.95
190,28.8928,2165.21,23.51
191,30.2969,2107.35,22.31
192,30.1713,2130.57,22.32
193,29.3916,2143.02,22.88
194,30.8885,2146.61,24.18
195,31.3689,2202.5,23.16
196,30.592,2183.54,23.9
197,31.5719,2271.73,24.21
198,31.5466,2281.5,24.72
199,30.5345,2155.77,25.61
200,31.5853,1922.51,26.7
201,31.5093,2228.48,26.64
202,31.6164,2123.25,26.33
203,31.2313,2108.82,28.31
204,28.8979,2134.08,27.04
205,28.8615,2132.11,26.64
206,29.662,2196.4,27.44
207,29.3504,2066.68,26.18
208,29.113,2096.0,26.83
209,31.6333,2181.51,25.08
210,28.9567,2198.38,25.72
211,29.4596,2199.41,24.58
212,29.4642,2113.44,24.65
213,29.4605,2101.55,24.54
214,28.9978,2129.26,22.7
215,30.2189,2173.3,23.71
216,29.3817,2247.12,22.3
217,30.1988,2034.06,22.54
218,30.3617,2142.43,22.87
219,31.1262,2074.31,23.84
220,33.1508,2053.57,24.02
221,29.9551,2209.0,24.4
222,32.049,2181.79,25.07
223,30.1587,2174.06,25.81
224,30.9215,2200.18,26.33
225,31.9318,2113.82,26.96
226,30.8014,2114.19,27.64
227,29.526,2268.7,26.92
228,29.4278,2120.03,26.74
229,30.1554,2176.06,27.24
230,28.6657,2129.35,26.16
231,29.1125,2014.96,26.07
232,28.7374,1999.94,26.5
233,28.0298,2084.54,25.46
234,30.2152,2179.18,24.4
235,29.0582,2159.56,23.74
236,27.0808,2163.44,24.02
237,29.0885,2045.62,24.16
238,28.7206,2197.95,23.83
239,30.2937,2039.18,23.12
240,29.366,2105.84,24.0
241,30.2964,2088.37,23.02
242,31.154,2074.41,23.2
243,31.7533,2160.95,22.3
244,30.3388,2034.06,23.78
245,31.1813,1991.08,24.91
246,31.12,2068.9,25.78
247,30.9262,2039.32,25.1
248,32.7114,2261.53,26.23
249,31.3846,2095.03,26.94
250,29.7413,2025.41,26.74
251,31.1225,1982.12,25.79
252,31.6977,1928.18,27.12
253,30.4377,1975.0,27.31
254,28.0345,2038.93,26.26
255,28.552,2113.2,26.29
256,29.7145,2090.42,25.42
257,27.985,2032.44,24.23
258,28.8551,1994.91,25.51
259,29.1708,2026.07,24.48
260,27.9594,1974.51,24.8
261,28.8917,2104.47,24.01
262,26.657,1985.81,23.09
263,28.7923,1987.83,23.03
264,29.7979,1855.98,23.28
265,29.39,1973.2,23.55
266,32.0559,2031.19,23.43
267,29.9165,1913.09,24.14
268,30.947,1928.36,23.85
269,31.5535,2017.3,23.98
270,32.653,1877.58,24.97
271,30.3002,2026.19,25.62
272,32.2296,1927.45,25.4
273,31.0688,1932.83,25.75
274,29.9648,1885.6,26.96
275,30.7579,1972.73,26.73
276,30.1592,2094.77,26.92
277,29.1316,1991.34,26.75
278,29.3058,1889.99,27.49
279,28.6311,2007.53,27.05
280,28.7918,1918.08,25.38
281,29.0808,2017.38,25.25
282,29.7688,1981.28,25.43
283,27.5609,1754.42,24.78
284,30.4074,1869.05,23.98
285,27.3777,1984.4,23.02
286,29.1286,1935.43,22.93
287,30.0824,1863.66,22.81
288,30.2248,1885.99,23.14
289,29.8901,1808.72,23.92
290,30.5835,1917.04,22.92
291,30.6663,2054.4,23.07
292,30.8275,1969.63,23.95
293,32.1286,2052.51,25.0
294,31.7856,1973.94,24.28
295,30.8946,1982.73,26.24
296,32.0187,2039.78,25.91
297,31.3065,1944.39,26.05
298,31.4003,1911.11,25.93
299,30.8919,1985.05,27.29
300,29.3368,2011.24,26.91
301,29.1636,1896.29,27.02
302,29.8478,1883.04,26.28
303,29.4276,1936.07,26.25
304,28.6842,1979.19,25.76
305,28.645,1978.9,25.47
306,29.5221,1847.43,24.67
307,28.0779,2049.6,23.72
308,29.1386,1898.61,25.36
309,28.7776,1923.49,22.9
310,29.0759,1887.69,23.36
311,30.4908,2106.35,22.18
312,30.6603,1961.7,22.0
313,31.039,1898.98,23.12
314,31.7944,2004.87,23.36
315,31.0775,2002.3,24.22
316,31.8446,1948.12,24.2
317,31.2007,2013.16,24.41
318,31.7593,1916.66,24.53
319,31.3448,1940.17,26.27
320,31.3766,1852.79,26.46
321,31.5368,1897.72,25.79
322,30.0954,2089.46,26.75
323,32.0621,2083.41,27.0
324,29.1952,1992.88,26.83
325,28.6404,2092.79,27.32
326,30.1765,1987.55,27.15
327,29.5727,1986.76,26.32
328,29.2003,2009.02,25.86
329,29.0538,2002.45,26.27
330,28.4902,2001.39,25.47
331,27.8333,2087.29,24.52
332,28.7616,2032.12,23.19
333,28.3976,2070.31,23.76
334,30.0301,2093.92,23.62
335,29.4941,2059.8,21.69
336,29.3396,1982.78,23.13
337,30.1311,1964.31,22.86
338,31.0803,2058.89,23.16
339,30.6097,2044.16,23.13
340,30.6413,2064.13,23.93
341,31.6438,2062.35,25.18
342,31.696,2222.72,24.78
343,31.0433,1992.24,26.0
344,30.9222,1956.97,25.6
345,31.2463,2100.58,26.79
346,29.5915,2062.26,26.73
347,29.2623,2107.95,27.11
348,29.4252,2128.1,27.0
349,29.441,2174.12,27.25
350,29.4987,2010.57,25.45
351,30.1196,2071.44,25.7
352,29.3871,2134.32,26.21
353,28.4232,2158.49,24.5
354,28.4848,2247.43,24.73
355,27.7491,2176.62,24.46
356,28.6862,2119.21,23.59
357,28.7084,2072.43,23.24
358,29.5082,2095.11,23.4
359,28.95,2096.39,23.57
360,30.4155,2174.13,22.52
361,31.6144,2152.97,22.78
362,30.663,2060.73,22.9
363,31.382,2116.45,22.38
364,31.8512,2197.58,24.07
365,31.1279,2168.19,24.95
366,31.6793,2183.23,25.51
367,31.459,2173.96,25.08
368,31.3772,2250.29,25.37
369,30.4423,2168.43,26.43
370,30.7696,2132.51,27.15
371,30.7866,2101.97,27.01
372,31.1609,2172.97,27.14
373,30.3792,2012.47,27.5
374,30.9725,2148.6,26.36
375,28.3255,2147.9,26.3
376,29.3988,2078.8,26.82
377,28.6978,2105.22,25.42
378,30.2518,2209.58,24.37
379,27.9045,2174.76,24.15
380,28.0292,2166.77,23.53
381,28.4598,2178.63,23.76
382,27.5509,2165.22,22.82
383,29.1912,2233.48,23.2
384,29.3927,2165.4,22.63
385,30.5085,2069.42,22.01
386,31.0234,2253.48,23.42
387,32.5616,2176.49,23.66
388,32.0594,2117.35,24.26
389,30.9874,2075.78,24.15
390,30.7813,2172.87,24.61
391,31.8424,2140.06,25.72
392,30.2429,2239.37,26.76
393,32.5258,2121.85,26.42
394,31.6936,2089.91,26.94
395,30.0129,2191.3,26.77
396,28.6295,2190.34,26.23
397,30.6949,2142.08,27.42
398,29.1584,2169.55,27.19
399,29.9296,2123.59,26.77
400,27.4254,2136.65,25.91
401,28.0716,2189.17,25.82
402,28.5042,2153.34,25.45
403,28.5887,2102.1,25.29
404,28.3409,2189.74,24.49
405,29.4376,1962.95,23.62
406,28.3959,2224.12,22.61
407,29.4979,1994.71,23.15
408,30.0962,2055.44,23.13
409,30.7998,2086.53,23.42
410,31.3193,2076.05,23.94
411,30.1609,2141.02,23.54
412,30.0717,2012.9,25.05
413,32.471,2087.7,23.6
414,31.7659,2033.01,25.21
415,30.8501,2081.02,25.12
416,32.54,2055.0,25.05
417,31.1532,2060.01,26.31
418,31.6934,2016.97,26.0
419,30.4422,2014.88,26.85
420,31.6486,2058.24,27.02
421,31.016,2093.14,27.49
422,29.0508,1996.14,25.98
423,29.7166,1975.44,26.87
424,29.2173,2059.92,26.05
425,29.646,2016.74,26.03
426,27.7281,2064.13,24.78
427,29.1,1955.59,23.82
428,29.5477,1898.86,23.39
429,27.5323,1969.39,22.94
430,28.3034,1951.18,23.51
431,27.9804,1988.29,23.81
432,29.7845,1950.72,22.72
433,30.9623,2029.39,23.38
434,31.9519,1963.71,22.51
435,31.1199,1986.18,23.68
436,32.6019,1982.86,24.33
437,30.3448,1981.44,23.76
438,30.1373,1964.73,24.9
439,31.4045,1993.36,25.88
440,31.6063,1911.64,24.53
441,31.0345,2040.11,27.08
442,29.096,1938.84,26.91
443,30.3169,1871.35,27.29
444,28.9564,1958.46,26.79
445,30.1475,1893.38,26.07
446,29.5433,1981.77,27.0
447,28.1874,2071.97,26.37
448,28.2899,1889.88,26.02
449,27.7037,1954.85,26.06
450,28.4499,1827.55,25.38
451,29.3152,1958.25,25.44
452,27.9124,1876.15,24.08
453,29.3426,1890.24,23.24
454,28.8258,1860.25,23.17
455,28.9775,1969.02,23.28
456,29.9144,1984.45,23.51
457,29.56,1924.5,22.33
458,30.3071,1870.47,23.27
459,30.1024,2017.13,24.39
460,32.8708,1876.31,23.88
461,31.4771,1791.36,24.95
462,30.9402,1948.5,25.25
463,31.6201,1854.8,26.0
464,31.2092,1980.65,25.6
465,30.8839,1898.89,26.01
466,31.2413,1958.56,26.74
467,30.9942,2007.18,26.17
468,29.5756,1851.48,26.87
469,29.1511,1891.13,27.06
470,29.03,1921.79,27.62
471,27.0978,2019.99,26.62
472,27.4888,1889.79,26.31
473,29.6446,1895.34,26.1
474,29.816,1961.57,24.52
475,28.3519,1900.27,24.4
476,29.1622,1946.23,25.21
477,29.1883,1846.3,23.55
478,31.7131,2074.71,23.83
479,30.5074,1863.59,23.55
480,29.8977,1927.88,22.26
481,29.6238,1948.09,23.22
482,29.4648,2067.8,23.34
483,31.2234,1876.66,23.75
484,30.694,2078.4,23.62
485,30.3111,2008.16,23.92
486,30.9827,1991.21,24.76
487,30.5837,1910.66,25.47
488,32.6488,2007.67,26.59
489,31.766,1933.75,27.32
490,30.7436,2057.0,27.43
491,31.5722,1926.66,27.36
492,30.0619,1982.14,26.5
493,28.9227,1959.7,26.73
494,30.4685,1937.91,26.84
495,29.3705,2045.85,26.1
496,27.8712,2037.76,26.29
497,28.3988,2082.48,25.88
498,27.7995,1907.5,25.27
499,27.4449,2082.54,24.99
500,29.4419,2173.44,23.55
501,30.4669,2000.47,24.05
502,28.1311,2145.74,22.92
503,30.0621,2020.72,22.6
504,29.4795,1958.66,23.27
505,29.9985,2027.15,23.68
506,30.2761,2112.86,23.51
507,30.3695,2004.15,23.6
508,31.3379,2022.86,24.16
509,30.7841,2098.92,24.55
510,31.7164,2067.89,24.44
511,31.4087,2107.14,24.9
512,31.1079,2090.64,25.96
513,30.3346,2109.41,26.45
514,30.2886,2058.9,26.74
515,30.9925,2102.89,27.27
516,30.4007,2037.42,26.89
517,28.8297,2174.38,27.21
518,29.3295,2062.94,26.66
519,29.5404,2172.57,27.33
520,27.3654,2094.58,26.04
521,28.9858,2124.38,26.69
522,27.9699,2086.12,25.18
523,29.0076,2058.31,24.38
524,28.0904,2017.94,23.55
525,27.4954,2062.53,22.86
526,27.948,2109.53,22.77
527,29.6502,2144.67,22.63
528,30.2078,2195.44,23.2
529,29.6648,2110.81,22.81
530,31.2609,2087.23,23.36
531,29.7314,2056.04,24.23
532,31.2462,2173.73,23.96
533,30.4801,2230.09,25.52
534,30.9785,2225.1,24.41
535,31.4868,2193.58,25.44
536,30.6107,2191.02,25.73
537,30.753,2256.12,26.88
538,31.555,2175.59,25.61
539,29.9267,2195.68,26.21
540,30.6686,2138.74,26.95
541,28.708,2077.19,27.71
542,29.6738,2118.63,26.84
543,30.0926,2159.7,25.74
544,26.7236,2164.31,25.4
545,27.9136,2276.49,26.35
546,28.9617,2165.88,24.69
547,28.3887,2231.65,24.01
548,28.9979,2134.56,24.74
549,28.4562,2141.54,24.09
550,29.3193,2079.92,23.9
551,29.4872,2114.37,22.59
552,30.9342,2189.61,22.24
553,30.5918,2157.36,23.13
554,31.0201,2212.25,23.44
555,30.7312,2165.14,23.77
556,30.909,2131.56,24.74
557,31.1028,2279.89,23.62
558,31.8156,2143.48,25.43
559,31.1121,2216.87,24.97
560,31.5309,2120.85,26.43
561,32.721,2185.18,26.18
562,31.4469,2195.83,26.33
563,30.1274,2150.06,26.63
564,30.961,1993.55,26.28
565,29.2853,2133.05,26.95
566,27.6195,2202.79,26.35
567,28.1329,2157.5,26.81
568,27.2043,2149.37,26.32
569,28.2699,2015.94,26.36
570,28.5147,2072.59,25.18
571,29.8923,2136.94,24.74
572,28.9625,2133.22,24.7
573,28.7641,2177.72,23.27
574,29.9135,2092.31,22.52
575,27.8429,2121.42,23.17
576,30.1885,2094.05,22.29
577,31.0049,2029.77,24.3
578,29.5671,1949.49,24.0
579,31.9757,2106.49,24.67
580,31.5698,2086.81,24.03
581,31.1167,2034.97,24.76
582,32.0062,1970.55,24.77
583,33.2654,2101.09,25.96
584,31.4445,2042.93,25.39
585,31.2592,2087.85,25.14
586,30.3825,2161.81,26.34
587,29.7084,1917.0,26.2
588,30.6643,1999.02,27.74
589,28.9269,2023.95,27.84
590,29.3073,2119.32,26.03
591,28.5572,1929.38,27.06
592,29.0841,2139.27,26.48
593,28.818,2026.84,24.73
594,29.33,2008.54,24.8
595,28.1431,1998.06,24.19
596,28.4851,1979.45,24.37
597,28.1563,2064.25,22.97
598,28.8946,1933.05,23.22
599,29.9136,2013.74,22.73
600,30.6056,1965.88,23.24
601,29.6505,1939.2,22.96
602,31.4457,2136.16,23.0
603,32.1452,2002.3,23.48
604,31.6298,2010.2,25.02
605,32.9503,2038.01,24.27
606,30.881,1880.9,24.48
607,30.4532,2067.86,25.81
608,29.8761,1808.84,25.93
609,32.2575,1910.02,25.71
610,31.2735,1925.49,27.85
611,30.3438,1984.95,26.76
612,30.224,1960.3,26.81
613,28.7114,1934.44,27.01
614,31.2066,1941.13,27.6
615,29.0427,1880.71,25.57
616,28.7885,1847.24,26.14
617,29.1317,1978.5,26.56
618,28.8848,1974.51,25.06
619,28.7302,2026.08,23.86
620,28.0686,1881.89,23.69
621,29.3165,1969.3,23.69
622,30.7556,1909.31,23.93
623,30.6881,1996.52,22.9
624,31.2745,1985.33,23.41
625,29.9793,1935.76,22.35
626,29.9583,1901.97,22.55
627,30.96,1979.41,23.34
628,31.3436,1960.15,24.72
629,32.3242,1880.02,24.52
630,30.146,1841.33,25.14
631,32.6725,1903.77,25.66
632,31.1726,2012.26,26.55
633,30.7192,1990.54,26.11
634,29.9403,1855.6,27.08
635,29.0643,1853.03,26.52
636,30.6585,2000.49,27.99
637,29.6704,1856.95,26.53
638,28.218,1956.89,26.29
639,27.9033,1890.77,26.69
640,28.4323,2026.32,26.04
641,29.8863,1884.79,25.68
642,28.2923,2001.49,25.11
643,27.3486,1946.0,23.94
644,28.5044,1952.21,24.81
645,28.7212,1821.17,24.03
646,27.0925,1809.68,23.95
647,29.5683,1931.21,22.8
648,29.8153,1961.99,23.21
649,30.9452,1882.53,23.17
650,32.2292,1887.71,23.83
651,31.9619,1989.84,24.17
652,31.0839,1993.15,24.1
653,30.5637,1954.46,23.72
654,33.5587,2012.99,25.89
655,31.4963,1899.29,25.8
656,31.3102,1952.05,25.7
657,31.0414,2076.03,26.62
658,30.9085,1985.1,25.98
659,30.2727,1992.51,27.46
660,29.5411,2127.29,26.26
661,29.1743,1909.05,26.82
662,29.2238,2044.94,26.85
663,28.5046,2101.21,26.93
664,28.1307,1986.14,26.05
665,28.6363,2061.52,25.84
666,28.296,1955.38,24.99
667,29.7543,1977.49,24.47
668,26.5802,2046.21,24.04
669,29.8125,2075.48,23.49
670,30.2469,2099.29,22.42
671,27.9531,2130.69,22.68
672,29.7258,2036.95,23.12
673,30.0911,2117.1,22.94
674,29.624,2029.43,23.19
675,30.4384,2108.56,23.42
676,30.4106,2071.33,23.57
677,32.8507,2090.05,24.24
678,32.2485,2093.11,24.85
679,32.4661,1975.78,25.52
680,31.8764,2008.92,26.2
681,30.1574,2086.79,26.32
682,30.3304,1983.6,26.22
683,30.7797,2138.86,26.23
684,29.0223,2145.36,28.3
685,30.1822,2116.7,26.37
686,29.0577,2033.73,26.47
687,28.6395,2187.65,26.67
688,29.2697,2230.83,26.18
689,28.9065,2121.08,25.78
690,28.2112,2146.45,24.78
691,29.4786,2131.38,24.6
692,27.8361,2154.44,24.03
693,29.4321,2118.68,23.43
694,29.7245,2126.89,23.39
695,29.3641,2186.3,23.6
696,30.2609,2275.56,22.99
697,29.3873,2053.55,23.06
698,31.4892,2133.92,23.8
699,30.9127,2071.78,24.07
700,30.8809,2240.44,24.79
701,32.2881,2111.83,23.6
702,30.9365,2062.52,25.45
703,30.3221,2189.28,25.82
704,30.0537,2257.36,25.56
705,31.5455,2194.08,26.54
706,29.7257,2167.96,27.26
707,31.7921,2181.46,26.52
708,28.3345,2242.88,27.22
709,30.9689,2106.46,27.37
710,29.4188,2152.95,26.2
711,28.862,2133.08,26.34
712,28.265,2090.59,26.15
713,28.8704,2141.21,25.12
714,28.4699,2227.46,24.56
715,29.4338,2194.91,24.41
716,28.7923,2199.32,24.4
717,29.0596,2169.03,23.91
718,28.9591,2191.06,22.84
719,29.5662,2110.87,23.39
720,30.2462,2139.42,22.58
721,29.0201,2168.43,22.26
722,29.6715,2172.32,23.08
723,31.6553,2173.48,24.15
724,31.4357,2144.4,24.33
725,31.3017,2128.34,24.48
726,31.5147,2338.58,24.79
727,31.727,2201.5,25.32
728,30.8672,2169.71,26.05
729,30.438,2128.61,25.88
730,30.9067,2113.08,26.56
731,29.6055,2129.7,26.82
732,30.3266,2152.39,26.32
733,28.2497,2019.13,26.51
734,30.0733,2034.8,26.94
735,29.3174,2087.64,26.42
736,28.9058,2135.05,25.85
737,29.3373,2104.92,25.06
738,29.8324,2204.51,25.79
739,29.3626,2023.31,24.06
740,27.2283,2063.52,24.13
741,27.9157,2196.05,23.34
742,28.7501,2108.87,23.29
743,29.6326,2150.16,23.3
744,30.4141,2216.14,22.31
745,29.8076,2047.36,23.06
746,30.8994,2078.88,23.86
747,30.4564,2064.29,24.47
748,30.8098,1959.1,23.93
749,30.3236,2053.43,24.5
750,30.7614,2120.57,26.11
751,30.3675,2095.74,26.09
752,30.5183,2096.03,25.69
753,31.9036,2031.91,26.1
754,29.9905,2010.6,27.21
755,32.4941,2121.64,26.43
756,30.3947,2011.16,27.54
757,29.7596,2054.16,27.1
758,28.5633,2041.83,26.99
759,29.4996,2115.27,26.29
760,28.2405,2081.4,25.69
761,28.6487,1940.98,26.25
762,30.5481,1943.04,24.88
763,28.4743,2044.68,24.28
764,29.6204,2001.77,23.96
765,28.3768,1974.06,23.68
766,29.222,2058.1,22.75
767,31.0284,2004.26,22.79
768,29.4984,1992.08,22.69
769,31.8382,2031.72,23.49
770,31.3162,1958.49,22.82
771,30.6107,2071.27,22.71
772,31.805,1926.12,23.02
773,32.2269,2009.16,23.75
774,31.9974,2052.21,25.68
775,30.1927,1880.09,25.53
776,30.7173,1938.78,26.25
777,30.8626,2024.68,26.68
778,30.6905,2022.47,26.76
779,30.8848,1939.75,26.89
780,30.1422,1903.1,27.52
781,28.5435,2001.8,27.0
782,29.5542,2012.86,27.43
783,29.4278,1869.51,26.72
784,29.1488,1864.84,25.69
785,29.4157,1948.42,25.27
786,29.1671,1970.65,24.64
787,28.9185,1913.07,25.09
788,28.6448,1970.05,23.8
789,27.6106,1885.13,23.19
790,29.5937,1799.45,23.43
791,29.7779,1899.65,23.02
792,30.2173,1927.8,23.15
793,29.3668,1906.54,24.01
794,29.8852,1852.82,23.72
795,31.9032,1812.82,23.6
796,31.2674,1890.49,23.3
797,31.9941,1974.94,24.23
798,31.5227,1996.37,25.36
799,31.4727,1992.35,24.93
800,32.0497,1872.38,27.07
801,30.6478,1852.53,26.42
802,30.8269,1952.14,26.76
803,30.0184,1961.2,26.6
804,29.6524,1948.02,27.25
805,29.3644,1804.25,26.35
806,29.4277,1874.32,27.81
807,28.5563,1925.95,27.07
808,29.7056,1958.53,26.49
809,27.8354,1977.05,24.82
810,28.3505,1941.54,25.1
811,28.1993,1954.75,25.09
812,29.8585,1942.17,24.3
813,29.0966,1980.53,23.08
814,30.0755,1960.62,22.94
815,28.4233,1948.39,22.84
816,30.2136,1931.08,22.7
817,31.0999,1954.92,23.83
818,30.8158,1982.11,22.31
819,31.913,1972.2,23.91
820,30.8852,1982.23,23.35
821,32.5764,2043.29,24.0
822,33.3391,1982.09,24.0
823,31.1586,1930.8,25.24
824,30.9426,2026.42,26.76
825,32.2234,1895.18,26.55
826,32.0137,1916.12,26.13
827,29.9699,2005.08,27.44
828,29.6639,2019.92,27.62
829,29.3863,1918.31,26.98
830,28.1744,1974.19,27.75
831,28.2044,1965.0,26.82
832,27.8976,1976.43,26.34
833,27.9369,2066.56,25.12
834,28.4723,2056.69,25.31
835,28.7385,2017.54,24.59
836,29.9414,1990.36,24.26
837,28.1407,1946.59,23.24
838,30.0375,2117.24,23.33
839,29.4406,2072.04,22.66
840,29.9604,1998.6,21.93
841,30.9281,2088.66,23.57
842,29.8518,2045.75,22.52
843,31.3666,2037.21,23.64
844,31.4322,2085.0,24.17
845,31.8428,2018.82,24.65
846,31.7313,2047.08,24.86
847,33.4131,2079.35,25.65
848,30.7888,2046.4,26.24
849,30.6359,2120.78,26.78
850,30.2515,2196.98,27.6
851,29.9438,2043.73,27.05
852,29.4901,1993.16,27.03
853,30.563,1976.97,26.48
854,30.3864,2091.97,26.95
855,28.4827,2065.05,26.75
856,28.0351,2121.07,25.9
857,28.9282,2120.21,25.79
858,28.0582,2019.63,24.85
859,29.0575,2010.38,24.82
860,28.8633,2140.38,24.46
861,27.7267,2133.98,24.04
862,30.488,2103.42,23.33
863,31.0485,2032.53,22.55
864,29.5098,2163.1,22.69
865,30.0781,2213.87,23.37
866,30.9787,2156.83,24.49
867,31.3282,2091.76,23.42
868,31.8259,2147.6,24.23
869,33.0571,2065.13,24.2
870,31.3584,2212.59,24.51
871,30.8103,2155.9,25.18
872,30.1956,2046.62,24.96
873,30.4759,2136.23,27.09
874,30.7235,2183.47,25.62
875,31.8239,2136.93,26.8
876,29.5859,2141.44,26.41
877,29.7908,2085.44,26.49
878,29.2369,2193.65,27.42
879,29.8901,2121.34,26.51
880,30.7225,2031.28,25.52
881,28.1264,2138.64,25.22
882,28.1084,2219.87,24.62
883,29.3864,2137.7,24.46
884,29.2465,2264.94,24.09
885,30.4167,2185.98,24.53
886,29.7171,2179.99,22.31
887,29.3243,2151.2,23.05
888,30.4725,2153.89,22.84
889,31.2752,2141.11,23.54
890,31.4064,2137.53,23.45
891,31.4665,2186.12,23.88
892,32.1524,2096.55,24.17
893,32.3843,2086.43,24.02
894,32.6057,2081.72,25.61
895,31.9679,2269.83,25.92
896,31.1653,2176.74,26.46
897,31.178,2160.88,27.05
898,31.7152,2076.7,26.94
899,29.7347,2174.95,27.67
900,30.2949,2127.83,27.19
901,29.2971,2144.81,26.82
902,29.273,2070.37,26.73
903,29.9621,2135.47,26.4
904,28.8538,2097.19,25.74
905,28.5883,2073.34,26.33
906,27.4121,2159.87,25.15
907,29.1481,2020.0,24.53
908,29.2173,2142.48,24.19
909,30.6699,2145.91,25.08
910,29.0038,2048.22,22.7
911,29.7871,2047.85,22.65
912,30.1995,2079.68,22.31
913,31.6502,2105.91,22.95
914,30.6738,2075.67,23.39
915,31.2839,2106.65,23.35
916,31.7854,2182.15,23.73
917,31.5982,2041.6,24.55
918,31.1429,1964.79,24.75
919,31.6042,2112.86,25.67
920,32.1579,2159.88,26.56
921,30.2394,2078.0,26.75
922,30.8564,1984.7,27.17
923,29.8281,2038.05,27.47
924,30.956,1973.89,27.14
925,28.3932,2075.08,26.85
926,28.8029,1950.95,26.35
927,29.2411,2009.56,26.22
928,29.9534,1962.85,25.74
929,28.4985,2026.3,25.88
930,28.0558,1992.32,25.17
931,30.056,2020.55,24.83
932,27.5426,2006.97,23.42
933,27.1803,1942.17,24.3
934,29.602,2034.77,23.05
935,29.2101,1990.09,22.52
936,29.183,1929.62,22.78
937,30.9549,2119.38,24.31
938,30.945,2009.59,23.07
939,30.6094,1967.96,23.42
940,30.2748,2058.31,23.9
941,32.1469,2080.25,24.41
942,32.0202,1957.46,24.61
943,31.3695,1983.57,25.59
944,32.7763,1900.1,26.54
945,30.2046,1947.32,26.57
946,29.5296,1941.09,26.18
947,29.8347,1961.13,26.76
948,29.9635,1967.15,26.72
949,29.8064,1978.04,26.96
950,29.057,1956.11,27.4
951,29.221,1866.75,26.34
952,27.6997,1880.77,25.96
953,29.7061,1902.12,26.41
954,28.4343,1915.95,25.44
955,29.4449,1994.06,24.77
956,28.9751,1859.52,24.98
957,29.3047,1906.29,23.83
958,29.7058,1983.51,22.27
959,29.9699,1907.1,23.48
960,30.5142,1951.63,22.2
961,31.4516,1914.72,23.29
962,30.9072,1937.75,22.41
963,31.6279,1908.05,23.35
964,31.2272,1961.36,23.82
965,32.601,1828.38,24.1
966,30.9589,1899.2,24.83
967,32.8896,1938.88,26.03
968,31.2669,1953.36,25.64
969,29.916,2011.33,26.69
970,30.8525,1898.88,26.25
971,29.8434,2011.86,26.84
972,30.6725,1884.47,27.16
973,29.0897,2004.81,26.43
974,28.8931,1975.38,26.08
975,27.4277,1872.93,26.66
976,28.3391,1947.72,26.56
977,26.612,1927.94,25.48
978,27.2329,1970.42,24.77
979,29.1594,1921.51,24.56
980,29.3296,1918.64,24.03
981,29.2797,2021.54,23.71
982,28.4764,1935.93,22.0
983,29.5736,1994.03,22.53
984,29.9971,1933.66,22.58
985,29.4615,2050.04,23.14
986,31.9527,1912.33,23.36
987,31.7626,1919.3,23.9
988,31.1223,2050.85,24.13
989,31.4704,1936.03,23.83
990,31.6667,2062.25,25.72
991,29.8155,2023.25,26.15
992,31.1013,1964.12,25.37
993,30.5151,1868.36,26.58
994,29.9487,1979.84,26.43
995,30.1633,1991.03,27.0
996,31.4381,2058.97,27.53
997,30.1244,2088.32,28.0
998,28.7931,1956.06,27.11
999,29.3974,2049.44,26.56
1000,29.8204,2051.55,25.83
1001,29.2908,2074.35,25.61
1002,28.5477,2044.22,25.68
1003,28.0336,1902.14,24.46
1004,29.2595,2013.79,23.56
1005,29.2541,1958.22,22.78
1006,29.9662,2019.88,23.52
1007,30.1199,2095.31,23.19
1008,30.8396,2059.31,22.68
1009,29.96,2114.37,23.58
1010,31.8039,2070.47,23.06
1011,31.2187,1976.54,23.52
1012,32.9592,1907.63,23.99
1013,30.8975,2072.24,24.31
1014,32.8888,2054.87,25.12
1015,31.6072,2013.44,26.09
1016,30.7779,1974.33,25.43
1017,30.6736,2036.55,26.66
1018,30.4937,2073.17,26.82
1019,30.7276,2128.94,27.01
1020,30.4183,2104.38,27.44
1021,29.1528,2193.56,26.96
1022,29.2305,2038.86,26.97
1023,30.6532,2157.71,26.77
1024,30.083,2111.44,25.75
1025,28.9002,2153.94,25.67
1026,28.5304,2089.63,24.87
1027,28.6471,2183.58,24.42
1028,29.1918,2140.33,23.84
1029,28.1211,2085.09,23.82
1030,29.0441,2128.24,23.31
1031,28.2769,2117.58,23.27
1032,30.3194,2164.17,22.99
1033,30.906,2066.77,22.27
1034,30.3635,2138.39,23.28
1035,32.3198,2166.33,23.62
1036,30.3184,2146.9,24.12
1037,30.2774,2227.91,24.19
1038,31.6796,2195.56,24.4
1039,32.2866,2150.54,25.83
1040,32.6462,2165.71,25.86
1041,30.6936,2172.01,26.5
1042,31.6129,2179.87,26.59
1043,30.3574,2047.37,26.93
1044,29.8619,2139.9,26.78
1045,30.3187,2069.84,26.45
1046,29.7719,2236.36,26.97
1047,27.6782,2156.59,26.11
1048,29.8822,2149.06,26.08
1049,29.6552,2214.72,25.72
1050,27.9995,2186.34,24.71
1051,28.8678,2093.2,23.88
1052,29.0962,2156.41,25.21
1053,29.1479,2140.14,23.32
1054,28.8098,2054.99,23.58
1055,29.0745,2117.49,24.04
1056,29.9796,2146.98,23.39
1057,31.3264,2150.01,22.92
1058,31.1849,2066.73,23.23
1059,30.7642,2223.37,23.17
1060,31.9164,2146.58,24.44
1061,29.1701,2153.24,24.77
1062,32.419,2173.15,24.74
1063,30.0571,2099.81,25.0
1064,31.0091,2172.3,25.34
1065,30.1649,2120.58,26.91
1066,29.7143,2086.35,26.79
1067,31.3169,2171.96,27.04
1068,29.6258,2224.32,26.59
1069,29.889,2175.45,26.2
1070,29.2125,2184.34,27.21
1071,29.321,2094.61,26.44
1072,28.7624,2026.76,26.45
1073,27.5247,2208.68,25.32
1074,29.297,2239.09,24.88
1075,28.1561,2204.83,24.84
1076,27.4557,2088.45,24.37
1077,28.5968,2035.57,23.98
1078,30.4506,2037.06,23.12
1079,30.2919,1996.05,23.38
1080,29.7211,2086.62,23.55
1081,30.1088,2185.33,23.02
1082,30.4927,2076.34,23.01
1083,32.7221,2098.77,24.26
1084,31.6046,2158.91,23.67
1085,31.7929,2047.81,24.8
1086,32.3242,2189.83,24.97
1087,31.6399,2182.84,24.6
1088,31.0918,2051.02,26.56
1089,30.9036,2019.78,25.04
1090,30.6927,2091.8,25.74
1091,30.3585,2024.64,27.2
1092,30.5821,1971.61,27.26
1093,29.6533,2113.39,26.61
1094,29.8361,2105.02,26.81
1095,28.8748,2036.89,25.15
1096,28.7639,1947.34,26.35
1097,26.9526,1944.92,25.64
1098,29.2331,2020.73,24.98
1099,28.8283,1979.95,24.49
1100,29.4994,1985.16,24.25
1101,26.6223,2062.68,23.57
1102,30.9207,2041.15,22.33
1103,29.5001,2075.7,24.17
1104,30.8865,1929.5,23.6
1105,29.5563,1964.34,22.43
1106,31.2402,2026.54,23.1
1107,30.2179,2004.04,23.47
1108,30.8,2065.34,24.54
1109,32.9801,1994.97,23.4
1110,31.3475,2077.07,24.75
1111,31.6228,1995.13,24.64
1112,31.9951,2023.11,25.86
1113,31.4572,1936.74,26.18
1114,30.8703,1953.89,26.77
1115,30.6802,2004.7,26.63
1116,31.9227,2043.96,26.62
1117,29.5657,1988.2,27.24
1118,29.4109,1936.86,26.96
1119,29.7799,2022.03,26.69
1120,29.5854,1805.56,25.91
1121,29.5007,1849.57,25.23
1122,29.011,1973.78,24.94
1123,27.6367,1931.86,24.73
1124,30.0077,1965.63,22.91
1125,28.0223,1931.6,23.78
1126,29.4921,1960.59,23.42
1127,29.0084,1876.22,23.1
1128,29.9487,1958.24,22.93
1129,30.6512,1982.76,21.79
1130,31.0071,1995.57,23.05
1131,31.3982,2042.57,24.48
1132,32.59,1935.98,24.01
1133,31.8117,1937.52,24.33
1134,31.3047,1829.61,25.01
1135,32.2202,1889.2,25.7
1136,32.2506,1909.75,26.33
1137,30.0786,1984.77,26.3
1138,31.2279,1885.68,26.94
1139,30.9492,1970.87,27.77
1140,29.7619,1923.91,27.5
1141,30.7123,1914.46,28.1
1142,29.13,1941.26,26.4
1143,29.0398,1904.26,27.25
1144,28.5625,1903.55,25.6
1145,28.5636,1828.73,25.69
1146,27.623,1918.01,25.37
1147,27.3991,1906.11,24.23
1148,29.9766,1906.12,24.04
1149,28.2618,1964.41,24.04
1150,28.4569,1981.37,22.91
1151,27.8891,1958.38,23.9
1152,29.4888,2006.91,22.31
1153,29.3298,1984.58,24.04
1154,32.0636,1935.33,23.77
1155,31.8685,1928.38,23.54
1156,30.7485,1978.15,23.8
1157,33.2508,1997.15,24.23
1158,32.2854,2050.05,24.93
1159,31.189,2041.21,25.49
1160,29.2995,1940.91,26.63
1161,32.8934,1971.04,27.4
1162,29.6383,2021.26,26.83
1163,29.0719,2049.01,26.51
1164,30.8181,2045.27,26.73
1165,31.5636,1989.18,26.84
1166,30.3574,1921.92,26.22
1167,29.3905,1941.43,25.82
1168,29.1768,2021.99,27.05
1169,29.2338,2030.48,25.67
1170,29.1071,1948.38,24.58
1171,28.7761,2021.36,24.89
1172,28.7843,2060.99,23.41
1173,28.8893,1958.49,23.04
1174,28.6468,2098.33,22.87
1175,29.3872,2013.86,23.9
1176,28.6456,2116.46,22.87
1177,30.3096,2013.48,21.85
1178,29.9591,1988.37,23.87
1179,30.1778,2026.95,23.43
1180,31.443,2053.18,23.08
1181,32.5625,2040.0,24.32
1182,32.2347,2054.74,25.26
1183,30.1925,2092.1,25.72
1184,30.5073,2066.1,26.9
1185,31.8133,2076.67,25.99
1186,29.964,1982.29,26.76
1187,30.2085,2112.49,26.58
1188,30.44,2087.71,26.23
1189,28.8371,2193.69,27.37
1190,29.3343,2044.63,26.96
1191,27.8721,1996.35,26.56
1192,28.2199,2145.68,26.21
1193,28.8069,2133.05,25.17
1194,27.2256,2055.31,24.5
1195,28.9035,2027.49,24.5
1196,28.6853,2214.86,24.58
1197,29.3813,2210.7,24.39
1198,29.4291,1979.72,23.67
1199,30.7031,2104.46,23.08
1200,30.1002,2234.67,23.13
1201,30.0447,2108.99,23.07
1202,30.8478,2110.71,22.75
1203,31.4953,2125.64,23.6
1204,31.3381,2077.67,23.33
1205,31.4814,2044.81,24.42
1206,30.9384,2212.27,25.82
1207,30.9186,2040.41,25.93
1208,30.177,2167.54,25.54
1209,32.4603,2207.46,26.38
1210,29.7549,2068.6,26.31
1211,29.8339,2101.45,26.9
1212,29.4253,2230.78,27.52
1213,30.3277,2190.88,27.26
1214,29.014,2122.62,27.97
1215,29.9375,2232.38,27.01
1216,28.1622,2233.06,26.1
1217,28.7743,2177.06,25.86
1218,27.8317,2106.99,24.9
1219,30.2672,2136.11,23.92
1220,27.7509,2177.85,24.65
1221,29.1872,2148.93,24.09
1222,29.757,2216.0,23.15
1223,29.9428,2067.12,23.21
1224,29.8518,2068.34,23.62
1225,30.2844,2167.76,23.49
1226,30.785,2126.18,22.54
1227,30.9431,2116.64,23.71
1228,32.0701,2046.62,23.92
1229,33.2173,2152.16,25.04
1230,31.054,2145.95,25.52
1231,30.353,2186.3,26.18
1232,31.2284,2149.06,25.44
1233,33.1244,2134.65,26.02
1234,30.1071,2210.77,27.29
1235,31.6995,2058.8,26.64
1236,31.3422,2167.0,26.24
1237,29.1689,2031.69,27.2
1238,29.7052,2078.66,26.46
1239,30.2421,2053.09,27.31
1240,28.3977,2169.54,26.15
1241,28.3882,2115.35,25.6
1242,28.0347,2115.01,24.82
1243,27.7393,2045.85,25.28
1244,28.1815,2090.62,24.18
1245,27.9602,2059.04,23.38
1246,29.2773,2124.01,22.87
1247,28.9958,2037.61,23.03
1248,30.187,2172.85,22.51
1249,29.1435,1988.45,23.58
1250,31.0147,2036.45,22.36
1251,31.7275,2181.27,23.52
1252,29.704,2050.26,24.31
1253,31.7481,1993.17,24.65
1254,32.4821,2080.85,24.64
1255,30.4812,2034.79,25.85
1256,32.6371,2008.73,25.56
1257,31.3959,1988.68,26.4
1258,30.186,2216.07,27.06
1259,30.3436,2030.39,27.16
1260,30.4467,1925.47,26.66
1261,29.6726,2126.14,27.53
1262,29.681,2068.7,26.78
1263,28.2028,1981.58,26.79
1264,28.8365,1967.13,26.76
1265,27.4201,2059.1,26.08
1266,28.411,1999.48,25.56
1267,27.828,1894.38,24.58
1268,28.1125,2112.86,24.4
1269,29.9282,1975.33,23.69
1270,30.123,2086.89,22.66
1271,30.0991,2069.72,23.22
1272,29.1261,1928.87,23.13
1273,30.1351,2046.92,23.36
1274,31.7205,1941.91,23.2
1275,31.174,1865.15,23.21
1276,33.1545,1947.93,24.33
1277,31.7635,1993.6,23.83
1278,31.6536,1938.42,25.73
1279,31.2016,1944.3,25.4
1280,31.4059,2027.99,26.12
1281,30.9387,1962.54,26.69
1282,31.3165,1902.44,27.03
1283,31.1536,1992.17,26.23
1284,29.3712,1959.04,27.41
1285,28.5468,1793.15,27.08
1286,27.781,1967.55,26.41
1287,29.3457,1962.9,26.04
1288,27.8183,1938.28,25.83
1289,26.8288,1988.41,24.87
1290,28.8109,1892.54,25.86
1291,30.5455,1951.2,25.23
1292,28.6961,1835.28,24.23
1293,29.6101,1952.16,23.47
1294,29.3155,2043.51,23.17
1295,29.5327,1865.4,23.45
1296,30.7353,1878.42,23.88
1297,30.156,1880.49,22.78
1298,30.9639,1930.14,22.71
1299,31.318,1857.97,24.36
1300,30.7646,1946.61,23.11
1301,32.2425,1971.89,23.98
1302,31.36,1953.06,24.88
1303,30.8443,1814.98,24.74
1304,31.7282,1981.05,26.56
1305,30.3419,1978.0,26.84
1306,30.7725,1972.15,26.44
1307,30.3809,1945.46,27.57
1308,30.8687,1937.22,27.72
1309,29.9915,1987.03,26.88
1310,29.23,2041.74,26.51
1311,29.5936,1870.55,27.54
1312,29.8131,1993.98,26.36
1313,28.9974,1925.84,25.65
1314,28.5083,1925.1,25.68
1315,27.5016,1842.71,24.63
1316,27.8489,1919.99,23.75
1317,28.6952,1879.56,23.63
1318,28.7624,1914.02,23.79
1319,29.4622,1878.56,22.07
1320,30.0453,1920.25,22.86
1321,30.812,1925.68,23.76
1322,30.6936,1958.84,23.01
1323,31.4499,1859.26,24.36
1324,31.3506,1872.65,24.71
1325,29.8685,1984.44,24.45
1326,30.7485,1918.33,24.72
1327,31.3336,2034.21,25.37
1328,30.3313,1986.92,27.33
1329,31.5406,2013.56,27.35
1330,31.9746,2065.64,26.79
1331,31.3632,1966.35,26.63
1332,29.8292,1954.46,27.06
1333,30.8044,2045.32,27.05
1334,29.3689,2027.73,26.11
1335,28.6697,1990.13,26.45
1336,28.2102,2089.12,26.66
1337,28.3091,1997.21,24.62
1338,28.1895,2016.26,25.41
1339,28.6874,2019.96,25.17
1340,28.8294,1967.04,23.72
1341,28.9418,2032.22,24.43
1342,29.5996,2115.84,22.92
1343,30.5643,2063.21,23.29
1344,30.7596,2042.86,22.85
1345,29.2003,2035.78,22.91
1346,28.7069,2069.82,22.96
1347,31.8081,2099.42,23.94
1348,30.2055,2095.44,24.42
1349,31.2691,2043.4,24.45
1350,30.5639,2087.19,24.32
1351,30.0073,2100.85,25.72
1352,31.7322,2015.94,26.21
1353,31.668,2090.73,26.31
1354,30.2888,1955.16,27.67
1355,28.3154,2117.94,26.15
1356,29.563,2132.69,25.89
1357,29.9252,2141.93,26.57
1358,28.0669,2077.3,27.09
1359,29.086,2123.39,25.89
1360,28.6887,2194.04,25.51
1361,29.0145,2197.08,25.99
1362,28.5957,2114.07,25.23
1363,27.7727,2127.63,24.67
1364,29.6582,2189.28,24.39
1365,28.8125,2035.8,23.37
1366,29.2282,2109.58,23.08
1367,28.8652,2212.09,23.47
1368,29.6454,2193.33,22.33
1369,29.6804,2159.71,22.0
1370,30.6116,2049.8,23.05
1371,32.43,2139.61,24.05
1372,30.2015,2109.53,24.13
1373,30.158,2166.96,24.91
1374,32.6769,2100.56,23.99
1375,31.2814,2089.44,25.68
1376,30.7638,2028.81,26.33
1377,31.8926,2227.57,25.74
1378,30.2655,2131.68,27.16
1379,31.849,2166.34,26.88
1380,30.5423,2157.86,28.54
1381,29.2214,2094.86,25.84
1382,30.9758,2084.12,27.42
1383,28.4548,2099.93,26.22
1384,29.2946,2117.27,25.19
1385,28.7905,2182.91,25.25
1386,29.5414,2113.26,25.14
1387,29.8003,2265.71,25.0
1388,28.7266,2222.29,24.86
1389,28.3366,2208.75,24.3
1390,29.618,2152.48,22.79
1391,29.0696,2249.76,23.63
1392,31.6107,2144.91,23.2
1393,30.4975,2155.04,22.74
1394,30.4577,2165.87,23.16
1395,31.2084,2196.38,23.23
1396,30.2213,2190.92,24.02
1397,30.6716,2122.48,24.12
1398,32.4603,2117.14,24.49
1399,30.9234,2185.49,25.76
1400,30.4615,2187.84,26.31
1401,31.49,2119.01,26.32
1402,31.6986,2044.92,27.42
1403,30.9634,2125.11,26.8
1404,30.7968,2172.23,26.85
1405,29.0063,2240.28,27.26
1406,28.1126,2057.09,26.67
1407,30.1404,2100.26,26.46
1408,28.4428,2099.26,24.74
1409,28.3504,2200.62,25.53
1410,29.5626,2113.72,24.09
1411,28.9961,2057.82,23.87
1412,29.0657,2142.12,23.33
1413,30.6713,2080.57,23.06
1414,28.7352,2027.54,22.99
1415,30.354,2043.51,22.82
1416,30.0456,2197.11,23.33
1417,30.6031,2112.04,23.18
1418,31.9728,2091.31,22.32
1419,31.4669,2065.64,23.63
1420,31.7297,2093.9,24.16
1421,32.3069,2088.87,24.32
1422,31.208,2085.23,24.97
1423,30.7775,2070.2,25.61
1424,30.4632,2111.01,26.38
1425,29.4876,2055.82,25.63
1426,32.395,1991.29,26.61
1427,29.5057,2008.74,27.69
1428,29.823,1922.26,27.71
1429,29.3903,2158.12,27.36
1430,29.4959,2083.8,27.0
1431,29.5919,1977.76,27.24
1432,29.3893,2006.2,26.96
1433,28.0846,1980.48,25.45
1434,28.3663,2106.85,24.52
1435,28.7772,1924.75,24.35
1436,28.502,2012.5,25.55
1437,30.2252,1994.85,22.8
1438,29.6428,2046.77,23.03
1439,30.1997,1986.77,22.36
1440,30.5303,1883.44,23.06
1441,31.327,1969.86,22.47
1442,30.8948,1922.67,23.21
1443,30.0232,1981.93,22.61
1444,31.6188,2059.45,24.31
1445,30.9278,1865.38,25.09
1446,31.0771,1918.17,24.81
1447,31.918,1929.56,25.45
1448,32.2897,1936.48,25.92
1449,31.0777,2000.55,26.5
1450,30.9971,1942.62,26.71
1451,31.75,1974.99,27.32
1452,30.1926,1909.63,27.62
1453,31.6931,1958.24,26.52
1454,29.7024,1988.52,26.58
1455,27.5307,1895.46,26.87
1456,29.3036,1983.96,25.29
1457,28.856,1938.05,24.53
1458,29.5318,1995.61,25.11
1459,29.0897,1918.93,24.73
1460,28.5902,1952.17,23.64
1461,27.9599,1925.3,23.3
1462,29.0828,1920.56,22.89
1463,28.9314,1940.62,22.63
1464,29.5356,1956.22,23.35
1465,30.8591,1848.12,22.48
1466,32.0859,2008.36,23.14
1467,31.3764,1810.17,23.13
1468,30.3423,1880.25,23.27
1469,31.8046,1915.43,24.92
1470,32.4573,1945.74,24.74
1471,30.9611,2015.65,25.61
1472,31.1918,1809.84,25.25
1473,31.0724,1891.29,26.04
1474,30.1221,1794.73,27.11
1475,30.9069,1924.99,28.23
1476,29.9032,1940.31,26.01
1477,29.9474,2020.54,26.83
1478,28.54,1933.57,26.94
1479,28.5894,1990.38,26.11
1480,29.2789,1964.33,26.42
1481,28.2528,1904.9,25.08
1482,29.8816,1848.35,25.08
1483,28.2314,1951.41,24.22
1484,28.8807,1847.55,24.61
1485,29.6854,2017.11,23.25
1486,28.1153,1932.13,23.09
1487,28.2031,2016.16,23.54
1488,28.7795,1918.37,22.49
1489,31.3983,1966.17,23.1
1490,30.3085,1965.59,22.36
1491,33.1072,1953.44,23.04
1492,30.8476,1933.42,24.19
1493,31.5965,1986.27,23.99
1494,32.7337,1910.61,24.73
1495,33.0538,1897.18,25.76
1496,32.9482,2047.97,25.71
1497,32.0274,2020.79,26.83
1498,31.5693,1984.95,26.84
1499,30.8623,2084.84,27.15
1500,30.6227,2672.87,27.62
1501,29.1708,2772.38,27.09
1502,28.5954,2707.69,27.5
1503,28.9366,2639.88,26.87
1504,28.5648,2816.51,25.74
1505,28.1885,2769.38,26.16
1506,29.0571,2707.04,25.13
1507,29.3154,2762.32,24.29
1508,28.7717,2698.89,24.14
1509,30.1214,2777.31,24.14
1510,28.3366,2588.57,23.5
1511,29.4568,2675.32,23.98
1512,29.4265,2799.76,23.54
1513,28.895,2730.51,23.33
1514,30.6839,2762.42,22.75
1515,30.9633,2673.63,23.5
1516,32.5098,2869.76,24.04
1517,31.9535,2834.74,24.83
1518,30.6807,2755.66,25.32
1519,32.9322,2747.78,25.6
1520,32.2759,2838.15,26.06
1521,31.5263,2899.58,26.77
1522,30.5688,2842.07,26.3
1523,29.6207,2919.3,27.78
1524,29.7022,2737.72,25.98
1525,30.4828,2747.91,27.66
1526,30.7577,2729.66,26.71
1527,30.1739,2831.35,26.92
1528,28.3099,2819.13,26.18
1529,27.6554,2803.14,25.69
1530,28.6127,2864.37,25.28
1531,27.1364,2893.21,24.89
1532,28.9595,2731.08,23.84
1533,28.8213,2790.03,24.1
1534,28.8772,2878.17,22.73
1535,28.336,2803.89,23.07
1536,30.4109,2786.93,23.42
1537,29.9621,2898.66,23.57
1538,29.8141,2762.78,23.5
1539,28.7629,2824.51,23.39
1540,31.277,2164.64,24.45
1541,32.8667,2112.66,24.15
1542,32.829,2196.11,25.88
1543,31.0832,2116.85,25.48
1544,30.8173,2237.22,25.23
1545,31.4357,2146.72,25.82
1546,29.9513,2195.94,26.75
1547,30.6297,2201.67,27.0
1548,30.6129,2120.34,27.98
1549,30.5933,2035.7,26.41
1550,29.1699,2181.31,26.75
1551,28.7764,2164.58,25.88
1552,27.9986,2194.01,25.75
1553,27.8896,2147.32,26.36
1554,28.3188,2135.17,24.43
1555,28.845,2281.42,24.78
1556,29.4318,2072.32,24.2
1557,28.2968,2204.28,23.57
1558,30.4442,2125.18,23.53
1559,29.3949,2138.76,22.49
1560,29.9829,2138.97,23.83
1561,29.7905,2108.71,24.03
1562,28.8106,2189.94,23.29
1563,31.7679,2237.7,24.8
1564,31.8885,2180.91,23.8
1565,31.2238,2157.19,24.68
1566,31.5536,2089.93,25.72
1567,31.8616,2178.1,25.29
1568,30.049,2274.3,25.31
1569,30.6374,2119.77,25.61
1570,31.3854,2117.59,27.76
1571,29.3848,2103.89,26.67
1572,30.2348,2105.45,26.91
1573,28.5265,1967.24,26.38
1574,29.6231,2153.27,27.21
1575,28.9108,2075.12,26.02
1576,27.4089,2026.0,25.75
1577,29.4829,2164.47,25.67
1578,27.9123,2050.9,24.47
1579,27.9029,2091.94,24.39
1580,28.8614,2196.58,24.7
1581,29.8582,2020.29,23.8
1582,28.4373,2009.04,23.33
1583,29.6611,2113.23,23.18
1584,30.3431,2162.04,22.81
1585,30.9427,1994.53,24.07
1586,30.8912,2109.3,22.86
1587,30.767,2115.49,23.69
1588,30.637,1952.82,24.06
1589,31.5178,2119.97,24.99
1590,30.6423,2120.3,25.55
1591,29.1118,2044.6,25.5
1592,31.6483,2134.03,26.15
1593,31.7838,2122.62,26.58
1594,28.8597,2056.15,25.6
1595,29.5804,2018.4,26.14
1596,30.4953,1982.63,26.7
1597,31.2578,2034.26,26.65
1598,29.2666,2066.22,26.13
1599,28.3569,2008.11,26.79
1600,28.5546,1891.26,26.0
1601,29.651,2094.81,25.41
1602,27.9832,2025.71,24.37
1603,27.9118,1987.16,24.46
1604,28.3148,2057.06,22.69
1605,28.1767,2092.84,23.5
1606,29.3481,1829.04,23.3
1607,30.9115,2019.07,23.19
1608,30.2585,1903.33,22.22
1609,30.1863,2014.87,23.18
1610,30.5166,1988.68,22.75
1611,29.8101,2015.3,23.18
1612,32.0055,1943.45,24.36
1613,31.3866,1857.35,25.49
1614,31.3556,1939.16,25.03
1615,34.0034,1987.14,25.11
1616,31.538,2020.3,26.09
1617,30.4592,1885.84,26.88
1618,30.4089,2014.66,27.04
1619,31.307,1911.17,28.3
1620,30.0906,1968.93,26.64
1621,28.4611,1913.85,27.06
1622,29.9854,1952.78,27.51
1623,28.4048,1992.91,27.16
1624,30.1996,1863.46,25.02
1625,29.4151,1894.11,25.52
1626,28.1421,1943.98,25.74
1627,29.5759,2075.11,25.93
1628,28.7552,1877.5,24.35
1629,29.6216,2050.14,23.4
1630,29.6378,2046.6,22.76
1631,28.9347,1919.25,24.18
1632,29.4852,1906.12,23.36
1633,31.2122,1881.57,22.64
1634,30.4822,1918.25,23.17
1635,30.7377,1837.35,23.74
1636,30.5349,1916.76,24.27
1637,31.7878,2010.9,24.03
1638,33.15,1884.33,24.69
1639,30.5949,1906.64,24.69
1640,31.3184,1819.27,26.52
1641,32.1904,1944.2,26.24
1642,30.6863,1938.21,26.97
1643,30.7501,1926.91,27.64
1644,29.1501,1911.0,27.11
1645,29.9544,1907.52,26.88
1646,29.1003,1956.45,26.83
1647,29.7279,1926.01,26.45
1648,29.6509,1948.19,26.62
1649,30.6228,1943.91,25.67
1650,28.9637,2000.29,24.73
1651,28.8117,1975.53,25.01
1652,28.8565,1948.65,24.62
1653,28.6568,2030.5,22.92
1654,29.5208,1967.07,24.03
1655,29.3755,2022.75,23.25
1656,30.1348,1983.6,23.14
1657,31.4423,1839.53,23.57
1658,29.9448,2031.32,22.98
1659,31.9726,1964.26,24.06
1660,32.3527,1956.26,23.81
1661,31.3544,1979.61,23.74
1662,29.8025,1945.48,24.5
1663,30.9626,1983.36,25.8
1664,32.3366,1937.89,25.53
1665,31.0424,2053.61,27.22
1666,29.9506,1974.18,27.33
1667,29.9844,1961.97,27.6
1668,30.6725,1933.44,27.06
1669,30.0492,2009.14,27.06
1670,29.0589,2008.39,26.14
1671,28.6459,2024.67,26.91
1672,28.3876,1943.99,26.19
1673,27.8132,1913.87,25.8
1674,29.7923,2051.83,25.84
1675,28.2933,2107.77,24.18
1676,29.6747,1961.53,23.94
1677,30.1564,2122.93,23.75
1678,30.0486,2049.07,22.8
1679,29.2665,2036.09,22.97
1680,30.323,2017.15,23.25
1681,30.3689,1962.42,22.91
1682,30.027,2109.23,23.92
1683,31.3201,2007.9,22.83
1684,30.3558,2012.1,24.56
1685,32.399,2122.82,24.81
1686,31.1283,1954.72,24.72
1687,31.6098,1980.64,25.06
1688,31.5257,2075.28,24.96
1689,30.8535,2098.23,26.02
1690,31.2194,2113.93,27.26
1691,30.0083,2070.88,26.9
1692,30.697,2244.89,27.58
1693,28.535,2083.4,26.62
1694,29.3511,2087.15,27.09
1695,30.4905,2057.02,26.06
1696,27.9007,2116.03,25.52
1697,28.0089,2149.16,25.46
1698,28.9111,2188.03,24.67
1699,28.6948,2029.92,23.71
1700,28.9815,2107.86,23.91
1701,29.3307,2152.66,23.64
1702,29.7578,2164.19,23.9
1703,30.4995,2132.35,23.54
1704,30.3279,2167.37,23.61
1705,30.1952,2089.01,23.43
1706,31.2881,2233.62,23.43
1707,32.5806,2202.16,22.97
1708,31.1929,2064.23,24.07
1709,30.6693,2082.59,24.78
1710,32.3857,2086.3,25.73
1711,31.3526,2191.67,25.86
1712,29.5609,2075.62,26.62
1713,31.7386,2134.4,25.9
1714,30.3217,2182.95,26.57
1715,30.3158,2152.94,27.15
1716,30.2656,2173.52,27.58
1717,29.7642,2094.96,26.86
1718,29.8176,2195.35,26.69
1719,28.591,2123.45,26.76
1720,29.1114,2141.19,25.44
1721,28.3435,2175.18,26.32
1722,29.091,2167.18,24.56
1723,29.0434,2162.35,23.52
1724,27.9526,2115.63,24.01
1725,29.8081,2142.27,24.44
1726,28.8212,2159.79,23.56
1727,30.2582,2076.4,23.44
1728,30.2938,2130.24,23.02
1729,31.8588,2180.17,22.99
1730,30.5712,2079.02,22.5
1731,30.7812,2223.66,22.46
1732,31.2835,2228.88,24.1
1733,31.2063,2076.28,25.14
1734,32.14,2230.57,25.17
1735,30.1558,2138.48,25.83
1736,30.4561,2170.03,26.79
1737,30.2064,2112.81,26.58
1738,31.5102,2195.53,26.67
1739,31.7567,2161.92,26.52
1740,29.9164,2085.97,28.01
1741,29.4767,2062.04,27.2
1742,29.306,2041.35,26.26
1743,29.8688,2137.13,25.83
1744,27.9591,2156.97,26.63
1745,28.7418,2158.33,25.0
1746,29.2802,2108.74,25.93
1747,28.952,2042.84,23.1
1748,28.8526,2067.67,24.71
1749,29.7402,2173.98,23.83
1750,27.0874,2071.92,23.33
1751,30.1541,2105.68,22.98
1752,29.4767,2028.53,23.95
1753,28.9237,2109.18,23.42
1754,31.159,2057.38,22.82
1755,32.1596,2143.44,22.73
1756,31.1891,2122.78,24.09
1757,32.2112,2042.32,24.48
1758,32.7898,2060.1,24.24
1759,32.5008,2030.24,25.49
1760,32.611,1973.72,25.71
1761,31.6544,2002.99,26.42
1762,30.8103,2061.86,27.1
1763,29.1067,2065.0,27.68
1764,29.8032,2049.91,27.45
1765,28.9372,2018.41,26.57
1766,30.9868,2088.02,26.92
1767,28.7986,2031.38,26.45
1768,28.7995,2065.31,25.33
1769,28.9923,1912.26,25.72
1770,28.5349,1778.95,25.93
1771,29.9072,2026.97,24.5
1772,28.2028,1920.14,23.2
1773,29.095,1988.62,23.6
1774,28.656,1979.03,22.66
1775,28.5558,2088.26,23.5
1776,29.5106,2012.93,23.26
1777,30.3586,1994.88,22.98
1778,30.4066,2031.22,23.1
1779,30.5067,1999.27,23.48
1780,30.174,1945.94,24.0
1781,31.3824,2034.03,24.1
1782,30.2962,1899.6,24.31
1783,32.0569,1982.12,26.09
1784,31.365,1866.53,25.81
1785,29.8946,1968.38,26.5
1786,30.5026,1964.61,26.87
1787,29.7865,2050.63,27.09
1788,30.2553,1853.28,26.41
1789,30.6841,1908.4,26.09
1790,27.7499,1991.21,26.44
1791,29.0314,1959.51,26.61
1792,28.5729,1947.9,25.64
1793,29.0882,1877.54,25.34
1794,28.6706,1897.43,26.06
1795,27.9495,2005.71,23.56
1796,28.4457,1926.2,23.62
1797,28.3025,1950.26,24.53
1798,30.1108,1919.42,23.25
1799,29.6288,1854.1,22.72
1800,31.521,1980.04,23.58
1801,30.3397,1953.29,23.1
1802,30.1833,2060.68,23.09
1803,29.8497,1860.82,23.68
1804,29.8565,1970.69,23.67
1805,30.1816,1842.39,23.97
1806,31.7137,1930.44,24.94
1807,31.8559,1979.67,25.01
1808,30.0341,1797.01,26.01
1809,31.7767,1909.46,26.59
1810,30.3636,1888.55,27.16
1811,30.5057,1880.97,27.5
1812,31.2898,1947.12,26.8
1813,30.3292,1992.33,27.18
1814,29.0352,1918.33,26.98
1815,28.2264,1940.06,26.58
1816,26.9795,1936.15,25.76
1817,27.9758,1931.12,25.0
1818,28.3311,1867.52,25.25
1819,27.7614,2001.41,23.63
1820,28.596,1954.79,23.87
1821,29.0008,1963.09,22.31
1822,29.0701,1893.46,22.6
1823,29.0918,1916.9,22.63
1824,30.1349,1936.61,23.55
1825,30.7418,1858.0,23.41
1826,29.8777,1851.75,22.99
1827,32.1894,1920.1,23.95
1828,31.2202,1990.73,24.44
1829,31.464,1923.54,24.4
1830,32.0666,1905.05,24.31
1831,31.6355,1920.86,25.41
1832,32.0615,1946.08,25.95
1833,31.2904,1955.92,25.8
1834,30.2601,2110.93,26.92
1835,30.6774,2048.21,27.07
1836,29.085,2050.42,27.22
1837,29.6986,2063.13,27.07
1838,29.2234,1937.23,27.1
1839,28.7728,1928.02,26.32
1840,28.5981,1939.22,26.1
1841,27.0456,2090.01,25.32
1842,28.061,1981.47,24.71
1843,28.6254,1943.61,25.15
1844,28.8288,1997.26,22.98
1845,28.1172,2013.25,24.02
1846,30.2626,2048.14,22.96
1847,28.9188,2051.57,22.69
1848,30.7756,1991.31,23.13
1849,30.73,2086.63,22.32
1850,30.233,2011.62,22.86
1851,32.4809,2045.06,23.16
1852,30.3441,2100.09,23.89
1853,32.1842,2024.8,24.08
1854,32.3005,2033.54,25.8
1855,30.9124,2107.56,26.42
1856,32.413,2024.91,24.99
1857,30.8606,2057.55,26.69
1858,30.981,2118.19,27.16
1859,30.5965,2212.23,27.2
1860,29.8926,2129.39,26.67
1861,30.2604,2125.43,26.81
1862,29.8848,2132.85,26.36
1863,27.5405,2040.45,26.2
1864,29.7444,2115.53,25.4
1865,27.2211,2110.47,25.46
1866,29.326,2135.11,24.25
1867,29.4525,2126.26,24.38
1868,27.8282,2145.4,23.38
1869,28.6107,2107.16,23.69
1870,28.3654,2132.48,22.93
1871,29.4398,2058.29,23.21
1872,29.7536,2115.63,23.54
1873,31.012,2221.0,23.86
1874,31.7982,2159.28,22.0
1875,32.1772,2141.35,23.17
1876,30.8493,2258.69,23.85
1877,31.2815,2065.44,24.71
1878,30.1532,2082.55,24.17
1879,30.8042,2253.75,25.03
1880,32.0709,2155.46,26.07
1881,32.3531,2139.71,26.46
1882,29.7625,2083.72,26.92
1883,29.9143,2183.77,27.15
1884,29.9789,2190.66,27.17
1885,29.8359,2093.24,27.03
1886,28.6023,2151.24,26.76
1887,29.2786,2140.11,26.75
1888,28.3219,2176.02,24.88
1889,28.5395,2093.76,26.29
1890,28.937,2236.12,23.9
1891,28.5562,2215.87,23.94
1892,28.3519,2138.87,23.89
1893,28.8517,2147.26,23.92
1894,29.1793,2151.47,21.77
1895,29.3158,2112.21,23.05
1896,29.793,2131.39,23.4
1897,31.6671,2140.69,23.57
1898,31.1987,2252.44,22.92
1899,30.8243,2211.06,23.44
1900,31.8566,2208.78,23.69
1901,31.1818,2173.18,24.29
1902,32.4385,2082.08,24.48
1903,31.7446,2144.6,25.07
1904,31.2132,2203.15,26.22
1905,31.4188,2067.11,26.48
1906,29.4933,2178.34,26.98
1907,29.4868,2276.91,27.04
1908,29.0449,2198.53,27.35
1909,29.7261,2216.8,27.37
1910,30.636,2142.07,25.86
1911,30.7244,2183.93,25.99
1912,29.2114,2079.55,25.88
1913,28.9518,2167.03,25.51
1914,27.0592,2155.08,24.66
1915,28.117,2129.65,24.94
1916,28.0707,2187.56,24.99
1917,28.4427,2072.52,23.68
1918,29.1155,2089.78,23.31
1919,29.2341,2102.8,23.49
1920,28.4166,2031.29,22.07
1921,30.9866,2102.6,23.08
1922,29.8918,1981.71,23.76
1923,31.2521,2143.45,23.26
1924,32.9583,2079.17,23.39
1925,30.7134,2040.8,24.39
1926,29.4758,2017.64,24.97
1927,31.2201,2049.23,25.06
1928,32.1798,2100.18,27.05
1929,32.6273,2087.3,26.17
1930,29.7664,2007.64,26.16
1931,30.7856,1994.72,26.89
1932,29.6278,2080.41,27.45
1933,29.527,1993.17,26.94
1934,31.3655,2035.63,26.97
1935,27.737,2034.99,25.98
1936,28.904,2041.84,26.74
1937,28.9253,2070.19,25.8
1938,29.3686,1938.52,25.52
1939,28.6295,1895.27,24.66
1940,28.9474,1971.58,24.41
1941,28.626,2109.46,23.15
1942,29.4653,2118.49,23.02
1943,29.3372,2102.88,23.74
1944,30.4973,1977.36,23.78
1945,30.0925,1878.0,22.49
1946,31.0517,1840.42,23.39
1947,31.0372,1940.31,23.37
1948,32.1999,1961.52,23.65
1949,31.4078,2047.78,24.62
1950,30.0816,2018.25,25.57
1951,32.4584,1976.37,25.74
1952,30.5745,1905.99,25.84
1953,30.5376,1898.5,26.67
1954,30.2735,1968.28,26.55
1955,31.4878,1991.87,27.14
1956,28.2915,1970.69,27.7
1957,32.122,1882.37,25.89
1958,30.0948,1980.89,27.13
1959,29.1179,1964.95,25.64
1960,28.657,1872.84,26.61
1961,28.7796,1887.85,25.2
1962,28.9169,1974.19,24.39
1963,29.0673,1916.94,24.83
1964,29.1454,2024.64,24.18
1965,29.011,1957.8,23.09
1966,29.0921,1897.13,22.64
1967,29.4908,1924.48,22.97
1968,29.8441,1927.81,22.4
1969,31.2952,1879.39,22.54
1970,31.2248,1867.59,23.33
1971,28.7083,1963.84,23.1
1972,31.8238,1972.05,24.21
1973,31.6047,1957.31,25.23
1974,31.485,2011.92,24.93
1975,31.1381,1888.58,25.58
1976,32.1983,2021.79,27.01
1977,31.8187,1867.7,25.82
1978,30.1317,1861.58,27.33
1979,30.7139,1817.49,27.47
1980,29.2227,1897.26,27.43
1981,28.5081,1894.87,27.58
1982,28.7486,1957.89,26.87
1983,29.6293,1942.37,26.12
1984,29.4635,1857.72,26.55
1985,28.9616,1907.45,26.08
1986,29.0801,1910.6,25.55
1987,28.9641,1828.35,24.5
1988,28.1878,1878.22,23.64
1989,29.2849,1893.14,23.68
1990,29.8903,2027.87,23.74
1991,30.2152,1955.94,23.58
1992,30.9511,1986.91,22.79
1993,30.9549,1860.13,23.23
1994,31.0312,2024.69,22.61
1995,31.9168,2034.21,24.08
1996,31.2778,1839.48,23.61
1997,30.7434,1920.41,24.87
1998,31.3695,1995.93,24.43
1999,30.853,2008.4,26.03
2000,30.7589,1932.69,26.16
2001,30.945,1958.83,26.02
2002,30.1161,1945.16,27.08
2003,30.1419,1991.55,26.64
2004,28.4851,2060.76,27.37
2005,29.7824,1946.75,26.79
2006,29.251,2057.21,25.87
2007,28.2857,1954.47,25.92
2008,29.2284,1954.77,25.78
2009,29.3012,2059.06,26.2
2010,27.214,2069.61,25.45
2011,27.9409,2069.78,25.29
2012,28.0856,1944.17,24.83
2013,28.1874,1999.61,23.32
2014,29.9136,2081.41,23.17
2015,29.4567,2039.01,22.86
2016,29.7884,1976.58,22.66
2017,28.7851,2072.99,22.15
2018,31.2583,2007.08,23.26
2019,30.0693,2162.11,22.94
2020,31.347,2151.58,23.98
2021,31.6708,2099.56,25.54
2022,32.5885,2149.36,24.75
2023,30.4018,2075.95,25.62
2024,28.8834,2122.3,26.45
2025,31.2077,2169.3,26.55
2026,32.1904,2099.57,26.88
2027,31.3794,2073.68,26.75
2028,30.1677,1990.79,26.88
2029,29.2185,2092.08,26.45
2030,29.8957,2150.41,27.16
2031,28.1605,2161.58,25.54
2032,29.082,2138.86,26.49
2033,28.9555,2079.78,24.82
2034,29.3482,1997.21,25.48
2035,30.7588,2089.56,24.31
2036,29.0149,2104.36,23.38
2037,28.5322,2107.08,23.88
2038,29.2295,2166.08,23.73
2039,28.1965,2251.1,22.85
2040,29.4442,2142.23,23.36
2041,30.0608,2124.55,21.93
2042,30.3307,2124.6,22.61
2043,31.1825,2150.07,24.23
2044,30.6411,2095.23,23.89
2045,32.3457,2154.31,23.55
2046,31.5002,2176.17,24.65
2047,31.4414,2163.57,25.06
2048,31.0367,2180.16,25.92
2049,31.1848,2180.29,26.23
2050,31.4101,2049.35,26.82
2051,29.6945,2195.12,26.9
2052,29.4735,2117.73,27.68
2053,29.3688,2093.16,27.14
2054,28.1733,2093.39,26.96
2055,28.2839,2186.26,27.0
2056,28.32,2147.31,25.81
2057,29.2506,2060.0,24.89
2058,28.71,2189.68,25.6
2059,28.706,2074.54,24.55
2060,29.3817,2169.05,24.07
2061,28.8294,2174.56,23.27
2062,29.5624,2212.79,22.96
2063,29.5292,2265.81,23.49
2064,30.2123,2076.11,23.49
2065,29.922,2153.76,23.46
2066,28.7989,2139.09,23.66
2067,30.9532,2180.29,23.87
2068,32.4372,2165.64,24.07
2069,32.1899,2129.83,24.39
2070,32.2723,2122.66,25.61
2071,32.4378,2080.11,25.33
2072,31.37,2204.19,26.18
2073,31.2185,2170.16,26.01
2074,30.2559,2195.21,26.4
2075,30.1354,2118.93,26.81
2076,30.4926,2095.41,26.6
2077,30.5749,2067.26,27.33
2078,29.1384,2150.5,26.06
2079,28.5792,2063.47,26.46
2080,28.7014,2233.54,26.07
2081,29.0321,2040.82,24.61
2082,27.3449,2132.24,24.78
2083,26.7142,2206.27,24.61
2084,28.2605,2144.54,24.21
2085,27.9628,2115.38,23.48
2086,28.8435,2042.89,23.61
2087,29.4935,2014.17,23.01
2088,29.6374,2139.27,23.01
2089,31.5502,2179.36,23.19
2090,31.0114,2058.51,23.73
2091,31.301,2012.29,23.25
2092,31.7968,1928.88,23.76
2093,30.5378,2013.21,24.15
2094,32.3313,2060.88,24.83
2095,31.3883,2159.26,26.23
2096,31.8354,2099.27,26.29
2097,30.2032,2072.74,25.85
2098,29.507,2025.96,26.43
2099,31.0425,2010.5,27.12
2100,30.3011,2125.34,26.55
2101,28.8901,2048.56,26.57
2102,28.5543,1905.88,27.4
2103,29.8397,1987.15,26.11
2104,27.7494,1971.62,26.48
2105,29.8652,1985.91,26.15
2106,27.7795,2048.07,24.63
2107,29.0618,2003.5,24.04
2108,28.4381,2001.02,23.86
2109,29.4219,2080.17,23.04
2110,28.8147,1955.37,23.33
2111,29.4815,2104.86,22.97
2112,30.0327,1948.66,23.18
2113,29.5865,1990.28,23.77
2114,31.3427,1964.13,23.68
2115,30.6501,1984.56,23.83
2116,31.1162,2000.08,23.02
2117,30.6534,1995.77,24.7
2118,29.4501,1920.99,25.86
2119,31.2961,1895.35,24.01
2120,33.2291,2109.57,26.34
2121,31.6883,1927.11,26.33
2122,30.7346,1994.99,26.31
2123,30.1779,1853.58,27.33
2124,30.018,1930.4,27.85
2125,30.0495,1936.82,27.32
2126,28.3053,1970.22,26.55
2127,29.8308,1776.05,25.94
2128,29.2733,1947.05,26.07
2129,29.1257,1865.92,25.95
2130,28.8508,1952.34,24.81
2131,28.5668,1868.83,24.34
2132,29.2393,1877.97,25.41
2133,29.4128,1911.32,24.13
2134,28.9668,1863.19,23.84
2135,29.1529,1896.56,22.34
2136,30.0815,1852.41,22.65
2137,31.6274,1813.1,23.11
2138,29.7587,1983.42,22.77
2139,29.8866,1843.99,24.39
2140,31.4308,1910.61,24.71
2141,31.4896,1966.26,24.22
2142,31.6387,1884.1,25.89
2143,31.6441,1871.57,25.52
2144,31.1205,1934.91,27.29
2145,32.2526,1988.83,26.49
2146,29.4693,1852.18,27.02
2147,29.7254,1914.08,27.63
2148,29.9174,1820.06,27.64
2149,28.2972,1901.5,27.19
2150,29.1093,1928.38,26.66
2151,30.2685,1876.46,26.67
2152,28.7177,1901.88,25.59
2153,28.7357,1846.52,25.59
2154,27.4919,1937.51,24.45
2155,28.058,1998.25,23.59
2156,28.4008,1871.25,24.03
2157,28.6852,1902.03,24.22
2158,30.2753,1972.0,23.73
2159,30.0579,2017.17,23.03
2160,29.1108,1857.59,23.87
2161,30.5854,1939.92,22.78
2162,31.1486,1970.02,22.31
2163,31.9728,1950.02,22.49
2164,32.5635,1810.77,23.41
2165,30.6368,1992.79,24.89
2166,30.8513,2057.34,24.68
2167,30.4428,1976.74,25.75
2168,31.1118,1911.54,26.82
2169,31.4337,1946.37,25.86
2170,31.5399,2087.19,26.97
2171,30.3275,2039.53,27.2
2172,29.7441,2027.34,26.57
2173,29.7332,2014.4,27.61
2174,28.5819,1957.49,26.59
2175,30.611,1989.33,26.22
2176,27.4148,2000.95,27.06
2177,28.6989,2042.92,25.78
2178,30.1189,2104.83,25.46
2179,28.5566,2085.79,25.16
2180,28.5489,1937.95,23.67
2181,28.6534,2041.0,24.21
2182,29.1057,2076.24,23.02
2183,30.7101,2073.64,22.8
2184,28.2305,2003.25,22.86
2185,31.615,2220.33,22.76
2186,29.6108,1973.34,23.68
2187,30.8473,1989.44,23.72
2188,30.9556,2072.9,23.75
2189,31.9197,2190.32,24.82
2190,30.2215,2017.53,24.86
2191,31.8186,2056.11,25.35
2192,32.9185,2141.01,26.02
2193,29.9701,2079.56,26.65
2194,30.9018,2064.76,26.93
2195,29.8586,2122.93,26.75
2196,30.3407,2109.42,27.42
2197,29.6271,2158.9,26.82
2198,28.7368,2178.49,26.4
2199,29.3296,2123.26,25.68
2200,30.1444,2126.1,26.49
2201,28.3984,2125.11,25.52
2202,29.0758,2145.17,25.11
2203,27.5165,2122.58,25.01
2204,27.9358,2122.58,23.76
2205,29.3173,2197.65,22.9
2206,30.4373,2219.93,23.3
2207,29.8963,2041.5,23.22
2208,29.7496,2135.42,22.87
2209,30.3877,2096.23,23.81
2210,29.7497,2121.49,22.02
2211,31.5443,2166.76,24.15
2212,32.0049,2185.09,24.4
2213,31.0872,2140.37,24.71
2214,31.124,2034.32,23.33
2215,31.6616,2093.08,26.16
2216,30.9497,2206.49,25.49
2217,31.0078,1989.84,26.16
2218,32.4298,2226.91,26.65
2219,30.1906,2188.18,27.14
2220,29.7133,2236.96,27.32
2221,29.0937,2146.99,27.38
2222,29.8454,2035.98,27.14
2223,28.7944,2186.07,26.54
2224,28.1815,2237.14,26.21
2225,29.6082,2216.4,24.97
2226,29.6357,2121.24,24.62
2227,28.0708,2166.12,24.93
2228,27.2077,2128.69,24.42
2229,29.7454,2111.09,23.95
2230,28.7023,2216.98,23.01
2231,30.2443,2087.06,23.52
2232,28.4239,2104.36,22.42
2233,31.1023,2090.67,23.61
2234,29.7811,2066.25,23.14
2235,31.6453,2163.05,24.43
2236,31.3105,2222.4,23.24
2237,30.6857,2139.89,25.36
2238,31.1744,2058.77,24.82
2239,31.9979,2197.49,25.33
2240,31.3838,2246.07,26.1
2241,31.5282,2103.83,26.07
2242,32.3312,2111.44,26.7
2243,29.1368,2168.49,26.56
2244,31.2938,2232.13,26.65
2245,29.6953,2100.77,27.18
2246,28.531,2049.02,26.28
2247,27.8751,2163.74,26.03
2248,28.5497,2170.56,25.31
2249,29.2884,2119.64,25.27
2250,28.398,2082.33,25.66
2251,29.76,2171.92,24.06
2252,27.54,2140.28,23.63
2253,28.9297,2058.74,23.68
2254,28.2481,2103.95,23.08
2255,29.9027,2015.97,24.18
2256,30.7095,2134.22,22.92
2257,30.0516,2073.25,23.24
2258,28.6666,2058.7,23.74
2259,31.2198,2078.66,24.05
2260,31.6484,2078.79,24.12
2261,31.7723,2125.75,24.4
2262,32.4886,2103.17,26.01
2263,30.592,2053.92,25.47
2264,31.8432,2104.71,25.78
2265,32.0147,2078.48,26.09
2266,29.3271,2024.37,25.87
2267,30.644,2038.0,27.34
2268,29.5967,2032.11,25.83
2269,29.5466,2066.83,26.93
2270,29.5281,2010.01,26.63
2271,28.5496,2004.14,27.53
2272,28.1604,2141.24,25.08
2273,28.5784,2075.07,25.07
2274,27.6302,1968.66,24.93
2275,27.6825,2044.2,24.38
2276,29.2445,2012.73,23.73
2277,28.0203,2024.86,23.55
2278,29.7831,2005.4,22.64
2279,29.9818,2064.39,23.25
2280,28.6194,2009.67,21.84
2281,29.8462,1981.2,23.06
2282,31.7053,2043.53,22.97
2283,30.2757,1991.15,24.09
2284,30.9275,1980.69,24.88
2285,31.8185,1988.58,24.32
2286,32.1267,1960.56,25.7
2287,31.2477,1963.28,25.36
2288,30.821,1924.18,25.52
2289,32.1986,1911.08,27.29
2290,32.1411,1893.12,26.99
2291,31.1713,1866.52,26.93
2292,30.0683,1894.4,27.34
2293,28.9652,1933.99,27.07
2294,28.5856,1948.04,26.7
2295,29.3574,1923.12,25.75
2296,29.0357,1795.73,25.86
2297,29.6724,2029.38,25.83
2298,29.0204,1998.07,24.94
2299,27.3486,1957.76,24.93
2300,29.5425,2043.74,24.19
2301,28.1409,1869.09,23.15
2302,28.9428,2039.59,22.61
2303,29.8119,1867.18,22.99
2304,31.5965,1938.33,22.74
2305,32.8762,1846.66,23.24
2306,31.2354,1923.22,22.91
2307,30.9141,1944.92,23.28
2308,31.7266,1912.05,24.53
2309,32.159,1963.92,24.56
2310,31.2435,1926.94,24.65
2311,32.8851,1889.74,25.53
2312,31.4831,1887.33,26.69
2313,31.4589,1970.41,26.56
2314,31.2827,1883.12,27.03
2315,30.7255,1978.02,26.56
2316,30.6712,1997.37,27.51
2317,29.118,1824.97,28.09
2318,28.8034,1994.31,26.34
2319,28.0592,2051.36,25.82
2320,29.0526,1944.42,26.09
2321,29.1743,1966.96,25.96
2322,28.8662,1995.1,24.95
2323,29.8907,1918.38,23.96
2324,28.6965,1948.01,23.95
2325,29.4743,1860.54,23.88
2326,28.3766,1950.17,23.06
2327,29.3021,1974.33,23.37
2328,30.5564,1978.15,23.58
2329,31.0675,2013.97,23.19
2330,30.5148,1906.55,23.25
2331,31.0034,1924.19,24.0
2332,30.0847,2073.11,23.57
2333,31.1633,1953.71,24.01
2334,32.2123,1978.18,24.87
2335,31.9091,1965.72,25.27
2336,31.6996,1924.1,25.6
2337,31.1005,2074.57,27.33
2338,30.7557,1949.34,27.82
2339,29.86,1917.29,26.75
2340,30.5591,1961.89,27.05
2341,29.9485,1872.91,26.84
2342,29.6436,1958.08,27.29
2343,28.5185,1943.28,27.07
2344,26.9783,2042.68,25.11
2345,29.4288,1969.54,25.76
2346,28.1169,2067.57,24.35
2347,27.8609,2102.6,25.36
2348,29.2557,2069.99,24.22
2349,28.6257,2014.64,23.17
2350,30.0979,2040.5,23.15
2351,30.1054,1945.01,22.92
2352,30.5469,2032.97,23.26
2353,29.2955,1993.86,23.59
2354,31.7196,2091.63,22.69
2355,31.2697,2208.8,24.51
2356,31.0036,2088.87,24.8
2357,31.5636,1943.84,24.04
2358,30.079,2046.03,25.04
2359,31.7758,2079.41,26.37
2360,30.4755,2081.61,26.62
2361,29.9785,2036.78,26.25
2362,29.5321,2099.56,27.14
2363,31.2784,2014.44,28.43
2364,29.4966,2036.37,27.05
2365,30.8388,2135.82,26.62
2366,28.8214,2040.06,26.82
2367,27.5735,2137.14,26.54
2368,27.8077,2026.43,25.74
2369,29.5398,2218.15,25.74
2370,28.3753,2069.36,24.37
2371,28.1125,2105.85,24.15
2372,28.829,2142.46,24.38
2373,29.3408,2091.93,22.71
2374,30.1439,2137.57,23.72
2375,30.7706,2166.48,22.06
2376,29.7122,2192.46,22.13
2377,29.3274,2185.04,22.82
2378,30.4192,2129.84,23.41
2379,31.2689,2133.81,24.25
2380,30.528,2285.87,24.03
2381,30.6832,2204.09,24.36
2382,31.775,2093.81,25.29
2383,31.41,2156.99,25.08
2384,31.3253,2132.6,26.07
2385,30.4539,2146.15,25.81
2386,30.5657,2081.9,26.77
2387,29.6488,2132.2,26.87
2388,30.7122,2266.68,26.6
2389,30.44,2193.65,27.01
2390,27.773,2010.19,26.81
2391,28.1957,2233.25,27.0
2392,27.5037,2226.04,25.2
2393,28.0311,2139.36,25.48
2394,28.4332,2204.04,24.62
2395,27.3914,2109.35,24.92
2396,27.9635,2132.45,24.38
2397,28.1362,2250.16,23.84
2398,29.4158,2143.36,22.92
2399,29.6672,2046.72,23.51
2400,29.4226,2154.19,22.23
2401,30.5297,2152.2,22.2
2402,30.3127,2227.57,22.63
2403,30.8433,2155.13,23.57
2404,32.6378,2127.41,24.34
2405,32.5213,2213.69,22.99
2406,30.4603,2156.36,25.66
2407,32.1127,2102.09,25.58
2408,31.9482,2214.22,25.22
2409,30.142,2154.23,26.46
2410,31.405,2140.32,27.28
2411,31.6186,2148.23,27.23
2412,29.102,2070.58,27.55
2413,28.8778,2100.3,26.25
2414,30.0641,2129.18,26.53
2415,29.1565,2114.17,25.95
2416,29.1421,2198.97,26.86
2417,28.8236,2132.32,25.84
2418,28.8126,2167.11,26.42
2419,27.4899,2112.82,24.25
2420,29.5388,2171.98,23.64
2421,29.875,2128.7,23.51
2422,29.0665,2101.81,23.96
2423,29.577,2096.28,22.89
2424,28.7751,2035.8,23.06
2425,30.7996,2119.4,23.12
2426,31.2076,2082.43,23.29
2427,31.0109,2050.51,23.26
2428,32.1985,2142.76,23.93
2429,31.1816,1997.05,24.39
2430,31.9517,2042.35,25.0
2431,30.6332,2124.97,25.99
2432,31.2802,2077.82,26.88
2433,30.9212,2051.56,25.99
2434,30.9302,2065.03,26.54
2435,30.0926,2056.25,26.52
2436,29.8948,1950.0,27.09
2437,30.2726,2015.56,26.66
2438,28.9006,2129.02,26.85
2439,27.6541,1988.0,26.97
2440,30.1006,2004.02,24.74
2441,29.6563,1986.19,25.76
2442,27.4662,2009.08,24.77
2443,29.1029,1974.95,24.71
2444,28.2986,2034.83,23.55
2445,29.1501,2013.21,24.18
2446,29.4854,2043.57,23.72
2447,29.4242,1929.96,23.35
2448,29.373,1968.51,23.4
2449,29.8358,1971.38,22.7
2450,30.017,2008.34,22.96
2451,30.3952,1929.56,23.96
2452,31.2453,2028.34,23.62
2453,30.8763,2040.93,25.21
2454,32.0456,1906.85,24.84
2455,32.6387,1933.27,25.77
2456,30.835,1927.46,27.05
2457,31.2522,2114.09,26.06
2458,31.1497,1927.24,26.77
2459,30.7658,2050.7,27.46
2460,30.0608,1871.18,27.48
2461,30.2059,1885.07,26.77
2462,29.6358,1900.66,26.47
2463,27.9492,1888.65,26.3
2464,29.3963,1921.0,26.72
2465,29.2609,1892.38,25.38
2466,27.8894,1883.72,25.04
2467,28.5815,2000.52,24.27
2468,29.2476,2002.72,24.35
2469,28.7719,1984.69,23.66
2470,30.1084,1957.77,22.77
2471,31.5029,1930.65,22.58
2472,29.3712,1894.19,22.0
2473,29.2834,1865.9,22.65
2474,30.9931,1944.12,23.66
2475,31.6379,1851.34,24.25
2476,31.1143,1861.7,24.34
2477,32.6115,1990.26,24.76
2478,30.4291,2035.04,24.94
2479,32.0032,1944.68,25.91
2480,30.8143,1987.72,26.14
2481,32.4362,1907.0,27.32
2482,32.344,1842.08,26.68
2483,29.7749,1959.82,27.6
2484,29.5604,1958.17,27.44
2485,30.2994,1929.39,27.3
2486,28.9403,1911.79,25.73
2487,28.903,1985.47,26.88
2488,28.7213,1870.15,25.94
2489,27.0154,1884.59,25.3
2490,28.4889,1872.4,24.26
2491,27.9993,1940.0,24.48
2492,28.3065,1871.8,24.02
2493,30.0942,1898.34,22.93
2494,28.2448,1899.51,22.53
2495,30.2623,1928.81,23.31
2496,29.7768,1857.94,23.44
2497,30.1644,1955.28,23.16
2498,31.3823,2027.87,23.84
2499,31.3327,1964.28,23.54
2500,31.7555,2051.86,23.97
2501,32.2234,2042.77,24.02
2502,31.235,2012.85,24.22
2503,30.9591,1974.22,26.44
2504,30.4309,1974.75,26.57
2505,30.4003,2022.98,25.72
2506,33.1093,1957.5,26.81
2507,31.384,1871.98,26.88
2508,28.9191,2018.45,26.86
2509,28.5538,1925.15,26.73
2510,29.6355,1939.43,26.92
2511,29.3772,2001.38,26.82
2512,29.1401,1999.92,26.2
2513,28.3471,1925.22,25.46
2514,28.3996,2024.23,24.92
2515,28.8134,2076.66,24.95
2516,28.7697,1955.41,24.23
2517,27.1639,2103.91,23.62
2518,29.0662,1938.42,23.25
2519,28.9306,2163.55,23.24
2520,30.1402,2016.32,22.77
2521,32.7764,2054.22,23.48
2522,31.044,1936.45,22.73
2523,30.8098,2050.71,23.38
2524,32.0365,2072.59,24.31
2525,31.835,2058.14,23.92
2526,31.8361,2033.92,24.21
2527,31.9344,2015.26,25.55
2528,32.9443,2144.2,25.15
2529,30.1559,2082.48,25.76
2530,31.1289,2177.29,27.11
2531,29.6471,2057.4,26.83
2532,30.4444,2066.98,27.64
2533,28.8768,2146.01,26.33
2534,28.9161,2003.62,26.69
2535,28.7033,2032.04,26.61
2536,29.4816,2174.45,25.41
2537,29.2859,2041.94,26.03
2538,27.5034,2006.68,25.26
2539,28.5951,2231.39,23.68
2540,28.1333,2038.99,23.98
2541,27.9325,2136.9,23.78
2542,29.0764,2133.11,22.97
2543,29.365,1963.32,22.33
2544,31.9414,2118.78,23.14
2545,30.7346,2164.46,24.17
2546,29.6479,2161.41,23.07
2547,30.6088,2196.82,24.37
2548,32.1161,2121.67,23.62
2549,33.1196,2189.84,24.59
2550,30.2312,2107.76,25.39
2551,29.9449,2066.36,25.51
2552,32.7958,2074.84,25.85
2553,31.3724,2066.54,26.78
2554,30.0554,2216.24,27.68
2555,30.8159,2066.04,27.08
2556,27.8914,2174.43,26.74
2557,29.6145,2142.95,26.84
2558,29.5123,2153.5,27.99
2559,29.6788,2242.06,26.48
2560,27.8898,2134.36,25.7
2561,28.6197,2197.61,24.95
2562,27.7597,2163.25,24.09
2563,28.7554,2151.79,24.66
2564,27.9847,2298.66,24.33
2565,28.6129,2073.76,23.39
2566,28.4533,2237.01,23.26
2567,30.1327,2198.29,22.48
2568,30.6868,2129.22,23.07
2569,30.2005,2254.67,23.31
2570,30.7806,2044.78,23.0
2571,29.9018,2122.96,24.43
2572,31.0593,2080.2,23.58
2573,31.4087,2175.71,24.62
2574,33.5966,2082.33,25.42
2575,30.5593,2173.08,25.48
2576,32.4704,2133.74,25.91
2577,31.8581,2113.85,25.7
2578,30.9745,2163.47,27.41
2579,31.7951,2121.43,26.85
2580,30.2977,2069.5,27.27
2581,29.9231,2300.04,27.27
2582,29.2075,2099.74,26.42
2583,29.9182,1992.8,26.32
2584,29.5781,2072.09,26.67
2585,28.0506,2043.24,24.96
2586,27.4446,2165.39,26.06
2587,28.3887,2131.56,24.11
2588,28.0609,2132.52,23.41
2589,28.8885,2082.64,23.65
2590,30.24,2084.24,24.37
2591,29.2459,2074.82,22.11
2592,29.9657,2088.19,22.93
2593,30.4346,2139.11,23.31
2594,31.4287,2105.01,23.28
2595,29.2631,2110.64,23.78
2596,30.8137,2106.34,23.64
2597,31.6179,2125.12,24.18
2598,32.4601,2084.99,24.93
2599,31.0554,2084.84,24.95
2600,29.7978,2130.21,25.98
2601,31.5564,2014.53,26.22
2602,30.2417,1998.62,26.5
2603,29.4365,1974.33,27.09
2604,29.5005,2051.97,26.09
2605,29.4642,1925.29,26.82
2606,28.7662,2059.76,27.89
2607,27.1749,2021.01,25.87
2608,29.4186,2091.19,26.64
2609,29.571,1978.38,25.54
2610,29.0212,2002.1,24.7
2611,27.641,2077.27,23.82
2612,28.5398,2088.62,24.07
2613,28.9341,1960.56,24.31
2614,29.729,2008.07,23.07
2615,30.1464,2010.68,23.03
2616,29.4127,2011.35,23.51
2617,30.4538,1969.17,23.24
2618,31.1158,2057.88,22.48
2619,32.2253,1863.77,23.64
2620,31.8626,1948.13,24.76
2621,32.0801,1996.62,24.46
2622,31.5671,1993.61,23.63
2623,32.5773,2043.89,25.71
2624,31.6268,2031.27,25.9
2625,30.3718,1939.01,25.5
2626,31.8727,2031.03,25.89
2627,30.9466,1907.2,27.42
2628,29.6456,2003.03,26.63
2629,29.2282,2053.08,26.48
2630,29.4873,2014.75,26.71
2631,29.3099,1945.74,26.09
2632,28.8588,1917.17,26.05
2633,28.8002,1843.19,25.42
2634,29.86,1951.52,24.4
2635,29.4083,1864.1,24.23
2636,28.8535,1881.71,24.22
2637,29.6924,1856.29,23.61
2638,28.424,1898.71,23.23
2639,29.9301,1923.41,24.04
2640,31.4474,1940.43,23.37
2641,30.2138,1887.06,23.49
2642,30.0719,1986.5,23.18
2643,30.539,1909.26,23.7
2644,30.4273,1874.07,23.78
2645,30.8211,1934.66,24.87
2646,31.2036,2038.81,24.94
2647,30.3244,1941.19,25.63
2648,31.3115,1899.56,26.08
2649,31.7825,1830.11,26.41
2650,30.0238,1909.18,28.2
2651,31.6037,1937.19,26.6
2652,30.4086,1900.75,26.66
2653,30.4362,1825.17,27.28
2654,28.7237,1875.3,26.43
2655,29.623,2015.01,26.27
2656,27.8274,2015.34,25.46
2657,29.2633,1877.81,25.76
2658,28.6375,1973.25,25.25
2659,28.9937,1864.19,24.32
2660,27.7605,2021.34,24.36
2661,28.2233,1954.11,22.66
2662,29.7278,1998.83,22.91
2663,28.8531,1841.54,22.98
2664,30.3706,1987.84,22.41
2665,29.2945,1949.58,22.19
2666,31.4285,2004.15,23.11
2667,30.0746,2011.04,23.93
2668,31.7409,1963.33,24.64
2669,31.9494,1926.68,24.21
2670,30.9426,2012.96,25.37
2671,31.9145,1966.13,25.84
2672,31.5074,1921.03,26.61
2673,30.6296,1921.95,26.24
2674,29.9432,1892.37,25.83
2675,28.8181,1954.31,26.97
2676,30.2797,2055.1,26.49
2677,28.3599,2003.68,26.57
2678,29.3263,1965.37,26.58
2679,28.7286,2049.66,26.24
2680,29.2443,1955.68,26.07
2681,28.3095,2015.66,25.87
2682,28.2364,2003.52,24.82
2683,29.1366,2065.44,24.68
2684,28.969,1928.48,24.01
2685,29.1923,1976.55,24.05
2686,29.6254,1933.74,23.17
2687,28.3833,2020.94,23.03
2688,30.6054,2113.69,22.81
2689,30.8782,2015.16,22.99
2690,29.9367,2019.33,22.88
2691,30.8654,2106.74,23.14
2692,31.2676,2123.0,24.39
2693,31.3413,2058.0,23.94
2694,31.7671,2108.79,24.84
2695,32.594,2007.44,26.03
2696,32.1645,2159.05,25.82
2697,30.0109,2209.56,26.83
2698,31.2477,2116.11,26.44
2699,31.4514,1963.93,26.41
2700,30.3094,2059.57,26.2
2701,30.4846,2133.84,27.59
2702,30.8598,2075.71,26.16
2703,29.7583,2181.18,26.79
2704,28.9004,2143.89,25.5
2705,29.3872,2069.87,26.18
2706,28.6159,2117.75,26.1
2707,28.5702,2065.64,23.64
2708,28.4198,2111.67,23.46
2709,30.1901,2092.58,23.97
2710,28.5953,2199.45,23.52
2711,30.8377,2258.92,23.46
2712,30.3999,2048.95,22.71
2713,29.2688,2022.16,24.06
2714,31.0441,2125.44,23.33
2715,29.3806,2051.5,22.98
2716,31.7994,2147.7,23.87
2717,32.1571,2192.03,23.88
2718,31.0261,2238.76,25.8
2719,31.5477,2163.07,25.19
2720,32.8624,2141.12,26.25
2721,30.6561,2035.56,26.18
2722,29.9029,2157.24,26.42
2723,31.5736,2161.19,25.98
2724,31.5701,2196.33,27.3
2725,29.6147,2116.4,27.58
2726,30.0592,2133.56,26.27
2727,30.0125,2071.57,25.64
2728,28.107,2023.19,26.4
2729,28.1629,2094.41,24.69
2730,29.4847,2066.78,25.61
2731,29.8991,2181.12,24.03
2732,29.1513,2129.58,23.45
2733,28.2355,2127.95,23.71
2734,30.8396,2100.59,22.75
2735,29.187,1964.95,22.71
2736,29.7319,2248.49,23.18
2737,30.6621,2096.89,21.85
2738,31.9933,2130.92,24.09
2739,31.7438,2066.97,23.61
2740,31.6309,2211.02,23.35
2741,31.8195,2159.59,23.97
2742,31.5348,2099.53,25.5
2743,31.8954,2123.56,25.82
2744,29.2754,2245.61,26.69
2745,30.8234,2138.23,26.07
2746,30.9431,2129.24,26.88
2747,29.4674,2081.07,27.15
2748,30.3091,2021.14,27.35
2749,29.4482,2122.35,27.5
2750,30.6544,2148.5,26.37
2751,30.1978,2191.83,26.36
2752,28.3283,1987.71,25.69
2753,28.4304,2051.77,25.49
2754,28.4408,2080.97,25.35
2755,28.1898,2112.05,23.66
2756,28.857,2099.9,24.55
2757,28.3327,2097.54,23.02
2758,28.3455,2125.49,23.11
2759,30.1099,2042.87,23.69
2760,30.5036,2149.11,23.16
2761,29.7448,2114.99,23.24
2762,31.4663,2065.65,22.68
2763,30.5554,2176.69,23.06
2764,31.5016,2169.76,24.47
2765,32.1052,2128.03,24.19
2766,31.4731,1886.59,24.75
2767,31.8127,2158.05,26.0
2768,30.8859,2106.57,25.48
2769,30.9035,2174.82,26.55
2770,30.5853,2124.22,26.75
2771,29.791,2140.19,26.93
2772,29.8586,2093.72,26.74
2773,28.3729,2117.43,26.64
2774,28.8571,2151.68,26.19
2775,28.7114,2040.56,26.66
2776,28.496,1928.78,25.67
2777,28.3579,2000.24,26.0
2778,28.4506,2037.69,24.89
2779,28.9347,2014.43,23.95
2780,29.4006,1930.84,23.88
2781,28.4195,1903.5,23.38
2782,28.2874,1952.69,23.77
2783,28.7781,2041.48,22.88
2784,29.6102,2083.75,22.86
2785,30.1067,2039.92,23.77
2786,30.134,2044.45,23.52
2787,30.0238,1972.31,24.42
2788,30.9341,1868.88,24.63
2789,31.594,1942.43,24.04
2790,31.976,1950.66,25.49
2791,31.003,1932.9,26.28
2792,30.9686,1962.66,26.77
2793,30.3193,1982.63,26.91
2794,30.7248,2004.21,27.22
2795,29.7095,1933.36,26.78
2796,30.4585,1832.95,26.58
2797,28.1831,1915.48,26.76
2798,28.9623,1944.47,25.9
2799,29.1802,2012.76,27.09
2800,28.848,1903.01,25.86
2801,30.7055,1965.66,26.16
2802,28.7798,1950.29,24.38
2803,27.7479,1933.65,25.02
2804,28.6246,1985.13,23.75
2805,27.5183,1888.08,22.94
2806,29.1855,1891.82,24.08
2807,28.9453,1924.37,23.62
2808,30.7323,1885.6,23.11
2809,29.9486,1953.57,23.09
2810,30.6566,1879.55,23.49
2811,30.5522,1935.33,23.68
2812,32.6901,1915.33,23.6
2813,31.1919,1933.98,24.28
2814,32.966,1893.42,25.98
2815,32.1002,1900.74,26.85
2816,31.6847,1927.1,26.78
2817,31.3556,1933.88,26.65
2818,31.065,1922.09,26.56
2819,28.8461,2025.41,26.53
2820,29.7769,1864.56,26.63
2821,30.2879,1921.24,26.66
2822,29.2109,1831.91,27.81
2823,27.8152,1950.06,27.32
2824,28.659,1862.38,26.37
2825,29.9144,1914.31,25.04
2826,29.4975,1910.56,25.45
2827,28.5015,1951.76,24.36
2828,29.4621,1903.91,22.92
2829,28.6461,1903.67,23.73
2830,27.8869,2028.0,22.85
2831,28.8722,1961.52,22.66
2832,31.2503,1913.52,22.87
2833,30.169,1934.99,22.82
2834,30.5553,2051.76,23.25
2835,30.8208,1942.04,23.54
2836,32.8223,1918.02,23.06
2837,32.7497,1921.63,25.24
2838,33.275,1933.23,24.51
2839,31.3217,1934.07,25.04
2840,31.5355,1896.62,25.84
2841,29.8473,1909.7,26.36
2842,31.9315,1931.24,27.46
2843,29.454,2020.42,27.07
2844,30.1734,1966.06,27.28
2845,28.7339,1980.58,27.07
2846,28.7789,2073.36,26.85
2847,28.2695,2079.07,26.57
2848,28.2147,1988.7,25.03
2849,28.1198,1972.09,25.39
2850,28.0614,1962.43,25.58
2851,29.2178,2060.26,26.45
2852,27.8171,2010.83,23.4
2853,29.1158,2004.37,23.8
2854,30.2244,1983.21,22.98
2855,29.2012,1990.33,24.09
2856,29.4257,2060.2,22.32
2857,30.2038,1966.56,23.38
2858,31.6938,2109.66,22.56
2859,31.2159,2022.41,23.43
2860,30.8741,2049.91,23.98
2861,31.836,1983.09,25.02
2862,30.6182,2066.96,24.46
2863,31.994,2052.36,25.85
2864,31.6259,2073.37,26.01
2865,30.8144,2168.94,26.55
2866,30.0791,2095.5,27.21
2867,29.6789,2041.31,26.29
2868,30.4279,2050.39,27.41
2869,30.595,2132.78,26.65
2870,28.7402,2178.92,27.28
2871,29.306,2121.76,26.58
2872,27.0313,2149.92,25.9
2873,28.0834,2148.84,25.22
2874,28.4752,2200.96,25.41
2875,27.8234,2002.3,25.11
2876,27.9518,2162.65,23.73
2877,28.4051,2184.88,23.02
2878,29.4838,2048.64,23.62
2879,29.4619,2078.82,22.34
2880,28.2094,2083.77,22.35
2881,28.6917,2093.82,22.54
2882,30.2645,2111.25,23.06
2883,31.4268,2157.16,22.92
2884,29.101,2196.86,23.03
2885,31.0491,2211.97,23.91
2886,31.079,2098.85,25.32
2887,32.5596,2100.31,24.88
2888,30.991,2231.65,25.83
2889,31.3671,2193.07,27.39
2890,30.863,2160.64,26.71
2891,28.6838,2185.31,27.1
2892,30.6146,2156.2,26.53
2893,29.7841,2190.38,28.01
2894,29.6566,2139.5,26.46
2895,32.0803,2176.37,26.3
2896,27.0337,2070.03,26.66
2897,29.9309,2119.65,25.43
2898,28.27,2120.38,25.02
2899,28.781,2138.45,24.34
2900,28.6646,2105.07,23.86
2901,28.6,2128.23,23.77
2902,28.7941,2068.79,23.54
2903,29.8754,2191.83,22.75
2904,28.7863,2153.04,22.62
2905,30.9887,2054.6,22.76
2906,30.417,2105.58,22.57
2907,30.1566,2174.46,22.79
2908,30.939,2120.12,24.15
2909,32.4546,2109.17,24.95
2910,31.0717,2144.64,25.44
2911,31.7357,2167.71,24.33
2912,30.7143,2058.74,25.88
2913,31.667,2175.61,25.86
2914,31.2984,2092.13,26.8
2915,31.8671,2136.48,26.72
2916,29.8595,2132.69,27.3
2917,30.1467,2100.33,26.92
2918,29.3285,2067.55,25.78
2919,29.976,2108.71,25.93
2920,28.1259,2220.14,26.0
2921,29.1471,2037.57,25.56
2922,28.3442,2217.36,24.3
2923,28.4998,2096.68,23.71
2924,28.7744,2110.72,24.03
2925,29.1411,2039.64,22.88
2926,29.157,2054.72,22.43
2927,29.7835,2066.9,22.85
2928,31.2625,2030.32,22.76
2929,31.1766,2076.45,22.63
2930,31.4453,2060.42,22.92
2931,30.6962,2191.68,23.59
2932,30.5876,2006.41,23.64
2933,32.2131,2078.22,24.52
2934,32.2008,2082.57,24.81
2935,32.627,1999.09,25.6
2936,30.8159,2100.09,26.44
2937,30.877,2030.54,26.83
2938,29.4384,1900.42,27.38
2939,30.0743,2085.08,27.35
2940,30.7973,1973.98,27.12
2941,29.2386,1973.65,26.72
2942,29.7624,2073.31,26.54
2943,28.7869,2006.73,25.98
2944,28.9602,2078.18,26.0
2945,27.633,2091.3,25.87
2946,28.5682,1975.6,24.64
2947,26.1582,2057.54,24.46
2948,28.5514,1960.3,23.66
2949,27.635,2135.35,23.69
2950,30.2148,1955.58,22.99
2951,30.2337,2054.58,22.7
2952,30.3733,2039.56,22.66
2953,31.605,2003.89,23.32
2954,29.9909,1940.77,23.22
2955,32.4586,1968.07,23.37
2956,32.0448,1844.19,24.13
2957,31.2596,1983.21,24.28
2958,32.4085,1987.16,25.56
2959,30.5639,1970.74,25.03
2960,30.6394,1780.98,25.91
2961,30.5738,1880.21,25.71
2962,30.3268,1908.15,26.56
2963,29.543,1967.54,26.09
2964,30.9785,1964.54,27.37
2965,29.4047,1934.23,27.32
2966,29.532,1979.97,27.12
2967,28.4831,1877.82,26.43
2968,27.2445,1973.69,25.56
2969,28.7672,1963.39,25.12
2970,26.9702,1955.54,25.77
2971,28.4962,1920.09,25.2
2972,27.6063,2039.14,24.06
2973,30.5292,1957.33,23.33
2974,29.9791,1868.23,23.95
2975,29.6964,1939.99,22.72
2976,31.011,1969.16,23.11
2977,29.7112,1887.81,23.74
2978,31.1848,1987.7,22.85
2979,31.2205,1944.68,24.0
2980,31.5103,1780.79,24.26
2981,32.4668,1939.06,24.46
2982,32.086,1896.64,24.5
2983,31.6799,1953.31,25.16
2984,29.9751,1977.99,26.14
2985,30.2926,1933.46,25.7
2986,30.6518,2022.26,26.8
2987,30.4629,1912.37,27.2
2988,29.0958,1961.5,27.49
2989,31.5411,1973.39,26.23
2990,30.4631,1920.49,27.39
2991,29.421,1974.46,27.26
2992,28.7586,1893.61,26.21
2993,28.3813,1905.66,25.0
2994,27.7385,1854.13,24.84
2995,28.6131,1949.39,24.46
2996,28.9072,1956.59,24.14
2997,27.9459,2010.15,23.6
2998,29.5173,1989.32,23.41
2999,29.4876,1927.36,23.02
3000,28.4738,1876.49,23.13
3001,29.6999,1976.01,22.84
3002,30.4191,2019.68,23.1
3003,32.5708,2001.46,23.3
3004,31.7443,2024.45,24.96
3005,30.3805,1950.01,25.21
3006,31.8888,1938.18,25.28
3007,30.211,1925.53,26.18
3008,32.1652,1970.05,26.4
3009,30.6838,1972.44,26.5
3010,30.6751,1993.4,25.98
3011,31.4489,1977.17,26.8
3012,28.9703,1980.92,26.83
3013,28.4941,1946.41,26.37
3014,28.7831,2053.66,25.99
3015,29.77,2005.96,26.66
3016,27.4855,1995.16,26.16
3017,26.2854,1965.1,24.93
3018,28.1391,1934.38,24.63
3019,28.9925,2097.17,25.06
3020,29.6612,2056.39,23.56
3021,28.5688,1930.13,23.67
3022,28.9209,2077.82,23.17
3023,30.5349,2091.86,23.32
3024,28.5042,2048.46,22.57
3025,30.0774,2141.37,23.11
3026,30.9023,2062.97,23.35
3027,31.42,1969.43,23.7
3028,30.8912,2080.8,24.04
3029,31.4764,2078.0,24.65
3030,29.5093,2031.5,26.1
3031,30.9223,2106.47,26.8
3032,31.6618,1976.31,25.68
3033,30.2748,2140.07,25.26
3034,30.7972,2032.15,27.03
3035,30.7457,2029.89,27.02
3036,29.726,2086.24,27.53
3037,29.7481,2123.05,27.07
3038,28.4798,2110.84,26.76
3039,28.7741,2060.28,26.98
3040,29.1891,2078.23,26.63
3041,28.6767,2044.28,24.82
3042,28.0308,2102.34,24.59
3043,28.7305,2183.78,24.43
3044,29.2726,2122.36,24.05
3045,27.2994,2177.42,23.47
3046,30.1773,2216.29,23.49
3047,29.3428,2096.68,23.57
3048,30.3404,2123.63,23.86
3049,31.346,2267.82,23.36
3050,29.6527,2226.81,22.84
3051,30.4931,2042.26,23.51
3052,31.0682,2168.15,23.96
3053,30.8219,2147.13,24.74
3054,32.8879,2198.7,25.19
3055,30.7635,2106.29,26.54
3056,30.8546,2102.33,25.77
3057,31.2242,2113.7,26.61
3058,29.7883,2121.35,27.91
3059,30.0717,2205.83,26.64
3060,30.254,2087.12,27.07
3061,29.3455,2121.55,26.46
3062,29.1753,2052.32,26.77
3063,28.5159,2220.67,26.02
3064,27.4894,2236.93,26.52
3065,28.8084,2141.29,25.59
3066,29.9039,2143.12,24.53
3067,28.5658,2188.11,24.9
3068,28.8812,2249.13,24.09
3069,29.4935,2184.76,24.06
3070,28.2345,2117.81,22.69
3071,30.9738,2061.78,23.25
3072,30.1619,2091.08,23.39
3073,31.6937,2161.3,22.86
3074,30.1636,2116.35,22.64
3075,32.5151,2165.96,23.56
3076,31.9192,2119.53,24.61
3077,31.8913,2087.5,25.05
3078,31.6872,2078.49,24.79
3079,31.2501,2240.84,24.88
3080,32.2595,2198.26,25.78
3081,31.1729,2246.44,26.18
3082,29.1763,2172.55,26.96
3083,29.4945,2111.75,26.88
3084,29.8513,2214.22,26.62
3085,29.8598,2129.97,27.48
3086,29.2047,2142.22,26.8
3087,29.9145,2123.28,26.63
3088,27.1401,1945.81,25.14
3089,28.666,2215.56,24.31
3090,27.0456,2145.28,24.28
3091,29.1589,2132.05,24.24
3092,28.6254,2104.89,24.29
3093,29.275,2114.65,22.41
3094,28.5589,2065.16,24.06
3095,30.6353,2134.07,23.15
3096,30.8334,2014.64,23.68
3097,30.8551,2100.15,22.63
3098,30.6464,2118.54,23.52
3099,31.5245,2068.71,23.63
3100,30.7335,2098.62,24.41
3101,32.1333,2012.58,24.37
3102,32.8196,2009.75,25.24
3103,32.3054,2077.51,26.07
3104,30.7154,2099.6,25.67
3105,31.3498,1941.94,26.54
3106,29.7155,2081.29,25.79
3107,30.8461,2012.89,27.28
3108,30.3605,2029.43,27.98
3109,28.1159,1956.14,26.31
3110,28.3206,1980.94,26.69
3111,28.7128,2085.53,26.85
3112,28.4603,2025.09,26.02
3113,27.5835,1995.72,25.6
3114,28.8112,2007.31,24.8
3115,28.7523,2039.29,24.27
3116,28.5455,2032.06,23.96
3117,28.3347,1996.86,23.61
3118,30.089,2062.74,22.68
3119,30.9361,2051.24,23.04
3120,29.6132,2013.74,23.78
3121,29.8985,1988.2,22.86
3122,31.143,2020.44,22.65
3123,30.7742,1996.01,23.51
3124,31.1875,2037.05,23.64
3125,32.0406,2023.72,23.81
3126,29.9725,1905.09,25.07
3127,32.5035,1897.57,25.16
3128,31.3572,1917.3,25.69
3129,30.7315,2014.72,26.49
3130,30.6786,1858.46,25.97
3131,30.3582,1973.73,26.06
3132,28.615,1968.93,27.34
3133,30.8077,2014.21,25.97
3134,29.2831,1952.67,26.24
3135,29.2937,1858.8,25.51
3136,29.4622,1879.52,25.76
3137,27.7342,1863.99,25.73
3138,28.8788,1900.61,25.06
3139,28.337,1920.04,25.68
3140,29.3784,1859.37,24.54
3141,27.2376,2015.97,23.12
3142,29.1707,1846.81,22.67
3143,29.1295,2005.86,24.42
3144,30.3458,1995.12,23.53
3145,30.7643,1976.99,23.36
3146,30.1839,1880.71,23.31
3147,30.4909,1942.3,23.72
3148,31.2105,1844.69,23.26
3149,30.7316,1975.74,24.56
3150,32.1736,1916.56,25.04
3151,31.1535,1896.52,25.07
3152,28.9734,1847.91,25.73
3153,30.7608,1773.1,27.17
3154,29.9192,1860.03,26.67
3155,29.0832,1989.86,27.97
3156,29.0101,1899.84,26.13
3157,29.6993,1914.93,26.67
3158,30.3129,1965.66,25.96
3159,29.1899,2036.07,25.81
3160,28.2158,2008.8,25.59
3161,28.9158,1872.67,25.68
3162,28.1327,1816.33,25.13
3163,27.9954,2076.48,24.14
3164,27.7775,2073.22,22.89
3165,27.5379,1950.7,24.32
3166,28.9381,1865.62,23.13
3167,29.7382,2002.24,22.51
3168,29.9227,1940.7,23.14
3169,30.0555,1943.26,23.17
3170,29.9934,2006.7,23.11
3171,31.5473,1976.21,23.66
3172,30.2453,1888.23,23.42
3173,32.0697,1943.24,24.86
3174,30.6982,2005.85,24.5
3175,30.8469,2000.36,25.21
3176,30.1256,1989.12,26.32
3177,30.6595,2033.16,27.02
3178,31.5302,1959.3,27.52
3179,30.8007,1995.65,27.46
3180,30.7827,1786.4,26.84
3181,30.0295,1966.03,26.16
3182,28.3671,2042.99,27.43
3183,28.6747,1977.94,27.1
3184,28.0768,1977.66,25.66
3185,29.6156,1947.45,25.98
3186,27.5426,2074.5,24.83
3187,29.2661,2051.6,25.23
3188,29.4153,2072.64,23.74
3189,30.403,1923.99,24.58
3190,28.9223,2022.41,23.66
3191,30.1816,2019.71,23.97
3192,31.8253,2024.17,22.77
3193,29.8941,2008.53,23.27
3194,29.522,2029.2,22.78
3195,29.5567,2105.41,24.01
3196,31.8692,1944.11,24.45
3197,29.9424,2169.95,25.68
3198,31.2021,2096.73,25.24
3199,31.7987,2069.52,25.88
3200,31.4472,2130.78,25.76
3201,31.401,1993.52,26.68
3202,30.9278,2044.96,26.54
3203,31.4113,2081.72,26.99
3204,29.2381,2175.0,27.09
3205,29.0702,2094.28,26.76
3206,28.6319,2128.0,26.76
3207,29.6035,2069.47,26.23
3208,29.4213,2137.81,25.81
3209,28.9121,2212.89,26.06
3210,29.4468,2175.55,25.09
3211,27.6087,2114.39,24.66
3212,30.0347,2163.15,23.27
3213,30.1579,2160.5,23.8
3214,29.8385,2159.36,23.53
3215,31.0372,2198.67,22.87
3216,28.6747,2201.09,24.04
3217,29.9687,2129.92,21.92
3218,30.1618,2178.66,23.66
3219,31.6378,2119.62,23.94
3220,30.4589,2089.54,24.27
3221,32.0549,2130.92,24.57
3222,32.5964,2144.54,25.28
3223,32.0051,2051.29,25.95
3224,31.526,2204.32,25.64
3225,30.2704,1988.23,26.56
3226,30.0725,2318.56,26.64
3227,31.3879,2247.02,26.38
3228,30.6235,2142.33,27.36
3229,29.5806,2159.47,26.65
3230,28.9157,2177.84,25.98
3231,27.3187,2124.9,26.14
3232,27.8443,2172.22,25.6
3233,30.0802,2152.28,26.03
3234,27.4756,2155.34,25.08
3235,28.7027,2171.8,25.17
3236,29.5069,2081.85,23.67
3237,27.9354,2162.62,24.02
3238,29.3978,2169.47,24.69
3239,30.3621,2166.64,23.25
3240,30.01,2145.04,23.43
3241,32.683,2225.18,23.41
3242,29.4151,2134.45,22.56
3243,31.9076,2167.91,23.88
3244,31.1608,2230.54,24.15
3245,32.0664,2146.22,24.35
3246,31.853,2161.98,24.56
3247,30.8624,2141.31,25.86
3248,31.4822,2219.17,25.51
3249,29.5743,2127.14,27.48
3250,31.2326,2217.15,26.79
3251,30.6268,2131.34,26.32
3252,30.5109,2083.25,26.74
3253,30.4583,2172.72,26.79
3254,29.5441,2110.69,27.94
3255,29.0578,2163.08,25.97
3256,27.9961,1958.86,25.94
3257,27.9813,2119.59,25.25
3258,29.4494,2088.24,25.25
3259,29.7002,2048.46,24.22
3260,28.5105,2075.4,23.43
3261,28.9761,2070.42,23.49
3262,28.5263,2098.12,23.12
3263,30.55,2015.03,22.77
3264,30.5323,2112.04,22.73
3265,31.9412,2170.96,23.66
3266,30.0473,2101.7,23.11
3267,30.7583,2129.17,23.02
3268,31.4842,2142.04,23.77
3269,31.9661,2146.25,24.51
3270,31.3275,2179.91,24.33
3271,30.7505,2033.36,26.33
3272,32.0042,2015.78,26.43
3273,31.6376,2101.44,27.13
3274,30.017,2092.46,26.93
3275,31.4726,2092.03,25.89
3276,30.9362,2154.36,27.77
3277,29.7192,2037.2,26.5
3278,29.3137,2057.6,26.34
3279,29.3826,1968.74,26.49
3280,28.0116,2151.23,26.69
3281,28.5751,1998.5,26.04
3282,26.7781,1995.8,25.45
3283,29.2523,1989.14,24.33
3284,27.4518,1966.94,23.84
3285,30.1421,1957.6,23.76
3286,28.9859,1965.74,23.2
3287,29.4424,1911.07,23.51
3288,29.4978,1941.81,23.42
3289,30.1578,2101.87,23.36
3290,31.8848,2025.14,22.0
3291,29.0704,2032.71,23.65
3292,32.3206,2044.03,23.95
3293,31.7193,2079.79,24.57
3294,30.5344,1859.9,24.62
3295,30.5886,1888.93,24.86
3296,32.6402,1911.16,26.23
3297,30.3043,1927.96,26.24
3298,29.8273,1935.0,27.02
3299,31.2981,1923.22,26.6
3300,30.2708,1960.34,27.71
3301,28.8614,1946.57,27.43
3302,29.4233,1898.48,26.88
3303,28.1187,1808.86,26.31
3304,29.5816,1877.5,26.43
3305,29.4002,1901.95,25.71
3306,28.9256,1918.06,25.12
3307,28.8404,1863.23,25.0
3308,30.1099,1899.85,24.71
3309,28.9391,1859.87,22.96
3310,28.3045,1918.78,22.74
3311,29.9714,1860.7,22.68
3312,31.6688,1873.07,22.25
3313,29.5764,1844.57,23.04
3314,30.4608,1913.13,23.57
3315,31.3938,1869.77,23.58
3316,31.2559,1975.74,23.73
3317,30.663,1945.43,25.05
3318,32.3975,1916.81,25.07
3319,33.3049,1873.23,25.69
3320,31.4559,1944.17,26.58
3321,30.3374,1963.2,26.35
3322,29.5108,1930.9,27.76
3323,30.5946,2019.31,26.71
3324,30.8831,1951.59,28.0
3325,29.9919,1979.91,26.44
3326,29.2481,1934.35,26.99
3327,28.4679,1968.27,26.09
3328,27.8272,1881.49,26.56
3329,29.2189,1903.51,25.28
3330,29.231,1953.85,25.15
3331,27.3145,1955.43,24.16
3332,29.9728,1967.53,24.47
3333,29.3986,2005.42,23.26
3334,30.3697,1856.35,24.11
3335,28.5381,1885.98,22.57
3336,28.9073,1960.95,22.33
3337,30.2691,1906.58,23.54
3338,31.1522,2155.7,22.97
3339,32.4977,1987.09,23.58
3340,31.8639,1954.68,23.84
3341,31.2547,1931.8,23.83
3342,30.6789,1937.37,24.96
3343,32.4329,1971.55,26.15
3344,30.5273,1980.12,26.5
3345,32.3634,1949.75,26.53
3346,30.5225,1964.61,27.29
3347,31.6607,2065.58,26.4
3348,30.5431,2072.0,26.84
3349,29.5022,2008.13,27.13
3350,28.8345,1916.68,26.67
3351,28.6666,2033.68,26.29
3352,29.0436,2098.89,25.4
3353,28.6128,2092.13,24.48
3354,28.025,2058.36,25.41
3355,28.4186,2104.04,24.6
3356,28.7638,2026.32,24.45
3357,27.2364,2065.25,23.37
3358,29.6165,1991.19,22.91
3359,28.828,2054.05,23.07
3360,29.0773,2120.77,23.43
3361,29.0384,2010.12,22.95
3362,29.3149,1998.28,23.67
3363,29.9763,2060.29,23.08
3364,30.7318,2045.29,23.92
3365,33.0115,2102.26,24.45
3366,31.0793,2040.51,25.61
3367,31.5911,2175.16,25.62
3368,31.6194,1998.99,26.87
3369,31.1655,2155.86,25.74
3370,30.688,2038.95,26.8
3371,29.432,1981.23,27.02
3372,31.1607,2107.34,27.31
3373,31.0575,2081.8,26.53
3374,27.9039,2034.42,27.57
3375,28.1201,2003.96,26.42
3376,28.4771,2108.1,25.46
3377,27.7795,2170.81,25.51
3378,28.9048,2150.92,24.84
3379,27.9685,2122.68,25.87
3380,30.433,2151.35,24.52
3381,29.8918,2124.22,23.61
3382,29.4201,2043.18,23.21
3383,30.4334,2046.7,23.54
3384,30.8847,2122.63,23.5
3385,29.9371,2127.91,21.61
3386,30.097,2191.21,23.59
3387,31.1232,2188.05,23.6
3388,31.9883,2181.23,23.34
3389,31.5601,2130.28,24.92
3390,30.2384,2066.28,26.12
3391,30.8066,2175.71,25.8
3392,31.2399,2184.22,26.55
3393,31.0001,2010.95,27.32
3394,32.328,2105.61,26.32
3395,29.2794,2115.45,26.0
3396,30.4045,2165.09,27.33
3397,30.8031,2110.71,26.81
3398,31.0672,2157.37,26.04
3399,28.6158,2147.61,26.38
3400,29.0941,2151.12,26.36
3401,29.0069,2117.93,25.44
3402,28.6564,2122.66,24.61
3403,28.472,2096.1,24.37
3404,29.0497,2183.47,23.99
3405,26.9135,2194.51,22.62
3406,29.7957,2113.42,23.2
3407,29.7127,2250.15,22.4
3408,29.822,2139.12,23.33
3409,32.0257,2248.72,22.29
3410,30.2101,2117.14,23.77
3411,30.7382,2032.67,23.38
3412,32.8923,2176.84,23.73
3413,30.7832,2165.9,24.63
3414,31.0599,2151.18,24.57
3415,31.3313,2108.56,25.66
3416,31.9716,2142.85,25.63
3417,31.2269,2111.93,26.14
3418,29.7159,2122.01,26.93
3419,29.9625,2188.05,26.36
3420,29.5141,2145.87,26.37
3421,29.55,2168.55,27.06
3422,29.5907,2115.05,26.72
3423,29.2739,2105.33,26.5
3424,27.2802,2053.41,26.16
3425,29.4023,2097.07,25.55
3426,28.7021,1916.55,25.3
3427,29.6587,2076.85,24.53
3428,29.0563,2103.69,23.0
3429,29.8204,2138.66,22.71
3430,29.6232,2084.88,24.23
3431,30.6888,2117.93,23.07
3432,30.4178,1962.28,23.48
3433,30.3099,2085.58,22.9
3434,32.5679,1984.07,23.24
3435,31.7719,2008.14,23.36
3436,31.758,2065.14,25.23
3437,30.4278,2148.63,24.61
3438,30.4694,2089.97,24.73
3439,31.6831,2064.4,24.69
3440,31.4155,2057.71,26.99
3441,30.5694,2011.62,26.33
3442,30.8628,2017.33,27.1
3443,31.6591,2071.13,27.36
3444,30.5563,1957.88,26.77
3445,28.699,2072.1,27.27
3446,29.1608,2008.72,26.43
3447,28.2954,2077.1,25.92
3448,28.3908,2080.78,26.58
3449,28.2202,1918.31,25.44
3450,28.1179,1979.4,25.26
3451,27.547,1958.61,24.69
3452,28.5988,1896.87,24.32
3453,28.4909,1939.41,22.81
3454,26.9064,2143.63,22.98
3455,31.2541,2029.58,22.91
3456,30.871,2103.97,22.58
3457,30.0872,2034.67,23.28
3458,30.7651,1936.49,23.86
3459,30.1233,1954.25,24.26
3460,32.6556,2008.71,23.83
3461,32.9667,1995.99,24.63
3462,31.6254,1931.54,25.22
3463,32.2677,1872.13,25.83
3464,31.4393,2156.64,25.56
3465,29.9913,1947.68,27.32
3466,30.4205,1933.49,27.2
3467,30.4938,1956.84,27.41
3468,29.6364,1932.62,27.6
3469,29.4368,1951.81,27.2
3470,29.1769,2019.07,26.22
3471,28.8746,1931.92,26.34
3472,28.7428,1867.31,25.17
3473,27.7026,1925.21,25.73
3474,27.9264,1905.02,24.92
3475,27.5234,2016.45,24.46
3476,29.4832,1999.56,24.6
3477,27.2548,1934.19,23.36
3478,30.1729,1849.61,23.14
3479,30.7209,1851.54,23.08
3480,29.7583,1924.92,22.08
3481,28.3057,1943.27,22.94
3482,30.461,1899.86,22.03
3483,31.0093,1892.94,23.29
3484,30.4906,1885.77,24.43
3485,31.0367,1919.68,24.71
3486,32.7242,1778.03,24.7
3487,31.9808,1855.0,25.54
3488,30.5594,1883.71,25.46
3489,29.7826,1994.2,26.41
3490,30.4884,1873.51,28.2
3491,30.2175,1933.92,27.85
3492,30.397,1937.6,27.03
3493,29.1835,2002.96,27.01
3494,29.6592,2002.09,26.24
3495,30.4875,1924.28,26.01
3496,29.3534,1900.77,26.18
3497,28.5126,1891.18,25.26
3498,28.3535,1918.42,25.45
3499,28.2658,1908.86,25.27
3500,29.6455,1970.29,24.17
3501,28.4375,1964.61,23.64
3502,29.2862,1977.36,22.43
3503,29.6527,2020.01,23.44
3504,29.5986,2058.95,22.43
3505,29.2903,1957.52,22.86
3506,31.0084,2019.0,23.75
3507,31.0119,1935.05,24.1
3508,31.6992,2030.48,23.77
3509,31.022,2026.42,24.28
3510,32.4767,2026.69,24.65
3511,30.7475,1975.39,24.92
3512,32.6687,1933.3,25.68
3513,29.6626,1893.48,25.61
3514,31.0978,1978.6,27.07
3515,30.7686,2076.91,27.13
3516,29.3636,1970.34,27.28
3517,29.9513,2040.12,26.45
3518,30.2736,2047.8,26.13
3519,27.1659,1984.35,26.44
3520,29.1032,2084.61,26.03
3521,26.5565,1835.42,25.44
3522,27.7275,1940.93,24.86
3523,29.8544,1963.75,25.34
3524,28.2355,1973.93,24.21
3525,28.0002,2047.74,24.57
3526,29.0916,2049.43,23.9
3527,31.2661,2060.15,23.92
3528,28.5347,2076.76,22.46
3529,29.5472,1988.48,23.36
3530,31.9479,1976.88,23.05
3531,32.5468,2078.21,22.75
3532,31.2163,2021.07,24.75
3533,30.4576,1969.08,24.34
3534,33.1767,2125.98,24.47
3535,32.7244,2155.76,25.31
3536,31.8422,2169.8,25.6
3537,30.4107,2091.85,26.07
3538,30.7108,2122.4,26.62
3539,30.2599,2171.18,27.8
3540,30.2647,2054.58,26.67
3541,30.7726,2163.71,27.76
3542,29.9535,2117.52,27.16
3543,28.0774,2159.67,26.61
3544,29.8022,2119.76,26.37
3545,28.8016,2190.03,25.52
3546,29.0497,2129.23,25.64
3547,29.7243,2030.24,24.77
3548,27.8117,2209.74,23.17
3549,28.9107,2069.0,23.73
3550,28.8248,2204.15,23.66
3551,28.3575,2126.54,22.92
3552,30.2774,2205.38,23.06
3553,32.3975,2205.64,22.76
3554,29.2779,2165.96,22.58
3555,31.0348,2173.12,22.81
3556,31.8115,2170.28,23.23
3557,31.5474,2026.26,24.82
3558,31.4095,2156.22,23.75
3559,30.4095,2084.02,25.18
3560,31.4853,2162.98,25.62
3561,30.4552,2085.69,26.27
3562,28.9981,2084.57,25.8
3563,31.3439,2253.21,27.13
3564,30.7667,2222.16,26.36
3565,29.6531,2158.66,27.5
3566,29.4333,2170.75,26.42
3567,29.7988,2145.37,26.37
3568,28.8804,2194.86,26.0
3569,29.2743,2120.35,25.64
3570,28.262,2220.62,25.02
3571,29.6007,2145.73,24.27
3572,28.9576,2135.47,24.17
3573,29.0946,2161.55,23.82
3574,28.234,2124.19,22.89
3575,29.8413,2178.63,23.28
3576,29.3344,2125.75,23.6
3577,29.8776,2185.02,23.42
3578,30.0977,2228.63,23.73
3579,30.2077,2111.11,23.67
3580,32.9989,2144.87,23.53
3581,32.514,2178.67,24.08
3582,33.0363,2122.96,25.16
3583,30.4706,2174.95,25.99
3584,31.356,2178.25,27.39
3585,30.0259,2207.6,26.91
3586,30.1934,2103.79,26.15
3587,29.6537,2080.99,26.55
3588,30.9917,2116.37,28.14
3589,29.2948,2073.89,26.82
3590,30.1047,2162.84,26.76
3591,29.4226,2056.15,25.93
3592,30.5439,2262.6,26.78
3593,27.3676,2197.03,25.77
3594,29.5074,2116.57,24.61
3595,29.4683,2164.3,23.99
3596,27.9223,2010.39,24.15
3597,29.745,2256.25,23.61
3598,29.5189,2065.59,23.68
3599,29.4298,2089.84,23.34
3600,29.3409,1981.71,22.87
3601,29.8129,2118.16,22.8
3602,32.3898,2018.46,23.19
3603,31.0612,2086.73,23.31
3604,31.9247,2043.71,23.93
3605,30.8162,2007.39,24.49
3606,30.8761,2019.44,24.55
3607,32.3145,2076.86,25.83
3608,30.2194,1982.0,25.81
3609,30.7285,2009.51,25.99
3610,30.7772,2089.76,26.56
3611,30.4773,2201.64,27.05
3612,29.8567,2069.66,27.04
3613,29.9284,1981.48,27.14
3614,29.8043,2010.01,27.18
3615,29.527,2029.46,27.07
3616,27.9123,2002.15,26.14
3617,28.3238,2072.87,24.98
3618,29.4558,2027.35,24.87
3619,29.2668,2064.41,23.98
3620,27.6027,1986.76,24.85
3621,29.2205,2080.9,24.58
3622,27.6674,1987.17,23.59
3623,29.6493,1934.74,23.5
3624,31.5182,2119.57,23.13
3625,29.6299,1875.43,23.25
3626,30.0825,1936.68,22.47
3627,31.6719,1939.53,23.55
3628,30.0648,2123.9,23.56
3629,30.9427,2078.15,24.62
3630,31.9772,2055.82,24.97
3631,30.9415,1942.89,26.49
3632,31.1103,2104.95,26.46
3633,31.656,1978.25,26.56
3634,31.0872,2011.67,26.6
3635,30.6017,1960.83,27.77
3636,29.7287,1944.21,26.99
3637,29.9078,1929.34,27.1
3638,29.151,1929.27,26.75
3639,29.3056,1975.9,26.21
3640,28.3034,1959.11,26.02
3641,28.4051,1933.02,24.54
3642,27.708,2023.46,24.23
3643,28.5231,1753.01,24.66
3644,28.0522,1959.89,24.78
3645,28.0481,1970.8,23.76
3646,29.4569,1995.15,22.91
3647,29.782,1921.2,22.35
3648,30.6263,1936.48,23.39
3649,30.0433,1982.25,22.78
3650,31.0764,2011.81,23.59
3651,31.5013,1903.72,23.78
3652,31.6549,1937.35,24.24
3653,30.7884,2021.8,24.5
3654,31.6195,1793.56,25.19
3655,31.7402,1879.68,25.46
3656,31.3048,2009.29,25.68
3657,29.3915,1987.31,25.93
3658,30.8784,1953.69,25.54
3659,32.1583,1896.18,26.84
3660,29.712,1871.1,27.76
3661,29.0293,1889.62,27.3
3662,29.5487,2019.21,26.85
3663,29.1892,1890.03,26.05
3664,29.6552,1935.38,26.5
3665,27.5448,1885.79,25.46
3666,29.0851,1983.45,25.79
3667,29.0234,1902.58,23.99
3668,28.5872,1931.22,23.63
3669,29.2103,1838.39,23.16
3670,30.0736,1845.05,22.53
3671,30.3096,1944.91,22.6
3672,29.0856,1867.67,23.05
3673,31.0444,2076.35,22.71
3674,30.6982,1829.34,21.34
3675,31.119,1908.14,24.12
3676,31.3576,1960.38,23.16
3677,31.3287,1940.82,24.78
3678,32.4534,1899.93,25.02
3679,31.3819,1912.27,26.58
3680,30.4034,1913.96,26.5
3681,30.7458,1959.95,26.16
3682,30.893,2098.12,26.38
3683,31.3716,1989.6,27.68
3684,30.4825,2059.91,26.26
3685,28.9313,2023.43,27.03
3686,31.2382,2063.99,26.67
3687,29.1512,1833.37,26.24
3688,29.7213,1987.36,26.18
3689,28.4297,2088.37,25.61
3690,28.9267,1979.99,25.23
3691,29.2227,2124.44,24.55
3692,29.6755,2112.15,24.21
3693,29.7852,1999.42,23.63
3694,29.9478,2001.84,22.94
3695,29.3597,1975.7,23.07
3696,29.5426,2003.22,22.64
3697,30.6543,1971.53,22.68
3698,31.4965,2075.7,23.1
3699,30.8825,1967.07,23.53
3700,32.1512,2095.11,24.02
3701,32.611,2100.99,24.94
3702,30.7669,1968.03,24.75
3703,30.7794,2165.05,25.62
3704,31.1867,2107.19,26.06
3705,31.3068,2125.62,26.11
3706,30.3303,2039.32,26.77
3707,31.47,2126.33,27.43
3708,30.3393,2160.65,27.09
3709,29.6433,2091.16,27.05
3710,28.1013,2221.12,26.38
3711,27.8867,2107.49,27.4
3712,28.9258,2177.05,25.68
3713,26.845,2129.84,24.68
3714,29.3101,2150.95,25.43
3715,28.4246,2018.99,24.42
3716,31.2954,2144.88,23.85
3717,30.7857,2081.75,23.31
3718,29.1048,2078.18,24.2
3719,29.5267,2236.6,23.25
3720,30.7965,2121.99,23.27
3721,31.7508,2077.35,23.15
3722,29.4396,2118.6,23.4
3723,29.6316,2064.58,24.29
3724,30.8014,2230.96,23.87
3725,31.9151,2105.35,23.75
3726,31.8975,2180.87,25.43
3727,32.3047,2232.35,25.77
3728,30.3393,2122.7,26.05
3729,29.2077,2186.19,26.65
3730,31.4364,2093.86,26.55
3731,29.7257,2303.66,26.94
3732,28.3852,2214.17,26.93
3733,29.7278,2147.35,26.64
3734,29.8845,2113.29,27.33
3735,28.8417,2153.41,25.71
3736,28.3347,2140.27,27.18
3737,28.4236,2278.09,25.96
3738,28.2035,2087.47,24.11
3739,27.4727,2169.0,24.37
3740,28.1292,2159.56,23.92
3741,29.3564,2153.2,23.78
3742,29.5073,2153.14,22.77
3743,29.7462,2151.94,23.08
3744,29.2039,2210.38,22.94
3745,30.243,2193.45,22.7
3746,29.0083,2180.8,22.83
3747,31.2034,1972.23,24.05
3748,32.4421,2170.69,23.15
3749,30.2696,2051.65,24.72
3750,31.0313,2187.9,25.4
3751,31.7122,2235.56,25.41
3752,32.3013,2089.35,26.03
3753,30.7021,2126.9,27.0
3754,30.1962,2104.19,26.38
3755,28.8131,2211.68,26.63
3756,30.0828,2140.52,26.75
3757,31.2454,2235.66,27.51
3758,29.4719,2153.79,27.38
3759,28.9215,2140.4,25.72
3760,28.9586,2126.71,26.5
3761,28.5422,2168.35,25.93
3762,27.8496,2011.56,25.78
3763,29.2097,2117.38,24.67
3764,28.8816,2104.4,23.98
3765,28.9534,2148.37,24.16
3766,28.4697,2089.74,23.62
3767,30.6546,2034.75,24.19
3768,30.5318,2093.51,23.48
3769,29.9459,2024.02,23.14
3770,31.5515,1969.33,22.68
3771,30.6626,2124.26,23.3
3772,30.6734,2111.11,23.28
3773,30.8411,2100.08,24.37
3774,30.0831,2145.88,25.46
3775,31.8261,2023.41,25.52
3776,29.8341,1973.02,26.51
3777,30.0779,2050.23,26.58
3778,29.0895,2029.12,26.53
3779,30.3194,1994.95,26.98
3780,29.8797,2036.21,27.24
3781,29.3504,1999.82,27.0
3782,28.4159,1921.87,26.81
3783,28.0016,2001.09,26.03
3784,29.0725,1954.93,25.78
3785,28.1107,2032.59,26.65
3786,28.7531,1974.94,25.61
3787,27.8429,2076.64,23.75
3788,28.8458,2101.86,22.82
3789,29.982,2042.13,23.62
3790,29.7189,1904.1,23.71
3791,29.2818,2083.32,22.81
3792,30.2058,2083.48,23.51
3793,30.1957,1986.06,23.1
3794,30.7563,2060.38,23.19
3795,30.8002,1944.06,23.96
3796,31.1676,1861.43,23.73
3797,31.6186,1924.12,24.34
3798,30.7053,2069.94,25.34
3799,30.6362,1873.26,25.5
3800,34.6882,1959.35,26.95
3801,34.2804,1958.2,26.76
3802,34.2762,1922.26,27.05
3803,35.0158,1923.43,26.91
3804,33.7858,1951.52,27.44
3805,34.5227,1910.72,26.77
3806,33.7778,1856.53,26.87
3807,31.8645,1952.3,25.96
3808,33.7249,2001.48,26.52
3809,33.6998,1987.08,25.66
3810,32.2049,1884.3,25.99
3811,33.3873,1855.94,25.68
3812,32.5158,1912.24,24.38
3813,33.5175,2021.8,23.62
3814,32.7384,1965.07,22.79
3815,32.6773,1967.33,23.52
3816,34.1937,1977.4,23.11
3817,34.7892,1948.34,23.34
3818,34.9319,1929.58,24.13
3819,34.6134,1961.49,23.17
3820,35.4791,1888.57,23.54
3821,36.1643,1836.22,24.36
3822,35.9641,1964.38,25.41
3823,36.0949,1995.35,25.8
3824,30.7629,1854.24,25.55
3825,31.998,1971.07,26.79
3826,29.8091,2023.19,26.13
3827,30.7783,1922.96,26.51
3828,30.9455,1874.93,26.94
3829,29.9965,1932.47,26.66
3830,29.088,1893.3,27.18
3831,28.5167,1890.73,26.56
3832,29.5298,1955.29,26.88
3833,27.4127,1834.79,25.39
3834,27.7239,1846.25,24.94
3835,28.2331,1936.06,25.09
3836,29.6911,1935.74,23.95
3837,29.2432,1960.01,24.33
3838,28.4756,2054.36,23.54
3839,29.3635,1950.72,21.89
3840,29.5085,1983.07,23.59
3841,29.8204,1891.51,23.52
3842,31.5331,1999.11,23.74
3843,29.9633,1924.56,22.63
3844,32.5861,1963.66,23.67
3845,32.1115,1956.19,24.19
3846,32.3727,2028.16,24.58
3847,31.0785,1891.14,26.39
3848,31.1791,1836.41,25.99
3849,29.9141,1964.35,26.4
3850,30.3303,2009.11,27.01
3851,30.7832,1994.06,27.22
3852,31.0369,2062.87,25.33
3853,28.726,2019.26,26.61
3854,28.9576,1963.33,26.03
3855,28.8183,1861.84,26.61
3856,27.5843,1991.39,25.86
3857,29.0242,2071.62,25.53
3858,27.9208,1990.77,23.96
3859,28.3948,2020.39,24.33
3860,28.3394,2048.4,24.56
3861,28.3079,1966.65,24.29
3862,29.2444,2069.43,23.63
3863,29.4393,2134.74,22.4
3864,29.7025,2030.63,23.63
3865,29.8055,1977.74,23.43
3866,31.0056,2045.97,23.21
3867,32.3836,1920.97,22.57
3868,31.4109,2079.1,24.48
3869,32.2458,2090.45,24.19
3870,30.3878,2168.24,25.17
3871,31.5751,2060.42,25.55
3872,30.4211,2100.88,26.77
3873,29.8791,2028.96,26.35
3874,30.1585,2063.46,26.72
3875,31.3417,1997.48,27.72
3876,30.76,2081.38,26.67
3877,29.8062,2078.75,27.34
3878,28.0238,2118.95,26.63
3879,28.7823,2067.43,25.91
3880,28.9423,2113.6,26.0
3881,28.6915,2092.26,25.86
3882,27.025,2095.93,25.68
3883,27.8389,2124.1,25.22
3884,28.6497,2125.05,23.85
3885,29.3684,2171.52,23.09
3886,27.4931,2121.73,23.11
3887,29.4821,2110.96,22.48
3888,30.1144,2123.97,22.89
3889,31.0679,2094.67,22.9
3890,31.3043,2118.55,23.63
3891,31.5267,2264.48,22.48
3892,30.6591,2090.16,23.63
3893,29.9225,2130.37,24.12
3894,31.1856,2125.87,25.59
3895,32.2502,2136.16,24.96
3896,32.4138,2132.83,26.11
3897,31.6291,2171.02,26.35
3898,31.0935,2053.06,27.25
3899,30.6919,2219.14,27.23
3900,29.5551,2195.95,27.06
3901,29.5077,2084.34,26.65
3902,30.5853,2023.52,25.81
3903,28.1853,2101.62,26.54
3904,29.9928,2146.1,26.27
3905,28.2935,2315.73,24.73
3906,29.5603,2193.6,24.38
3907,27.4257,2052.46,24.61
3908,29.1697,2119.29,24.17
3909,28.3499,2157.05,23.09
3910,28.1178,2174.88,22.98
3911,29.7866,2080.02,22.15
3912,30.8076,2149.89,23.69
3913,29.7123,2113.85,22.42
3914,29.5508,2089.44,23.54
3915,30.9872,2169.84,23.57
3916,31.2291,2199.14,24.64
3917,31.8875,2201.45,24.09
3918,32.2597,2183.58,25.03
3919,31.4014,2117.25,24.67
3920,32.7834,2187.8,25.03
3921,31.24,2161.15,26.71
3922,30.4729,2148.19,25.84
3923,29.099,2100.85,26.82
3924,29.7899,2105.01,27.51
3925,29.3427,2136.39,27.31
3926,30.0182,2275.36,26.4
3927,29.3093,2143.93,25.62
3928,27.7575,2085.95,26.25
3929,28.6889,2069.33,26.19
3930,29.0372,2086.31,24.67
3931,29.7735,2242.9,24.08
3932,29.411,2084.64,23.74
3933,29.548,2159.26,23.87
3934,29.2981,2078.44,23.88
3935,29.9224,2112.74,22.45
3936,30.9996,2140.57,22.25
3937,29.322,2054.67,24.24
3938,30.4704,2046.37,23.18
3939,30.4426,2180.17,23.71
3940,31.6024,2135.45,23.65
3941,32.4331,2119.5,24.73
3942,31.0224,2114.94,25.48
3943,29.5366,2090.88,25.67
3944,30.9693,2179.95,26.87
3945,31.7914,2057.07,26.25
3946,31.1801,2084.6,26.6
3947,30.7308,1958.43,27.05
3948,29.776,1991.5,27.23
3949,28.5885,1964.46,27.05
3950,29.6622,2108.48,26.09
3951,28.2719,1874.41,26.57
3952,30.4482,1998.98,25.81
3953,29.0075,1839.07,25.23
3954,28.0355,1964.42,25.02
3955,28.062,1980.48,24.0
3956,28.6266,2088.72,23.43
3957,28.7477,2025.16,22.28
3958,30.1435,1947.17,24.14
3959,29.7609,2056.97,23.35
3960,29.4147,1990.0,22.94
3961,31.9006,1987.18,22.73
3962,30.7894,1908.84,21.83
3963,31.6757,1917.76,23.22
3964,30.8125,1923.9,24.36
3965,31.7394,1972.53,24.95
3966,31.7489,1970.85,25.32
3967,29.9372,2055.37,25.6
3968,32.9113,1982.48,26.65
3969,32.0932,1793.69,26.25
3970,30.4322,1968.79,27.27
3971,29.5064,1863.04,26.74
3972,30.278,1889.22,26.56
3973,29.6811,1895.72,26.43
3974,29.5345,1902.05,26.2
3975,29.0926,1856.88,26.74
3976,29.106,1949.29,25.63
3977,29.709,1850.26,25.0
3978,28.9545,1954.28,25.36
3979,27.7114,2065.23,24.65
3980,29.791,1849.53,24.48
3981,30.2518,1910.66,23.84
3982,31.7716,1774.92,22.89
3983,28.713,1907.03,23.11
3984,30.1943,1962.57,23.06
3985,28.7225,1966.33,22.61
3986,31.1925,1926.98,22.72
3987,30.6221,1975.11,23.25
3988,32.8378,2074.1,25.02
3989,30.8292,2023.82,24.28
3990,30.1487,1889.65,25.62
3991,31.0719,1834.02,25.28
3992,29.7186,1896.97,26.44
3993,31.6615,1864.94,26.87
3994,29.0979,1949.42,27.21
3995,30.411,1852.22,27.13
3996,28.3378,1919.64,27.69
3997,29.3555,1975.37,27.12
3998,30.5647,1920.29,27.59
3999,29.2279,1870.96,25.6
4000,28.0102,1999.78,26.17
4001,28.5261,1818.27,25.66
4002,28.5144,1913.22,24.53
4003,28.9292,1932.41,24.77
4004,27.6075,1938.03,23.25
4005,29.4134,1950.22,23.26
4006,27.0865,1978.48,22.27
4007,29.1079,1942.32,23.85
4008,29.6094,1925.1,22.88
4009,30.8949,1925.59,24.15
4010,30.7681,1916.34,23.67
4011,29.9362,2003.4,23.81
4012,30.511,1920.59,23.71
4013,31.6078,2013.53,23.96
4014,31.4367,1967.32,25.26
4015,30.9856,1938.47,25.48
4016,30.9144,2010.51,25.33
4017,31.6176,1933.51,25.66
4018,30.3358,2019.29,26.25
4019,30.3178,1997.69,27.84
4020,31.7359,1953.15,28.11
4021,28.4728,2024.73,27.03
4022,27.7685,2029.95,26.81
4023,29.5662,2070.82,26.25
4024,28.158,2063.6,25.53
4025,28.2965,2039.42,26.21
4026,27.8751,1946.64,25.94
4027,28.3433,2165.61,24.04
4028,29.9798,1938.9,23.96
4029,29.581,2084.52,23.36
4030,29.9398,2057.91,23.06
4031,28.4788,1966.06,23.66
4032,29.0791,2033.54,22.34
4033,28.117,2040.76,23.3
4034,30.1025,2128.3,23.63
4035,31.826,2011.64,23.51
4036,31.7126,2043.17,24.45
4037,31.2717,1923.15,24.56
4038,31.4822,2171.79,25.61
4039,30.8978,2007.83,24.76
4040,31.4628,2095.99,25.83
4041,31.6734,2074.55,26.38
4042,29.4573,2078.96,25.4
4043,30.6279,2137.58,26.39
4044,30.7459,2193.34,26.59
4045,29.2797,2112.16,27.41
4046,29.8106,2140.3,26.38
4047,31.1911,2124.58,26.01
4048,28.6175,2169.65,26.41
4049,28.8658,2084.48,24.71
4050,27.9096,2180.34,23.96
4051,28.6961,2185.9,24.3
4052,29.0692,2187.57,23.28
4053,29.0952,2086.24,22.88
4054,28.4342,2118.87,23.55
4055,29.7769,2146.32,23.51
4056,31.1698,2052.57,23.39
4057,30.7471,2233.25,23.62
4058,31.5196,2139.41,23.89
4059,30.8711,2159.64,22.52
4060,31.899,2110.3,24.23
4061,31.6723,2067.48,24.22
4062,30.7393,2112.87,24.63
4063,31.7037,2164.14,25.8
4064,30.5057,2193.11,25.13
4065,30.5544,2163.97,25.54
4066,30.9015,2176.47,27.05
4067,30.626,2136.69,27.18
4068,29.0486,2187.77,27.07
4069,30.455,2247.88,26.49
4070,29.7076,2201.95,27.1
4071,28.3756,2208.82,26.75
4072,27.4709,2178.31,26.04
4073,28.4352,2070.73,24.93
4074,28.1432,2098.32,24.79
4075,28.6416,2188.21,24.9
4076,28.4105,2160.01,24.66
4077,27.3334,2186.64,23.42
4078,28.9393,2260.25,23.14
4079,29.3673,2202.47,22.99
4080,30.5069,2233.52,23.14
4081,29.8297,2162.59,22.78
4082,32.0929,2107.24,21.82
4083,29.5313,2150.79,24.18
4084,32.348,2104.42,24.9
4085,31.2694,2244.49,24.18
4086,32.1877,2196.54,24.47
4087,31.5127,2178.32,25.45
4088,32.2107,2219.08,25.91
4089,30.7508,2021.4,26.91
4090,29.8711,2175.44,26.76
4091,31.5246,2058.91,26.54
4092,29.9092,2134.38,26.34
4093,29.789,2113.25,27.36
4094,30.2378,2168.67,27.03
4095,28.1138,2139.54,26.94
4096,29.1774,2203.33,25.52
4097,28.0792,2083.16,26.44
4098,28.3943,2158.37,24.13
4099,28.6089,2121.99,24.84
4100,27.5008,2010.48,23.05
4101,28.3163,2049.73,23.19
4102,30.3309,2092.01,24.05
4103,30.3207,2163.81,23.48
4104,29.9499,2120.89,22.73
4105,30.5827,2018.94,22.81
4106,30.5146,2076.42,23.32
4107,32.1459,2201.7,23.84
4108,31.1388,2083.04,24.63
4109,31.6344,2052.42,24.25
4110,32.4168,2097.21,24.19
4111,30.827,2109.11,25.6
4112,32.5461,2031.51,25.77
4113,29.8363,2084.59,25.76
4114,32.0537,2030.23,26.88
4115,30.0901,2088.65,26.83
4116,29.8058,2051.18,27.15
4117,28.0998,2065.43,26.48
4118,28.8862,1986.48,26.98
4119,28.1075,1978.29,25.76
4120,28.2148,2079.84,25.59
4121,28.4413,2013.93,25.4
4122,29.2662,2031.4,25.87
4123,28.7172,1991.56,24.87
4124,28.9471,2059.55,24.54
4125,28.0629,1964.9,24.29
4126,28.5454,1989.02,25.07
4127,31.0508,2040.17,23.09
4128,29.4118,2059.31,23.71
4129,31.7132,1953.5,23.57
4130,30.5556,2098.58,23.77
4131,31.0625,1995.95,24.47
4132,32.1553,1910.83,23.79
4133,32.4664,1991.88,24.23
4134,31.4113,1943.2,25.16
4135,31.1383,1988.77,25.43
4136,31.2543,1956.81,26.16
4137,31.331,1960.6,27.2
4138,31.463,1898.34,26.49
4139,30.3916,2009.45,26.78
4140,30.4951,1877.81,27.09
4141,30.9225,1877.92,26.82
4142,29.555,1963.89,25.78
4143,29.1887,2035.56,26.12
4144,27.4858,1915.92,26.34
4145,26.4465,1976.96,26.24
4146,28.8107,1997.28,24.42
4147,28.4753,1979.89,23.9
4148,28.2891,1910.62,24.02
4149,29.1342,1862.27,22.55
4150,29.2017,1793.88,23.05
4151,30.514,1909.32,22.2
4152,30.0689,1994.69,23.68
4153,29.7907,1855.64,22.68
4154,31.5421,1964.35,24.09
4155,30.887,1864.75,24.14
4156,31.7203,1927.7,23.68
4157,31.067,1963.55,23.95
4158,30.9801,1881.43,24.9
4159,31.5162,1931.31,25.47
4160,31.3093,1896.43,26.17
4161,31.4445,1964.06,26.03
4162,30.5351,1936.46,27.11
4163,28.9191,1926.48,27.06
4164,29.6538,2017.51,26.83
4165,30.2468,1964.83,26.58
4166,29.0121,1884.91,26.64
4167,28.7422,1922.58,26.01
4168,29.4901,1924.74,26.03
4169,27.9815,1935.83,25.56
4170,27.2658,2084.35,25.13
4171,28.4226,1957.16,25.37
4172,28.3136,1814.92,23.93
4173,28.1663,1906.83,24.09
4174,29.1097,1825.91,23.38
4175,30.005,1924.66,22.95
4176,29.9926,1827.94,22.94
4177,30.6338,1897.75,23.04
4178,32.2007,1861.79,23.41
4179,30.7864,1979.2,23.11
4180,31.5217,1959.41,23.27
4181,31.0415,1980.9,24.81
4182,30.8229,1959.91,25.45
4183,30.981,1886.08,25.89
4184,30.916,2004.21,26.08
4185,31.3482,2092.49,26.8
4186,32.6293,2005.55,27.09
4187,29.8154,1959.37,27.33
4188,29.6667,1903.25,26.57
4189,29.5613,1938.53,26.38
4190,29.5666,2024.34,26.54
4191,29.1502,2065.75,26.41
4192,29.7282,2021.28,25.88
4193,26.61,2057.93,24.58
4194,26.5905,2056.76,25.86
4195,28.1544,2049.08,24.35
4196,29.5788,1983.61,24.09
4197,27.6868,2038.0,24.21
4198,26.8439,1981.13,22.1
4199,30.0687,2037.56,22.81
4200,30.1949,2060.85,22.81
4201,29.5161,2146.21,22.9
4202,29.9616,1971.38,23.18
4203,30.2849,2083.33,24.31
4204,31.3875,2147.76,24.34
4205,30.9478,2108.84,24.96
4206,31.8953,2117.68,25.02
4207,29.1652,2107.32,24.82
4208,30.6136,2154.27,24.96
4209,30.1598,2015.38,25.65
4210,30.5449,2001.69,26.91
4211,29.9578,2088.61,26.95
4212,30.6383,1963.4,26.89
4213,28.1243,2170.91,26.75
4214,29.2864,2174.24,27.74
4215,29.386,2078.84,26.0
4216,30.1863,2086.35,26.46
4217,28.1657,2107.92,25.52
4218,28.7596,2118.94,24.97
4219,27.108,2126.9,25.07
4220,26.7874,2156.11,24.73
4221,29.6152,2115.5,23.47
4222,29.2456,2185.56,23.67
4223,30.5546,2158.71,23.25
4224,28.9013,2098.4,23.0
4225,30.8042,2217.66,23.17
4226,32.2451,2058.65,22.92
4227,31.3964,2137.08,23.43
4228,31.5203,2202.94,23.71
4229,31.4557,2103.71,24.93
4230,30.2433,2167.69,24.95
4231,32.5333,2183.59,24.87
4232,30.8104,2101.07,25.64
4233,31.4642,2149.92,24.81
4234,29.4996,2146.28,26.48
4235,29.4447,2123.81,26.95
4236,31.1481,2296.09,26.93
4237,29.3339,2113.12,27.92
4238,30.4126,2219.96,27.02
4239,28.8768,2136.68,26.68
4240,27.2274,2095.47,25.18
4241,29.2648,2167.08,25.34
4242,28.0281,2199.95,24.76
4243,29.1101,2216.15,24.09
4244,28.7211,2254.4,23.6
4245,27.7048,2336.96,22.68
4246,29.3814,2174.69,22.63
4247,31.3687,2119.12,23.51
4248,30.3944,2185.16,22.93
4249,30.3422,2140.94,22.81
4250,31.6103,2211.23,23.27
4251,31.2292,2076.44,24.17
4252,31.4667,2294.8,24.0
4253,30.5756,2202.35,24.75
4254,31.6871,2048.08,24.58
4255,32.2772,2104.55,25.21
4256,30.6302,2193.89,26.18
4257,32.2003,2213.19,27.36
4258,30.6766,2063.81,27.45
4259,29.678,2180.33,27.22
4260,30.7981,2017.98,27.08
4261,29.3823,2126.6,27.63
4262,29.8576,2195.69,27.13
4263,28.7059,2092.76,25.27
4264,28.6531,2032.21,25.47
4265,28.946,2128.05,25.69
4266,28.7327,2079.54,24.11
4267,26.9547,2150.03,24.03
4268,27.804,2055.48,23.65
4269,29.6829,2058.49,23.46
4270,29.1443,1979.74,23.12
4271,29.1928,2107.27,22.92
4272,28.9131,2083.41,23.41
4273,29.5244,2017.68,22.94
4274,29.1326,2096.47,23.08
4275,30.9796,2142.26,22.91
4276,30.8203,2063.44,24.51
4277,30.6756,2088.15,24.15
4278,31.4455,2084.1,24.46
4279,31.7401,1991.05,25.62
4280,32.9736,2182.28,25.62
4281,29.8512,2026.18,26.15
4282,31.6775,2089.33,26.86
4283,31.1667,2091.64,26.77
4284,29.3767,2032.62,28.16
4285,29.7744,2072.92,26.89
4286,28.8839,2046.78,27.04
4287,29.0879,1942.51,25.44
4288,29.9083,2003.18,25.57
4289,29.0356,1981.94,24.97
4290,28.9069,1986.59,24.52
4291,28.2069,1931.7,24.69
4292,27.5137,2073.22,24.52
4293,28.7726,2097.49,23.76
4294,30.2153,2055.84,23.15
4295,28.39,2069.24,22.75
4296,29.1559,1968.26,23.56
4297,30.4892,1946.75,24.1
4298,29.9623,1934.28,23.34
4299,30.4266,2015.8,24.06
4300,30.9602,1987.03,24.17
4301,30.3564,1965.11,24.86
4302,30.7207,2043.89,24.42
4303,32.0116,1987.02,25.27
4304,30.2531,1909.06,26.2
4305,29.7824,1915.29,27.02
4306,30.246,1993.95,26.32
4307,30.9738,2012.55,25.92
4308,29.8425,1980.28,26.75
4309,29.2401,2058.26,27.44
4310,29.2855,2039.95,25.94
4311,27.5428,1965.86,25.83
4312,29.0967,1886.76,26.08
4313,28.8579,1856.31,25.46
4314,28.1726,1909.64,25.3
4315,29.3559,1976.21,23.87
4316,27.799,2038.89,23.84
4317,29.8417,1952.78,24.18
4318,29.3736,1996.45,22.67
4319,29.3425,1910.37,23.81
4320,29.9841,1961.37,22.47
4321,30.3024,1972.49,23.49
4322,31.7262,1803.56,23.08
4323,30.1993,1896.95,23.01
4324,30.689,1978.32,23.75
4325,32.2779,1937.55,24.75
4326,31.0236,1849.21,25.0
4327,32.1693,1775.28,26.08
4328,32.6586,1899.39,26.72
4329,30.7392,1917.46,25.82
4330,31.2951,1869.3,26.1
4331,29.4653,1931.68,26.28
4332,30.6038,1954.39,26.55
4333,29.7713,1965.33,27.48
4334,29.6284,1784.98,27.01
4335,28.4229,1848.88,26.14
4336,27.3721,1911.02,25.99
4337,28.9537,1965.34,26.22
4338,26.8493,1962.24,25.95
4339,28.2972,1963.22,24.61
4340,29.4539,1914.07,22.67
4341,29.0929,1919.74,23.73
4342,30.8087,1898.15,23.74
4343,30.4319,1990.54,23.18
4344,29.4769,1891.95,23.36
4345,30.4101,2001.05,23.25
4346,30.7121,1965.5,22.65
4347,29.7949,1953.44,23.14
4348,30.5467,1919.98,23.84
4349,31.0003,1881.39,25.02
4350,29.871,1927.32,24.62
4351,31.4869,1949.94,25.75
4352,31.0998,1831.26,26.15
4353,29.7223,1965.31,27.21
4354,31.0734,2036.46,26.71
4355,30.9609,2018.96,26.05
4356,30.1816,1959.16,27.32
4357,29.3525,1995.83,28.0
4358,29.7232,1963.79,27.09
4359,29.4835,2010.29,26.02
4360,28.9469,2098.04,25.46
4361,27.8914,2068.05,25.04
4362,28.7213,2045.55,26.0
4363,29.5075,1989.12,24.32
4364,28.2237,2068.11,23.67
4365,30.6177,1926.35,23.51
4366,28.8295,2016.89,23.11
4367,29.6377,2071.54,23.85
4368,29.462,2085.43,22.49
4369,30.5668,2085.68,23.66
4370,29.3562,2067.66,23.33
4371,30.6238,2042.69,24.19
4372,30.4253,2091.16,24.79
4373,31.5572,2006.14,24.52
4374,32.2956,2017.02,24.84
4375,31.9657,2075.76,25.55
4376,29.4017,2086.76,25.95
4377,32.6943,1971.1,25.59
4378,30.9862,2112.15,27.51
4379,29.767,2135.35,27.05
4380,30.1257,2088.43,26.42
4381,29.7527,2239.54,25.9
4382,28.7165,2060.02,25.57
4383,29.0977,2083.18,26.8
4384,28.215,2084.89,25.69
4385,28.2276,2107.69,25.29
4386,27.951,2096.1,25.24
4387,27.405,2034.87,24.22
4388,28.8176,2089.83,24.27
4389,29.4076,2120.0,23.63
4390,29.6619,2202.68,23.23
4391,30.2677,2264.09,22.28
4392,30.2595,2214.95,22.59
4393,29.962,2091.03,23.37
4394,31.4217,2098.4,22.93
4395,29.9746,2133.05,24.19
4396,30.5785,2252.0,25.17
4397,30.6775,2137.17,24.81
4398,32.364,2069.47,25.75
4399,32.2031,2120.92,25.88
4400,31.6889,2198.13,25.73
4401,31.9182,2195.66,26.51
4402,30.0466,2143.66,27.74
4403,30.6671,2197.92,26.67
4404,29.8999,2021.6,26.48
4405,30.2893,2165.14,26.36
4406,29.1578,2211.3,26.62
4407,28.6314,2110.27,25.91
4408,29.1337,2110.48,26.84
4409,29.252,2048.93,25.63
4410,27.9653,2256.39,25.49
4411,28.5023,2117.71,24.33
4412,27.8542,2175.13,23.43
4413,26.9409,2196.48,22.93
4414,29.4104,2250.38,22.81
4415,30.0989,2149.67,23.24
4416,30.2097,2125.63,23.26
4417,28.8286,2167.3,23.37
4418,30.4693,2232.71,22.52
4419,29.286,2144.06,23.59
4420,32.3948,2095.41,23.49
4421,30.58,2058.54,24.68
4422,32.5043,2075.84,25.24
4423,32.2056,2198.96,24.93
4424,30.5786,2125.69,26.48
4425,30.1544,2106.16,27.58
4426,31.0303,2097.19,27.15
4427,29.7128,2142.65,26.85
4428,30.082,2120.45,26.84
4429,29.2255,2115.57,26.83
4430,27.8251,2209.93,26.35
4431,27.155,2218.13,26.54
4432,28.8823,2026.02,25.43
4433,28.1019,2138.93,24.57
4434,28.0575,2069.21,25.11
4435,29.1078,2097.36,24.49
4436,29.6397,2127.16,23.71
4437,28.7213,2092.08,22.94
4438,28.9775,2114.83,23.41
4439,30.0119,2137.45,22.57
4440,28.9145,2110.74,22.93
4441,30.5668,2050.18,23.95
4442,31.1915,2047.09,23.59
4443,31.6048,1994.25,22.9
4444,29.7496,2025.14,23.36
4445,30.8398,2189.78,24.56
4446,30.7974,2020.18,24.31
4447,31.5288,1991.71,24.52
4448,31.6836,2078.08,26.27
4449,32.258,2047.81,26.57
4450,30.354,2038.23,26.96
4451,29.9902,2130.03,27.06
4452,30.9197,2073.95,26.97
4453,29.849,2004.71,26.6
4454,30.2641,2006.56,26.99
4455,29.1703,1997.41,27.18
4456,27.7753,2075.6,25.75
4457,27.4846,2000.2,25.01
4458,27.2588,1906.71,24.43
4459,29.0808,2007.04,24.05
4460,29.6518,1913.41,24.1
4461,30.4188,2132.42,22.52
4462,29.9245,1939.22,23.49
4463,30.542,1983.3,23.39
4464,29.536,2004.43,22.1
4465,29.4631,1967.61,22.58
4466,31.4301,1963.6,23.31
4467,31.3948,2002.47,23.51
4468,31.385,2064.97,24.26
4469,31.7588,2015.79,24.41
4470,31.7585,2054.89,25.63
4471,32.4759,1899.93,25.36
4472,32.335,1978.42,25.51
4473,31.496,1965.46,25.88
4474,31.4266,1974.1,27.1
4475,30.7995,2032.62,26.95
4476,29.6311,1933.93,27.32
4477,30.217,1920.12,27.24
4478,28.1344,1973.89,25.72
4479,29.7825,1832.7,25.84
4480,27.7453,1922.87,25.49
4481,28.7798,1926.85,25.11
4482,27.8239,1877.66,24.79
4483,28.9938,1994.44,24.98
4484,28.6738,1865.56,24.6
4485,27.6635,1919.58,23.44
4486,29.5866,1943.92,23.14
4487,29.1494,2006.3,22.72
4488,30.7049,1923.38,23.04
4489,30.3893,1979.26,23.17
4490,31.0663,1964.38,23.67
4491,30.2946,1929.16,23.99
4492,30.8276,1855.96,22.85
4493,31.082,1835.01,24.41
4494,32.1854,1927.39,25.69
4495,32.7908,1888.52,25.3
4496,30.6549,1976.49,26.57
4497,31.9221,1966.51,26.26
4498,29.0143,1911.26,26.82
4499,29.4329,1853.63,26.36
4500,29.233,1954.65,26.45
4501,28.5298,1864.01,27.29
4502,27.9831,1880.82,27.17
4503,29.2697,1868.97,26.43
4504,28.5297,1920.99,25.39
4505,28.8546,2001.22,25.54
4506,29.0524,1932.58,25.63
4507,28.7636,1908.31,25.35
4508,29.2272,1845.54,23.84
4509,28.8837,1972.52,22.76
4510,28.3004,1895.03,23.69
4511,30.458,1951.5,22.93
4512,29.5287,1925.93,23.47
4513,29.6398,2000.33,23.21
4514,30.6077,1943.6,22.83
4515,30.3304,1952.61,23.61
4516,30.9651,1988.52,24.65
4517,31.7241,2089.14,24.41
4518,31.7787,2019.49,24.48
4519,30.7306,1964.43,24.72
4520,30.9089,1973.59,25.61
4521,31.9201,1945.66,26.21
4522,31.1471,1924.0,27.14
4523,32.0483,1951.76,26.37
4524,30.9441,1942.61,27.78
4525,30.5272,2032.22,26.26
4526,28.1397,1932.89,27.9
4527,29.5504,2081.36,27.28
4528,28.6585,2050.75,26.07
4529,28.1103,2011.17,24.69
4530,28.6344,2014.32,24.97
4531,29.3073,1985.25,24.29
4532,29.1016,2039.32,23.36
4533,28.2366,2092.85,23.73
4534,29.844,1989.84,22.86
4535,29.1017,1944.51,22.71
4536,30.1733,2083.19,22.9
4537,30.1455,2064.95,22.78
4538,30.5749,1982.76,24.31
4539,31.6737,2010.43,23.32
4540,30.4669,2007.34,24.22
4541,33.005,2019.84,24.56
4542,30.0431,2048.28,25.18
4543,30.9708,2056.07,25.73
4544,31.5952,2037.32,26.44
4545,31.5281,2035.14,26.55
4546,30.6696,2071.11,26.84
4547,30.3423,2099.05,26.96
4548,30.3284,2074.09,26.93
4549,29.4269,2166.59,26.48
4550,30.3645,2131.49,26.7
4551,29.6108,2009.39,26.53
4552,29.3992,2140.02,26.2
4553,27.7782,2148.59,25.61
4554,28.4365,2089.73,24.88
4555,28.3107,2029.56,24.45
4556,27.8965,2123.1,23.72
4557,29.2275,2125.39,23.74
4558,28.8199,2061.67,23.16
4559,30.1361,2044.88,23.16
4560,29.1438,2129.57,23.5
4561,31.7635,2123.57,22.71
4562,30.0329,2115.11,23.57
4563,31.2361,2137.6,23.6
4564,31.9325,2078.76,25.01
4565,30.9924,2121.0,24.37
4566,32.182,2181.12,25.35
4567,30.4655,2129.99,25.53
4568,32.4607,2052.39,25.31
4569,31.072,2125.9,26.15
4570,30.2729,2091.46,27.17
4571,30.1489,2172.94,26.72
4572,30.6471,2177.12,25.89
4573,29.1442,2059.38,26.92
4574,28.6505,2205.2,26.19
4575,28.7621,2093.51,26.48
4576,27.7594,2254.22,26.78
4577,30.0075,2157.99,25.9
4578,28.0469,2086.22,25.77
4579,29.2164,2092.4,24.2
4580,28.8685,2181.55,23.93
4581,28.1517,2136.77,23.06
4582,29.2452,2153.86,22.93
4583,30.239,2255.67,22.6
4584,29.8494,2116.04,22.35
4585,31.3427,2160.51,23.75
4586,31.5672,2240.86,22.22
4587,31.7958,2170.5,24.27
4588,30.9313,2056.31,24.62
4589,30.585,2181.31,24.73
4590,31.0091,2079.34,24.44
4591,31.6059,2231.5,24.73
4592,31.7357,2095.55,25.73
4593,29.3234,2320.78,26.73
4594,30.7435,2228.19,26.73
4595,30.5147,2089.75,26.41
4596,29.778,2136.02,27.57
4597,30.6448,2177.18,27.77
4598,29.5874,2175.99,26.62
4599,29.9875,2152.39,26.47
4600,28.5282,2197.75,25.25
4601,29.3011,2111.9,25.31
4602,29.8081,2093.82,25.26
4603,29.6005,2091.45,24.66
4604,27.8272,2160.1,23.75
4605,28.7364,2126.75,23.45
4606,28.9739,2118.48,23.04
4607,30.0032,2144.79,22.93
4608,30.5491,1970.0,23.21
4609,29.7171,2107.59,22.08
4610,30.8043,2097.96,23.23
4611,29.4447,2180.76,23.76
4612,32.4526,1984.66,23.71
4613,31.039,2165.49,24.24
4614,31.5447,2072.23,24.77
4615,31.2012,2092.65,25.28
4616,32.2159,2159.44,26.0
4617,28.7907,2088.08,26.48
4618,30.7367,2073.99,25.68
4619,30.3036,2060.02,27.26
4620,29.6371,2011.99,26.86
4621,30.9928,2034.8,27.9
4622,28.5401,1989.1,26.14
4623,29.5568,2024.89,25.98
4624,28.986,1882.96,25.9
4625,29.5603,2044.43,25.72
4626,27.9662,2006.99,24.02
4627,27.9647,1989.77,24.07
4628,29.5778,2018.81,24.3
4629,29.2796,1915.35,23.11
4630,28.0141,2112.92,23.95
4631,29.1803,1986.85,22.84
4632,30.3091,1980.18,22.55
4633,31.0584,1927.0,23.37
4634,30.2066,1982.44,24.07
4635,28.7293,2060.37,23.79
4636,31.7176,2035.56,24.63
4637,30.4726,2021.01,25.32
4638,29.8861,1998.97,24.54
4639,29.183,1941.21,25.99
4640,31.9502,1872.37,25.24
4641,31.1636,1944.08,26.63
4642,30.5695,1938.88,26.7
4643,31.4994,2012.97,27.55
4644,30.5099,1965.74,27.59
4645,30.9048,2041.19,27.22
4646,28.1358,2013.7,26.88
4647,28.9117,1912.0,26.67
4648,27.4076,1829.37,26.03
4649,28.3676,2018.04,25.49
4650,28.3011,2014.45,25.72
4651,29.0524,1849.04,25.26
4652,28.7374,2019.85,23.93
4653,29.4381,1950.66,23.7
4654,29.8128,1935.97,23.31
4655,31.3357,2021.98,22.26
4656,29.7478,2004.69,22.83
4657,29.6354,1962.17,23.87
4658,30.9469,1950.73,22.89
4659,30.4188,1958.74,24.64
4660,32.4846,1897.33,24.59
4661,31.2223,1917.78,24.68
4662,31.0475,1866.86,25.28
4663,31.0718,1901.1,25.06
4664,31.8738,1899.34,25.87
4665,30.9345,1883.64,27.13
4666,30.2367,1930.55,26.42
4667,31.7205,1903.65,27.46
4668,29.3151,1954.14,26.31
4669,29.6402,1827.75,26.33
4670,29.7718,1919.53,27.68
4671,27.6343,1935.63,26.41
4672,29.0852,1910.66,25.73
4673,27.707,1920.67,26.2
4674,29.1582,1837.77,25.62
4675,27.781,1956.29,24.94
4676,29.2552,1975.93,23.72
4677,29.824,1969.01,23.44
4678,29.9391,2004.17,23.42
4679,29.8128,1956.54,23.42
4680,29.815,1975.9,22.75
4681,29.9271,1959.41,23.15
4682,31.9268,1994.29,23.4
4683,30.5011,1861.51,24.23
4684,30.4694,1905.76,24.38
4685,31.9812,2057.94,23.73
4686,30.8631,1818.56,24.89
4687,30.6888,1961.33,25.05
4688,30.1442,2043.74,26.28
4689,30.6743,1971.56,26.88
4690,30.6838,1956.7,26.78
4691,30.5827,1992.69,26.8
4692,30.761,1967.75,27.03
4693,30.0333,1994.86,27.04
4694,29.0973,1956.16,26.41
4695,28.7808,2067.89,25.8
4696,29.1091,2091.03,24.97
4697,29.5692,2001.94,26.15
4698,28.6011,1931.11,25.25
4699,28.1758,1987.26,24.66
4700,27.9067,2012.08,24.63
4701,27.7832,2057.9,22.96
4702,29.783,1971.55,22.4
4703,30.0742,1990.36,23.26
4704,30.4619,2071.64,23.15
4705,30.2853,2101.82,22.2
4706,31.8755,2012.67,23.45
4707,30.6734,1974.44,23.39
4708,32.0633,2255.93,23.6
4709,31.4179,2110.31,24.32
4710,31.0133,2051.68,23.78
4711,31.9229,2124.2,25.22
4712,31.6267,2068.9,25.65
4713,31.3462,2132.66,26.69
4714,30.815,2094.4,26.65
4715,30.3579,2094.46,27.25
4716,31.9107,2086.25,25.73
4717,30.5592,2010.23,26.51
4718,29.8283,2217.29,27.01
4719,29.0288,2048.35,26.26
4720,29.5067,2027.0,26.42
4721,28.9655,2099.49,24.62
4722,28.521,2058.13,25.37
4723,28.3083,2116.17,24.16
4724,28.6362,2163.89,23.63
4725,26.403,2185.57,24.08
4726,29.4185,2177.85,23.85
4727,29.221,2113.62,23.59
4728,31.2741,2137.8,24.02
4729,30.4037,2162.02,23.7
4730,29.7988,2034.68,22.87
4731,31.0208,2176.84,23.66
4732,30.4621,2057.49,23.82
4733,31.8276,2269.51,25.5
4734,31.7328,2124.85,25.55
4735,32.2152,2139.89,25.42
4736,30.6663,2106.52,26.44
4737,31.0879,2116.47,25.8
4738,29.658,2292.11,26.86
4739,30.9494,2213.33,26.46
4740,30.4151,2065.04,26.16
4741,30.0084,2249.16,27.32
4742,29.2513,2231.25,27.19
4743,29.2712,2143.37,26.64
4744,29.9844,2179.07,25.91
4745,28.323,2160.02,24.88
4746,28.6109,2279.35,24.42
4747,27.6822,2113.14,24.0
4748,28.0064,2169.43,23.88
4749,29.0176,2134.56,24.12
4750,30.1331,2073.68,23.8
4751,29.4067,2290.41,22.24
4752,29.8113,2087.1,22.65
4753,30.0627,2170.12,22.71
4754,30.3222,2051.23,22.0
4755,31.2966,2130.32,23.87
4756,30.1012,2178.02,23.88
4757,32.4736,2101.5,24.43
4758,30.9677,2184.32,25.67
4759,32.0264,2130.95,25.56
4760,30.283,2214.53,25.78
4761,31.5957,2224.31,26.7
4762,31.2876,2104.94,27.26
4763,30.6956,2142.16,27.08
4764,29.2045,2145.83,27.34
4765,29.8114,2169.12,26.86
4766,28.3036,2129.83,26.69
4767,28.7371,2137.27,26.47
4768,29.5245,2108.02,25.62
4769,29.1885,2126.19,25.23
4770,28.5121,2193.7,25.69
4771,27.7713,2151.02,25.49
4772,29.2174,2150.67,24.8
4773,28.9548,2148.23,22.92
4774,27.3937,2091.77,22.56
4775,30.2379,2116.2,22.47
4776,29.9806,2027.96,23.07
4777,31.3502,2165.12,21.66
4778,29.8738,1917.86,22.97
4779,28.5193,2075.4,24.29
4780,31.5223,2144.82,24.49
4781,31.6821,1990.23,24.23
4782,30.1475,2091.69,24.78
4783,30.6661,2022.46,25.8
4784,33.5032,2036.76,26.47
4785,30.8162,2111.19,26.15
4786,31.3348,2061.85,26.61
4787,29.8677,1923.43,26.65
4788,28.3278,1982.41,26.33
4789,29.4756,2095.03,26.82
4790,29.0375,2058.97,26.58
4791,28.6194,2132.45,25.78
4792,28.6092,2124.07,26.32
4793,28.7625,1998.16,25.76
4794,28.3799,2164.49,25.35
4795,27.5399,2011.41,24.1
4796,29.0899,1947.87,23.01
4797,27.3798,1963.35,23.82
4798,27.6097,1861.76,22.94
4799,30.2031,2089.43,22.62
4800,30.4056,2084.62,22.37
4801,30.3423,1924.0,22.93
4802,29.6336,1967.33,24.06
4803,30.4943,1982.89,23.33
4804,31.0888,1915.78,23.46
4805,30.1722,1864.44,24.81
4806,30.9088,1953.56,25.09
4807,31.9708,1943.46,24.46
4808,32.4409,1936.07,26.33
4809,30.7251,1969.51,27.48
4810,31.3552,2038.8,25.43
4811,28.857,1931.86,26.31
4812,30.5276,1957.41,25.58
4813,28.9686,1988.06,26.89
4814,29.4959,1975.1,27.23
4815,28.7411,1902.53,26.47
4816,29.7573,1942.86,26.7
4817,27.8516,1967.76,25.93
4818,29.0021,1865.18,25.85
4819,28.3275,2006.82,25.06
4820,28.5743,2015.19,23.8
4821,28.7923,1884.37,23.62
4822,28.5735,1937.95,22.83
4823,29.6005,1963.63,22.95
4824,29.9499,1891.27,23.03
4825,30.5812,1951.99,23.03
4826,30.8176,1932.14,23.94
4827,31.6991,1833.68,23.42
4828,32.0378,1948.89,23.53
4829,30.6084,1855.08,24.05
4830,32.195,1977.35,25.33
4831,30.4998,1880.81,24.82
4832,31.7693,1911.66,25.9
4833,31.5565,2004.09,27.08
4834,29.2209,1952.12,26.88
4835,30.4626,1858.32,26.89
4836,29.6252,1863.11,26.98
4837,29.0048,1889.13,26.42
4838,30.3307,1950.01,26.3
4839,28.4164,1949.23,26.32
4840,28.0559,1878.71,26.14
4841,28.6117,1860.98,25.99
4842,29.0485,1949.78,25.05
4843,28.4378,1923.99,25.16
4844,29.6341,2066.51,24.8
4845,29.3641,1941.59,23.98
4846,27.5074,2050.71,23.88
4847,29.1882,1874.23,22.57
4848,29.5505,1852.79,22.43
4849,30.7717,1882.84,23.33
4850,28.6501,2024.38,22.6
4851,33.0999,2061.51,23.44
4852,31.7239,1912.45,24.39
4853,31.568,1935.09,25.19
4854,32.4453,1896.04,24.87
4855,33.3238,1861.04,25.19
4856,31.9956,2016.51,26.16
4857,31.8197,1990.54,25.88
4858,30.8546,1981.63,26.65
4859,30.275,1900.92,26.93
4860,29.6194,2087.33,26.99
4861,28.9509,1962.81,26.98
4862,28.7004,2029.18,26.31
4863,27.8589,1914.09,26.05
4864,28.6403,1994.2,25.63
4865,27.2034,2027.42,24.71
4866,28.6527,2033.92,25.17
4867,28.522,2027.97,24.93
4868,28.8185,2052.79,24.4
4869,28.5216,1959.73,23.45
4870,31.7115,2043.87,22.86
4871,30.6999,2043.34,23.44
4872,29.0044,2054.9,23.32
4873,30.5745,2049.83,23.18
4874,30.2636,1973.57,24.14
4875,30.2491,1975.37,23.57
4876,30.227,1926.03,23.87
4877,31.7947,2112.36,24.28
4878,30.9549,2117.36,24.22
4879,32.2231,2122.67,25.85
4880,32.0941,2094.78,25.95
4881,32.1598,1952.65,26.67
4882,30.0681,2023.24,27.65
4883,30.7685,2099.21,26.74
4884,30.506,2101.2,25.83
4885,29.2324,2083.71,27.17
4886,28.6326,2123.14,26.82
4887,30.227,2105.54,26.05
4888,28.883,2115.84,26.2
4889,29.0599,2073.91,25.91
4890,27.8423,2174.74,24.53
4891,27.5757,2093.43,24.33
4892,28.2454,2042.78,24.74
4893,28.8401,2079.59,23.22
4894,28.3986,2108.06,23.3
4895,29.6039,2191.6,21.76
4896,28.6492,2132.28,22.26
4897,29.4922,2126.38,23.15
4898,31.2867,2065.23,23.88
4899,31.5437,2189.74,22.9
4900,30.9855,2105.81,24.04
4901,30.6347,2141.09,24.29
4902,30.6781,2237.93,25.48
4903,31.1503,2181.51,24.91
4904,31.8147,2055.01,26.22
4905,31.8033,2048.1,26.09
4906,30.3528,2151.81,26.84
4907,29.4654,2084.15,26.97
4908,30.2143,2196.9,26.87
4909,28.9529,2161.44,27.17
4910,28.8354,2169.58,26.75
4911,29.9996,2117.84,26.35
4912,29.3627,2265.15,25.82
4913,28.6775,2331.47,25.56
4914,27.4825,2144.28,25.11
4915,28.7202,2182.1,23.99
4916,29.5511,2166.51,23.83
4917,28.6388,2144.66,23.06
4918,30.3309,2109.74,23.25
4919,30.646,2093.81,22.77
4920,31.331,2089.86,23.39
4921,30.6324,2181.23,23.4
4922,31.2199,2124.49,22.81
4923,32.192,1999.57,23.58
4924,31.657,2179.4,24.32
4925,31.0479,2148.69,24.39
4926,31.1412,2229.92,24.64
4927,31.6397,2169.48,24.97
4928,30.2666,2056.2,26.43
4929,30.9461,2008.83,26.87
4930,31.6272,2096.98,26.63
4931,28.6352,2100.05,27.31
4932,31.2276,2191.41,25.52
4933,30.5097,2131.42,27.6
4934,28.8822,2196.99,26.65
4935,29.3741,2046.36,26.49
4936,28.7035,2180.54,25.84
4937,29.5351,2162.53,26.22
4938,29.2861,1994.72,24.47
4939,27.4311,2191.62,25.22
4940,29.1708,2114.21,24.2
4941,28.7748,2128.37,23.9
4942,29.3163,2049.11,23.1
4943,29.0292,2173.59,22.41
4944,31.3985,2021.91,23.47
4945,31.2203,2138.91,23.22
4946,30.1582,2134.08,23.95
4947,29.993,2022.18,23.49
4948,30.9905,2195.37,23.79
4949,31.7965,2085.95,25.18
4950,31.6922,2106.94,25.96
4951,32.4514,1971.68,25.52
4952,31.931,2185.95,25.62
4953,31.8363,1980.96,26.82
4954,31.0115,2111.46,26.61
4955,29.2768,1985.8,27.23
4956,29.8434,2003.86,26.87
4957,30.4598,2083.84,27.71
4958,29.2088,2093.69,26.38
4959,29.3418,1951.29,26.65
4960,28.446,2088.54,25.76
4961,27.7273,2081.39,25.38
4962,28.4013,1958.02,24.79
4963,28.7983,2105.86,24.85
4964,28.1764,1918.22,24.46
4965,28.7508,1963.88,23.86
4966,28.4984,2025.9,23.21
4967,30.5072,1941.8,23.14
4968,29.7644,2004.76,23.45
4969,31.5504,1999.39,23.53
4970,31.973,1969.78,21.92
4971,30.9958,2027.1,23.45
4972,30.4923,1959.7,23.89
4973,29.7802,1983.63,24.82
4974,30.3224,2034.97,24.97
4975,30.3498,2010.17,25.88
4976,32.4018,2006.54,25.46
4977,31.1533,1887.2,26.54
4978,31.0617,1984.52,27.18
4979,28.6119,1897.33,26.19
4980,29.0416,1870.3,28.26
4981,30.3214,1940.15,27.53
4982,29.4794,1887.59,26.73
4983,28.8216,1986.83,26.0
4984,29.1528,1985.95,25.91
4985,29.8597,1820.75,25.56
4986,28.3232,1883.19,25.22
4987,28.6066,1843.43,25.23
4988,28.855,1901.54,23.76
4989,30.853,1955.04,23.87
4990,27.5705,1911.79,22.62
4991,30.1583,1889.7,22.86
4992,29.9082,2002.02,23.19
4993,30.8416,1784.8,23.41
4994,30.2241,1996.55,22.89
4995,31.0215,1889.1,23.37
4996,31.8682,1916.65,24.73
4997,33.9392,1889.44,25.06
4998,32.1464,2013.57,25.1
4999,30.7704,1847.23,24.4
5000,30.96,1922.04,27.26
5001,30.6979,1953.4,26.4
5002,29.3135,1825.68,26.58
5003,30.1242,1867.9,26.67
5004,30.5863,1915.12,27.19
5005,28.5924,1871.89,27.13
5006,30.0888,1877.4,27.21
5007,29.3296,1906.74,25.95
5008,28.1136,1968.27,25.84
5009,28.4379,1910.45,26.53
5010,29.7787,1997.59,25.11
5011,29.1379,1875.04,24.4
5012,28.708,1861.96,23.53
5013,28.7492,2054.97,23.84
5014,29.3113,1902.37,23.78
5015,29.2024,1865.79,23.51
5016,28.3162,1842.66,22.87
5017,32.022,2014.55,23.25
5018,30.8743,1932.56,24.1
5019,31.3792,1940.92,24.12
5020,31.2527,1949.83,23.61
5021,30.8608,2023.5,23.21
5022,31.3513,1955.41,25.15
5023,30.1694,2110.38,25.92
5024,33.1207,1981.43,25.46
5025,30.0731,2040.86,26.41
5026,29.9244,2029.31,26.6
5027,30.036,1982.74,26.98
5028,31.0305,1953.72,26.73
5029,29.6234,2012.93,27.58
5030,28.2611,2027.77,26.81
5031,29.9428,1967.01,25.97
5032,29.2858,2015.61,26.46
5033,28.9819,2084.11,24.89
5034,29.0726,2138.49,25.64
5035,30.4666,2069.95,24.98
5036,30.449,2134.88,24.69
5037,28.39,1989.8,23.51
5038,30.5491,2074.15,23.02
5039,29.9183,2116.82,23.11
5040,30.3993,1987.22,22.96
5041,29.0344,2016.35,22.74
5042,30.6137,2154.24,22.99
5043,30.4104,1995.93,23.4
5044,31.9615,1978.42,23.41
5045,32.3058,2154.99,24.82
5046,29.8404,2139.51,24.97
5047,31.4313,2097.99,25.36
5048,32.1965,2073.63,25.44
5049,30.9113,2054.32,25.83
5050,31.3333,2101.76,27.7
5051,30.6692,2183.78,26.62
5052,30.2733,2107.38,27.31
5053,29.3947,2227.09,27.01
5054,28.2767,2047.12,25.34
5055,28.0421,2103.66,27.31
5056,29.2684,2086.21,26.34
5057,28.5667,2047.15,25.13
5058,28.3892,2106.63,24.99
5059,28.212,2144.31,23.91
5060,28.4568,2154.07,24.91
5061,29.7769,2256.08,23.13
5062,28.9818,2156.83,23.01
5063,28.5389,2200.96,22.7
5064,30.5949,2138.79,23.04
5065,30.2243,2238.24,23.75
5066,30.7751,2284.06,24.16
5067,32.3467,2174.47,23.39
5068,31.2826,2085.36,24.19
5069,31.6802,2114.17,24.52
5070,30.5569,2166.03,24.51
5071,31.2732,2178.38,26.73
5072,31.7867,2194.61,26.68
5073,29.8164,2181.88,26.51
5074,30.9107,2156.09,27.52
5075,30.4689,2118.74,27.54
5076,30.033,2182.06,27.04
5077,30.4415,2270.21,27.09
5078,29.5176,2220.86,27.49
5079,30.1218,2192.33,25.94
5080,27.9061,2222.44,26.84
5081,28.6599,2138.65,25.41
5082,28.5676,2130.5,25.76
5083,27.6957,2116.05,24.48
5084,29.466,2153.15,24.17
5085,30.7991,2134.93,23.57
5086,29.2364,2232.16,23.0
5087,30.0158,2130.39,22.93
5088,30.0676,2109.83,23.69
5089,29.8174,2273.47,21.91
5090,29.2934,2128.59,22.65
5091,30.496,2163.48,23.22
5092,30.1855,2179.78,23.46
5093,32.8122,2082.79,25.24
5094,31.4079,2223.25,25.63
5095,31.1722,2185.32,25.81
5096,32.0104,2238.43,25.68
5097,30.1633,2101.85,27.08
5098,30.1365,2146.1,25.94
5099,30.4427,2139.91,28.0
5100,30.823,2150.65,26.66
5101,30.0131,2044.68,26.8
5102,29.4487,2135.62,26.52
5103,29.0018,2040.26,25.88
5104,29.0212,2144.12,26.96
5105,28.7124,1991.56,25.91
5106,27.676,2004.72,25.61
5107,28.588,2161.37,23.87
5108,27.842,2075.79,24.09
5109,29.0042,2045.57,23.85
5110,28.8655,2177.25,23.4
5111,31.6433,2116.73,22.49
5112,29.9681,2145.39,23.54
5113,29.2648,2079.01,23.13
5114,30.6427,2245.62,22.79
5115,31.4761,2044.36,22.66
5116,32.6377,2181.04,24.3
5117,30.9773,2068.38,25.71
5118,30.2341,1968.43,24.49
5119,32.1024,2092.28,25.6
5120,30.1946,2077.77,26.56
5121,30.7117,1991.36,25.78
5122,30.5439,1994.63,26.49
5123,30.3325,2044.01,26.5
5124,30.5513,2061.98,27.49
5125,29.0649,1888.27,27.59
5126,29.031,2095.22,26.81
5127,28.9279,1997.89,25.99
5128,28.8206,1943.21,25.78
5129,28.6294,2075.15,25.2
5130,28.8488,2012.88,24.51
5131,29.2262,2082.91,24.43
5132,29.0151,2031.91,24.29
5133,29.3022,2001.28,23.83
5134,27.9842,1988.0,23.26
5135,29.652,2021.98,23.1
5136,30.3836,1964.12,22.96
5137,30.9714,1933.77,22.42
5138,30.1961,2017.59,23.35
5139,30.5334,1968.49,23.29
5140,30.8398,1975.42,23.33
5141,31.878,2035.1,24.67
5142,32.3271,1959.35,24.69
5143,31.1229,1963.63,25.63
5144,32.0254,1923.4,26.42
5145,31.1594,1981.99,25.94
5146,30.6506,1974.02,26.78
5147,30.2191,2004.09,26.03
5148,30.5973,1912.43,27.77
5149,29.8722,1916.98,26.25
5150,31.0707,1989.38,26.47
5151,28.2576,1954.53,27.08
5152,29.1154,1882.7,25.88
5153,28.1278,2013.3,24.92
5154,27.8046,1830.98,25.36
5155,28.5424,1978.07,24.83
5156,28.8108,1853.38,23.68
5157,31.2739,2040.88,23.32
5158,29.1027,1833.66,23.05
5159,28.7076,1994.22,22.96
5160,30.2184,1919.11,22.05
5161,28.7285,1901.1,22.98
5162,30.6764,1933.46,24.16
5163,31.0735,1959.67,23.14
5164,31.9347,1867.07,23.71
5165,32.2278,1872.14,23.89
5166,31.0971,1959.98,25.31
5167,31.3284,1818.64,26.12
5168,30.6861,1886.28,26.59
5169,30.1582,2104.2,25.79
5170,30.9979,1864.26,26.98
5171,29.3694,1991.96,27.65
5172,29.6683,1888.85,27.25
5173,28.8156,1955.63,27.17
5174,29.6897,1965.59,26.5
5175,30.3805,1995.47,26.52
5176,27.6597,1917.28,26.62
5177,27.0687,2050.35,25.68
5178,28.4001,1897.52,24.38
5179,28.5637,1948.96,24.25
5180,28.8759,1951.79,24.6
5181,28.5823,1872.08,23.75
5182,29.0895,1924.7,23.33
5183,29.9058,1954.14,22.79
5184,30.8323,1921.25,23.59
5185,28.8242,2096.5,23.9
5186,30.4548,1902.72,23.9
5187,31.2317,2026.91,24.31
5188,30.5647,2010.77,23.82
5189,32.8338,1961.89,24.23
5190,30.9917,1914.27,24.92
5191,31.4159,1923.65,25.54
5192,31.7439,1942.32,26.72
5193,30.5876,1870.01,27.0
5194,29.2727,1920.79,27.0
5195,30.0453,1895.98,26.22
5196,30.8236,2069.69,26.16
5197,29.3423,2030.12,27.05
5198,28.5729,2044.32,27.17
5199,29.6799,2036.7,26.37
5200,28.4363,2015.65,21.96
5201,28.143,2097.58,19.98
5202,28.6196,1977.65,19.4
5203,29.1677,2025.09,19.15
5204,30.6063,2067.94,18.65
5205,29.6011,1948.29,18.85
5206,30.1779,2217.83,18.06
5207,29.207,2038.23,17.29
5208,29.1793,2049.52,18.45
5209,30.4381,2120.9,17.19
5210,30.8357,2104.86,17.73
5211,30.1978,2056.72,17.77
5212,31.1588,2066.69,19.1
5213,31.7683,1973.06,19.58
5214,31.7883,2034.31,20.96
5215,31.8523,2103.09,20.97
5216,31.5318,2103.0,21.72
5217,30.6551,2153.9,21.56
5218,30.3389,2077.61,21.24
5219,29.4291,2005.75,22.0
5220,31.4278,2156.47,22.3
5221,29.6225,2183.24,22.28
5222,29.0701,2154.89,21.5
5223,28.1963,2095.03,21.66
5224,31.0495,2171.26,20.53
5225,27.6924,2317.99,20.0
5226,28.1569,2122.73,19.44
5227,28.8838,2040.57,19.49
5228,29.1811,2087.44,18.41
5229,29.7057,2163.38,18.37
5230,30.6961,2032.68,18.72
5231,30.0167,2142.12,17.55
5232,29.1552,2157.64,17.75
5233,30.1827,2229.66,18.1
5234,30.9963,2218.76,18.39
5235,32.7152,2194.48,18.34
5236,30.1808,2015.16,19.39
5237,32.4109,2202.36,19.78
5238,31.6439,2191.45,20.57
5239,32.1192,2166.34,20.48
5240,31.2174,2048.89,20.74
5241,30.3867,2107.66,21.07
5242,31.3507,2085.66,21.89
5243,30.9118,2036.01,21.74
5244,30.7776,2157.82,21.72
5245,29.6011,2111.04,21.71
5246,28.7701,2317.18,21.39
5247,27.6923,2150.12,21.51
5248,29.3565,2238.29,20.29
5249,28.8902,2066.77,20.67
5250,27.7274,2129.19,20.34
5251,28.1203,2166.73,19.19
5252,28.3276,2106.18,19.96
5253,27.753,2134.91,18.59
5254,28.5959,2146.58,17.49
5255,28.7047,2144.87,17.93
5256,29.67,2269.3,18.03
5257,29.7973,2179.6,18.29
5258,29.4484,2184.44,18.14
5259,32.6787,2186.65,18.08
5260,32.3011,2189.46,18.45
5261,30.8257,2146.01,19.16
5262,31.7179,2129.87,19.72
5263,31.7829,2157.1,19.95
5264,32.2519,2214.33,20.63
5265,30.4058,2210.18,21.74
5266,31.6237,2125.72,22.56
5267,29.9499,2183.62,22.31
5268,28.9313,2123.14,22.65
5269,30.1911,2133.99,22.42
5270,30.2826,2100.55,22.15
5271,31.0097,2114.95,21.25
5272,27.7412,2203.1,21.07
5273,29.1102,2124.82,20.31
5274,28.1722,2123.94,19.89
5275,29.1778,2025.43,19.52
5276,27.5246,2090.04,19.36
5277,27.9291,2090.36,18.8
5278,28.6293,2051.25,18.19
5279,29.6749,2098.37,18.1
5280,29.4871,2067.32,23.22
5281,30.9155,2093.79,23.4
5282,31.5715,2092.13,22.51
5283,31.5403,2023.29,23.05
5284,32.5941,2052.45,24.55
5285,31.7816,2076.7,24.45
5286,30.5265,2138.76,24.79
5287,32.5396,2078.71,25.39
5288,30.8149,2019.17,25.87
5289,31.789,2078.38,26.69
5290,32.009,2152.42,26.18
5291,30.7536,2100.49,26.94
5292,28.8031,2073.85,27.12
5293,28.8772,2080.05,27.13
5294,30.3082,2118.43,26.84
5295,28.804,2092.1,26.67
5296,28.7646,2057.12,25.71
5297,29.1582,2082.81,25.05
5298,29.0571,1949.4,26.23
5299,28.7742,1919.81,24.33
5300,28.534,2015.06,23.91
5301,28.6892,2005.49,23.92
5302,29.9363,1964.52,24.07
5303,30.0546,2042.56,22.8
5304,29.7942,1877.16,22.5
5305,31.2539,1952.84,22.45
5306,30.6468,1951.9,24.06
5307,30.3793,1878.98,23.07
5308,30.6919,2063.09,23.99
5309,30.6659,1888.19,23.99
5310,31.2821,1930.88,24.28
5311,32.4359,2017.2,25.37
5312,30.655,1998.14,25.53
5313,31.2114,1889.66,26.07
5314,30.2246,1993.98,27.74
5315,30.18,1967.43,27.14
5316,28.792,2087.16,27.47
5317,29.4353,1968.68,27.34
5318,29.095,1933.38,26.68
5319,29.3716,1888.0,26.19
5320,28.8796,1892.42,26.12
5321,27.5924,1885.36,25.6
5322,29.3674,2015.15,24.72
5323,28.7194,1932.09,24.55
5324,28.8597,1963.21,23.65
5325,28.932,2018.59,23.5
5326,28.8358,1784.82,23.1
5327,29.786,2001.82,22.43
5328,30.3805,1927.33,21.82
5329,28.9907,1949.19,22.6
5330,30.319,1872.64,24.17
5331,30.8567,1876.45,23.43
5332,31.504,1950.67,24.39
5333,32.4035,2064.16,23.42
5334,30.8826,1981.2,24.5
5335,31.0505,1997.02,24.84
5336,30.889,1909.82,25.9
5337,30.4194,1885.74,27.63
5338,30.4723,1875.49,26.96
5339,31.0049,1893.8,27.78
5340,29.1569,1800.84,26.87
5341,29.954,1881.59,27.61
5342,27.8885,1892.71,27.77
5343,28.4903,1917.21,26.36
5344,28.4374,1937.2,25.73
5345,29.891,1952.76,24.86
5346,28.2802,1931.99,24.85
5347,26.7901,1900.02,24.52
5348,27.1019,1819.28,25.02
5349,28.9666,1904.87,22.94
5350,29.741,1883.5,23.3
5351,29.9121,1972.41,22.16
5352,30.1341,2001.74,22.79
5353,31.318,2006.36,23.22
5354,30.3183,1998.45,23.52
5355,31.7766,1948.14,23.88
5356,29.9934,1928.06,24.2
5357,30.7249,1917.9,24.77
5358,30.0544,1875.73,25.02
5359,31.229,2029.25,24.99
5360,31.262,1962.92,25.07
5361,31.1519,1902.38,26.14
5362,30.7995,1931.41,26.66
5363,29.6462,1932.91,27.56
5364,29.8478,1991.52,26.95
5365,28.4138,2057.06,26.83
5366,30.3406,1976.28,26.92
5367,28.6964,1866.21,26.28
5368,28.3099,1994.28,26.41
5369,29.8223,2000.57,26.51
5370,27.5062,2000.8,26.1
5371,27.6506,1981.04,24.53
5372,27.824,2036.16,24.17
5373,28.885,2031.53,24.38
5374,29.5953,2030.54,23.19
5375,30.2035,2061.27,23.41
5376,32.0576,2015.21,22.43
5377,28.5887,2016.29,22.91
5378,31.237,2132.78,23.85
5379,30.615,2088.0,23.23
5380,30.8299,2108.5,23.94
5381,30.9531,2136.88,23.7
5382,30.773,2099.26,26.0
5383,32.7965,2127.76,26.15
5384,31.9729,1981.61,26.09
5385,31.0792,2092.88,26.67
5386,31.8308,2073.88,26.93
5387,29.1782,2189.65,27.62
5388,28.9354,2148.72,26.74
5389,27.8694,2059.25,27.3
5390,28.6905,2123.37,27.27
5391,29.0687,2114.9,27.02
5392,28.7832,2135.86,24.87
5393,28.6706,2051.13,25.22
5394,27.3712,2137.42,24.49
5395,29.1936,2105.59,24.56
5396,28.8927,2139.57,22.99
5397,29.5258,2082.39,22.56
5398,27.7358,2093.86,24.35
5399,29.861,2202.39,23.38
5400,29.0498,2071.73,23.06
5401,30.0704,2078.89,23.25
5402,31.1775,2137.05,23.34
5403,31.1335,2096.29,24.08
5404,30.6178,2091.82,23.68
5405,31.4539,2153.4,24.58
5406,30.2748,2058.81,25.11
5407,32.3691,2090.51,24.99
5408,31.1348,2275.95,26.64
5409,31.9555,2181.83,26.19
5410,30.3288,2110.87,27.24
5411,29.9694,2182.0,26.99
5412,29.3887,2192.03,27.82
5413,30.3127,2218.57,26.41
5414,28.6825,2152.03,26.19
5415,29.455,2218.84,25.96
5416,28.395,2038.36,26.07
5417,26.9703,2097.54,26.29
5418,28.0437,2170.83,25.8
5419,27.6078,2180.69,23.33
5420,28.7281,2105.96,24.12
5421,27.987,2175.81,21.98
5422,29.9908,2122.23,23.67
5423,29.5389,2142.29,23.63
5424,29.8579,2219.48,22.98
5425,30.9129,2211.45,23.11
5426,31.5211,2095.85,23.3
5427,31.0446,2090.83,23.19
5428,30.6821,2128.03,24.22
5429,30.0297,2149.38,24.37
5430,30.9512,2109.64,25.47
5431,30.9551,2209.53,25.46
5432,31.3847,2165.77,25.57
5433,30.7845,2166.97,25.65
5434,31.3003,2064.16,25.8
5435,29.8978,2207.59,27.59
5436,29.9544,1965.61,26.77
5437,30.559,2182.0,27.1
5438,29.5235,2185.02,27.62
5439,28.8913,2099.91,26.13
5440,28.2194,2199.0,25.69
5441,28.0445,2115.49,25.45
5442,27.8195,2119.56,25.01
5443,28.1183,2132.63,25.43
5444,29.3055,2299.79,24.78
5445,28.7618,2185.51,23.9
5446,28.1702,2143.07,23.99
5447,31.0263,2042.3,22.98
5448,30.256,2101.68,23.15
5449,29.2627,2040.2,22.92
5450,30.3965,2134.17,22.62
5451,31.1494,2089.06,24.19
5452,32.6627,2008.9,24.27
5453,30.5624,2076.93,24.49
5454,32.2808,2016.74,25.0
5455,32.5685,2072.38,24.76
5456,30.7961,2007.34,25.51
5457,30.8386,2056.08,26.58
5458,29.921,2095.0,26.47
5459,30.2255,2042.3,26.82
5460,29.9707,2017.55,26.95
5461,30.1395,2048.71,26.59
5462,30.1221,2073.86,26.25
5463,28.3409,1961.13,25.61
5464,27.1271,2038.75,25.93
5465,28.5341,2097.74,25.83
5466,28.7348,2048.72,24.18
5467,28.7506,2013.41,24.47
5468,28.4396,2044.01,24.14
5469,29.0391,2028.52,23.09
5470,30.4624,2042.38,23.98
5471,29.9172,1871.58,22.88
5472,29.7013,1895.73,22.95
5473,29.9881,2045.22,22.99
5474,30.6141,1890.68,22.38
5475,32.3701,2001.25,24.09
5476,31.1524,1952.28,23.52
5477,31.4331,1909.97,24.36
5478,31.1141,1987.16,25.3
5479,32.3281,1974.79,26.25
5480,32.8669,2086.0,25.46
5481,31.4212,1918.66,26.19
5482,30.8162,2039.44,27.42
5483,30.4177,1971.19,27.16
5484,28.0926,1907.52,27.34
5485,30.2079,1992.4,26.41
5486,29.3573,1975.8,26.54
5487,29.282,1941.54,26.33
5488,28.1318,1953.05,25.57
5489,28.2435,1899.09,24.68
5490,28.1712,1883.34,24.74
5491,29.3684,1976.58,25.16
5492,28.398,1915.86,24.03
5493,30.6055,1922.93,24.27
5494,29.5947,1943.12,23.36
5495,28.5912,1941.01,22.69
5496,29.8972,1838.25,23.64
5497,29.8669,2000.27,23.17
5498,28.9945,1929.61,23.75
5499,32.3402,1909.6,23.05
5500,31.8616,1947.19,24.52
5501,31.8755,1935.28,25.02
5502,31.6323,1967.02,25.14
5503,30.3433,1953.36,25.11
5504,30.9121,1964.41,25.98
5505,31.7341,2002.81,26.72
5506,29.909,1975.36,26.85
5507,28.3628,1913.46,27.23
5508,29.8183,1856.63,27.51
5509,29.4984,2025.16,26.61
5510,29.3585,1912.07,26.15
5511,29.5222,1899.35,26.4
5512,29.211,1825.09,25.84
5513,28.7581,1951.32,25.91
5514,29.4564,1941.82,24.46
5515,27.3359,1844.0,24.99
5516,29.1046,1964.27,24.68
5517,29.4406,1909.5,23.59
5518,28.2584,2103.27,23.3
5519,28.4095,1910.29,22.68
5520,29.4032,1921.07,22.73
5521,29.859,1897.56,22.86
5522,31.3527,2029.71,23.99
5523,30.569,1933.78,23.55
5524,30.614,1915.88,23.34
5525,30.9596,2005.14,24.61
5526,32.3949,1883.36,25.41
5527,31.4593,2007.25,25.5
5528,31.1556,2080.29,26.73
5529,30.9727,2011.15,26.8
5530,31.7836,2019.27,26.21
5531,29.7889,2037.13,26.66
5532,31.0524,2091.52,27.11
5533,29.7802,2065.61,26.1
5534,29.1217,2023.54,26.9
5535,30.9401,2055.6,25.53
5536,27.8565,1952.47,26.51
5537,28.2682,2056.52,25.97
5538,27.5141,1953.96,25.25
5539,29.3131,1996.67,24.14
5540,30.0523,1838.16,24.09
5541,30.2753,2051.65,23.33
5542,30.2292,1993.4,22.75
5543,29.4537,2103.18,22.9
5544,29.7078,2064.41,23.35
5545,29.0513,2112.93,23.09
5546,32.3787,1984.95,23.99
5547,31.4358,2116.74,23.97
5548,30.9055,2185.24,24.33
5549,32.5113,2109.16,23.68
5550,30.7218,2115.12,24.86
5551,31.7742,2082.23,24.99
5552,31.1609,2044.89,25.91
5553,31.5716,2126.31,26.07
5554,30.6991,1994.48,26.54
5555,29.2275,2063.92,27.46
5556,30.0605,1986.8,27.24
5557,30.4509,2054.85,27.44
5558,29.2266,2139.52,25.93
5559,29.5594,2135.17,26.44
5560,27.8645,2111.65,26.48
5561,28.5301,2122.48,26.27
5562,28.0004,2002.67,24.23
5563,29.1487,2096.92,24.31
5564,28.7262,2081.74,24.52
5565,29.4914,2086.31,23.49
5566,30.1202,2164.94,22.81
5567,30.1651,2080.33,22.29
5568,30.2185,2098.54,22.53
5569,29.5897,2012.33,22.22
5570,30.7478,2122.5,23.3
5571,30.6342,2077.34,24.03
5572,31.0238,2149.68,23.37
5573,31.1493,2090.03,24.61
5574,30.7161,2155.39,25.42
5575,29.883,2142.31,25.52
5576,30.7645,2253.03,25.19
5577,31.2154,2184.1,26.61
5578,29.6715,2045.29,26.7
5579,30.4008,2081.02,26.85
5580,31.5202,2161.3,26.73
5581,30.4302,2103.12,26.98
5582,30.5648,1981.56,26.99
5583,29.2522,2241.22,27.61
5584,29.635,2203.88,26.06
5585,27.9719,2192.17,26.27
5586,27.9845,2124.56,25.18
5587,26.3598,2186.58,24.43
5588,29.6499,2118.4,24.07
5589,30.1716,2172.54,22.97
5590,28.8075,2104.42,23.42
5591,29.4086,2249.89,22.07
5592,29.3969,2063.78,22.57
5593,30.6944,2230.85,23.12
5594,31.6499,2158.0,23.86
5595,29.6664,2124.9,24.3
5596,31.6266,2162.73,23.88
5597,31.2276,2194.99,24.56
5598,31.5907,2231.12,25.49
5599,31.8161,2165.88,24.85
5600,31.1485,2091.48,26.2
5601,30.9778,2145.94,26.0
5602,30.5789,2249.16,26.65
5603,31.1645,2218.41,26.7
5604,30.335,2189.35,27.22
5605,29.7882,2179.7,27.21
5606,28.2332,2170.93,27.18
5607,28.6365,2195.38,26.59
5608,29.4199,2095.22,26.09
5609,28.5813,2037.97,26.44
5610,29.0276,2119.96,24.24
5611,29.9643,2063.2,25.33
5612,29.5318,2045.3,23.86
5613,29.0139,2061.63,23.87
5614,28.8412,2250.12,23.11
5615,27.5689,2105.24,22.72
5616,29.8653,2114.78,23.24
5617,30.1274,2015.65,23.59
5618,31.0623,1974.22,23.5
5619,30.9375,2031.49,23.31
5620,31.0427,2162.66,25.81
5621,30.0254,2092.11,25.08
5622,30.748,2103.62,25.47
5623,31.8302,2107.62,25.34
5624,32.6718,2023.4,25.69
5625,30.9826,2137.71,26.27
5626,31.0122,2012.0,27.27
5627,31.1502,2129.86,26.44
5628,29.3513,2067.54,26.47
5629,29.9052,1929.17,27.2
5630,28.6576,1987.15,26.89
5631,29.6312,1920.47,26.03
5632,28.8221,2092.91,25.45
5633,28.7899,2017.21,26.24
5634,27.8739,1880.6,25.18
5635,29.1167,2032.49,23.8
5636,30.3687,1973.4,23.35
5637,28.133,1912.34,23.41
5638,28.9782,2097.84,23.63
5639,29.7971,1999.45,23.37
5640,30.6291,1971.33,23.57
5641,29.9406,1960.96,22.32
5642,28.4836,1890.2,23.38
5643,32.148,1898.88,24.3
5644,31.9074,2050.5,24.67
5645,30.0545,1941.31,24.66
5646,31.0139,1967.51,26.17
5647,32.7034,1840.07,25.82
5648,32.4573,1880.29,26.52
5649,31.8116,1992.74,26.44
5650,30.6091,1975.7,26.34
5651,30.4546,2055.25,26.49
5652,29.8953,2027.76,27.09
5653,30.5144,1930.61,26.83
5654,28.5493,1970.23,25.85
5655,28.2947,1920.4,25.9
5656,29.5092,2060.37,25.84
5657,28.5156,2003.85,25.88
5658,29.6028,1943.06,24.99
5659,28.0139,1943.04,24.45
5660,28.6571,2015.99,23.51
5661,28.2014,1962.51,23.6
5662,29.2559,2019.85,23.93
5663,28.4289,1793.47,23.15
5664,29.6099,1951.68,22.25
5665,29.2392,1892.17,22.44
5666,31.3051,2027.72,23.56
5667,31.6339,2014.54,23.47
5668,29.9148,1923.31,23.96
5669,32.516,2013.22,24.18
5670,33.4979,2027.99,25.25
5671,31.4857,1925.55,25.37
5672,30.7861,2069.65,25.91
5673,33.3201,1919.87,25.99
5674,29.6948,1909.47,27.19
5675,30.4043,1975.04,26.82
5676,30.1437,1902.78,27.3
5677,30.6879,1930.21,26.34
5678,29.5378,2010.9,27.6
5679,28.5404,1928.89,27.05
5680,27.94,1827.59,25.05
5681,28.2777,1953.05,25.12
5682,27.6945,1891.11,25.24
5683,28.5894,1986.82,23.82
5684,28.2496,1978.85,23.93
5685,27.7441,2027.68,23.8
5686,30.2541,1996.3,23.18
5687,29.2136,2009.86,23.34
5688,28.9855,1907.03,22.65
5689,30.2536,1998.28,21.95
5690,30.8047,2071.14,23.76
5691,29.6635,1914.83,24.07
5692,31.5644,2067.36,25.25
5693,30.6112,1929.76,23.38
5694,32.8688,1915.06,25.38
5695,31.8681,1987.51,24.53
5696,30.9791,2016.36,26.88
5697,30.4645,2031.86,26.66
5698,30.666,1923.29,26.26
5699,30.8785,2011.0,27.32
5700,29.9796,1947.8,26.72
5701,29.438,1903.68,27.08
5702,29.2967,1941.43,26.84
5703,28.4563,1956.31,27.29
5704,28.4264,2036.93,26.91
5705,26.8825,2079.07,25.22
5706,29.279,1925.91,25.53
5707,28.7901,2039.81,24.66
5708,28.0822,1952.51,23.29
5709,30.4583,2065.31,23.24
5710,29.3196,1994.67,24.44
5711,28.7829,1973.43,23.25
5712,30.6854,2088.98,23.5
5713,30.7067,2010.27,22.96
5714,31.0657,2031.01,23.0
5715,30.7201,1921.24,23.6
5716,31.6594,2115.68,23.87
5717,31.2395,2112.56,23.74
5718,31.9448,2068.03,24.5
5719,29.9249,1980.4,25.87
5720,30.9519,2148.93,25.81
5721,32.4384,2040.66,26.43
5722,30.1363,2057.64,26.85
5723,29.9052,2227.71,27.09
5724,29.6416,2050.85,27.57
5725,28.6399,2141.6,26.38
5726,27.4834,2134.73,27.02
5727,28.7549,2128.25,26.79
5728,28.8096,2125.52,26.49
5729,28.5091,2134.84,24.81
5730,28.3841,2132.14,25.13
5731,28.5855,2116.16,25.34
5732,29.5192,2213.3,23.95
5733,28.787,2047.09,23.83
5734,28.7907,2190.25,23.66
5735,29.3869,2181.3,22.56
5736,30.4635,2176.72,23.92
5737,31.5179,2204.57,23.32
5738,30.2475,2134.59,23.53
5739,31.1398,2030.47,22.75
5740,31.5697,2140.59,24.4
5741,30.6548,2087.62,24.74
5742,31.5163,2105.2,25.81
5743,30.2763,2076.44,25.36
5744,29.8838,2124.06,25.51
5745,31.3541,2118.47,26.07
5746,30.4429,2013.01,26.48
5747,30.5501,2198.92,26.37
5748,29.9857,2291.21,27.65
5749,28.8307,2195.28,27.6
5750,29.2138,2147.48,26.63
5751,27.9529,2156.96,26.22
5752,29.8137,2135.41,25.09
5753,27.4663,2166.32,25.87
5754,28.3434,2158.78,25.83
5755,27.7173,2110.45,24.16
5756,29.1573,2261.64,23.94
5757,28.6742,2071.02,23.8
5758,28.8351,2202.76,24.13
5759,30.2943,2152.84,23.17
5760,30.0235,2272.04,23.1
5761,30.8015,2177.36,23.16
5762,29.9649,2134.07,22.56
5763,29.9368,2139.4,22.86
5764,31.3848,2155.1,23.6
5765,31.1938,2082.42,24.99
5766,32.0011,2103.1,24.83
5767,31.385,2040.0,25.25
5768,31.4631,2089.54,25.73
5769,29.762,2148.24,26.35
5770,32.2607,2158.16,27.58
5771,30.2568,2018.79,26.86
5772,30.5581,2126.59,26.61
5773,28.9429,2165.76,26.94
5774,29.4964,2119.19,27.61
5775,27.8971,2087.83,26.16
5776,29.0626,2097.89,25.41
5777,28.2663,2086.83,25.27
5778,28.5234,2077.61,25.06
5779,29.1095,2122.69,24.83
5780,27.7149,2247.06,24.5
5781,28.3917,2060.22,23.06
5782,29.6159,2081.91,22.79
5783,31.2903,2093.97,22.91
5784,29.8895,2051.82,23.34
5785,30.8611,2154.88,22.44
5786,30.6644,1942.59,22.96
5787,32.6145,2048.77,23.29
5788,29.9013,2125.47,24.47
5789,31.5246,2054.41,24.75
5790,30.1996,2018.45,25.45
5791,29.4436,2089.75,26.19
5792,31.537,2113.27,25.85
5793,31.1723,2067.07,25.82
5794,30.5221,2001.89,26.14
5795,30.3033,2072.86,26.01
5796,32.4786,2016.88,26.77
5797,29.4052,2081.22,26.74
5798,29.6581,2121.03,27.13
5799,28.4198,1871.23,26.42
5800,28.9371,2029.78,25.75
5801,28.3605,1914.55,25.46
5802,28.1716,2160.8,24.48
5803,30.0062,1981.85,25.0
5804,29.6427,2050.41,23.61
5805,29.0487,1999.25,23.02
5806,27.4066,1948.97,23.68
5807,29.323,1937.69,23.36
5808,32.1624,2084.07,22.14
5809,30.2037,2042.28,23.5
5810,31.6326,2097.62,22.9
5811,32.2142,1980.48,23.4
5812,31.4742,1990.68,24.09
5813,30.7754,1953.71,24.78
5814,29.5518,1948.96,25.22
5815,31.9962,1900.21,25.49
5816,30.6472,1964.42,25.79
5817,31.2016,1908.79,26.62
5818,29.7501,1979.55,26.67
5819,30.176,1960.24,27.83
5820,30.027,1964.44,27.29
5821,29.8266,2044.96,26.47
5822,28.3581,1939.59,26.49
5823,29.8969,1984.8,26.44
5824,28.2234,2060.17,26.65
5825,27.2115,2013.3,26.22
5826,28.4128,2002.07,24.8
5827,28.5786,1912.61,24.02
5828,28.8294,1943.07,23.47
5829,30.029,1848.64,23.71
5830,29.0608,1956.27,24.42
5831,29.5161,1941.56,23.34
5832,29.1175,1925.41,22.2
5833,31.0447,1984.72,22.71
5834,30.8974,1849.87,22.96
5835,30.7246,2019.85,23.17
5836,29.7753,1975.44,23.81
5837,32.6044,1916.85,24.67
5838,30.5179,1912.08,25.34
5839,30.9759,1949.92,26.06
5840,31.5857,2012.59,26.26
5841,30.1034,1927.85,25.44
5842,29.5552,1930.98,26.2
5843,28.6891,1924.18,26.85
5844,30.5768,2030.93,27.07
5845,29.1756,1902.96,27.36
5846,31.5918,1924.56,26.75
5847,28.1439,2015.54,26.44
5848,27.9638,1938.12,26.12
5849,28.0988,1999.24,25.39
5850,28.6945,1878.21,25.04
5851,28.1749,1922.59,25.05
5852,29.1908,2026.14,23.96
5853,28.1565,1898.81,23.57
5854,28.1447,1932.77,23.25
5855,28.1732,1959.85,23.72
5856,28.2211,1887.83,22.45
5857,29.9738,1925.21,23.96
5858,30.5092,1959.79,22.68
5859,30.5555,1958.95,23.26
5860,32.2938,2036.2,24.37
5861,32.4313,2055.21,25.0
5862,31.2322,1914.82,24.3
5863,30.0138,1976.42,24.97
5864,30.8457,2013.86,26.14
5865,30.5808,2068.14,27.59
5866,30.2243,2024.11,27.36
5867,29.8301,2002.38,26.81
5868,29.4772,2028.93,25.79
5869,29.3025,2033.44,26.97
5870,28.7416,1941.5,26.91
5871,29.106,2012.93,26.22
5872,28.9893,2093.18,25.57
5873,27.8226,1997.5,25.6
5874,29.5169,2022.06,24.53
5875,27.7671,2004.14,25.42
5876,27.4067,1884.28,24.76
5877,29.244,2028.8,23.91
5878,28.5961,2050.14,23.31
5879,29.8688,2005.76,22.74
5880,28.0771,1971.72,22.99
5881,31.5022,1992.65,23.89
5882,31.2878,2095.82,23.7
5883,29.8603,2172.79,23.69
5884,30.116,2141.83,24.46
5885,32.7867,1982.65,24.76
5886,30.9101,2118.98,25.2
5887,30.7815,2032.27,26.01
5888,29.4862,2041.43,26.26
5889,30.78,2052.91,26.84
5890,30.5678,2127.2,26.81
5891,30.9606,2146.54,26.8
5892,28.8807,2087.18,26.73
5893,28.3955,2092.21,26.6
5894,29.6108,2128.86,25.93
5895,29.7447,2138.92,25.96
5896,27.444,2179.17,25.53
5897,29.4163,2035.2,25.26
5898,28.53,2117.02,25.78
5899,29.4246,2055.19,24.4
5900,28.6448,2119.56,24.12
5901,26.9215,2112.28,23.72
5902,29.1284,2126.16,24.06
5903,30.4599,2083.97,22.78
5904,29.285,2045.58,22.89
5905,30.0779,2011.89,23.02
5906,30.6091,2132.28,23.84
5907,28.741,2116.75,24.26
5908,32.6361,2104.37,24.24
5909,30.7278,2226.45,25.1
5910,31.9046,2097.55,25.09
5911,31.3795,2236.0,25.43
5912,32.3051,2250.14,26.59
5913,31.3855,2037.21,26.66
5914,30.5621,2161.21,26.36
5915,29.6734,2132.93,27.43
5916,30.6383,1983.28,26.9
5917,28.113,2072.23,26.77
5918,29.7667,2206.16,27.18
5919,28.0601,2281.4,26.37
5920,29.7028,2214.83,26.19
5921,28.6802,2180.33,25.85
5922,29.0153,2159.72,24.61
5923,28.6167,2261.88,24.67
5924,27.2991,2289.56,24.67
5925,28.2508,2125.03,23.11
5926,29.7879,2039.66,23.49
5927,29.7451,2033.02,22.65
5928,30.9448,2237.3,23.51
5929,30.7108,2154.09,23.57
5930,29.9766,2166.66,23.09
5931,30.4238,2046.83,24.69
5932,31.3814,2107.51,24.55
5933,29.5977,2133.26,24.84
5934,32.8388,2161.59,25.33
5935,31.8023,2123.18,26.01
5936,32.2807,2082.68,25.5
5937,29.7962,2095.53,26.51
5938,31.7457,2212.65,26.92
5939,32.1734,2152.24,26.73
5940,28.9433,2171.55,27.23
5941,30.2289,2078.02,27.55
5942,29.2509,1951.74,26.52
5943,27.7038,2094.47,26.39
5944,29.0953,2070.63,25.59
5945,29.218,2140.22,24.62
5946,28.0191,2312.96,25.39
5947,29.4838,2153.97,24.47
5948,27.3676,2272.76,24.02
5949,27.7435,2138.97,23.09
5950,29.3593,2063.21,23.18
5951,29.6321,2117.95,23.62
5952,29.4267,2199.9,23.0
5953,31.0359,2198.76,23.08
5954,31.1747,2050.32,23.37
5955,31.7472,2095.82,22.97
5956,31.2005,1990.61,24.31
5957,31.931,2121.54,23.85
5958,31.1435,2160.9,24.53
5959,33.0919,2065.7,24.99
5960,30.649,2018.84,25.91
5961,32.7449,2076.04,26.24
5962,30.7779,2075.02,26.73
5963,29.2878,2050.36,26.48
5964,31.0945,2051.72,27.5
5965,29.7125,2026.08,27.35
5966,29.9309,2091.79,26.65
5967,29.9184,2071.74,26.18
5968,28.9713,1964.13,25.71
5969,28.0773,1958.06,25.36
5970,29.2806,1999.04,24.3
5971,28.5517,2054.15,24.0
5972,29.2496,2014.51,24.43
5973,27.2164,1962.78,23.74
5974,29.6076,2012.85,24.09
5975,29.1009,1973.16,22.92
5976,31.3226,2041.76,22.82
5977,30.8867,2004.91,22.86
5978,30.9419,1962.08,23.11
5979,31.4497,1991.05,23.26
5980,30.5003,2052.3,24.14
5981,32.7475,1935.56,24.5
5982,33.0931,1990.34,24.75
5983,31.7632,1958.5,26.14
5984,32.5714,1985.0,26.95
5985,30.6053,1916.87,27.0
5986,30.1123,1959.65,27.01
5987,30.421,2016.51,27.31
5988,30.348,1890.96,27.93
5989,29.2966,1864.68,27.31
5990,29.6802,1864.36,26.44
5991,29.1845,1869.15,26.61
5992,27.9023,1972.8,26.31
5993,28.9661,1850.55,25.02
5994,29.1908,1915.01,24.86
5995,28.6883,1968.11,25.03
5996,29.6231,1954.29,23.09
5997,27.9654,1904.6,22.96
5998,29.6244,1937.79,23.18
5999,28.6755,1931.52,23.24
6000,29.1087,1910.55,22.32
6001,29.8835,1910.44,23.0
6002,29.9964,2056.47,23.84
6003,30.6223,1970.31,23.62
6004,31.1277,2070.17,24.47
6005,32.1186,1891.27,24.19
6006,31.2431,1915.9,24.6
6007,30.1804,1841.16,25.94
6008,32.2111,1872.76,26.18
6009,30.391,2035.87,25.82
6010,30.703,1891.02,26.33
6011,30.7455,2038.25,27.71
6012,30.1597,1849.41,26.54
6013,30.4871,1861.88,27.4
6014,29.6332,1905.86,26.49
6015,28.2503,1923.91,26.41
6016,30.4438,1984.68,26.15
6017,28.7066,1958.06,24.47
6018,28.3821,1907.9,24.27
6019,29.3223,1926.91,24.53
6020,28.9005,1917.93,23.64
6021,29.2587,1884.51,24.08
6022,31.2437,1888.57,22.46
6023,29.3917,2006.12,23.35
6024,29.7458,1837.49,22.31
6025,30.4815,2047.08,22.89
6026,31.6072,1932.45,22.74
6027,29.8554,1909.8,24.54
6028,29.7266,2003.76,23.33
6029,30.9792,2051.84,24.42
6030,30.1929,2033.24,24.14
6031,31.109,1999.85,26.32
6032,31.701,2038.61,26.2
6033,30.3481,1874.17,26.48
6034,29.6085,1949.69,27.47
6035,30.4437,1930.26,27.01
6036,30.69,2062.41,27.11
6037,28.2558,1970.0,27.0
6038,29.9062,2047.88,27.01
6039,29.5932,2033.52,26.17
6040,29.4642,1953.89,25.89
6041,29.5259,1974.72,25.92
6042,30.2616,2091.93,25.14
6043,28.2662,1972.16,24.43
6044,28.7886,2030.61,23.3
6045,28.6062,1980.61,24.33
6046,29.2516,2013.2,22.94
6047,30.8381,2033.74,23.56
6048,28.924,1994.03,23.09
6049,29.6994,1987.86,22.42
6050,31.8517,2067.14,23.89
6051,31.8767,2003.75,23.71
6052,31.0085,2010.25,24.67
6053,32.1324,2006.97,24.39
6054,31.773,2063.03,25.35
6055,32.6491,2128.68,24.64
6056,31.3586,2166.76,25.75
6057,31.8812,2037.08,25.78
6058,32.8636,2213.86,26.54
6059,30.8667,2028.7,27.17
6060,30.0395,2158.08,26.7
6061,30.1897,2053.77,27.36
6062,28.9578,2048.74,26.3
6063,30.8497,2060.16,26.86
6064,28.845,2105.45,26.65
6065,28.3328,2147.06,26.02
6066,27.8314,2156.01,24.83
6067,29.4289,2062.64,23.42
6068,29.3947,2063.24,24.29
6069,28.5415,2070.85,23.52
6070,29.7112,2122.28,22.78
6071,28.4049,2119.35,22.79
6072,30.148,2077.81,23.72
6073,30.7504,2153.73,22.5
6074,32.1159,2275.9,23.5
6075,30.444,2112.32,23.69
6076,30.2764,2118.91,23.82
6077,30.7325,2180.67,24.8
6078,30.4307,2115.59,25.82
6079,32.5182,2191.13,25.37
6080,32.5379,2109.59,25.88
6081,31.3168,2264.19,26.73
6082,31.727,2176.36,27.19
6083,30.4954,2119.71,26.87
6084,29.9239,2122.67,26.85
6085,29.3453,2128.08,25.82
6086,29.0017,2242.02,26.34
6087,27.7011,2084.12,25.84
6088,28.9124,2120.59,26.34
6089,28.5188,2127.22,25.4
6090,29.0963,2160.06,24.86
6091,28.6259,2144.65,24.48
6092,28.5708,2071.19,23.56
6093,28.2424,2136.26,24.36
6094,29.3077,2153.69,23.92
6095,30.2024,2121.22,23.88
6096,29.0853,2199.2,23.34
6097,30.4582,2212.08,23.05
6098,30.9364,2150.97,24.08
6099,30.4862,2168.1,23.25
6100,30.8288,2023.04,23.56
6101,31.6334,2125.72,24.18
6102,30.5933,2209.41,25.26
6103,31.7288,2121.69,25.14
6104,30.5828,2100.69,25.92
6105,31.9109,2279.27,25.61
6106,32.6203,2249.29,26.97
6107,29.6996,2165.61,26.17
6108,30.4274,2203.15,26.53
6109,29.0304,1998.4,27.54
6110,30.0828,2081.71,27.32
6111,27.9271,2097.66,26.6
6112,29.0854,2108.46,26.14
6113,27.8527,2089.88,25.25
6114,28.3344,1962.82,24.61
6115,27.7263,2135.42,24.3
6116,29.3588,2141.22,23.24
6117,28.2698,2200.96,23.71
6118,29.6916,2053.7,23.29
6119,29.3365,2044.86,22.6
6120,29.9084,1932.27,23.78
6121,30.5064,2071.37,23.37
6122,30.1405,2138.91,23.61
6123,31.229,2043.93,23.34
6124,32.5233,2204.98,24.0
6125,30.8264,2056.66,24.8
6126,32.4374,2076.52,25.08
6127,32.6474,1981.52,26.32
6128,30.6461,2076.12,25.9
6129,29.8966,1935.68,26.16
6130,30.9916,2091.59,27.05
6131,29.9503,2088.95,26.3
6132,31.4949,2122.56,27.46
6133,29.6396,1975.31,26.28
6134,28.6082,2041.67,27.05
6135,28.0216,2061.39,26.09
6136,29.5729,2049.65,26.24
6137,28.0942,1966.77,25.97
6138,28.5351,1870.78,25.08
6139,29.3158,2030.76,23.88
6140,28.3136,1996.48,23.55
6141,28.9026,1967.37,23.22
6142,29.2367,2043.0,22.32
6143,30.1584,1990.32,23.63
6144,30.4726,1909.78,23.06
6145,30.2121,1869.04,22.5
6146,30.8009,1913.26,24.0
6147,30.7632,2120.74,23.24
6148,30.1169,2016.77,24.13
6149,31.655,1981.06,24.07
6150,33.0138,1955.28,23.99
6151,30.7419,1947.88,24.84
6152,30.6806,2029.41,25.78
6153,30.3641,1926.71,26.86
6154,31.3297,1987.65,26.91
6155,30.747,1929.14,27.0
6156,29.8732,2063.59,25.99
6157,28.8774,1988.99,27.57
6158,29.3239,2016.58,26.84
6159,27.6876,1904.33,26.35
6160,28.8157,2000.57,26.57
6161,29.2483,1916.15,26.14
6162,27.499,1939.49,25.58
6163,27.3251,2029.12,24.36
6164,29.9645,1866.73,23.5
6165,28.4499,1939.93,24.08
6166,30.1588,1952.61,22.59
6167,29.4886,1956.29,24.04
6168,29.8704,1896.96,23.01
6169,30.739,2048.27,22.54
6170,30.0428,1844.64,22.65
6171,31.1667,2009.29,22.95
6172,30.9938,1994.24,24.07
6173,30.3925,2035.14,24.48
6174,31.77,1825.71,24.38
6175,31.2382,1868.95,25.34
6176,31.1734,2010.85,25.32
6177,30.0925,1809.13,26.71
6178,32.0231,1825.95,26.7
6179,31.0896,1893.79,26.74
6180,30.7713,1935.53,26.36
6181,29.3674,2020.62,26.78
6182,27.8667,1915.22,26.52
6183,30.5017,1891.24,26.57
6184,28.6521,1947.98,26.08
6185,27.9521,1959.19,25.91
6186,28.8334,1959.36,24.76
6187,29.4848,1924.23,23.55
6188,28.6825,1819.77,24.5
6189,29.9622,1884.34,23.12
6190,30.1164,2027.07,22.71
6191,28.7507,1955.67,23.05
6192,29.461,1927.83,23.15
6193,31.1543,2017.13,22.8
6194,28.5799,1885.23,23.0
6195,30.9411,1942.63,23.39
6196,30.1544,1967.64,24.71
6197,31.0676,1936.24,24.48
6198,31.2609,1972.23,24.52
6199,31.1623,1958.48,25.04
6200,30.8572,1889.44,25.87
6201,30.1829,1988.04,26.53
6202,32.5835,1901.3,26.97
6203,31.8822,1994.86,26.99
6204,29.0703,2071.38,26.58
6205,30.8775,1976.15,26.72
6206,28.9304,1926.87,27.1
6207,29.0427,1993.75,25.84
6208,28.6503,1955.71,25.77
6209,28.0233,2045.61,25.82
6210,29.2871,2005.42,25.44
6211,28.6518,2121.28,24.39
6212,28.3197,2092.89,23.79
6213,27.8957,2018.38,22.92
6214,28.5351,2074.97,23.53
6215,28.2987,2012.92,23.73
6216,30.0098,2043.04,24.28
6217,29.4309,2023.8,23.26
6218,30.5376,2095.95,23.24
6219,32.1567,2140.42,23.13
6220,32.2585,2106.8,23.06
6221,31.4231,2118.63,24.57
6222,31.4303,2123.08,26.18
6223,32.9528,2105.13,26.15
6224,31.7156,2008.01,26.56
6225,30.7984,2182.69,26.54
6226,29.6092,2193.11,26.91
6227,30.7033,2074.95,25.72
6228,30.6635,2070.82,27.38
6229,29.1065,2133.82,26.64
6230,29.483,2134.05,26.38
6231,28.6485,2092.73,26.25
6232,28.5537,2033.6,25.82
6233,26.5609,2130.6,25.16
6234,28.3226,2148.9,25.01
6235,29.3266,2162.82,24.2
6236,28.1958,2143.58,24.05
6237,28.9814,2109.59,22.84
6238,28.6452,2188.61,23.16
6239,29.9001,2135.91,22.52
6240,29.8268,2106.92,22.68
6241,29.6368,2126.71,23.14
6242,31.816,2035.39,22.47
6243,31.8038,2131.67,23.17
6244,30.8151,2186.23,24.28
6245,31.8471,2167.48,23.78
6246,31.9299,2240.36,25.89
6247,31.9627,2135.21,26.12
6248,29.9436,2181.94,25.75
6249,31.8659,2201.83,26.02
6250,30.2942,2296.24,26.83
6251,30.102,2165.6,26.21
6252,32.1103,2095.34,26.0
6253,29.8533,2209.78,26.7
6254,28.9409,2271.6,26.67
6255,27.1751,2140.89,26.46
6256,29.8128,2211.13,25.69
6257,27.4749,2234.64,26.15
6258,27.6972,2222.02,24.25
6259,28.286,2168.45,23.91
6260,29.8341,2118.76,24.24
6261,29.5579,2155.37,23.0
6262,29.1237,2187.18,22.67
6263,29.8584,2213.4,23.13
6264,29.5197,2178.03,22.47
6265,30.5,2134.12,23.0
6266,30.8087,2188.99,22.92
6267,31.8357,2205.87,23.15
6268,32.0728,2175.48,22.95
6269,31.8441,2100.82,24.55
6270,31.2101,2138.23,24.38
6271,32.0423,2203.96,25.43
6272,31.2255,2061.94,25.74
6273,30.1951,2017.02,26.31
6274,30.4274,2230.63,26.66
6275,30.4559,2168.24,27.03
6276,30.7282,2171.22,26.64
6277,29.4649,2067.35,27.55
6278,28.2826,2173.22,25.81
6279,28.9847,2142.37,26.3
6280,28.7917,2027.56,26.42
6281,28.6998,2204.73,25.76
6282,29.2359,2125.34,24.51
6283,29.3662,2088.49,24.08
6284,28.2256,2085.92,23.5
6285,28.4464,1983.93,23.89
6286,28.4178,2136.6,22.9
6287,30.1708,2112.78,23.2
6288,31.1591,2081.42,23.13
6289,30.1362,2165.7,24.25
6290,30.5569,2001.81,23.42
6291,32.2341,2044.83,23.18
6292,31.7035,2025.37,23.27
6293,31.7979,2055.33,24.34
6294,30.5473,2071.75,24.94
6295,31.9919,2089.11,24.41
6296,30.5557,2038.07,25.64
6297,30.1534,2001.79,26.56
6298,30.4726,2151.13,26.47
6299,29.9196,2190.19,27.42
6300,29.8227,2049.6,26.22
6301,28.459,1991.11,27.27
6302,30.0171,2120.56,27.19
6303,29.8415,1940.76,26.89
6304,27.1431,2003.03,25.22
6305,29.3339,1976.92,25.67
6306,27.8516,1944.73,24.67
6307,29.2367,1993.14,23.78
6308,28.6462,1953.78,23.79
6309,28.9624,2002.13,23.13
6310,29.1019,1998.79,23.73
6311,30.5815,1955.73,23.32
6312,29.0083,1966.7,22.42
6313,30.8745,1971.08,22.71
6314,31.6311,2029.59,23.08
6315,31.6337,1968.25,23.55
6316,33.1588,2022.88,24.5
6317,31.0257,2004.89,24.83
6318,32.2658,2000.47,25.03
6319,31.364,2046.0,25.39
6320,32.2858,1892.22,25.11
6321,31.0545,1927.76,27.06
6322,30.4397,2058.83,26.51
6323,31.4331,1934.6,27.71
6324,29.6068,1778.27,27.1
6325,28.4816,1932.27,27.94
6326,28.8365,1949.95,27.04
6327,29.4346,1782.37,25.7
6328,29.8146,2017.11,25.69
6329,28.64,1892.08,25.43
6330,29.5546,1952.6,24.56
6331,27.4646,1917.45,24.29
6332,28.3464,1851.99,23.32
6333,28.7085,1863.5,23.59
6334,29.1584,1870.23,23.39
6335,29.679,1990.23,22.57
6336,30.5527,1915.16,23.97
6337,30.0324,1891.78,23.1
6338,30.8612,1866.26,22.86
6339,31.0246,1993.52,22.77
6340,30.5583,2009.19,24.03
6341,31.358,1992.17,24.35
6342,31.3851,1950.55,25.39
6343,31.3168,1938.47,25.45
6344,31.3244,1848.38,25.4
6345,31.1212,1907.01,27.25
6346,30.4042,1881.31,26.95
6347,31.4064,1813.56,26.8
6348,29.0644,1987.43,27.08
6349,29.035,1883.34,27.17
6350,31.474,1998.09,26.02
6351,28.1089,1980.64,26.49
6352,27.618,1962.7,25.77
6353,29.1387,1967.79,25.77
6354,26.8383,1895.96,24.63
6355,28.3629,2046.38,24.18
6356,30.4176,1939.66,24.83
6357,27.7034,1957.51,24.2
6358,27.6644,1902.91,21.62
6359,28.4124,1888.58,23.65
6360,30.7187,1975.82,22.96
6361,31.288,1963.09,22.71
6362,30.3399,1905.67,22.76
6363,31.6072,1869.84,23.11
6364,32.4112,1883.18,23.66
6365,32.8788,2034.49,23.92
6366,31.3029,1929.39,24.32
6367,29.6077,1949.41,25.0
6368,30.6423,2060.42,26.16
6369,30.7192,1909.83,26.44
6370,30.5428,1937.38,27.01
6371,30.2379,1938.8,26.9
6372,30.8951,2086.02,26.35
6373,30.6313,2112.62,27.18
6374,29.1127,2042.25,26.23
6375,29.8181,2048.37,26.74
6376,28.9871,1970.81,25.42
6377,28.6027,2126.78,25.17
6378,29.2252,2030.36,24.82
6379,28.6089,2069.88,24.82
6380,30.3472,2016.78,24.09
6381,27.7886,2011.48,23.6
6382,28.8379,2131.81,24.21
6383,29.5106,2068.9,22.15
6384,30.3516,2128.08,22.48
6385,31.4026,2060.81,22.53
6386,30.7305,1999.07,22.38
6387,29.9229,2019.44,23.23
6388,31.973,2065.06,24.34
6389,32.0529,2025.72,24.19
6390,29.9465,2001.25,24.83
6391,31.4458,2144.14,24.66
6392,30.0269,2043.68,25.6
6393,30.5289,2088.93,26.18
6394,30.0278,2102.61,27.05
6395,31.0356,2053.7,26.09
6396,30.0935,2180.11,26.77
6397,28.5833,2030.04,27.48
6398,29.9541,2116.7,26.51
6399,27.7923,2119.61,25.36
6400,28.9651,2105.34,26.64
6401,27.8999,2034.44,25.89
6402,28.2075,2168.07,25.43
6403,28.9545,2163.89,23.61
6404,29.1181,2082.09,24.76
6405,30.0089,2168.3,23.2
6406,29.1842,2151.46,23.01
6407,29.8569,2055.12,22.72
6408,29.6498,2083.58,23.47
6409,30.5338,2205.85,22.98
6410,31.1016,2158.71,23.51
6411,30.982,2108.75,23.62
6412,29.856,2093.41,23.95
6413,31.7141,2116.17,24.01
6414,31.7916,2122.45,25.91
6415,30.9047,2100.23,24.79
6416,30.2715,2048.2,26.21
6417,32.2414,2222.67,26.6
6418,31.1432,2213.91,27.31
6419,30.205,2080.52,27.63
6420,29.0904,2166.17,26.93
6421,28.9543,2104.77,27.2
6422,30.2921,2143.97,27.61
6423,29.0495,2139.56,26.38
6424,28.2605,2134.99,25.47
6425,28.9589,2281.09,25.33
6426,27.8485,2134.58,24.35
6427,29.7518,2112.42,24.67
6428,29.7832,2114.91,24.53
6429,28.5661,2222.87,23.53
6430,28.7471,2060.53,22.46
6431,27.5173,2113.15,23.58
6432,28.8147,2244.8,22.11
6433,29.3167,2171.55,22.3
6434,30.8582,2167.18,23.18
6435,30.7997,2282.19,23.71
6436,30.2228,2167.49,24.21
6437,31.224,2108.5,24.45
6438,31.9043,2132.19,25.88
6439,31.8712,2078.97,25.55
6440,29.7793,2220.28,26.52
6441,30.958,2177.08,26.81
6442,29.6433,2207.61,26.09
6443,31.1096,2210.33,26.85
6444,30.6273,2109.97,28.06
6445,28.8933,2075.27,26.68
6446,28.6372,2125.86,26.39
6447,28.5703,2073.49,26.5
6448,26.8987,2132.52,25.77
6449,28.8199,2187.2,25.12
6450,28.2817,2105.73,24.76
6451,29.3273,2121.26,25.2
6452,27.8222,2102.97,23.93
6453,28.444,2153.01,22.92
6454,28.0448,2060.93,22.51
6455,28.8083,1965.29,24.17
6456,29.0544,2121.32,22.89
6457,31.185,2148.26,23.29
6458,30.1914,2111.62,22.88
6459,31.16,2042.22,23.75
6460,30.9944,2008.27,24.73
6461,30.4333,2101.73,24.16
6462,31.3654,2076.19,25.23
6463,31.9282,2055.76,24.81
6464,30.3328,2168.23,27.01
6465,31.708,1997.63,26.55
6466,30.0702,2156.47,26.53
6467,30.0018,2047.39,26.78
6468,30.4245,1930.87,26.74
6469,29.081,2025.76,26.7
6470,29.2801,2089.6,25.51
6471,28.6876,2005.66,26.37
6472,28.8045,1934.63,25.93
6473,26.6465,2008.82,25.76
6474,27.0363,1962.87,24.74
6475,29.0439,2039.45,24.1
6476,29.5307,2052.03,24.0
6477,28.211,1937.99,22.78
6478,29.0548,1954.81,23.34
6479,29.8475,2038.41,22.14
6480,30.5546,1937.4,23.56
6481,28.7661,1920.0,23.41
6482,30.0412,1910.28,22.8
6483,30.7946,1998.28,23.92
6484,31.8616,1991.95,24.06
6485,33.4476,1928.7,23.98
6486,31.3176,1966.49,23.99
6487,30.3233,2054.35,25.68
6488,31.6209,1900.94,25.6
6489,32.1175,1839.04,26.96
6490,30.8364,1980.34,26.74
6491,29.6629,1943.42,26.58
6492,30.7664,1904.58,27.9
6493,30.1426,1983.57,27.22
6494,28.4291,1992.2,24.9
6495,29.2445,1806.9,26.17
6496,29.4988,1897.92,25.31
6497,29.4966,2073.96,25.12
6498,28.4468,1967.89,24.93
6499,28.2646,1971.58,24.66
6500,29.6828,1999.67,24.13
6501,27.9712,1928.76,24.12
6502,29.6009,1974.13,23.59
6503,28.5158,1968.17,23.36
6504,30.8523,1956.35,23.1
6505,30.1818,1903.77,23.71
6506,31.7649,1932.66,23.11
6507,31.4538,1886.45,23.44
6508,30.3205,1922.1,23.05
6509,32.5886,1850.97,25.01
6510,32.741,1873.56,24.96
6511,32.1547,1904.15,26.98
6512,30.6898,1864.71,25.8
6513,30.8158,1891.45,26.46
6514,30.8663,1912.5,27.01
6515,29.8253,1947.23,26.38
6516,31.3539,1980.96,27.18
6517,29.7272,1897.26,26.95
6518,27.0873,2006.44,26.58
6519,29.2108,1984.05,27.0
6520,28.4224,1959.54,25.55
6521,28.4912,1940.23,25.66
6522,28.2051,1952.03,25.73
6523,29.1967,2006.13,24.13
6524,29.5967,2010.49,23.85
6525,29.1658,2019.49,24.76
6526,28.9786,1944.33,23.51
6527,29.5787,1977.75,22.82
6528,30.0157,2027.79,23.4
6529,29.7463,1912.62,22.78
6530,31.2131,1933.93,22.49
6531,31.4287,1957.11,24.27
6532,32.5314,2013.36,23.45
6533,32.4532,2017.64,25.71
6534,30.9515,1952.33,24.76
6535,32.1051,1879.23,26.58
6536,30.5383,1988.17,25.32
6537,31.6174,1922.06,26.93
6538,30.3367,1891.6,26.98
6539,29.5696,1909.1,27.35
6540,30.224,2008.52,27.48
6541,27.4721,2074.68,26.68
6542,27.8492,1999.49,26.08
6543,28.7973,2014.05,26.39
6544,28.7669,2076.6,26.11
6545,28.2557,1917.27,25.28
6546,27.2365,2045.51,25.14
6547,27.8968,2018.0,24.65
6548,29.0139,2057.08,23.54
6549,29.4048,1998.56,23.78
6550,29.237,1982.96,23.13
6551,30.5372,2044.94,22.72
6552,30.3179,2139.95,23.39
6553,29.7903,2097.14,22.68
6554,30.5256,2019.51,23.04
6555,29.9384,1973.98,23.62
6556,31.2125,1957.96,24.69
6557,32.3386,2142.28,24.58
6558,32.0482,2010.4,25.26
6559,32.5705,2052.53,25.37
6560,31.0567,2155.64,25.96
6561,32.1375,1983.8,26.39
6562,30.5954,2174.38,26.88
6563,31.5655,2073.77,26.78
6564,29.9825,2024.15,27.67
6565,30.1776,2082.23,26.75
6566,30.4301,2057.64,25.88
6567,28.7846,2131.29,27.79
6568,28.8757,2069.71,25.84
6569,29.5822,1997.56,26.17
6570,28.3936,2102.59,25.7
6571,27.4944,2037.88,24.95
6572,30.4154,2134.88,23.9
6573,28.5635,2054.62,23.73
6574,29.377,2099.69,22.63
6575,30.5366,2142.91,24.06
6576,29.5132,2122.07,22.57
6577,29.5819,2152.58,22.94
6578,30.953,2180.97,23.32
6579,29.6262,2073.13,23.53
6580,31.0687,2141.06,23.67
6581,31.6449,1947.32,25.18
6582,31.284,2163.96,25.48
6583,30.2141,2132.94,25.68
6584,32.5744,2093.7,25.8
6585,31.1435,2173.21,26.95
6586,31.8949,2226.03,26.5
6587,30.1802,2128.35,27.72
6588,29.296,2101.3,27.06
6589,29.8271,2168.81,27.55
6590,29.0774,2079.52,26.68
6591,27.9971,2120.62,26.45
6592,29.8768,2234.01,26.61
6593,28.0533,2164.65,26.61
6594,27.0278,2048.23,25.78
6595,29.6136,2053.1,24.92
6596,28.2975,2170.39,24.29
6597,28.4531,2211.99,23.33
6598,27.8377,2062.6,23.42
6599,31.0045,2185.89,22.61
6600,28.9684,2237.81,23.19
6601,30.435,2270.18,23.29
6602,31.4801,2175.54,22.29
6603,31.398,2184.67,23.61
6604,31.2513,2024.71,24.21
6605,30.0876,2276.97,24.44
6606,30.8522,2114.59,25.18
6607,31.5991,2091.09,24.85
6608,30.6693,2129.61,25.61
6609,31.2233,2233.31,26.93
6610,31.2954,2272.63,26.73
6611,31.1582,2145.08,27.1
6612,29.0191,2194.7,26.73
6613,31.3691,2134.55,26.94
6614,29.864,2066.7,25.58
6615,28.938,2214.46,26.84
6616,29.5726,2085.29,26.9
6617,30.4434,2211.41,24.99
6618,27.349,2193.73,24.53
6619,28.3709,2149.1,24.7
6620,26.7982,2218.34,24.74
6621,29.0935,2238.78,23.58
6622,29.5423,2090.49,22.65
6623,29.5804,2048.54,22.96
6624,29.4764,1981.21,22.49
6625,28.7486,2223.67,22.73
6626,31.0488,2058.46,23.12
6627,32.225,2148.74,23.12
6628,30.8262,2031.9,23.61
6629,31.8009,2164.35,24.52
6630,30.2455,2025.7,25.11
6631,31.8147,1991.81,24.81
6632,30.9843,2046.37,26.2
6633,30.4507,2022.53,26.22
6634,30.1417,2085.75,27.09
6635,30.0733,2042.4,27.32
6636,30.3059,2078.66,26.73
6637,28.562,2019.05,27.24
6638,28.9323,1992.13,26.31
6639,28.9062,1992.55,27.08
6640,27.8217,2145.81,25.6
6641,29.9884,2032.2,25.69
6642,27.8172,1895.27,24.91
6643,28.0156,1978.73,23.97
6644,27.9183,2011.44,24.45
6645,30.3781,2112.09,23.28
6646,29.6923,2058.88,22.42
6647,28.8625,1937.71,21.63
6648,30.885,2134.04,22.56
6649,30.5488,1983.06,23.76
6650,30.9558,2055.78,23.9
6651,30.7851,1907.86,23.23
6652,30.6995,1829.51,23.81
6653,31.7191,1885.24,24.25
6654,31.0639,1771.16,24.33
6655,32.9023,2089.45,25.04
6656,30.2836,1972.25,26.49
6657,32.2896,1900.67,26.67
6658,30.6609,1980.19,26.87
6659,30.6275,1961.4,26.26
6660,30.6665,1984.44,27.05
6661,29.1076,2017.02,25.78
6662,29.9414,1924.46,27.15
6663,26.7733,1886.6,26.54
6664,28.125,1986.74,25.33
6665,27.8119,1983.05,26.33
6666,27.4972,1938.93,24.1
6667,28.3791,2061.67,24.75
6668,29.0096,1903.03,24.28
6669,29.5015,1873.74,22.97
6670,29.4427,1951.42,23.25
6671,29.0792,1884.59,22.25
6672,30.2952,1953.74,21.58
6673,30.4877,1873.11,22.53
6674,31.4988,1898.33,22.96
6675,31.6822,2035.2,23.91
6676,31.3234,1897.0,24.03
6677,30.7311,1873.15,24.53
6678,30.9776,1991.24,24.49
6679,31.0091,1858.02,25.25
6680,31.0468,1879.76,25.54
6681,31.2751,1956.35,25.8
6682,31.3221,1978.64,26.44
6683,30.3473,1996.32,26.97
6684,30.0129,1879.18,26.71
6685,29.7264,1960.85,26.77
6686,28.8373,1898.36,27.08
6687,28.199,1891.39,26.16
6688,27.2966,2001.49,25.33
6689,27.995,1898.04,25.8
6690,28.8785,1949.58,25.13
6691,27.9888,1944.24,24.65
6692,28.5107,1872.83,24.31
6693,29.3125,1997.36,23.81
6694,29.6666,1975.47,23.28
6695,28.7481,1825.27,24.26
6696,30.7976,1963.83,22.36
6697,31.2901,1903.66,22.77
6698,29.8461,2018.86,23.75
6699,30.4016,1869.42,23.66
6700,32.2519,1937.99,24.38
6701,31.3314,1984.45,24.57
6702,29.7242,1969.44,25.69
6703,30.3291,2015.52,25.01
6704,31.0995,1882.3,26.67
6705,30.1302,2076.27,27.0
6706,30.4193,2012.51,26.13
6707,30.4141,2066.51,27.25
6708,31.1698,2041.39,26.98
6709,29.3794,1992.32,26.63
6710,30.108,1920.11,25.79
6711,30.0823,1967.55,25.91
6712,29.8484,2101.0,26.35
6713,28.7789,2093.07,25.92
6714,26.9294,1977.12,24.89
6715,28.9198,1849.59,24.89
6716,29.5397,2010.35,24.47
6717,28.8745,2010.3,23.66
6718,30.6457,2017.05,22.91
6719,30.2996,2068.23,23.29
6720,30.4546,2093.57,23.24
6721,31.2573,2104.9,23.41
6722,31.0167,2076.71,23.7
6723,29.0664,1946.39,22.9
6724,30.8997,2038.41,23.75
6725,32.4066,2201.55,23.53
6726,30.8539,2090.16,25.37
6727,31.2701,2094.13,25.41
6728,30.4632,2097.94,26.22
6729,32.4878,2105.56,25.68
6730,32.0952,1941.85,27.43
6731,29.6811,2074.62,26.33
6732,30.1178,2090.79,27.39
6733,29.0674,2173.96,26.99
6734,29.742,2103.86,26.64
6735,29.3471,2006.05,26.28
6736,29.3503,2134.4,25.68
6737,28.8166,2064.03,26.17
6738,30.8483,2042.81,25.01
6739,27.7288,2069.22,23.85
6740,27.3325,2155.17,23.81
6741,28.6249,2201.38,23.65
6742,27.9956,2157.94,23.72
6743,28.4178,2169.88,22.77
6744,29.1989,2163.2,22.73
6745,29.6505,2143.63,23.08
6746,29.9863,2181.96,23.7
6747,31.4752,1997.48,22.9
6748,30.8941,2151.59,24.25
6749,31.3053,2084.4,24.25
6750,32.2154,2218.89,24.84
6751,30.8358,2142.16,26.52
6752,31.0874,2154.56,25.9
6753,31.3533,2063.96,26.79
6754,29.1967,2216.68,27.09
6755,28.4803,2194.55,26.34
6756,30.2769,2191.41,26.08
6757,30.0054,2110.13,27.34
6758,30.9014,2113.24,26.19
6759,29.0658,2173.66,25.58
6760,29.3568,2118.99,26.51
6761,28.3947,2187.01,25.01
6762,28.7378,2031.35,24.61
6763,29.8849,2131.66,25.47
6764,27.0018,2268.47,23.17
6765,29.2702,2186.61,22.96
6766,30.9585,2169.67,23.04
6767,29.8374,2278.02,22.95
6768,31.3205,2017.83,22.55
6769,29.8849,2107.99,22.49
6770,30.7244,2131.6,24.02
6771,31.0875,2205.77,23.72
6772,29.525,2205.24,24.29
6773,30.5143,2099.03,24.41
6774,30.6225,2208.99,25.14
6775,32.1065,2122.89,25.98
6776,31.9968,2217.62,25.5
6777,31.3199,2080.65,26.55
6778,31.4093,2132.75,27.08
6779,30.2569,2108.14,27.7
6780,30.9615,2198.18,27.97
6781,29.6188,2100.59,26.97
6782,29.2963,2126.42,27.3
6783,28.7269,2156.26,25.08
6784,29.2485,2155.34,26.78
6785,28.2142,2172.49,25.15
6786,29.2811,2128.49,24.88
6787,27.6454,2087.16,24.7
6788,27.8218,2087.62,23.92
6789,29.4893,2106.38,23.68
6790,29.1792,2115.98,24.06
6791,29.2487,2088.24,22.88
6792,30.712,2094.22,22.46
6793,29.9024,1997.95,23.97
6794,30.5898,2124.88,23.53
6795,32.18,2091.5,24.55
6796,32.5304,2136.48,24.43
6797,32.7068,2072.07,23.82
6798,31.2743,1963.4,25.32
6799,32.4335,2041.8,25.03
6800,30.5399,2046.89,26.0
6801,30.3351,2099.01,26.38
6802,28.8696,1925.75,25.92
6803,31.7265,2047.96,26.53
6804,29.3088,2071.82,28.1
6805,29.5105,1996.82,27.05
6806,28.5217,2036.51,26.64
6807,29.4955,1989.94,27.32
6808,28.4005,1979.34,25.8
6809,27.5073,1994.19,25.47
6810,28.8533,1971.66,25.5
6811,27.4041,2050.96,24.28
6812,28.031,1961.53,23.63
6813,27.2538,1947.19,22.46
6814,28.1108,2103.23,22.8
6815,29.7546,2050.66,22.6
6816,28.4284,1877.24,23.08
6817,29.2033,1939.04,22.76
6818,30.7481,1995.55,24.35
6819,30.6258,1996.58,23.06
6820,32.8927,1883.97,24.7
6821,32.916,2039.26,24.59
6822,30.8057,2015.69,25.4
6823,31.8946,1991.64,25.89
6824,31.8985,2040.78,24.89
6825,30.5827,1983.28,26.41
6826,29.5536,1979.95,26.6
6827,30.3784,2043.5,26.37
6828,29.8617,2013.25,27.23
6829,29.2632,1893.96,27.79
6830,29.6039,1979.84,25.4
6831,28.3388,1899.54,26.15
6832,27.7794,1967.33,25.38
6833,28.6384,1963.5,25.55
6834,28.8088,1849.88,24.84
6835,27.6098,1923.7,24.18
6836,29.4434,1945.21,24.34
6837,27.523,1901.56,24.4
6838,28.7875,1945.21,24.6
6839,29.4054,1973.44,22.7
6840,29.491,1922.17,22.09
6841,29.9362,1936.57,23.35
6842,32.2469,2005.35,24.07
6843,30.38,1950.15,23.99
6844,33.252,1933.39,24.8
6845,31.7986,1863.6,24.37
6846,31.5736,1961.26,24.7
6847,31.8299,1940.89,25.58
6848,33.323,1998.36,25.83
6849,30.2658,1924.57,26.75
6850,29.8537,1813.36,27.22
6851,29.7843,1821.08,27.46
6852,30.0257,1968.15,27.26
6853,28.2312,1890.88,27.05
6854,29.2679,1952.54,27.13
6855,30.2942,1934.59,25.43
6856,28.8221,1919.28,26.11
6857,28.317,1925.23,25.54
6858,28.0055,1880.96,25.11
6859,29.2699,1933.96,24.44
6860,28.0403,1902.01,24.22
6861,30.4165,1917.06,23.3
6862,30.7967,1922.43,23.83
6863,29.8172,1930.85,23.3
6864,29.9908,2002.51,23.08
6865,31.2128,1942.26,22.72
6866,31.6258,2014.46,23.68
6867,30.4159,2048.42,23.69
6868,30.8778,2010.68,23.62
6869,30.391,1994.79,24.45
6870,31.8273,1985.79,25.31
6871,31.9822,2021.66,25.79
6872,30.2191,1978.76,26.24
6873,30.6965,2036.23,26.46
6874,29.6722,2017.85,27.24
6875,29.6692,1963.34,27.55
6876,30.4408,2042.69,27.37
6877,29.025,1998.5,26.64
6878,29.0093,1990.79,26.2
6879,27.6375,1972.79,26.14
6880,28.8506,2015.59,26.98
6881,28.5157,2069.73,25.66
6882,27.9168,2067.63,26.06
6883,28.3999,2039.89,24.42
6884,28.8452,2059.09,23.87
6885,28.2874,2103.87,23.55
6886,28.069,2023.03,23.22
6887,31.0562,1969.59,22.68
6888,29.4934,2119.07,22.43
6889,30.3108,2013.7,23.32
6890,31.5587,2008.55,23.8
6891,33.8839,1946.66,24.81
6892,30.3034,2093.16,23.78
6893,31.8088,1966.02,24.31
6894,30.934,2022.69,24.61
6895,31.0179,2107.35,26.08
6896,30.7229,2119.69,26.41
6897,30.1601,2041.53,25.98
6898,30.717,2076.79,26.28
6899,29.2086,2036.63,27.41
6900,30.7574,2710.16,27.19
6901,29.6558,2763.05,27.31
6902,29.5879,2720.9,26.29
6903,28.5664,2740.19,25.48
6904,28.4072,2670.72,25.56
6905,28.7812,2830.24,25.86
6906,27.5688,2796.42,26.06
6907,28.2647,2816.85,24.27
6908,28.0133,2850.05,25.14
6909,28.2269,2726.34,24.0
6910,27.5621,2757.46,22.57
6911,30.6832,2668.27,23.18
6912,29.4508,2973.25,23.43
6913,31.3189,2778.58,21.86
6914,31.605,2852.47,23.59
6915,30.0319,2718.32,24.17
6916,30.4283,2854.71,24.2
6917,33.4973,2908.55,24.45
6918,32.9007,2795.5,24.91
6919,31.4237,2740.33,25.4
6920,31.5049,2794.38,25.41
6921,30.556,2670.66,26.07
6922,31.0959,2803.4,26.52
6923,29.8145,2856.17,26.99
6924,28.3741,2805.85,26.72
6925,28.5545,2791.86,26.5
6926,29.2669,2841.31,27.11
6927,28.0345,2846.49,26.6
6928,28.6471,2711.07,25.73
6929,27.6914,2816.25,25.77
6930,27.8741,2307.16,24.77
6931,29.2336,2080.82,24.51
6932,28.8989,2155.54,24.49
6933,28.9316,2276.75,23.28
6934,29.9532,2225.91,22.68
6935,29.9963,2128.1,23.0
6936,31.1573,2170.36,22.32
6937,30.0203,2156.78,22.93
6938,30.4063,2110.78,23.13
6939,30.0198,2149.81,22.35
6940,30.9559,2135.91,24.27
6941,32.2207,2157.75,24.39
6942,32.54,2104.21,25.59
6943,32.2171,2070.5,25.63
6944,29.8637,2142.45,26.37
6945,31.9272,2245.51,27.01
6946,29.2792,2145.08,26.67
6947,31.1067,2117.66,26.93
6948,29.7058,2180.06,26.21
6949,30.1738,2122.46,27.55
6950,28.184,2241.05,26.66
6951,29.8763,2125.62,25.91
6952,27.529,2164.65,26.37
6953,28.0163,2074.0,24.43
6954,27.7015,2146.0,24.79
6955,27.1477,2128.76,24.94
6956,28.7766,2105.21,23.78
6957,30.3842,2074.74,23.23
6958,31.3835,2062.72,23.06
6959,29.6895,2114.01,22.06
6960,30.8933,2130.8,23.36
6961,30.5739,2081.36,23.01
6962,31.1491,2102.08,23.13
6963,30.7869,2078.36,23.45
6964,31.4551,2082.28,24.01
6965,31.8789,2060.03,24.81
6966,31.0372,2068.78,24.97
6967,31.3869,2225.19,24.84
6968,31.2523,2077.58,26.29
6969,31.7218,2093.15,26.66
6970,29.8972,2076.25,26.83
6971,30.347,2029.72,27.47
6972,31.5296,2118.64,27.02
6973,30.543,2019.04,27.49
6974,30.3293,2095.34,27.44
6975,28.9589,2007.51,26.71
6976,28.9578,1965.52,25.63
6977,29.3529,2040.61,25.45
6978,29.7482,1948.02,25.62
6979,26.9898,2042.08,23.73
6980,27.6486,1933.98,23.8
6981,29.9869,1982.23,23.41
6982,29.0285,1911.26,22.84
6983,29.0744,2162.46,23.5
6984,28.9967,1889.7,23.19
6985,29.9442,1985.52,22.71
6986,29.6281,2049.6,23.57
6987,32.7335,2039.34,23.51
6988,31.2811,2024.48,23.55
6989,31.4025,1950.71,24.13
6990,31.9705,2047.25,25.22
6991,32.2188,2017.53,25.99
6992,32.0557,1972.12,25.76
6993,31.9196,1970.58,26.69
6994,30.2453,1934.8,27.52
6995,30.1499,1895.46,26.3
6996,30.6152,2021.41,27.18
6997,29.1899,2023.18,27.35
6998,29.2459,1888.8,26.68
6999,29.2584,1930.17,27.03
7000,29.3291,1928.47,27.1
7001,27.129,1932.95,25.69
7002,29.0718,1936.74,24.88
7003,28.3641,1987.82,24.97
7004,29.2669,1884.46,24.42
7005,29.5609,1876.95,22.33
7006,30.5363,2000.53,23.27
7007,30.6945,1897.33,22.87
7008,31.0773,1848.23,23.2
7009,31.5432,1893.98,22.97
7010,30.9831,1902.54,23.23
7011,31.0864,2015.05,23.15
7012,31.9973,1976.83,24.37
7013,32.0346,1989.94,25.31
7014,31.2527,1970.2,24.58
7015,31.7727,1977.86,24.82
7016,31.271,1880.05,26.01
7017,30.3775,1909.84,26.4
7018,31.7824,1862.95,27.32
7019,30.4324,1910.46,26.32
7020,31.639,1965.05,26.73
7021,28.3114,1933.16,25.86
7022,28.8046,2005.02,27.42
7023,28.9655,1859.25,26.54
7024,29.6109,1959.31,25.77
7025,28.8707,1856.11,24.86
7026,28.7484,1938.53,24.38
7027,27.6493,1979.33,24.69
7028,27.7754,1924.21,23.45
7029,29.1973,1972.46,23.64
7030,28.1587,1884.27,24.29
7031,29.1863,1844.63,22.89
7032,30.4007,1980.6,22.52
7033,29.6024,2054.68,23.26
7034,32.0343,1893.27,22.66
7035,32.0398,2029.48,24.45
7036,30.0419,1961.98,24.7
7037,30.703,1882.58,24.4
7038,29.6714,1898.29,24.55
7039,30.8228,1970.69,25.3
7040,31.9121,1949.13,25.85
7041,30.7295,1898.38,26.61
7042,31.1186,1879.36,27.25
7043,29.1704,1934.12,26.41
7044,30.6384,2000.56,27.51
7045,29.1677,1992.63,27.24
7046,29.2597,1967.08,26.48
7047,28.865,2013.48,25.87
7048,27.6837,2068.03,26.06
7049,27.6286,2033.59,24.99
7050,29.2742,2007.02,25.51
7051,28.8703,2074.37,23.92
7052,29.541,1965.52,24.27
7053,29.1991,2014.07,23.55
7054,29.3644,2019.97,22.99
7055,28.231,1962.3,23.02
7056,29.7837,2015.81,23.54
7057,30.3663,1920.99,22.47
7058,32.3125,2164.7,23.06
7059,31.6102,1998.19,23.21
7060,32.5279,2154.05,23.98
7061,31.9269,2065.59,24.14
7062,30.931,2101.59,24.12
7063,31.5426,2042.73,24.99
7064,31.488,2088.85,26.82
7065,30.3093,2119.66,26.54
7066,30.4425,2124.71,26.84
7067,30.2236,2135.47,26.79
7068,31.2845,2070.97,26.97
7069,27.9472,2068.25,26.72
7070,30.2147,2005.35,27.0
7071,28.1899,2136.24,26.46
7072,27.6033,2173.54,25.41
7073,29.4951,2209.22,25.64
7074,29.0855,2134.13,23.77
7075,29.5547,2073.29,24.69
7076,29.3415,2020.79,23.3
7077,30.5872,2188.35,23.54
7078,29.697,2021.19,22.67
7079,29.4866,2111.52,23.07
7080,30.2743,2121.36,23.29
7081,31.383,2133.38,23.82
7082,30.1265,2142.3,22.5
7083,30.5391,2150.9,24.07
7084,31.0519,2000.0,24.07
7085,29.7652,2147.97,24.26
7086,31.6105,2015.34,25.38
7087,29.94,2194.92,25.4
7088,31.3415,2119.4,26.36
7089,31.7529,2024.84,25.92
7090,30.3685,2106.82,26.42
7091,31.7299,2122.71,27.4
7092,28.8316,2229.43,27.74
7093,30.5648,2170.71,26.91
7094,29.7901,2180.33,25.34
7095,27.5665,2231.12,26.31
7096,30.8696,2154.9,26.02
7097,28.5001,2206.17,25.4
7098,27.798,2202.03,25.17
7099,27.4254,2083.73,24.24
7100,28.5249,2249.04,24.42
7101,28.8374,2075.03,23.0
7102,29.3321,2214.7,23.89
7103,29.3735,2067.88,23.84
7104,30.5066,2194.07,22.54
7105,30.0781,2268.63,22.61
7106,29.202,2142.89,23.47
7107,30.9412,2138.88,22.99
7108,29.4051,2189.33,23.75
7109,31.7319,2131.22,25.03
7110,30.7166,2258.21,25.37
7111,31.5796,2158.63,26.51
7112,32.3503,2125.71,26.09
7113,30.3017,2110.19,26.11
7114,31.599,2084.17,26.76
7115,30.0415,2099.89,26.86
7116,31.4026,2113.78,26.93
7117,29.3196,2102.7,26.92
7118,28.5776,2089.48,26.27
7119,29.4891,2251.78,26.56
7120,28.3523,2060.82,25.3
7121,27.878,2128.07,25.16
7122,28.1177,2151.37,24.94
7123,28.5154,2150.06,23.35
7124,29.7747,2105.08,24.38
7125,27.3921,2090.4,22.56
7126,29.2685,2128.09,23.6
7127,30.1117,2113.06,22.42
7128,30.1548,2077.53,22.8
7129,31.4361,1995.27,23.33
7130,30.6905,2056.77,24.37
7131,30.913,2011.84,23.64
7132,31.7729,2036.34,23.01
7133,31.5283,2074.05,24.96
7134,31.1877,2089.23,24.88
7135,31.8618,2170.14,25.55
7136,30.777,2026.64,26.28
7137,30.5717,2100.91,25.3
7138,30.3276,2068.33,26.74
7139,31.4707,2123.25,26.73
7140,27.4232,2075.57,27.61
7141,29.9283,1976.0,27.3
7142,29.2774,1928.65,25.92
7143,27.5946,2046.24,27.05
7144,28.9487,1991.41,26.22
7145,28.9317,1959.87,24.74
7146,28.9717,1938.24,25.03
7147,26.4296,2019.6,25.0
7148,29.7941,2096.09,23.39
7149,28.3492,1976.85,24.27
7150,29.7993,2032.58,22.51
7151,30.2046,1986.88,22.67
7152,29.2986,1911.57,22.53
7153,30.9166,2029.02,23.76
7154,30.4416,1915.32,23.02
7155,29.4036,1978.45,23.0
7156,32.2332,1952.91,24.22
7157,30.8289,2023.33,24.81
7158,30.8164,1902.69,25.33
7159,31.1264,1986.18,25.38
7160,31.5168,1908.99,26.13
7161,31.0148,1925.48,26.09
7162,31.1885,1734.92,27.57
7163,29.3166,2075.57,27.5
7164,29.4061,1980.21,27.54
7165,29.519,1898.41,27.33
7166,30.7683,1874.37,26.99
7167,28.8483,1909.65,25.79
7168,29.5691,1980.09,26.32
7169,28.582,1821.38,25.57
7170,28.1131,1924.39,25.63
7171,28.3537,2037.25,24.89
7172,28.5662,1861.26,24.28
7173,29.4223,1932.56,22.74
7174,30.3497,2058.53,23.22
7175,29.8995,1963.02,22.79
7176,30.9497,1931.56,23.13
7177,29.6164,1953.49,22.86
7178,30.4183,1898.29,23.13
7179,30.4812,1999.73,23.82
7180,31.5506,1897.38,23.78
7181,31.1617,1803.53,24.54
7182,32.0838,1897.52,24.24
7183,30.7041,1863.08,25.1
7184,31.3335,1904.46,26.33
7185,31.6101,1906.21,25.8
7186,29.0978,1994.19,27.35
7187,32.0855,1964.81,27.42
7188,29.7735,1939.8,26.87
7189,27.9917,1924.91,28.43
7190,29.3765,1862.8,27.35
7191,28.9661,1796.86,25.94
7192,28.6354,1936.08,26.37
7193,29.3441,1978.69,25.55
7194,29.098,1926.38,24.61
7195,28.7894,1902.81,23.95
7196,29.0611,1964.95,24.5
7197,28.8559,1934.39,23.29
7198,30.6704,2043.0,23.22
7199,28.4284,2018.41,22.61
7200,30.1117,2004.75,22.63
7201,30.4402,1995.51,23.0
7202,31.4006,1875.62,23.46
7203,30.3856,1995.93,22.29
7204,29.9041,1981.96,24.01
7205,31.5743,1999.11,24.11
7206,31.725,1995.74,25.7
7207,32.6406,1996.91,26.99
7208,30.2827,2135.45,25.82
7209,31.9844,1972.59,25.55
7210,32.6439,2037.18,26.79
7211,30.086,1956.67,26.83
7212,28.9672,2036.37,27.99
7213,29.2862,2049.37,27.77
7214,29.2612,2019.02,27.16
7215,29.3904,2101.52,26.12
7216,28.2278,1952.57,26.34
7217,29.7953,1980.71,25.65
7218,27.6084,2027.04,25.12
7219,27.1597,2071.54,23.7
7220,29.5863,2033.88,24.53
7221,27.1196,2104.71,23.64
7222,29.0867,1992.33,23.22
7223,32.1059,1968.08,22.77
7224,29.9904,2059.49,22.6
7225,29.4916,2040.86,23.23
7226,30.7041,2082.54,22.39
7227,31.02,2052.79,23.98
7228,31.4276,2038.48,23.47
7229,31.9787,2058.81,23.45
7230,30.6687,2069.43,25.91
7231,32.7989,2053.76,25.09
7232,31.4951,2064.18,25.64
7233,31.6421,2056.42,26.98
7234,30.2475,2136.24,27.66
7235,31.4173,2100.63,26.17
7236,29.7944,2228.47,26.52
7237,29.8338,2106.71,26.49
7238,28.5035,2067.95,27.2
7239,28.1418,2265.08,27.23
7240,29.2515,2133.42,25.46
7241,28.1962,2171.67,26.23
7242,27.8169,2151.34,24.65
7243,28.0366,2156.66,24.65
7244,29.2601,2154.76,23.36
7245,28.4361,2059.73,23.52
7246,29.1559,2151.02,23.21
7247,29.6238,2052.46,22.91
7248,28.4661,2124.36,23.19
7249,29.2113,2094.01,22.56
7250,31.019,2161.6,22.83
7251,30.471,2162.65,23.8
7252,32.1444,2173.79,24.67
7253,32.2223,2164.33,24.47
7254,32.0753,2112.71,25.25
7255,32.9047,2135.33,25.9
7256,31.2326,2207.93,26.42
7257,31.5798,2218.34,25.94
7258,30.2825,2086.86,26.34
7259,32.3501,2065.06,26.59
7260,31.5869,2114.38,27.96
7261,29.6213,2221.62,27.19
7262,29.5593,2232.55,26.96
7263,30.0268,2104.76,26.6
7264,28.5833,2179.1,25.34
7265,28.0258,2270.98,26.49
7266,29.1992,2185.92,25.24
7267,28.6139,2246.21,24.84
7268,28.8474,2220.59,23.12
7269,28.2719,2105.63,23.98
7270,27.8759,2148.26,23.09
7271,29.8007,2160.99,22.41
7272,30.724,2164.24,22.52
7273,30.2076,2211.89,22.44
7274,31.8991,2180.19,22.63
7275,30.4975,1978.09,23.62
7276,30.4553,2073.93,23.81
7277,31.3951,2019.74,24.65
7278,31.4339,2159.64,25.84
7279,32.0649,2161.52,25.45
7280,30.6791,2161.92,24.88
7281,32.1551,2085.07,26.29
7282,32.3235,2180.6,27.33
7283,30.3569,2180.53,26.89
7284,30.9998,2059.51,27.76
7285,28.7666,2043.99,27.16
7286,30.1102,2128.96,25.81
7287,29.7772,2233.36,26.47
7288,29.3917,2224.61,26.15
7289,28.5387,2153.08,26.06
7290,26.1366,2072.02,25.91
7291,28.0377,2165.47,24.94
7292,28.2002,2081.45,24.22
7293,28.1567,2058.79,23.92
7294,29.3478,1972.36,23.18
7295,29.2766,2103.22,22.34
7296,29.3403,2055.27,23.02
7297,29.5412,2094.77,23.25
7298,30.1776,1946.88,22.67
7299,31.9579,2090.82,24.25
7300,30.7702,1930.5,24.5
7301,31.0369,2137.33,23.8
7302,31.1346,2099.02,25.68
7303,31.7201,2046.59,25.36
7304,31.664,2092.65,25.61
7305,28.6249,1995.75,26.95
7306,31.5673,2054.31,26.71
7307,31.5373,2093.17,27.88
7308,29.1599,1855.34,26.57
7309,28.8339,2009.68,26.07
7310,28.8898,2030.67,26.59
7311,28.3345,2015.79,26.81
7312,28.8801,2110.54,25.54
7313,26.9939,1951.26,24.85
7314,27.6057,1977.03,25.11
7315,29.7825,1894.99,23.75
7316,27.9584,2096.25,24.15
7317,29.9341,1986.59,23.42
7318,29.5343,1970.85,23.52
7319,28.1644,1989.86,22.38
7320,30.5083,2027.11,23.65
7321,30.2941,2005.77,22.98
7322,30.3856,2139.87,23.65
7323,31.2566,2004.39,24.07
7324,31.6787,1945.49,23.42
7325,32.015,1936.06,24.92
7326,32.4426,1942.62,24.29
7327,31.7754,1872.62,24.83
7328,30.1985,1961.77,26.98
7329,30.6817,2003.16,26.97
7330,33.1044,1916.23,27.77
7331,30.9678,1901.6,26.75
7332,31.8954,2038.14,27.05
7333,30.7281,1858.86,27.2
7334,29.4434,1817.78,26.73
7335,29.1805,1870.22,26.04
7336,28.6717,1844.65,25.55
7337,27.1609,1958.08,25.62
7338,28.5144,1911.24,24.47
7339,29.5197,1917.83,23.93
7340,28.2212,1998.47,24.2
7341,29.2689,1886.25,23.54
7342,29.9313,1972.84,23.74
7343,28.884,2015.77,22.86
7344,29.639,1896.67,22.71
7345,29.5739,1967.31,23.28
7346,30.0923,1907.83,22.86
7347,30.0306,1977.2,23.26
7348,30.5787,1827.05,23.69
7349,32.5845,1822.35,24.38
7350,30.7676,1897.52,25.89
7351,31.5501,1867.75,24.83
7352,30.8967,1890.33,26.65
7353,32.0038,1908.58,26.78
7354,31.7989,1965.54,27.52
7355,31.0795,1898.63,28.5
7356,30.2449,1874.58,27.72
7357,29.4269,1904.0,27.39
7358,28.2965,1880.18,26.08
7359,30.4942,1871.69,25.82
7360,28.0932,1832.51,26.18
7361,29.082,1935.18,24.67
7362,29.3477,1898.76,25.31
7363,28.1069,1992.88,23.41
7364,29.5314,1850.23,24.58
7365,29.5507,1906.87,23.42
7366,30.6324,2050.63,23.33
7367,29.2363,1888.07,22.69
7368,28.9713,1932.99,22.05
7369,29.9838,1877.09,23.69
7370,30.9171,1872.13,23.94
7371,31.1072,2048.99,23.41
7372,30.9843,1969.64,24.33
7373,29.9215,1970.75,24.29
7374,31.8764,1864.4,25.14
7375,33.0268,1991.27,25.9
7376,31.6704,2042.85,26.28
7377,31.548,2046.12,27.08
7378,31.208,2021.1,26.99
7379,30.7059,1917.16,26.95
7380,30.7453,2007.72,26.62
7381,29.9281,2033.07,26.69
7382,28.9999,1889.49,27.14
7383,28.3025,1934.09,25.66
7384,28.5018,2058.92,26.55
7385,28.8024,2062.5,25.38
7386,28.2471,1921.38,24.59
7387,28.8026,2066.39,23.93
7388,29.0523,2028.83,24.34
7389,29.6059,2074.42,23.58
7390,30.2762,1993.96,24.06
7391,29.6742,2075.22,22.44
7392,28.9538,2091.63,22.71
7393,30.1121,2024.41,23.02
7394,30.7853,2051.03,22.89
7395,29.592,2015.52,23.59
7396,32.41,2157.98,24.16
7397,31.5628,2056.09,24.72
7398,31.8051,2012.38,25.75
7399,32.5413,2029.11,24.87
7400,30.7949,2083.98,26.17
7401,31.5199,2125.83,26.09
7402,30.6621,2004.69,26.95
7403,30.241,2199.85,27.15
7404,29.3822,2111.59,26.51
7405,30.9443,2125.06,26.48
7406,28.9496,2095.17,26.99
7407,29.4989,2106.0,26.43
7408,27.201,2099.7,25.89
7409,29.4951,2173.33,25.85
7410,29.3418,2115.34,25.37
7411,28.6291,2165.3,24.22
7412,28.5194,2096.59,23.57
7413,29.2593,2137.59,22.95
7414,31.081,2080.73,23.28
7415,28.2012,2204.95,22.36
7416,30.6256,2084.79,23.05
7417,29.6589,2118.05,23.68
7418,30.7341,2121.25,23.09
7419,30.8624,2121.37,23.32
7420,30.9564,2188.27,25.0
7421,31.4405,2128.09,25.24
7422,30.5927,2232.75,24.62
7423,32.2722,2101.88,25.59
7424,29.8637,2162.87,26.16
7425,31.4925,2107.72,26.52
7426,30.4888,2180.93,27.64
7427,29.4515,2155.95,26.98
7428,30.1619,2148.69,27.12
7429,28.3662,2230.22,27.28
7430,29.2818,2120.4,27.33
7431,27.801,2195.44,26.88
7432,29.07,2114.53,26.27
7433,27.8116,2167.68,24.74
7434,28.1392,2089.27,24.76
7435,28.7863,2121.17,24.89
7436,28.0829,2155.74,24.13
7437,28.893,2269.12,24.0
7438,28.0389,2165.71,24.21
7439,30.1165,2258.19,22.48
7440,31.4119,2171.21,23.57
7441,32.622,2133.69,22.9
7442,30.8229,2248.03,23.74
7443,31.6912,2180.49,23.57
7444,29.8745,2114.14,25.06
7445,32.6511,2179.22,24.55
7446,32.121,2131.56,24.68
7447,31.0617,2027.75,25.73
7448,32.2888,2201.08,26.16
7449,30.8571,2208.3,26.98
7450,30.3836,2250.43,26.96
7451,30.7685,2162.88,28.17
7452,29.1493,2119.9,26.94
7453,30.4291,2182.06,26.88
7454,28.4052,2179.96,26.43
7455,28.0993,2224.15,26.46
7456,27.9732,2119.94,26.12
7457,29.1587,2109.34,25.66
7458,28.0066,2072.89,25.03
7459,27.4727,2144.51,24.18
7460,28.2164,2015.7,23.56
7461,28.9137,2151.41,23.4
7462,28.3052,2136.27,23.84
7463,28.6904,2132.18,23.75
7464,31.689,2101.36,22.96
7465,29.6998,2180.97,22.6
7466,30.4916,2137.16,23.23
7467,30.7669,2044.21,24.63
7468,30.962,2041.02,24.5
7469,31.946,2019.28,24.76
7470,32.2585,2100.78,25.48
7471,31.2041,2003.3,26.29
7472,30.3099,2123.89,25.42
7473,32.0802,2133.81,26.22
7474,30.6737,1997.23,26.47
7475,31.7725,2034.35,27.23
7476,28.2035,2042.0,27.08
7477,29.7681,2089.55,27.31
7478,30.7849,2128.59,26.48
7479,28.6567,1926.43,27.1
7480,28.5206,2004.02,25.97
7481,28.7875,2002.73,25.86
7482,28.053,1930.26,25.6
7483,28.3015,1980.84,25.04
7484,28.4307,2031.3,24.18
7485,28.4374,1984.65,24.0
7486,30.2331,1904.48,24.14
7487,29.9806,2165.46,23.32
7488,30.2005,2004.9,22.64
7489,31.0351,1991.63,23.36
7490,30.5385,1915.12,23.25
7491,30.4413,1992.8,22.41
7492,30.8169,1963.55,24.23
7493,31.4503,1856.43,24.54
7494,30.6526,1901.97,25.58
7495,31.0487,2010.42,25.14
7496,30.8861,2076.02,25.25
7497,32.7603,1978.18,26.5
7498,28.5309,2019.22,26.92
7499,30.2445,1940.7,26.98
7500,31.3806,1941.99,27.01
7501,29.7092,2009.91,26.4
7502,29.8527,2041.62,26.66
7503,29.0192,2017.46,26.24
7504,28.1671,1873.1,26.54
7505,26.7576,1930.89,25.71
7506,28.6644,1949.54,24.86
7507,27.9306,1915.43,25.34
7508,28.0607,1952.57,23.87
7509,28.5402,1976.97,23.86
7510,30.6459,1986.5,23.18
7511,31.5356,2026.24,23.88
7512,30.1738,1904.24,23.04
7513,30.0164,1841.25,23.13
7514,29.8082,1943.83,23.2
7515,31.4355,2034.78,23.68
7516,32.7254,1892.72,24.6
7517,31.251,1962.29,24.91
7518,29.5968,1962.74,25.01
7519,31.9849,1932.57,26.37
7520,32.0874,1921.75,26.44
7521,29.792,1866.35,26.2
7522,30.8912,1785.44,26.04
7523,30.7492,1856.38,26.72
7524,29.9415,1900.59,27.21
7525,28.9792,1990.93,27.23
7526,30.0627,1920.14,27.41
7527,28.6166,1896.59,25.87
7528,27.5128,1875.84,25.78
7529,26.9115,1970.42,24.93
7530,29.5087,2014.39,24.33
7531,29.0444,1998.71,24.17
7532,28.7713,1973.45,24.18
7533,28.5871,1850.86,23.97
7534,28.8268,1920.75,22.79
7535,28.7512,2061.29,22.66
7536,29.6548,2014.5,22.11
7537,28.6922,1857.79,23.18
7538,30.1611,1949.7,22.9
7539,30.8119,1977.93,24.42
7540,31.7869,1913.65,24.2
7541,31.4169,1824.17,24.4
7542,32.1359,1972.11,24.68
7543,32.5282,1922.48,24.77
7544,32.1456,1926.37,25.32
7545,31.4371,1955.88,26.1
7546,30.7595,1972.98,26.38
7547,29.6036,1984.38,26.43
7548,30.592,1935.89,27.19
7549,30.9556,1979.8,27.19
7550,29.5237,1891.71,26.5
7551,30.4731,2020.03,27.38
7552,27.4805,1834.25,25.13
7553,27.6278,1992.57,25.55
7554,29.1842,2069.45,24.89
7555,28.7625,1955.13,24.21
7556,29.752,2066.1,23.65
7557,28.927,2096.91,23.58
7558,28.5556,1833.56,23.16
7559,29.4409,2027.43,22.87
7560,28.7739,1868.45,22.35
7561,29.4854,2038.39,22.26
7562,31.528,2049.54,23.12
7563,31.7589,1905.48,23.38
7564,31.5894,2174.38,23.9
7565,30.072,2080.47,24.43
7566,31.2133,2016.76,24.74
7567,30.4689,2159.98,25.41
7568,32.2403,1968.63,25.57
7569,30.5937,2006.88,27.18
7570,29.8814,1946.87,26.33
7571,30.4121,2197.05,26.75
7572,29.4879,2113.01,26.64
7573,30.7988,2136.64,26.56
7574,28.6622,2119.06,26.74
7575,27.82,2139.27,26.36
7576,26.9786,2113.28,25.77
7577,28.5265,2128.51,25.38
7578,28.0505,2122.27,24.64
7579,27.408,2082.76,24.68
7580,29.6523,2119.82,25.03
7581,29.4731,2142.27,23.15
7582,29.2274,2135.6,23.46
7583,30.7032,2043.29,23.09
7584,30.53,2054.12,23.33
7585,29.7299,2202.52,23.42
7586,29.9186,2121.73,23.37
7587,31.715,2177.69,23.57
7588,31.6161,2079.4,23.78
7589,31.5847,2058.71,24.1
7590,30.8228,2098.5,24.95
7591,31.9352,2137.63,24.88
7592,30.6946,2112.8,25.7
7593,30.9791,2231.9,26.97
7594,31.9076,2166.44,26.78
7595,29.8596,2267.85,27.38
7596,28.7416,2182.26,27.73
7597,28.7697,2014.15,26.84
7598,30.0454,2223.02,26.84
7599,29.1431,2069.67,26.26
7600,28.5979,2174.5,25.59
7601,28.1438,2114.44,25.04
7602,28.8883,2289.56,25.42
7603,27.8718,2247.29,24.59
7604,28.9455,2116.16,24.92
7605,28.3543,2152.6,24.07
7606,28.5319,2174.34,22.9
7607,29.1018,2210.71,23.49
7608,29.6997,2159.74,22.85
7609,30.3492,2095.42,23.68
7610,30.9384,2112.62,23.02
7611,28.11,2154.0,23.06
7612,30.6529,2226.77,23.6
7613,31.1356,2176.66,24.11
7614,32.704,2102.71,24.58
7615,30.5849,2186.0,25.23
7616,31.4293,2121.7,26.43
7617,32.2567,2196.03,27.31
7618,29.6996,2291.77,26.07
7619,30.7034,2116.02,27.56
7620,29.3582,2182.92,26.76
7621,29.2081,2087.23,27.11
7622,28.6075,2122.23,25.9
7623,28.3539,2127.63,26.68
7624,30.8785,2111.0,25.0
7625,29.2267,2267.06,25.67
7626,29.3814,2097.42,25.13
7627,28.9447,2147.47,24.58
7628,27.416,1992.79,23.63
7629,29.2553,2130.76,23.86
7630,30.1083,2169.52,23.46
7631,28.9291,2065.42,22.96
7632,30.7723,1942.45,23.34
7633,30.9517,2086.67,23.02
7634,32.2316,2085.87,23.53
7635,30.7264,2124.08,23.52
7636,30.4209,2197.02,24.11
7637,31.1596,2049.26,24.77
7638,32.6485,2016.33,24.8
7639,29.9862,1993.29,24.9
7640,29.6443,2070.77,26.14
7641,31.1322,2083.2,27.01
7642,30.3959,2017.23,26.88
7643,30.3944,2092.21,27.09
7644,30.7562,2068.92,26.98
7645,29.1697,2039.11,27.3
7646,27.7516,1977.89,26.64
7647,30.5749,1998.65,26.19
7648,27.9032,1877.33,26.55
7649,27.7039,2032.84,25.25
7650,29.383,2015.88,25.44
7651,28.2435,2021.25,25.04
7652,28.6503,2035.89,24.28
7653,29.3256,2024.52,22.96
7654,30.1169,1990.54,23.28
7655,29.345,1995.93,22.97
7656,31.216,1904.67,22.75
7657,28.6796,1949.9,23.14
7658,31.3578,1984.03,23.65
7659,30.389,1933.0,23.36
7660,32.3969,2025.01,23.91
7661,31.5625,1930.22,24.36
7662,30.9617,1979.16,25.58
7663,31.9792,1969.72,25.39
7664,32.0136,2004.16,25.38
7665,31.5742,2010.19,25.63
7666,29.9262,1994.68,26.91
7667,30.001,1823.68,26.55
7668,29.9967,2018.83,27.33
7669,29.5788,2036.09,26.27
7670,29.8498,1912.92,26.46
7671,27.3274,1953.59,25.75
7672,28.9684,1883.63,26.22
7673,28.3191,1818.0,25.84
7674,27.8292,1888.56,25.17
7675,27.9571,1898.6,23.94
7676,28.5293,1908.0,23.63
7677,26.0585,1870.2,23.7
7678,28.689,1882.33,22.42
7679,28.9111,1924.43,22.95
7680,30.4262,1877.8,23.76
7681,29.7438,1955.7,22.98
7682,30.5779,1963.24,22.52
7683,32.2945,2064.58,23.28
7684,32.0945,1988.88,23.68
7685,32.1707,1935.67,25.55
7686,31.1001,1883.78,25.83
7687,31.8833,1938.71,25.88
7688,31.1119,1940.93,25.83
7689,30.9038,1890.96,27.01
7690,31.0777,1969.36,26.17
7691,29.9106,1839.21,27.47
7692,31.1944,1909.34,27.46
7693,29.4837,1958.44,26.86
7694,29.7447,1909.08,27.3
7695,30.1038,1915.33,26.19
7696,29.5263,1921.03,25.37
7697,27.424,1880.88,26.01
7698,28.8559,2003.32,24.96
7699,29.2317,1873.82,24.78
7700,29.4145,1956.17,24.91
7701,28.0487,1964.21,23.22
7702,28.7244,1884.93,23.2
7703,30.4074,1948.83,23.85
7704,29.3906,1892.6,23.33
7705,30.1485,2033.51,22.72
7706,32.0107,1884.71,22.79
7707,31.0224,1916.91,23.32
7708,30.7176,1885.93,23.63
7709,30.7468,1881.26,24.6
7710,31.7662,2061.65,25.04
7711,30.3824,2002.31,25.66
7712,31.1012,1981.82,25.58
7713,31.3272,1937.76,26.38
7714,31.7893,2035.46,25.7
7715,30.9223,1935.47,27.0
7716,29.4287,2036.55,27.59
7717,30.5545,1940.66,26.22
7718,29.0104,1958.49,26.97
7719,27.9508,2046.86,26.11
7720,28.5633,2057.46,26.4
7721,29.7016,2045.79,25.6
7722,28.6322,1951.32,25.2
7723,28.5611,1991.89,24.51
7724,30.0107,2032.53,24.66
7725,27.7943,1976.61,23.76
7726,28.2215,2114.29,22.92
7727,28.3191,1892.4,23.12
7728,30.2981,1994.28,22.82
7729,30.5214,2014.91,23.15
7730,31.9842,1879.33,23.06
7731,31.2554,1970.66,23.25
7732,30.9757,2096.4,24.1
7733,31.4503,2065.13,24.51
7734,31.5942,2162.09,25.53
7735,30.1115,2164.77,25.31
7736,33.4673,2102.35,25.01
7737,31.4766,2099.43,26.23
7738,30.918,2088.8,25.92
7739,30.8804,1929.68,27.14
7740,30.5675,2009.39,26.16
7741,29.4993,2103.11,26.44
7742,28.745,2137.96,26.55
7743,29.4189,2122.22,27.19
7744,29.0095,2055.05,25.46
7745,27.9032,2168.5,25.52
7746,29.6352,2204.77,25.29
7747,28.7858,2175.55,25.22
7748,29.2848,2182.0,24.39
7749,30.0529,2092.3,24.13
7750,29.2675,2193.52,23.7
7751,29.8653,2140.7,22.46
7752,30.648,2165.51,23.18
7753,29.8083,2159.48,23.49
7754,30.7932,2132.86,22.79
7755,31.1611,2091.01,23.3
7756,30.5342,2139.99,23.6
7757,33.303,2206.3,24.87
7758,30.3742,2122.63,24.97
7759,30.4104,2204.59,25.36
7760,32.3504,2196.93,25.36
7761,31.6313,2136.33,26.38
7762,29.9292,2239.0,26.45
7763,30.8741,2135.58,27.05
7764,31.1743,2248.56,26.43
7765,29.5876,2184.96,27.02
7766,31.3291,2158.71,26.51
7767,27.5601,2106.98,25.79
7768,29.256,2155.37,25.34
7769,29.4843,2148.69,24.93
7770,29.2131,2085.5,24.9
7771,28.3876,2147.86,24.54
7772,28.4686,2112.44,24.13
7773,29.2947,2195.4,23.74
7774,29.9026,2238.04,22.89
7775,30.0938,2085.29,23.6
7776,30.832,2260.73,22.78
7777,29.5731,2149.2,23.29
7778,30.5678,2097.17,23.19
7779,30.3086,2199.73,23.77
7780,30.9901,2125.92,23.89
7781,32.2611,2146.08,24.68
7782,31.5864,2124.86,25.0
7783,33.5344,2098.09,25.92
7784,31.4538,2188.36,25.59
7785,31.1084,2125.43,25.53
7786,30.8349,2053.95,26.25
7787,29.878,2170.62,27.47
7788,29.9537,2062.48,26.92
7789,30.514,2062.76,26.98
7790,29.3412,2200.52,26.21
7791,28.3046,2054.07,26.45
7792,27.9609,1983.63,25.49
7793,28.1909,2156.65,25.08
7794,28.5591,2097.59,24.8
7795,29.506,2099.2,24.7
7796,27.6286,2089.73,24.28
7797,28.6835,2118.74,23.88
7798,29.3654,2055.84,22.47
7799,28.1448,2185.64,23.06
7800,29.3331,2004.49,22.9
7801,29.8443,2115.68,22.3
7802,30.1132,2123.37,23.28
7803,31.2142,2035.05,23.46
7804,31.1706,2014.95,24.26
7805,31.0047,2133.09,24.52
7806,31.8424,2008.25,24.73
7807,32.8273,2026.91,25.98
7808,32.6104,2112.12,24.89
7809,29.5224,2056.52,26.38
7810,31.2117,1942.14,25.85
7811,30.2458,2150.31,26.48
7812,30.1241,2009.2,27.26
7813,29.2931,2012.35,26.29
7814,29.3441,2047.38,26.02
7815,29.0605,2065.07,27.61
7816,28.2378,2140.78,25.32
7817,27.834,1919.09,26.34
7818,28.141,2063.85,24.91
7819,28.7385,2054.52,24.22
7820,29.1802,1997.4,24.28
7821,29.622,2048.6,24.25
7822,28.8546,2053.22,22.69
7823,29.8388,1910.1,22.81
7824,30.77,2093.92,23.42
7825,31.3207,1891.4,23.21
7826,30.7029,1912.88,23.82
7827,30.8839,1961.45,23.84
7828,31.4519,2088.9,24.9
7829,30.5291,1951.25,24.57
7830,31.3451,1964.27,25.11
7831,32.0446,2048.65,25.68
7832,31.8126,1941.36,25.93
7833,30.8444,1885.44,26.84
7834,30.9242,1928.0,26.85
7835,29.7285,2032.29,27.33
7836,30.5628,1951.43,27.47
7837,29.5495,2060.29,27.15
7838,29.0292,1986.13,26.98
7839,28.65,1900.7,25.91
7840,28.6506,1940.14,25.72
7841,28.1928,1883.71,25.94
7842,29.0265,1892.78,25.71
7843,28.2349,2199.76,23.51
7844,29.9753,1990.41,23.72
7845,30.1115,1979.4,23.6
7846,28.5368,1888.94,22.83
7847,29.6675,2019.26,22.66
7848,29.4795,1989.97,23.24
7849,30.1269,2035.99,23.86
7850,32.3519,2032.33,22.25
7851,30.8146,1833.01,23.5
7852,31.5872,1854.75,24.23
7853,31.8819,1860.86,24.87
7854,30.6995,1864.36,25.16
7855,30.7648,1940.49,26.4
7856,30.3342,1887.33,26.01
7857,30.3519,2046.11,27.07
7858,28.47,2036.62,26.41
7859,30.8239,1922.7,26.96
7860,31.6434,2041.33,26.39
7861,29.73,2014.38,27.38
7862,28.117,1899.29,26.67
7863,28.4251,1807.18,26.59
7864,28.3339,1916.22,25.84
7865,27.737,1892.34,25.81
7866,29.1881,1945.27,25.2
7867,29.1993,1940.26,23.99
7868,27.7766,1940.86,23.53
7869,29.5194,1970.81,23.57
7870,30.4715,1869.1,23.6
7871,31.1338,1969.13,24.0
7872,32.2922,1920.8,23.15
7873,29.6666,1962.04,23.57
7874,33.0094,2010.48,22.46
7875,30.7773,1882.68,24.59
7876,30.8251,1942.5,24.3
7877,31.7105,1955.61,24.46
7878,31.0344,1935.33,24.92
7879,31.7681,2023.73,24.96
7880,30.243,1930.18,25.59
7881,30.8697,1943.83,27.37
7882,31.7785,1938.4,26.24
7883,30.3426,2050.45,26.43
7884,30.1133,1959.39,26.65
7885,29.992,2020.62,26.33
7886,30.1865,2115.7,26.74
7887,27.6152,1996.88,26.96
7888,29.1686,2072.35,25.69
7889,28.3366,2110.22,24.83
7890,28.6333,2075.93,25.15
7891,29.3991,2017.68,24.45
7892,27.7456,2061.64,24.5
7893,28.1292,1950.32,23.36
7894,27.7017,1985.23,23.14
7895,29.1724,2000.23,22.99
7896,31.0643,2175.44,23.04
7897,30.2918,1996.73,22.87
7898,29.6779,2000.32,22.99
7899,30.6721,1991.8,22.66
7900,30.1087,2092.47,23.72
7901,30.5487,2071.87,24.84
7902,31.8111,2132.91,25.43
7903,30.5098,2112.33,25.28
7904,32.1891,1993.55,26.65
7905,31.0038,2032.2,26.4
7906,30.8185,2166.76,26.06
7907,30.1655,2076.79,26.11
7908,30.6183,2164.32,27.61
7909,30.2383,2088.09,26.75
7910,29.518,2042.94,26.13
7911,29.3912,2086.65,25.28
7912,28.5313,2050.52,25.8
7913,28.9849,2078.33,25.72
7914,28.2297,2127.87,24.65
7915,28.5529,2149.97,23.96
7916,28.4812,2027.21,23.73
7917,28.5736,2124.81,24.21
7918,28.6987,2093.77,22.57
7919,29.9859,2093.05,22.75
7920,31.0485,2142.78,23.61
7921,31.3251,2104.52,23.32
7922,29.7447,2223.08,23.36
7923,32.092,2213.89,23.26
7924,31.0445,2215.83,24.02
7925,31.9295,2117.4,24.21
7926,30.775,2091.37,24.57
7927,31.5625,2155.91,24.98
7928,31.55,2143.68,26.39
7929,29.873,2117.74,26.38
7930,31.2366,2085.12,26.89
7931,31.465,2154.42,27.01
7932,29.8603,2133.75,27.22
7933,30.6999,2200.21,26.8
7934,29.0982,2199.57,26.49
7935,29.619,2226.29,26.01
7936,26.9261,2085.11,25.29
7937,30.4861,2184.98,24.96
7938,29.6964,2117.35,24.82
7939,28.3234,2087.69,23.68
7940,27.1233,2134.95,23.31
7941,29.1698,2224.37,24.11
7942,28.0949,2137.32,23.38
7943,29.9677,2252.84,22.84
7944,30.3293,2190.92,24.14
7945,29.6351,2133.27,22.24
7946,31.6468,2225.27,23.76
7947,31.7051,2180.99,23.53
7948,32.0797,2096.75,24.39
7949,31.456,2262.52,24.54
7950,30.3676,2164.68,24.06
7951,32.2312,2148.22,25.57
7952,31.0827,2093.59,26.17
7953,29.9488,2213.38,25.32
7954,31.8316,2171.19,27.7
7955,32.0678,2175.31,27.09
7956,29.967,2104.37,27.34
7957,31.3391,2182.0,26.35
7958,29.3231,2183.68,27.08
7959,28.635,2085.73,26.96
7960,28.1966,2037.6,26.13
7961,29.8608,2154.16,25.51
7962,27.8759,2021.42,24.55
7963,29.1393,2121.38,24.37
7964,28.2536,2081.76,23.74
7965,28.5711,2177.96,23.87
7966,30.0742,2077.43,22.84
7967,29.3077,2163.51,23.35
7968,29.6762,2062.21,22.58
7969,31.2945,2148.99,22.94
7970,32.0279,2208.46,23.58
7971,31.5764,2016.55,23.23
7972,30.7752,2093.89,24.33
7973,31.0404,2236.99,24.76
7974,31.5639,2071.7,24.86
7975,31.7056,2067.02,26.1
7976,30.5087,2106.2,26.04
7977,31.6391,2056.9,26.97
7978,30.8184,1947.53,27.63
7979,29.0157,2113.42,26.81
7980,29.2569,1920.82,27.32
7981,29.2085,2011.51,26.61
7982,29.1917,2104.48,26.22
7983,30.4508,2006.17,26.32
7984,28.8915,1981.49,25.32
7985,27.8785,2071.45,25.05
7986,28.6765,1963.23,25.3
7987,28.2694,1936.61,24.23
7988,28.9608,2022.1,24.36
7989,29.4038,1990.39,23.74
7990,30.2174,1922.54,24.19
7991,29.5923,2031.23,23.33
7992,31.3112,2016.8,23.56
7993,31.1146,1963.34,23.27
7994,30.184,1963.52,23.42
7995,32.8285,2005.38,24.17
7996,31.5606,2044.82,24.33
7997,30.7808,1952.77,24.59
7998,32.8223,2005.46,25.1
7999,33.1111,1996.64,25.79
