clock_hour,q_feed_available_m3_h,c_feed_mg_l,temp_c
0,30.1017,2050.09,22.67
1,31.5097,2094.47,22.95
2,31.0019,2000.45,23.18
3,30.3739,1985.21,22.32
4,31.0861,2057.79,23.98
5,30.9298,2129.85,24.1
6,32.753,2151.62,24.85
7,29.7758,2149.25,25.14
8,32.4641,2066.69,26.77
9,31.8169,2120.61,26.0
10,30.4298,2107.02,26.29
11,30.6404,2179.93,26.81
12,29.112,2091.48,27.34
13,29.1439,2101.8,27.87
14,29.0993,2083.3,26.34
15,29.5898,2044.17,27.21
16,28.5719,2063.74,25.42
17,29.8318,2080.63,25.01
18,29.2875,2012.34,25.22
19,27.8828,2146.13,24.79
20,28.5516,2157.08,24.23
21,28.2529,2059.17,23.34
22,28.6422,2131.75,23.57
23,28.4021,2134.31,22.95
24,31.3982,2173.0,23.17
25,32.0923,2204.52,23.53
26,30.8069,2159.22,23.57
27,29.5873,2241.57,23.64
28,31.017,2045.79,24.26
29,31.1218,2107.67,25.06
30,31.9474,2099.28,25.12
31,31.8281,2196.05,25.72
32,29.9369,2115.58,25.48
33,30.014,2126.53,26.04
34,31.0899,2296.25,26.11
35,30.3936,2239.93,25.88
36,29.6235,2164.65,26.35
37,29.9962,2222.27,26.41
38,30.1029,2254.59,26.29
39,29.8644,2097.87,27.42
40,28.699,2257.33,25.43
41,28.6065,2185.56,25.67
42,29.1776,2158.25,24.67
43,29.0805,2115.16,24.18
44,28.1344,2215.02,24.51
45,28.5405,2147.79,23.31
46,29.7339,2178.15,23.44
47,29.8522,2185.06,22.59
48,29.799,2125.54,23.26
49,30.8331,2210.95,22.76
50,31.1937,2221.96,22.8
51,31.1404,2166.71,23.58
52,30.6689,2125.13,24.61
53,31.9537,2247.76,24.28
54,32.5276,2075.72,24.79
55,31.2871,2180.29,25.17
56,30.0472,2161.1,26.79
57,32.5272,2073.21,25.89
58,30.6444,2063.03,26.49
59,31.1393,2213.29,26.95
60,31.4653,2204.88,27.15
61,30.3183,2289.96,26.64
62,28.8604,2062.14,26.76
63,29.6684,2170.07,25.67
64,27.7818,2071.07,25.5
65,28.1916,2123.42,25.63
66,28.1704,2115.5,24.53
67,28.8976,2073.46,24.76
68,28.6256,2138.43,23.86
69,30.9322,2089.2,23.4
70,28.4383,2080.19,23.27
71,30.3196,2029.28,23.07
72,30.9712,2098.64,22.34
73,31.5939,1953.08,23.33
74,30.3993,2024.72,23.21
75,31.8862,1929.77,23.48
76,31.4205,2010.34,24.16
77,32.3155,1955.55,24.82
78,31.7434,2034.69,25.08
79,31.833,1986.16,24.94
80,31.2519,2085.41,26.17
81,29.8897,2191.06,25.93
82,31.5569,2051.9,26.98
83,30.5859,2164.33,26.82
84,28.8595,2054.21,26.53
85,30.766,1958.29,27.12
86,30.3107,2124.71,27.61
87,29.8035,2038.96,26.78
88,30.3563,2106.0,25.92
89,28.3095,2090.58,25.61
90,28.1178,1984.03,25.13
91,30.0041,1887.43,24.44
92,27.9824,2057.58,23.17
93,28.9826,2024.85,24.14
94,29.7402,2069.55,24.44
95,29.8158,1900.72,22.28
96,30.0871,2065.87,22.45
97,30.3569,2075.99,24.16
98,29.8866,2031.36,23.68
99,31.2141,2002.94,23.15
100,33.0075,1930.79,23.27
101,31.2649,2043.66,24.43
102,31.5584,2070.71,24.93
103,32.0368,1870.21,26.82
104,30.5569,2091.61,24.37
105,30.4898,1968.4,25.62
106,30.7358,1883.05,26.65
107,31.7497,1987.22,27.13
108,29.0494,1886.65,26.83
109,28.2643,1899.57,26.8
110,29.6005,1882.1,26.42
111,29.0899,1883.65,26.53
112,27.4499,2007.52,25.52
113,27.5815,1876.83,25.71
114,27.6188,1970.84,24.49
115,28.2089,1893.88,24.12
116,29.0852,1874.76,23.84
117,28.0711,1884.19,23.3
118,29.42,1920.51,23.11
119,29.4141,1964.88,22.07
120,30.3,1944.99,22.61
121,29.8185,1875.65,23.2
122,30.7861,1886.72,23.52
123,31.7479,1917.12,23.2
124,32.4035,1927.67,23.9
125,31.0389,1955.39,25.4
126,32.0325,1962.96,24.72
127,32.3118,1910.41,25.05
128,32.2753,1862.55,26.06
129,31.3471,1934.43,25.97
130,32.3963,2041.26,25.65
131,29.9835,1930.58,27.24
132,30.4813,1833.98,26.89
133,29.6294,2021.76,26.63
134,28.9481,1976.03,26.72
135,29.8987,1946.12,26.9
136,28.4552,2015.01,26.17
137,28.9704,1907.14,25.56
138,27.1915,1826.2,25.44
139,28.7759,1990.88,24.24
140,27.6763,1954.67,23.73
141,31.3958,1997.27,23.01
142,29.2613,1984.24,23.24
143,29.9497,1963.38,23.38
144,29.1945,1919.9,22.92
145,29.8228,1887.3,22.94
146,29.0943,1852.97,23.77
147,31.8958,1913.14,23.68
148,31.3008,1979.15,24.32
149,30.7502,1967.04,24.55
150,32.5736,1975.34,25.39
151,30.863,2029.3,26.19
152,31.14,1886.19,26.3
153,31.1245,1891.44,26.1
154,30.9311,1912.11,26.87
155,29.8344,1934.16,26.93
156,29.409,1925.38,26.74
157,30.3729,2026.35,27.28
158,28.4038,1999.48,27.03
159,28.1979,1978.69,26.85
160,28.3948,1995.75,25.48
161,28.391,2057.55,25.64
162,28.3653,2055.64,24.34
163,28.5623,2015.47,24.44
164,29.248,2086.11,23.97
165,29.3234,2041.27,23.49
166,29.003,1952.98,22.68
167,29.1971,1935.79,22.73
168,30.169,2052.12,24.03
169,29.4246,2142.76,22.75
170,30.7688,2050.13,23.83
171,31.6532,1989.14,24.04
172,31.967,2053.32,24.06
173,30.8682,2079.06,25.12
174,30.4614,2040.97,25.09
175,30.5399,2086.51,24.95
176,30.9025,2111.57,25.56
177,31.5365,2005.79,26.1
178,30.41,2003.84,26.9
179,29.9238,2156.29,26.27
180,29.5373,2175.14,26.2
181,28.9787,2130.28,27.03
182,30.1048,2027.77,27.11
183,28.5389,2061.38,25.6
184,29.4176,2004.75,25.96
185,28.1633,2137.17,25.61
186,28.5693,2117.72,25.35
187,28.1479,2138.38,25.22
188,30.0116,2101.06,22.28
189,30.2442,2147.06,24.01
190,29.8681,2206.8,23.63
191,29.8501,2092.95,22.68
192,30.611,2098.12,23.32
193,28.8662,2188.83,23.0
194,31.3838,2115.17,22.72
195,31.5197,2078.8,23.61
196,31.5201,2090.2,24.24
197,31.4466,2208.85,23.78
198,32.2194,1988.68,25.03
199,31.2469,2156.88,25.47
200,28.7616,2103.63,26.42
201,31.9678,2143.07,27.69
202,30.8585,2122.59,26.19
203,29.9451,2164.69,26.8
204,29.8773,2065.76,27.21
205,28.9692,2221.37,26.72
206,29.3675,2184.63,26.22
207,28.4043,2101.69,25.92
208,29.0241,2172.95,26.07
209,29.1935,2252.66,25.57
210,27.7368,2185.67,24.48
211,28.7541,2252.55,24.25
212,28.8402,2239.42,24.05
213,29.2247,2061.55,23.5
214,28.1298,2236.96,23.32
215,28.903,2096.14,22.76
216,28.8257,2098.84,22.77
217,31.3755,2175.57,22.9
218,29.8372,2103.17,24.09
219,28.7866,2125.66,23.34
220,31.7532,2028.61,24.1
221,30.7525,2111.42,24.86
222,31.5227,2104.28,24.48
223,30.9668,2032.49,25.06
224,31.9062,2079.35,26.33
225,31.5886,2085.01,26.89
226,32.3067,2163.99,26.35
227,29.8202,2110.77,27.33
228,29.0036,2221.81,26.97
229,28.2728,2076.79,26.59
230,28.7304,2047.03,26.73
231,28.6441,2173.58,26.43
232,28.1873,2204.13,25.78
233,28.5279,2043.99,25.66
234,27.3959,2094.08,25.27
235,27.6622,2159.18,24.78
236,27.7437,2079.85,24.87
237,28.1051,2119.2,23.47
238,28.4428,2125.89,23.06
239,28.4811,2092.67,23.0
240,31.3072,2097.69,23.44
241,30.3845,2170.24,23.32
242,30.3299,2055.8,22.67
243,31.2493,2100.0,23.8
244,32.7728,2031.57,23.84
245,32.421,1993.54,24.99
246,32.6007,2177.89,24.78
247,31.6684,2006.34,25.08
248,31.0272,2032.03,25.95
249,30.9427,2018.95,26.58
250,31.1435,2160.89,27.91
251,30.5944,1974.66,26.67
252,29.32,1991.13,26.54
253,29.2469,2130.48,27.58
254,28.4666,1941.21,26.93
255,28.9399,1917.03,27.14
256,27.8965,2096.73,25.62
257,28.1225,2135.37,25.58
258,28.9134,2061.83,24.84
259,26.6553,1971.15,24.92
260,28.1808,2099.93,24.24
261,29.1431,1919.36,22.84
262,28.8205,2063.57,22.66
263,30.324,1841.08,23.82
264,29.3173,1971.15,23.12
265,30.2347,1993.39,22.79
266,31.8426,1963.12,22.74
267,30.5161,2100.03,22.49
268,31.6112,1986.72,24.16
269,31.6174,1988.02,24.22
270,31.815,2012.79,25.25
271,31.4005,1940.42,25.99
272,31.8521,2048.16,26.39
273,31.1976,1858.4,26.8
274,30.4673,1887.97,26.95
275,30.5627,1852.8,26.71
276,30.1662,1839.46,27.38
277,28.977,1918.05,27.15
278,29.3516,2028.08,26.79
279,28.7662,1953.08,26.43
280,28.6847,2022.17,26.68
281,29.2127,1884.78,25.7
282,27.993,1944.55,25.39
283,28.5276,1958.64,23.7
284,28.2212,1881.47,24.51
285,29.9019,1945.64,23.59
286,28.2231,1855.16,22.99
287,30.2754,1922.46,23.9
288,31.0017,1960.52,22.7
289,30.2134,1918.96,22.95
290,30.2303,1913.22,23.02
291,31.9905,1801.92,23.96
292,30.9949,1979.42,23.62
293,31.1265,1899.9,24.17
294,31.9382,1926.68,24.67
295,31.0779,1907.75,26.05
296,29.4489,1985.56,25.91
297,30.8512,2008.5,25.96
298,28.8545,1913.79,27.29
299,30.4314,2001.61,26.81
300,28.9459,1913.26,26.7
301,30.4072,1917.22,26.69
302,28.7795,1816.08,26.44
303,29.8345,1766.44,26.09
304,27.7824,1873.59,26.3
305,28.0844,1925.7,25.38
306,29.1088,1925.28,25.08
307,29.2827,1899.2,23.13
308,28.6714,2032.26,24.8
309,27.8346,1866.58,24.23
310,30.177,1919.26,23.19
311,29.0482,1941.78,24.08
312,32.0906,1891.61,23.51
313,29.4391,2029.96,24.12
314,29.2319,1856.57,22.43
315,31.4436,1896.76,23.6
316,31.2737,1979.15,24.64
317,31.4448,1873.57,24.65
318,31.5587,1876.7,24.91
319,31.7642,1910.72,25.96
320,30.537,2017.01,26.22
321,30.6132,1945.96,26.87
322,30.9107,1980.72,26.56
323,31.0357,1889.01,26.61
324,30.3328,1991.33,26.16
325,28.7346,2110.18,26.3
326,28.9451,2023.06,26.68
327,29.0446,1973.49,27.3
328,27.8927,2114.67,25.95
329,28.4167,2038.32,25.09
330,29.0083,2040.81,24.86
331,28.9724,1990.33,24.6
332,28.6984,1963.87,23.4
333,31.4294,2014.48,23.96
334,29.7556,2022.23,22.88
335,26.8057,1997.72,23.37
336,30.047,2066.75,22.39
337,31.6319,1967.27,23.3
338,31.7773,2107.71,23.33
339,29.9862,1976.74,24.07
340,32.0071,1996.9,24.19
341,32.1841,2057.33,24.53
342,32.0704,2068.96,24.76
343,29.8125,2097.64,25.98
344,31.7153,2140.84,25.6
345,30.8083,2061.38,26.38
346,29.9204,1999.84,27.4
347,31.0456,2147.51,27.42
348,31.7253,2059.3,26.67
349,30.9,2029.24,26.86
350,28.88,2214.35,27.14
351,29.2108,2103.8,25.33
352,27.9678,2182.32,26.33
353,27.4774,2203.99,26.28
354,28.9251,2133.21,24.79
355,28.189,2117.83,25.16
356,28.9572,2194.31,24.3
357,28.5596,2040.66,23.12
358,29.4407,2005.06,23.2
359,29.4211,2070.1,22.79
360,29.9004,2157.33,22.8
361,31.0121,2202.5,22.75
362,29.4635,2068.08,23.34
363,30.6766,2125.53,23.31
364,29.2677,2063.0,24.0
365,31.9021,2127.27,24.38
366,29.5213,2222.49,24.88
367,29.3108,2201.43,26.32
368,30.8284,2168.44,26.18
369,30.216,2172.72,26.3
370,29.2393,2154.22,27.92
371,30.9983,2141.37,27.28
372,30.3707,2204.35,26.9
373,28.7245,2095.18,26.85
374,28.3735,2127.6,27.42
375,29.4954,2266.8,25.84
376,29.1153,2260.22,26.6
377,28.3794,2253.44,24.59
378,27.6534,2097.49,25.67
379,27.2389,2134.49,25.24
380,28.7255,2189.69,25.03
381,29.0009,2141.94,23.97
382,28.8704,2228.82,22.9
383,28.3422,2077.48,23.58
384,31.421,2086.19,22.97
385,30.9706,2142.21,22.65
386,29.7801,2247.75,23.35
387,31.4051,2226.8,23.08
388,30.5024,2194.85,24.26
389,32.2513,2106.95,24.29
390,31.6982,2137.48,25.38
391,31.4727,2120.41,25.25
392,32.3465,2114.03,26.54
393,29.7609,2094.07,26.46
394,29.6652,2181.54,27.2
395,31.2944,2150.01,27.81
396,31.6887,2159.36,26.53
397,29.6133,2108.21,27.81
398,29.8561,2194.6,26.97
399,29.1813,2100.35,26.14
400,27.5431,2165.51,25.9
401,28.8812,2135.09,25.94
402,27.9393,2096.64,24.7
403,28.3725,2055.16,24.46
404,30.0891,2187.94,23.53
405,29.1081,2110.32,22.63
406,31.1291,2130.95,23.6
407,29.0412,2163.87,23.57
408,29.4187,2088.58,23.48
409,30.0416,2074.93,23.64
410,29.168,2009.12,23.1
411,30.9559,2122.22,23.39
412,31.5435,2122.79,23.82
413,30.6277,2102.35,24.12
414,32.1609,2070.81,25.32
415,30.8841,1953.28,25.82
416,30.5695,2069.26,26.01
417,30.8429,2076.33,26.89
418,30.9764,1953.25,26.4
419,30.008,2060.88,26.93
420,28.4782,2077.13,27.03
421,28.2593,2033.62,26.37
422,29.4966,1967.82,26.87
423,29.1564,2082.02,26.89
424,27.7661,2072.9,25.69
425,28.6823,2090.43,25.57
426,26.8873,2040.42,24.84
427,27.7844,1987.92,24.26
428,30.0525,2064.46,23.08
429,26.4514,2092.75,24.74
430,30.4534,2011.65,23.44
431,29.1763,2020.18,23.55
432,29.6323,1942.24,23.95
433,30.7559,1992.04,23.39
434,29.9479,1912.13,23.31
435,31.004,2039.46,23.87
436,30.1475,1985.02,23.43
437,31.2857,1936.46,25.51
438,31.4285,1985.39,24.64
439,32.3516,1997.0,25.32
440,30.3998,2000.85,25.63
441,31.1262,2027.76,26.45
442,29.7359,1969.39,26.24
443,30.9228,1925.23,27.22
444,30.6698,1947.36,27.53
445,28.5268,1970.14,26.63
446,28.1832,1897.29,26.66
447,29.3328,1812.47,25.94
448,28.7109,1887.92,25.7
449,28.7929,1962.84,26.3
450,27.3288,1911.42,24.19
451,28.7036,1988.66,24.39
452,28.9083,2043.75,24.26
453,28.2144,1886.12,23.91
454,27.2821,1882.42,23.36
455,29.4348,1927.33,23.08
456,29.7083,2000.82,21.87
457,31.0535,1844.0,22.96
458,30.085,1897.3,23.66
459,31.9216,1876.02,24.39
460,32.7535,1792.07,24.98
461,31.2275,1923.57,25.0
462,31.6352,1893.42,24.82
463,32.4252,1994.68,26.41
464,32.0289,1965.0,25.61
465,29.7126,1896.18,26.72
466,29.8997,1767.77,26.5
467,29.5143,1909.18,26.72
468,30.8875,1913.68,25.93
469,29.3187,1897.56,27.0
470,29.0954,1990.85,27.24
471,28.829,1873.89,26.17
472,28.4372,1972.94,26.18
473,28.4806,1891.28,25.79
474,28.1659,1852.88,26.23
475,28.0647,1950.41,23.94
476,28.2763,1989.37,24.51
477,29.1744,1906.67,23.99
478,28.9183,1959.68,24.4
479,29.7791,1919.73,23.08
480,30.7513,1871.56,22.48
481,30.6292,1846.04,23.27
482,31.5907,1950.77,23.14
483,30.5908,2000.94,24.09
484,31.6318,1899.32,23.69
485,30.618,1814.57,24.66
486,30.7563,2006.73,25.45
487,30.6408,1978.96,25.3
488,31.5462,1930.05,26.1
489,30.5195,2087.34,25.5
490,30.7489,1982.19,27.14
491,30.4536,1991.58,26.53
492,31.6946,1963.44,26.98
493,29.5177,1987.69,27.15
494,28.6544,1965.01,26.99
495,28.1995,1895.6,26.2
496,29.1009,2086.93,25.52
497,28.3335,1956.8,25.82
498,27.9622,1941.55,24.82
499,27.8325,1846.44,23.28
500,29.4041,2061.39,23.98
501,28.6408,2040.62,23.92
502,29.6735,1986.15,23.74
503,29.8638,2121.68,23.45
504,30.3622,2026.61,23.1
505,29.1541,2017.66,23.92
506,30.8365,2128.56,23.76
507,31.2158,1965.2,24.0
508,32.8969,2038.48,23.42
509,31.8888,1949.12,24.02
510,31.5832,2124.56,24.75
511,32.2579,2155.46,25.38
512,32.7721,2152.08,26.38
513,30.8552,2080.25,26.19
514,32.3801,2136.67,26.33
515,30.3562,2108.47,27.72
516,30.3344,2064.43,26.98
517,30.89,2102.4,26.05
518,28.8155,2070.12,26.55
519,27.8136,1981.03,25.82
520,30.0509,2138.05,26.21
521,28.9816,1988.6,26.19
522,28.1035,2066.64,25.32
523,29.1827,1991.91,24.44
524,28.7956,2191.16,24.23
525,29.5543,2174.39,22.78
526,28.8867,2209.48,24.0
527,29.4122,2174.89,23.22
528,29.2979,2165.14,21.51
529,31.0512,2116.96,23.94
530,30.3055,2127.83,23.41
531,32.8447,2140.53,23.86
532,32.2056,2202.88,23.57
533,32.2149,2115.93,24.66
534,32.102,2108.48,25.29
535,32.065,2058.1,25.31
536,31.9568,2194.74,26.2
537,30.1037,2174.37,26.21
538,31.724,2097.55,26.58
539,31.2381,2122.76,27.94
540,30.0068,2106.49,27.35
541,30.6291,2141.02,26.43
542,28.2576,2148.1,26.32
543,28.7577,2176.34,26.82
544,28.4241,2181.93,25.94
545,28.7305,2100.52,25.04
546,27.6731,2203.87,24.74
547,28.864,2215.21,24.09
548,28.6822,2209.74,24.52
549,28.8158,2168.72,23.65
550,29.1083,2188.93,23.24
551,28.7275,2225.05,22.78
552,28.9036,2104.39,23.62
553,31.0537,2164.85,23.14
554,31.3003,2106.9,23.38
555,29.8832,2184.45,23.97
556,32.0781,2179.97,23.2
557,32.3255,2106.03,24.37
558,31.1154,2117.98,25.04
559,31.5225,2072.16,25.84
560,31.6372,2076.0,26.03
561,31.4113,2170.62,27.19
562,29.9326,2180.55,26.43
563,30.7224,2086.13,25.81
564,30.3323,2144.89,26.39
565,29.4647,2096.54,25.81
566,30.6172,2075.71,27.52
567,29.1793,2121.53,27.12
568,28.521,2154.46,25.58
569,28.0924,2012.38,26.01
570,30.1356,2167.82,24.05
571,28.2314,2109.59,24.15
572,28.9474,2100.06,24.2
573,29.2282,2200.87,23.39
574,28.0375,2086.16,22.93
575,28.083,2087.25,22.9
576,31.3521,2077.54,23.58
577,32.0018,2123.67,23.51
578,30.8039,2107.02,23.53
579,30.3962,2081.85,24.03
580,30.2018,2045.61,24.7
581,32.1782,2004.24,23.94
582,30.9683,2012.88,25.34
583,30.6092,2048.67,26.04
584,30.5298,2083.22,26.67
585,30.952,2032.44,26.26
586,30.5462,2049.91,27.04
587,31.7007,2073.7,26.3
588,30.6832,2021.8,26.75
589,27.7143,2000.7,27.52
590,28.7314,2094.91,26.71
591,29.3982,2040.18,27.27
592,29.3684,2070.72,25.81
593,27.7794,2007.63,25.83
594,28.8581,2009.68,24.64
595,29.0779,1957.12,25.33
596,28.562,1894.64,24.38
597,31.3446,1973.99,24.04
598,28.2992,2015.88,23.22
599,29.6523,2084.78,23.24
600,30.1887,2051.97,23.05
601,30.9943,1887.92,23.43
602,30.9939,1969.74,23.39
603,30.2316,1945.25,24.43
604,32.5414,1985.72,24.19
605,32.3406,1883.45,24.21
606,31.4846,2029.37,24.7
607,31.8743,2006.33,25.13
608,33.1336,2028.66,25.49
609,32.0373,1927.24,26.34
610,30.7362,1991.63,26.81
611,29.5103,1950.44,27.16
612,28.5734,1833.92,26.58
613,29.4769,1931.14,26.87
614,30.4348,1945.44,26.87
615,27.6426,1989.14,26.53
616,28.3537,2049.95,26.31
617,28.9359,2049.71,25.47
618,28.4065,1931.48,25.17
619,28.36,1846.54,23.62
620,29.3382,1898.39,24.27
621,29.0698,1901.78,23.85
622,29.7209,1935.19,23.52
623,30.3154,1950.02,23.69
624,30.1316,1906.84,22.93
625,29.7294,1877.34,23.26
626,31.5303,1868.96,24.4
627,29.614,1852.65,23.15
628,31.1437,1944.82,23.92
629,31.6025,1866.15,23.86
630,32.1007,1750.02,25.19
631,32.3119,1921.6,24.72
632,32.0197,1894.31,26.15
633,32.0964,1959.03,27.18
634,31.015,1964.81,26.23
635,31.023,1860.19,27.73
636,31.3391,2013.56,27.23
637,29.6796,1954.95,27.13
638,29.3718,1958.36,27.01
639,29.262,1979.22,26.65
640,28.534,2045.56,26.78
641,28.3041,1967.43,25.77
642,27.8788,1889.87,24.67
643,30.0164,1979.51,24.5
644,29.5433,1941.17,23.38
645,27.7149,1973.92,23.68
646,28.2162,2035.15,23.04
647,31.5895,1994.82,24.4
648,29.4758,1870.76,23.48
649,31.4167,1986.57,23.68
650,30.8214,1969.47,23.08
651,30.3266,1975.61,23.19
652,31.5272,1967.6,23.82
653,31.4758,1904.03,24.57
654,32.4217,1929.02,24.89
655,32.0612,1943.91,25.36
656,31.0902,2063.67,26.67
657,30.9515,1956.11,25.53
658,31.0208,2067.63,26.74
659,30.6526,2059.71,26.56
660,30.2195,1959.16,27.64
661,29.0643,1999.89,27.16
662,29.2324,2088.05,27.24
663,29.7744,1825.84,25.3
664,26.195,2082.63,25.52
665,27.6172,1953.88,25.52
666,28.1527,2095.09,25.09
667,28.9246,2041.6,23.64
668,28.4281,2009.59,23.61
669,27.7894,1988.06,24.22
670,28.6536,2010.47,23.47
671,29.2054,1998.3,23.14
672,31.7794,2106.2,22.65
673,28.301,2069.13,22.68
674,31.0453,1998.38,23.73
675,31.6136,2020.76,23.93
676,31.7928,2046.51,23.74
677,31.4512,2117.92,24.91
678,31.1185,2045.74,25.25
679,31.4032,1962.22,25.46
680,29.7175,2126.42,26.53
681,31.6528,1998.23,26.66
682,32.2427,2112.29,26.64
683,31.2999,2107.11,26.83
684,30.5393,2050.88,26.98
685,28.4658,2126.65,25.54
686,29.0031,2170.89,26.55
687,29.0559,2118.8,26.46
688,28.3746,2111.92,26.1
689,28.0624,2013.67,26.0
690,27.8897,2230.47,24.62
691,28.5743,2132.47,23.57
692,27.9389,2018.67,24.65
693,28.7516,2109.67,22.93
694,29.3091,2215.43,23.36
695,29.2003,2181.56,24.17
696,31.3675,2147.33,22.69
697,28.817,2199.01,22.96
698,29.8973,2072.41,22.95
699,31.5246,2204.8,23.4
700,31.2715,2173.32,24.61
701,31.5801,2135.37,24.32
702,33.3694,2062.76,24.78
703,31.914,2182.95,25.19
704,30.6276,2187.78,25.78
705,30.9552,2186.94,26.24
706,30.1171,2242.1,27.77
707,30.8998,2208.12,27.66
708,30.014,2211.84,27.95
709,29.6774,2203.45,26.94
710,28.9891,2170.19,26.52
711,29.1334,2163.13,26.2
712,29.3402,2280.96,25.45
713,28.491,2312.35,24.95
714,28.5668,2121.44,24.53
715,28.3054,2187.37,24.93
716,27.4666,2219.61,24.46
717,28.2246,2136.12,23.74
718,29.638,2135.37,22.96
719,29.2116,2135.86,24.14
720,28.3802,2161.93,22.75
721,30.0581,2199.0,22.64
722,31.7724,2309.89,22.89
723,30.4458,2082.11,23.29
724,32.4075,2253.47,24.23
725,32.4139,2148.05,24.44
726,32.0797,2201.1,25.23
727,32.2103,2134.85,26.3
728,29.9812,2119.06,26.04
729,32.168,2088.03,26.53
730,30.1522,2142.62,27.15
731,31.1872,2153.44,26.78
732,30.21,2180.83,27.03
733,28.6142,2107.48,27.37
734,30.2958,2223.63,26.59
735,28.2477,2108.17,26.12
736,29.4376,2101.25,26.88
737,27.9287,2241.53,25.53
738,28.9253,2106.02,25.12
739,28.3712,2094.23,23.0
740,28.9991,2082.26,23.33
741,29.7796,2263.38,23.6
742,30.2594,2050.68,22.36
743,29.2758,2030.68,23.38
744,29.7427,2040.35,23.04
745,30.8366,2129.73,22.88
746,30.3804,2118.46,23.12
747,30.9273,2031.88,23.19
748,31.5784,2086.92,23.61
749,31.6085,1960.91,24.81
750,31.7984,2050.48,24.46
751,31.7054,2056.31,25.65
752,31.3641,2099.2,24.79
753,33.4422,2089.12,25.87
754,32.2296,2101.2,25.68
755,31.4108,2038.47,26.48
756,27.5331,1958.77,27.07
757,29.3544,2043.47,27.44
758,28.5736,1980.31,27.17
759,28.6315,2046.23,25.48
760,28.6606,1942.09,26.31
761,28.0179,2068.41,25.24
762,27.1021,1998.44,24.09
763,29.0017,1996.08,23.58
764,28.8902,2017.95,23.51
765,28.3079,2008.83,23.88
766,29.4521,2003.51,23.03
767,30.8096,2091.66,23.87
768,30.3329,2001.0,23.31
769,30.9805,1981.46,23.29
770,31.1321,1955.55,23.43
771,32.1165,1938.14,23.78
772,32.4064,1943.39,24.27
773,31.4168,1961.49,24.98
774,33.1557,1953.99,24.59
775,31.763,1896.26,24.83
776,32.0558,1886.5,26.89
777,30.8325,2027.6,26.12
778,31.6411,1914.07,25.86
779,30.6112,1964.76,26.51
780,29.8332,1937.94,26.78
781,30.8907,1969.16,26.64
782,29.7877,1974.47,25.96
783,28.7436,2040.27,25.96
784,28.2633,1972.61,26.61
785,27.2074,1890.22,25.8
786,27.8105,1853.58,25.55
787,28.7412,1924.28,23.97
788,29.0231,1868.57,23.92
789,29.1017,1854.76,24.82
790,28.7605,1897.68,23.14
791,29.3988,1984.71,23.22
792,28.8315,1915.75,22.89
793,31.0112,1976.74,22.53
794,29.3223,1836.41,23.04
795,30.7118,1929.83,23.92
796,30.1796,1906.87,24.96
797,30.9678,1895.6,24.79
798,32.3067,1945.01,25.52
799,30.9667,1831.34,25.57
800,30.6729,1927.64,25.37
801,29.216,2006.6,26.55
802,30.7763,1967.19,26.17
803,29.2906,1948.56,26.01
804,29.0631,1963.0,27.12
805,30.7669,1911.9,26.4
806,30.3984,1865.24,28.25
807,30.7584,1917.01,26.8
808,29.1093,1986.9,26.13
809,28.6676,1883.55,24.73
810,28.365,1982.22,24.77
811,29.7865,1941.68,23.92
812,29.3949,1925.27,23.59
813,28.7952,1961.41,23.04
814,29.0159,2034.19,23.57
815,30.6445,2004.75,23.31
816,31.3385,1907.28,23.3
817,30.3105,1942.01,22.32
818,30.3458,1894.91,23.65
819,30.8463,2037.48,24.07
820,31.3482,1925.72,24.31
821,30.7291,1965.45,24.7
822,32.0749,1987.53,25.26
823,33.2754,1984.21,25.56
824,31.8329,1991.59,25.93
825,31.3044,1851.61,25.73
826,31.2193,1982.81,26.63
827,31.1968,1977.59,27.68
828,30.1208,2250.77,27.04
829,29.9457,1907.06,27.66
830,29.4632,1923.19,26.59
831,28.2782,2063.46,26.5
832,29.5397,1994.34,25.81
833,27.3826,2034.09,25.46
834,26.9128,1946.41,24.56
835,28.1575,2073.93,24.17
836,28.8009,2076.91,23.88
837,29.103,2060.92,22.75
838,28.46,2114.73,22.08
839,29.2818,2024.74,22.74
840,30.5878,1958.61,22.81
841,29.6078,2048.81,22.98
842,29.6936,2041.63,23.81
843,30.7783,2158.25,23.36
844,32.5541,2140.99,23.76
845,31.2821,2087.14,25.0
846,32.4034,2209.85,24.7
847,31.4763,2135.31,25.46
848,29.4177,2190.35,26.78
849,30.9402,2040.34,27.42
850,28.6414,2140.91,27.23
851,30.5357,2157.26,27.33
852,28.4305,2164.65,26.76
853,30.7322,2030.4,26.24
854,29.5477,2052.04,26.32
855,29.2808,2085.52,26.46
856,30.1358,2234.99,26.32
857,28.6701,2179.12,25.66
858,28.9404,2074.89,25.38
859,29.5681,2264.35,24.51
860,28.231,2095.11,24.41
861,28.9608,2148.36,23.78
862,30.2279,2201.54,23.39
863,29.254,2077.72,24.1
864,31.0949,2080.81,23.34
865,30.0311,2141.16,22.91
866,29.899,2170.71,23.65
867,31.408,2193.27,25.01
868,30.3306,2146.57,23.78
869,31.9814,2221.38,23.94
870,31.4461,2097.6,25.65
871,30.7176,2231.33,25.82
872,31.7801,2201.98,26.02
873,31.3137,2115.72,25.31
874,30.6739,2196.61,26.76
875,29.3976,2133.43,26.72
876,29.8061,2035.69,26.69
877,28.6952,2183.98,27.77
878,30.6266,2163.74,26.05
879,30.3145,2093.23,27.28
880,26.5361,2121.25,26.83
881,28.0331,2197.07,25.04
882,27.6803,2206.0,25.21
883,28.942,2154.74,24.47
884,29.1729,2152.09,23.74
885,28.0738,2090.59,23.21
886,30.8032,2131.2,23.57
887,29.2027,2185.15,23.18
888,29.233,2036.54,23.3
889,29.4744,2194.56,22.26
890,30.547,2184.84,24.14
891,31.1627,2230.72,24.28
892,30.789,2184.96,23.52
893,29.5702,2157.12,24.7
894,31.8004,2199.88,24.58
895,31.9645,2172.39,25.81
896,31.4447,2227.39,26.37
897,30.6814,2075.57,25.71
898,30.6545,2164.42,27.52
899,29.3985,2081.56,26.57
900,30.5,2063.43,26.65
901,29.2594,1995.97,27.02
902,26.6339,2094.77,26.2
903,29.6198,2069.36,26.69
904,27.6876,2021.27,25.82
905,28.1711,2105.99,25.07
906,27.8543,2081.84,24.45
907,29.1436,2116.46,24.81
908,28.0699,2115.32,25.14
909,27.4969,2080.06,23.67
910,29.6224,2096.2,24.26
911,29.2124,2164.95,23.0
912,28.9327,2101.25,22.79
913,31.5474,2098.87,22.85
914,30.5172,2112.3,23.81
915,30.1948,2127.6,23.98
916,30.0325,2193.2,23.5
917,31.7546,2108.87,23.66
918,31.514,2089.68,24.52
919,31.4026,2144.55,25.36
920,31.9534,2032.97,26.17
921,30.7018,2075.8,25.94
922,32.6664,2037.65,26.44
923,31.8102,2067.48,26.88
924,29.7049,2081.84,27.23
925,30.1465,2017.83,27.07
926,28.4492,2055.26,26.06
927,28.9884,2008.61,26.45
928,27.3845,1942.57,26.26
929,28.9403,2045.19,25.5
930,29.2524,2059.55,24.98
931,28.7317,1998.9,24.88
932,29.3335,2107.75,23.72
933,28.2601,2027.92,23.48
934,29.3453,2045.4,24.1
935,30.3155,2055.04,22.23
936,28.9819,2026.61,23.21
937,31.1853,2000.94,23.06
938,30.8936,1936.32,23.44
939,29.658,2034.98,23.83
940,33.0994,2018.92,23.92
941,32.5285,2112.7,24.7
942,32.6331,2024.6,25.71
943,29.5205,1980.59,25.26
944,30.847,1905.86,26.08
945,30.3826,1869.75,26.79
946,30.9281,1920.75,26.01
947,29.3496,1993.19,26.67
948,28.4075,1947.86,26.77
949,29.7031,1898.58,26.6
950,29.6809,1983.24,26.57
951,29.5808,1866.83,26.99
952,28.5083,2000.45,26.11
953,28.1566,1846.72,25.77
954,29.4208,1976.63,25.3
955,30.2414,2011.83,25.1
956,28.0602,2005.21,23.48
957,28.5795,1885.39,24.79
958,29.1835,1788.86,23.47
959,30.2154,1840.0,22.59
960,30.663,1880.09,22.77
961,30.1775,1951.37,23.68
962,31.0069,1850.39,22.82
963,29.7775,1955.14,23.94
964,32.0041,1940.92,23.0
965,29.8189,1953.78,23.93
966,30.9602,1904.3,25.37
967,31.4017,1862.54,26.7
968,30.9046,1917.65,26.29
969,30.8609,1818.76,25.51
970,31.8188,1850.56,27.04
971,29.9896,1916.35,26.69
972,30.1826,1851.76,27.26
973,29.0819,1970.48,26.93
974,29.713,1969.3,26.49
975,27.4781,1862.99,26.15
976,28.5603,1846.22,25.49
977,29.4289,1930.37,24.89
978,27.682,1892.23,24.9
979,27.604,1979.41,24.25
980,29.3569,2086.76,24.09
981,28.374,1962.25,23.85
982,29.5074,1872.95,22.85
983,30.3822,1960.05,23.84
984,28.859,1962.64,23.27
985,29.7876,2052.45,23.21
986,31.6764,2034.55,23.99
987,31.7828,1914.51,22.8
988,31.3851,1906.52,23.23
989,30.854,1989.88,25.52
990,30.8947,1963.18,24.99
991,31.7843,1998.13,24.74
992,30.6218,2017.67,25.89
993,29.9917,1935.7,25.62
994,31.7651,1971.39,26.75
995,30.6645,2010.58,28.35
996,29.3599,2011.15,26.9
997,30.3171,1953.77,26.43
998,27.8969,2108.31,27.65
999,28.5299,2049.58,25.93
1000,29.8755,2019.74,25.22
1001,29.4026,2002.67,25.04
1002,27.8653,1919.19,24.86
1003,28.1908,1966.82,24.73
1004,28.5298,1954.04,24.75
1005,29.0664,1977.55,23.35
1006,29.4149,2158.13,23.85
1007,30.9973,2109.92,23.11
1008,30.4126,2060.58,22.81
1009,30.926,2005.86,23.12
1010,30.3925,1976.51,23.79
1011,32.1044,2173.65,23.71
1012,30.5857,2018.6,23.8
1013,31.535,2001.9,24.78
1014,30.3777,2105.01,25.84
1015,30.8465,2039.47,25.43
1016,30.8505,2131.19,26.26
1017,31.2417,1984.38,26.66
1018,29.4086,2186.91,27.17
1019,30.7642,2001.9,26.9
1020,29.827,2158.35,27.72
1021,29.4003,2130.46,27.02
1022,29.2422,2080.18,27.87
1023,29.8726,2045.25,26.79
1024,27.6851,2069.45,26.54
1025,29.6453,2082.6,25.52
1026,29.3143,2145.04,25.03
1027,28.6625,2040.52,24.51
1028,28.2738,2152.03,24.05
1029,30.0783,2072.24,22.98
1030,28.296,2230.04,22.67
1031,29.6511,2110.98,22.46
1032,29.6025,2149.78,23.33
1033,29.8697,2111.27,23.34
1034,30.6584,2117.1,23.79
1035,29.5974,2117.07,24.62
1036,33.1351,2197.41,22.44
1037,31.9184,2126.77,24.07
1038,32.2807,2222.77,25.12
1039,30.5581,2254.64,24.76
1040,30.1745,2105.3,26.37
1041,30.7517,2263.66,26.26
1042,30.7487,2195.21,27.12
1043,29.1889,2065.14,27.18
1044,31.2406,2156.9,27.66
1045,30.5541,2216.93,27.24
1046,28.3721,2235.05,26.19
1047,29.8391,2133.06,26.28
1048,28.0176,2213.98,25.82
1049,28.1691,2130.06,25.5
1050,29.274,2178.24,24.79
1051,29.2709,2193.69,24.97
1052,29.4729,2174.81,23.77
1053,28.7644,2165.56,24.0
1054,29.2275,2171.63,22.64
1055,30.9833,2099.35,23.11
1056,29.6509,2143.54,22.93
1057,30.0091,2189.4,23.57
1058,31.242,2173.87,23.35
1059,31.0677,2136.26,22.93
1060,31.0322,2184.26,23.01
1061,30.9974,2139.81,23.91
1062,31.8165,2069.71,24.64
1063,32.8903,2066.62,25.54
1064,31.1764,2200.99,25.77
1065,31.379,2025.62,27.1
1066,30.9955,2182.82,26.26
1067,30.344,2145.99,26.63
1068,29.3813,2091.83,27.24
1069,28.7698,2206.84,26.63
1070,29.9672,2230.57,27.16
1071,30.5583,2043.0,25.51
1072,26.7738,2053.89,25.71
1073,29.363,2185.8,25.58
1074,27.7781,2081.04,24.4
1075,29.7244,2080.04,24.61
1076,28.7068,2087.09,24.25
1077,28.7977,2064.82,23.53
1078,29.6751,2076.16,23.31
1079,30.4407,2124.99,23.24
1080,30.4167,2025.06,22.43
1081,30.5061,2080.68,23.57
1082,29.6962,2075.62,23.39
1083,31.789,2143.83,23.99
1084,29.8953,2025.74,24.05
1085,31.1487,2088.11,24.69
1086,33.7478,2036.36,24.77
1087,31.1581,2114.81,26.01
1088,32.51,1957.35,25.75
1089,29.7776,2034.33,26.04
1090,30.8213,2040.77,26.8
1091,29.5644,2033.56,27.5
1092,27.898,2053.77,26.78
1093,28.5693,2091.66,27.38
1094,30.3109,2103.69,26.92
1095,29.5914,1956.1,26.21
1096,28.0526,1967.72,26.51
1097,28.0599,1884.92,26.38
1098,27.9513,1997.17,24.86
1099,28.4456,2011.18,23.83
1100,28.1865,1970.49,24.95
1101,28.9519,2066.0,23.14
1102,30.0146,2006.78,23.66
1103,28.9483,2008.04,23.97
1104,29.623,1967.46,23.04
1105,30.2321,1953.65,21.72
1106,30.9945,2012.92,22.96
1107,31.7057,2013.17,22.69
1108,31.0072,2003.92,24.62
1109,31.8199,1990.4,24.4
1110,32.3001,2048.0,25.0
1111,29.1838,1976.8,24.53
1112,33.1908,1917.92,26.42
1113,31.5028,1971.57,27.22
1114,30.1817,1887.16,26.7
1115,31.1014,1927.71,26.79
1116,28.6724,1966.54,27.13
1117,28.915,1968.05,27.47
1118,29.347,1849.16,26.93
1119,29.1006,1897.26,26.68
1120,28.3865,1949.76,26.15
1121,27.2885,1891.36,26.41
1122,28.0906,1967.15,25.03
1123,27.6694,1894.8,23.79
1124,29.0894,2022.18,24.06
1125,27.7303,1965.33,24.02
1126,28.7852,1927.65,23.12
1127,29.8414,1982.41,22.52
1128,27.4588,1956.89,23.15
1129,28.4548,2004.95,21.93
1130,29.9161,1942.34,23.03
1131,30.3165,1969.71,24.4
1132,31.762,1958.85,23.42
1133,30.8683,1866.78,24.67
1134,31.3301,1898.03,25.56
1135,33.3513,1845.56,24.11
1136,31.2556,1944.47,25.53
1137,32.1288,1914.19,26.58
1138,31.1445,1955.14,27.84
1139,32.4514,1958.11,26.17
1140,30.1236,1821.71,27.21
1141,29.6751,1866.6,26.63
1142,29.5554,1895.26,26.96
1143,27.8236,1885.11,25.97
1144,27.4723,1972.44,25.47
1145,28.289,2002.28,25.88
1146,28.7922,2083.91,24.91
1147,28.18,1840.26,24.98
1148,28.3524,2013.48,24.64
1149,29.4108,1958.95,22.12
1150,28.4215,2013.58,23.59
1151,30.1672,1896.6,23.67
1152,28.5226,1952.08,23.76
1153,29.2955,1988.62,22.82
1154,30.5323,1961.67,24.29
1155,32.8112,2002.19,22.64
1156,31.339,1997.49,23.33
1157,31.6424,1996.58,24.16
1158,31.5609,1993.39,25.12
1159,32.3942,2018.44,26.03
1160,30.5297,1996.75,26.33
1161,30.6011,1869.85,26.83
1162,30.9455,1983.61,26.03
1163,30.1504,1991.9,27.51
1164,30.8172,2011.93,26.37
1165,29.2672,1904.9,27.31
1166,28.8173,1953.69,27.54
1167,28.9408,2026.01,26.75
1168,29.197,1994.0,25.81
1169,28.1753,1985.69,25.99
1170,30.0369,1937.12,24.93
1171,27.9259,1937.04,23.64
1172,28.4872,2033.15,24.49
1173,27.7254,2083.85,23.86
1174,30.895,2024.56,24.06
1175,29.2112,2002.13,22.91
1176,29.6771,2056.87,23.28
1177,30.2541,1995.61,23.32
1178,30.6357,1956.06,23.23
1179,29.9643,2012.23,22.77
1180,31.2338,1977.39,23.58
1181,33.3435,2122.02,24.32
1182,30.1613,2035.32,25.86
1183,32.2105,2070.97,25.55
1184,32.1211,2093.32,26.05
1185,31.5509,2051.53,26.49
1186,32.7581,2076.93,27.58
1187,29.6077,2183.37,26.7
1188,29.663,2015.4,26.74
1189,30.2192,2072.73,26.95
1190,28.3799,2054.97,27.04
1191,28.7691,2069.75,26.68
1192,29.9369,2276.06,26.31
1193,29.6296,2140.97,26.25
1194,28.3149,2170.98,24.34
1195,30.6494,2168.71,25.49
1196,28.8621,2141.69,24.29
1197,30.382,2083.35,22.95
1198,28.152,2054.63,23.07
1199,30.1583,2220.61,23.38
1200,29.7668,2057.37,23.26
1201,30.9794,2135.88,22.42
1202,30.0844,2138.1,23.34
1203,29.9323,2084.18,23.18
1204,31.3201,2141.96,23.51
1205,30.2045,2175.81,23.96
1206,32.4542,2172.89,25.23
1207,31.2687,2117.33,25.21
1208,31.7594,2095.17,26.21
1209,32.4129,2162.54,26.16
1210,29.385,2082.81,26.4
1211,31.1047,2184.19,27.35
1212,30.0257,2136.28,26.42
1213,28.9667,2329.92,28.02
1214,28.3063,2103.08,27.55
1215,28.3979,2088.92,26.47
1216,28.7488,2047.62,26.68
1217,29.4227,2147.43,25.38
1218,29.7239,2202.28,25.89
1219,28.8343,2256.44,23.86
1220,29.6086,2136.56,24.05
1221,29.0414,2111.78,23.23
1222,29.8422,2190.25,22.83
1223,29.5499,2068.53,23.4
1224,29.5436,2213.2,22.65
1225,31.6464,2094.37,23.09
1226,30.9395,2219.9,24.0
1227,31.271,2137.97,23.52
1228,32.2283,2238.22,23.86
1229,32.4976,2154.44,23.99
1230,31.162,2152.62,25.6
1231,29.3362,2213.16,26.29
1232,33.1144,2093.07,25.62
1233,30.5746,2163.36,26.17
1234,29.6982,2127.54,25.7
1235,32.2282,2151.95,27.14
1236,29.6668,2174.77,26.62
1237,29.6996,2149.97,27.27
1238,28.807,2024.5,27.2
1239,28.984,2133.18,26.65
1240,29.4703,2135.83,26.18
1241,29.8379,2156.75,24.98
1242,29.2406,2085.6,25.2
1243,29.1591,2114.72,24.18
1244,28.2398,2101.91,23.42
1245,28.7142,2242.82,23.83
1246,29.5755,2144.65,24.18
1247,29.1829,2152.11,23.06
1248,29.8207,2111.75,22.39
1249,30.3857,2051.52,23.13
1250,31.3133,2027.4,22.78
1251,31.3412,2107.08,23.82
1252,31.8477,2090.45,24.04
1253,31.0829,2029.69,24.97
1254,30.7956,2102.75,23.96
1255,31.1277,1957.0,24.9
1256,31.8616,1952.21,25.71
1257,30.3577,2148.36,25.28
1258,31.686,2080.65,27.0
1259,30.9764,2096.6,27.5
1260,29.9967,1950.33,26.7
1261,29.5025,2059.55,28.01
1262,28.3038,1973.0,27.21
1263,27.4929,2069.84,27.05
1264,28.9379,2035.28,26.08
1265,28.6083,1969.43,26.13
1266,27.7852,2097.22,25.16
1267,28.3971,2020.68,24.11
1268,28.187,1928.85,23.94
1269,29.0199,2059.62,23.23
1270,28.7392,1937.35,23.74
1271,31.0369,2033.09,22.91
1272,30.4488,1922.77,21.13
1273,30.6609,1917.91,21.96
1274,28.5522,2034.69,22.98
1275,31.8034,1987.08,23.01
1276,30.6572,2051.39,24.42
1277,31.1205,1958.83,24.34
1278,32.8286,1848.38,25.33
1279,31.0286,1974.56,25.02
1280,31.1489,2008.83,25.87
1281,32.5035,1948.31,26.7
1282,30.3123,1887.54,27.15
1283,30.8319,1964.18,26.81
1284,30.2192,1859.85,26.41
1285,29.0247,2022.21,27.24
1286,29.5934,1858.05,26.81
1287,27.9681,1934.36,27.21
1288,28.3943,2040.28,26.03
1289,29.5473,1929.77,24.96
1290,28.2878,1877.49,24.83
1291,28.6684,1955.34,24.15
1292,29.4839,1926.47,23.52
1293,29.9613,2059.09,23.24
1294,29.5349,1917.22,23.71
1295,29.4894,1910.37,23.12
1296,30.2461,1937.94,23.35
1297,29.2183,1970.28,23.36
1298,30.4126,1906.26,23.02
1299,29.9762,1870.77,23.46
1300,31.3635,1978.46,24.12
1301,31.9164,1939.43,24.59
1302,29.874,1915.01,24.88
1303,33.4559,1908.91,26.26
1304,32.8299,1930.49,26.47
1305,30.9337,2035.93,26.23
1306,30.9687,2086.77,26.27
1307,30.4301,1901.28,27.5
1308,29.887,1986.84,26.65
1309,29.1017,1862.16,25.93
1310,28.54,1946.93,26.72
1311,30.6558,1954.92,26.29
1312,26.8738,1895.9,25.42
1313,27.4781,1836.75,25.01
1314,27.9877,1880.84,24.99
1315,27.2814,1772.74,24.0
1316,28.1429,1996.54,23.86
1317,30.1422,1939.53,23.32
1318,28.8988,1999.48,23.48
1319,28.9665,1858.13,22.49
1320,30.0818,1871.57,23.25
1321,32.3397,2009.02,22.27
1322,32.1959,1904.72,24.31
1323,32.1802,1979.65,23.39
1324,30.9481,1911.93,24.67
1325,30.9893,2016.43,24.33
1326,30.761,1919.52,24.53
1327,30.1824,2055.84,25.27
1328,32.0978,1975.04,26.35
1329,29.9428,1978.33,26.25
1330,30.3886,1996.83,26.92
1331,30.0144,1864.84,26.61
1332,29.2924,2052.13,26.6
1333,28.869,2032.77,27.11
1334,28.2268,1986.38,27.64
1335,29.1139,1941.02,25.73
1336,30.4296,2099.68,26.02
1337,29.5401,1974.81,25.34
1338,28.5609,2139.85,24.85
1339,28.1418,2063.46,24.71
1340,30.3329,2038.86,24.68
1341,28.8428,2020.05,22.79
1342,28.6577,1950.86,23.76
1343,29.1486,2085.14,22.9
1344,29.063,2058.97,23.92
1345,30.2766,1980.04,22.93
1346,31.7215,2052.44,24.31
1347,30.3514,2106.86,22.89
1348,31.0801,1998.19,24.06
1349,32.4235,2124.26,25.16
1350,31.7961,2122.39,25.02
1351,31.3165,2072.14,25.61
1352,31.526,2059.81,26.76
1353,31.0142,2118.17,27.13
1354,31.3916,2089.89,25.85
1355,30.6005,2061.83,26.71
1356,29.136,2064.73,26.15
1357,29.5293,2102.84,27.37
1358,28.4119,2088.65,26.29
1359,29.698,2062.28,26.68
1360,30.0974,2061.4,26.95
1361,29.187,2130.1,25.29
1362,28.1633,2125.24,24.81
1363,30.2064,2125.62,24.54
1364,26.4785,2031.22,24.3
1365,29.2067,2079.65,24.77
1366,29.944,2069.06,23.7
1367,30.8821,2143.92,23.1
1368,29.8102,2142.44,23.11
1369,29.7425,2180.02,23.31
1370,30.4408,2039.03,23.05
1371,32.0171,2221.7,23.35
1372,31.5211,2203.02,23.01
1373,30.9974,2082.33,23.4
1374,30.888,2167.73,25.45
1375,31.5458,2104.59,25.28
1376,30.7394,2155.75,26.28
1377,31.5778,2204.31,27.05
1378,30.2105,2230.62,26.66
1379,31.5505,2241.15,27.72
1380,29.9213,2260.67,27.27
1381,27.7663,2030.61,27.16
1382,29.5721,2204.17,26.85
1383,29.5951,2165.05,26.55
1384,29.9131,2234.02,25.33
1385,27.7259,2086.58,25.51
1386,28.635,2065.93,24.13
1387,27.9677,2119.65,24.31
1388,28.7205,2082.32,24.35
1389,30.2384,2115.25,23.56
1390,28.264,2160.87,23.69
1391,30.4046,2091.81,23.06
1392,30.7553,2167.84,23.44
1393,30.2265,2212.07,21.91
1394,30.4982,2161.0,23.87
1395,29.5367,2267.14,23.28
1396,31.1544,2243.27,23.8
1397,30.9353,2117.73,24.78
1398,32.0597,2180.13,24.77
1399,31.0723,2167.04,25.36
1400,31.4429,2149.56,26.14
1401,31.4694,2251.67,26.8
1402,30.9895,2292.91,26.82
1403,31.3684,2080.18,26.78
1404,29.9733,2042.8,26.82
1405,30.2769,2126.87,26.73
1406,29.1905,2120.52,26.54
1407,29.2912,2045.93,26.13
1408,29.9613,2214.55,26.34
1409,28.9375,2081.67,24.94
1410,28.1531,2229.81,24.7
1411,28.1905,2174.93,25.22
1412,28.4558,2172.95,24.07
1413,29.06,2217.24,23.42
1414,29.2695,2033.02,23.51
1415,29.5888,2073.68,22.75
1416,27.9267,2144.95,23.24
1417,31.1325,2053.61,23.36
1418,30.5569,2100.74,23.99
1419,30.6239,2050.27,22.61
1420,31.302,1962.87,24.52
1421,31.477,2127.13,24.54
1422,30.2292,2107.91,25.11
1423,32.2689,2082.92,25.5
1424,29.8733,2112.29,25.58
1425,30.763,1903.11,26.48
1426,31.1813,1970.26,26.33
1427,29.8429,2086.16,27.01
1428,29.0363,2136.14,25.99
1429,29.0491,2018.1,25.79
1430,29.787,1987.64,26.47
1431,27.6585,2093.72,26.51
1432,28.1515,1953.5,25.99
1433,27.845,1990.67,25.87
1434,28.1046,2041.84,24.98
1435,27.7658,2109.2,24.34
1436,29.3466,1982.83,23.87
1437,31.5222,1984.44,23.73
1438,29.6168,2028.81,23.89
1439,30.8602,1971.2,23.26
1440,29.4394,1937.38,22.05
1441,30.5612,1875.72,22.59
1442,31.1932,1951.62,23.67
1443,31.8233,1901.46,24.64
1444,31.4847,1864.08,24.37
1445,30.9704,1979.78,25.37
1446,31.5828,1886.92,25.21
1447,30.1822,2104.68,25.12
1448,29.892,1952.64,25.95
1449,30.5775,1938.54,26.38
1450,31.7908,1965.5,26.32
1451,31.4289,1922.06,27.51
1452,31.7045,1935.88,27.63
1453,28.7184,1936.34,26.5
1454,29.6414,1880.93,26.16
1455,28.903,1891.73,26.32
1456,28.5285,2004.17,26.25
1457,28.6891,1985.4,24.88
1458,29.1368,1942.99,24.76
1459,28.8896,1910.94,24.07
1460,29.3993,1844.6,24.28
1461,27.5072,1865.14,22.88
1462,28.9869,1884.7,23.52
1463,30.2853,1967.07,22.86
1464,29.3708,1893.74,22.83
1465,30.2998,1992.65,22.94
1466,30.7531,2026.19,23.14
1467,31.644,1897.41,24.25
1468,30.6132,1873.89,23.93
1469,32.1508,1823.44,25.18
1470,30.0865,1790.82,24.86
1471,30.3111,2000.17,25.34
1472,30.2045,1929.45,25.92
1473,29.9643,1901.67,26.6
1474,32.1921,1891.06,26.56
1475,30.127,1901.04,26.45
1476,30.259,1942.33,27.58
1477,29.8316,1887.59,27.48
1478,31.208,1923.6,26.6
1479,28.5779,1892.76,26.28
1480,28.9035,1858.53,25.91
1481,28.2615,1979.5,25.21
1482,28.0126,1941.5,24.36
1483,29.4968,2015.33,25.62
1484,28.8744,1990.0,24.92
1485,29.8913,2044.73,23.23
1486,28.8792,1909.15,22.24
1487,29.9146,1944.69,22.74
1488,29.6645,1886.37,22.84
1489,30.0016,1967.98,23.55
1490,31.1289,1950.09,22.7
1491,31.1717,1949.09,23.97
1492,30.8413,1942.78,24.2
1493,33.2642,1849.2,24.69
1494,30.1483,1951.65,24.98
1495,30.4063,1926.46,25.49
1496,31.5306,1904.52,25.99
1497,31.4993,2016.9,26.41
1498,28.9247,1918.75,26.71
1499,30.2072,2046.09,26.29
1500,29.2281,2621.92,27.02
1501,31.2466,2671.38,27.34
1502,29.8189,2680.95,25.73
1503,29.8124,2727.5,26.13
1504,29.3855,2638.3,26.86
1505,28.4217,2767.93,26.5
1506,28.4533,2667.56,25.65
1507,28.0139,2679.77,24.47
1508,28.6043,2769.78,24.08
1509,30.3666,2772.84,22.99
1510,30.2238,2809.63,22.21
1511,29.6995,2692.0,22.38
1512,30.5078,2821.0,23.01
1513,30.3934,2766.9,23.58
1514,31.5553,2763.52,23.21
1515,30.6077,2687.76,22.86
1516,31.116,2735.93,23.78
1517,30.4163,2765.46,23.33
1518,31.7414,2832.83,25.01
1519,31.2676,2723.06,24.66
1520,33.4218,2771.6,26.27
1521,31.9229,2756.16,27.22
1522,31.299,2824.92,26.59
1523,29.9646,2837.81,28.27
1524,31.0866,2856.53,25.63
1525,29.4643,2807.22,27.66
1526,30.582,2696.06,26.83
1527,29.8786,2786.04,27.29
1528,27.1937,2847.79,25.14
1529,28.9812,2806.37,25.22
1530,28.2621,2887.85,24.17
1531,28.1651,2935.57,24.9
1532,28.1888,2810.71,23.84
1533,27.9757,2768.05,24.1
1534,29.0608,2844.1,22.75
1535,30.3556,2891.22,23.14
1536,31.174,2908.65,22.42
1537,30.0872,2892.64,23.99
1538,30.7049,2848.18,23.21
1539,32.2763,2932.83,22.84
1540,31.4397,2169.98,24.47
1541,31.5095,2186.85,24.37
1542,32.5008,2067.2,24.43
1543,31.4299,2171.2,25.29
1544,28.8712,2100.68,26.08
1545,31.3016,2127.53,27.01
1546,29.1128,2156.17,25.98
1547,30.7881,2208.12,26.51
1548,30.1608,2231.17,26.82
1549,30.423,2194.45,27.16
1550,28.0913,2230.54,26.56
1551,28.2713,2190.29,25.53
1552,28.8707,2219.78,26.0
1553,27.2024,2286.72,24.85
1554,26.9216,2180.27,24.66
1555,28.8754,2219.47,25.21
1556,27.3534,2225.28,23.84
1557,28.731,2238.14,23.49
1558,29.611,2161.77,22.9
1559,27.9325,2171.77,22.89
1560,29.8983,2072.15,22.17
1561,29.6084,2170.09,23.72
1562,29.9873,2182.11,23.11
1563,29.0132,2204.24,23.62
1564,31.2355,2097.63,23.57
1565,30.7203,2261.11,25.05
1566,32.6188,2191.02,24.56
1567,31.112,2138.43,24.71
1568,30.6829,2162.25,26.53
1569,31.1812,2223.23,26.47
1570,30.281,2102.45,27.26
1571,30.7209,2082.31,27.56
1572,29.1623,2128.33,26.94
1573,28.6127,2152.38,26.05
1574,29.3619,2105.52,27.35
1575,28.6086,2067.49,26.4
1576,30.7733,2139.72,25.84
1577,27.2143,2113.5,24.66
1578,27.8685,2058.28,24.94
1579,28.501,2135.65,24.85
1580,29.6011,2244.81,23.57
1581,29.4603,2051.4,23.39
1582,28.9435,2111.05,23.57
1583,29.3189,1992.21,22.96
1584,27.9348,2095.61,23.4
1585,30.077,2079.8,23.44
1586,31.3884,2037.38,23.85
1587,32.8168,2132.41,22.84
1588,29.9488,2085.7,23.87
1589,30.7468,2104.48,24.75
1590,31.2121,2105.23,24.46
1591,32.7811,2026.66,25.33
1592,31.3194,2031.49,25.81
1593,29.3553,2041.47,27.0
1594,30.5604,2057.68,26.84
1595,31.3003,2109.29,26.35
1596,29.2363,1956.69,26.95
1597,29.3128,2067.96,26.99
1598,30.151,2040.69,26.75
1599,29.7743,2056.98,25.76
1600,28.5967,2029.69,25.35
1601,29.4083,2046.97,25.54
1602,27.8434,2024.01,25.42
1603,26.7845,2026.76,25.08
1604,27.8134,1961.84,22.9
1605,28.4369,1922.2,23.67
1606,29.2557,1929.2,23.81
1607,29.9356,1902.96,23.71
1608,28.9629,1923.41,22.74
1609,30.0953,1925.97,23.15
1610,31.0837,1984.31,23.32
1611,31.246,1953.99,23.57
1612,31.9666,1975.83,22.81
1613,31.1302,1934.95,24.57
1614,31.7671,2009.44,25.14
1615,32.1696,1918.55,25.54
1616,30.3391,1971.92,26.1
1617,32.4646,1943.26,26.25
1618,31.3236,1903.25,26.87
1619,30.1708,2019.03,27.42
1620,28.412,2050.45,26.29
1621,29.6136,1943.51,26.38
1622,28.4549,1997.0,26.3
1623,29.6628,1896.89,27.67
1624,28.7353,1945.2,26.85
1625,29.2694,1935.7,25.33
1626,28.0044,1862.6,23.99
1627,28.9309,1882.14,24.26
1628,28.0174,1949.28,23.8
1629,27.8729,1916.5,23.04
1630,28.2157,1940.05,23.44
1631,28.9179,1885.46,23.0
1632,28.609,1906.05,23.37
1633,29.0374,1924.55,23.12
1634,30.0483,1934.59,23.64
1635,31.3671,1846.87,23.51
1636,31.044,1864.98,24.4
1637,31.0454,1856.9,24.28
1638,30.3064,1854.93,24.59
1639,31.8632,1831.65,25.47
1640,31.8195,1905.95,25.09
1641,32.0423,1842.09,26.08
1642,31.7312,1970.67,27.03
1643,28.5788,1871.88,26.97
1644,30.3368,1977.25,26.53
1645,29.8715,1830.11,27.41
1646,30.0168,1912.35,26.72
1647,28.5994,1923.45,26.67
1648,27.5306,1931.5,25.99
1649,28.472,1938.38,25.61
1650,28.3642,1998.46,24.8
1651,30.4067,1890.55,24.27
1652,29.2235,1920.67,23.82
1653,29.3825,1928.94,23.71
1654,29.5087,2027.96,22.57
1655,31.4802,1903.67,23.38
1656,29.4729,1955.57,23.05
1657,31.4236,1997.43,23.23
1658,31.5321,1949.72,22.47
1659,31.5884,1971.79,24.48
1660,32.3952,1931.52,24.15
1661,31.1548,1918.05,24.94
1662,31.6759,1855.77,24.89
1663,31.3943,2009.06,25.61
1664,29.9002,2000.45,25.73
1665,32.4083,1999.97,26.54
1666,29.592,1932.32,27.27
1667,29.7548,2025.24,27.45
1668,29.8383,2010.23,26.76
1669,29.4897,1985.79,26.62
1670,29.914,2018.68,26.2
1671,28.311,1926.08,26.46
1672,29.6341,1981.83,26.38
1673,28.7931,2073.47,25.11
1674,29.6045,2052.23,25.13
1675,27.5832,1940.7,24.67
1676,28.8324,2104.5,23.21
1677,28.399,1879.96,23.13
1678,29.9806,2040.94,23.61
1679,28.9412,2062.98,23.06
1680,30.014,2012.91,22.75
1681,31.2911,2089.53,23.32
1682,30.1564,2044.17,23.29
1683,31.9895,1974.01,23.73
1684,29.8146,2064.89,23.33
1685,31.7694,2182.3,25.14
1686,31.8307,2109.81,25.08
1687,30.9578,2198.31,25.1
1688,32.4424,2107.34,26.17
1689,30.5037,2021.05,26.4
1690,30.9245,2095.5,26.4
1691,29.9563,2102.34,26.44
1692,27.7271,2145.79,27.2
1693,29.6929,2053.76,27.08
1694,28.064,2139.45,26.3
1695,28.8076,2149.26,26.03
1696,29.9036,2189.38,26.85
1697,28.2296,2057.23,25.88
1698,28.2698,2176.36,24.94
1699,28.2362,2215.12,24.72
1700,27.5036,2168.01,23.93
1701,28.8528,2060.77,23.79
1702,28.6512,1942.26,22.1
1703,30.8884,2041.37,23.82
1704,29.5866,2186.46,23.36
1705,29.8089,2152.51,24.1
1706,31.0762,2099.85,22.55
1707,31.0297,2123.0,23.63
1708,29.8267,2182.36,24.44
1709,31.3576,2098.56,24.66
1710,31.0947,2218.98,25.16
1711,30.2299,2197.4,24.98
1712,32.0115,2149.32,25.31
1713,29.9502,2160.82,26.38
1714,31.5354,2187.1,26.24
1715,29.9991,2161.51,27.79
1716,30.7157,2172.08,27.27
1717,28.3646,2180.31,26.64
1718,29.1742,2200.03,26.14
1719,30.3011,2148.51,26.79
1720,28.1536,2123.82,26.03
1721,28.6084,2135.51,25.55
1722,27.349,2181.35,24.86
1723,27.8781,2225.06,24.06
1724,30.525,2308.17,24.44
1725,30.3972,2180.98,23.72
1726,28.7839,2279.38,23.17
1727,29.2587,2251.8,23.15
1728,30.4018,2289.61,23.23
1729,31.1353,2071.48,23.53
1730,31.2785,2165.42,22.86
1731,31.0298,2179.44,23.24
1732,31.252,2249.49,24.97
1733,32.079,1980.27,24.42
1734,31.2966,2146.18,24.65
1735,32.3191,2198.5,25.48
1736,31.5431,2268.82,26.63
1737,30.4437,2158.99,25.7
1738,31.4524,2154.84,26.53
1739,30.8792,2022.14,27.01
1740,29.6462,2108.81,27.24
1741,29.2995,2050.19,26.42
1742,29.4804,2085.15,27.48
1743,30.0703,2152.56,26.65
1744,29.0507,2118.01,25.52
1745,28.5812,2075.13,25.84
1746,28.2381,2067.95,24.73
1747,28.1307,2132.04,24.69
1748,28.1785,2140.77,24.74
1749,29.2206,2051.57,23.9
1750,29.0572,2016.84,22.48
1751,27.6438,2158.85,22.81
1752,30.1466,2090.49,23.05
1753,29.7638,2051.35,22.7
1754,30.9148,2135.17,22.61
1755,30.5362,2073.4,23.66
1756,31.2862,2111.55,23.49
1757,32.4953,2073.16,24.01
1758,31.6998,2002.7,24.48
1759,29.7701,1986.21,26.19
1760,32.3146,2090.53,26.95
1761,31.406,2210.58,26.11
1762,30.6409,2125.36,27.5
1763,31.6785,1938.27,26.31
1764,29.7748,2087.47,27.05
1765,28.8088,2154.33,27.98
1766,28.2558,2042.28,27.19
1767,29.9854,2105.18,26.65
1768,28.4432,2037.58,26.11
1769,28.2203,1995.97,24.53
1770,28.541,2124.42,24.6
1771,27.767,2045.26,24.91
1772,27.5802,1998.56,23.45
1773,27.5884,1990.33,23.54
1774,30.5038,1881.19,22.73
1775,28.7594,1938.71,22.97
1776,28.9089,1960.07,24.03
1777,30.8436,1916.72,22.87
1778,29.7545,1987.12,23.21
1779,30.721,2052.68,23.41
1780,31.6026,2032.42,23.6
1781,30.553,1910.44,24.03
1782,31.4098,2026.05,24.47
1783,31.2536,1911.75,25.21
1784,32.3401,1884.92,25.51
1785,30.4663,1959.46,27.05
1786,30.9969,1892.7,26.63
1787,30.7698,1941.78,27.52
1788,31.0975,1890.84,26.59
1789,29.8962,1986.91,26.86
1790,28.2958,1847.69,26.48
1791,29.0153,1872.14,25.9
1792,28.1636,1941.47,27.16
1793,27.679,1946.06,25.27
1794,28.5952,1860.77,24.16
1795,28.5971,1867.63,23.68
1796,28.479,1910.79,23.8
1797,28.1814,1900.73,23.99
1798,29.611,1916.81,22.5
1799,28.9884,1859.38,23.81
1800,29.5074,1917.63,21.91
1801,30.6908,1906.96,22.98
1802,31.1968,1951.41,23.41
1803,31.5244,1971.49,24.78
1804,31.7063,1948.01,23.17
1805,32.6008,1980.77,24.38
1806,30.6258,1828.45,25.08
1807,30.7601,1848.5,25.66
1808,32.0477,1922.34,25.75
1809,30.3197,1938.28,26.25
1810,31.0098,1943.21,26.97
1811,29.1016,1822.4,27.13
1812,30.624,1842.28,26.75
1813,30.0814,1950.48,26.73
1814,29.7065,1936.81,26.02
1815,27.7901,1813.86,26.38
1816,28.4454,1978.12,25.79
1817,29.347,1890.09,25.45
1818,28.8415,1959.98,25.47
1819,28.4626,1915.98,24.46
1820,29.4351,1913.37,24.3
1821,28.8889,1906.18,23.48
1822,30.1889,1908.91,23.07
1823,28.9144,1852.87,23.06
1824,30.6657,1931.98,22.3
1825,30.3297,2005.14,23.78
1826,28.4671,1930.83,22.94
1827,31.6376,2024.52,23.19
1828,30.9584,1913.75,23.56
1829,33.2315,1925.19,24.89
1830,31.6375,1889.99,25.5
1831,30.5013,1903.76,24.87
1832,31.613,2029.62,24.73
1833,31.185,1923.74,26.09
1834,31.9404,1940.85,27.39
1835,30.0638,1930.32,26.9
1836,30.0909,2084.62,26.23
1837,30.5142,2053.36,27.5
1838,29.1953,2003.25,26.62
1839,28.4998,1996.65,26.06
1840,29.1833,2086.83,25.53
1841,28.6167,1870.59,25.37
1842,28.414,1949.14,24.86
1843,28.5137,2021.59,24.52
1844,29.0146,2058.79,24.63
1845,28.7933,2001.49,23.97
1846,28.9559,1906.56,22.84
1847,30.1482,1906.57,22.32
1848,28.6877,2025.83,23.3
1849,31.0255,2130.03,23.2
1850,31.8973,2061.7,23.89
1851,31.3966,2082.28,24.09
1852,30.9025,2011.22,23.94
1853,29.8833,2121.58,25.0
1854,31.8688,2044.88,25.09
1855,31.5798,2150.07,25.74
1856,31.2542,2070.17,26.85
1857,32.4912,2115.64,26.37
1858,29.3748,2110.39,27.35
1859,30.766,2119.45,27.5
1860,29.6207,2112.78,26.91
1861,28.4453,2178.93,26.62
1862,29.6424,2077.1,27.23
1863,28.5168,2053.71,25.88
1864,28.2054,1985.44,26.49
1865,28.2082,2133.1,24.07
1866,28.7654,2168.85,24.8
1867,28.2862,2160.08,25.01
1868,28.8888,2105.91,24.77
1869,28.797,2191.51,24.15
1870,29.2924,2180.46,23.06
1871,29.4297,2076.05,22.19
1872,29.6405,2130.7,23.51
1873,29.5484,2169.53,22.85
1874,30.1637,2121.04,22.91
1875,31.7878,2073.61,23.27
1876,31.1657,2158.25,25.09
1877,32.2169,2176.24,24.77
1878,30.9792,2194.38,24.51
1879,32.6106,2170.24,25.65
1880,32.0399,2060.39,25.91
1881,30.9949,2255.95,26.4
1882,31.222,2240.61,26.85
1883,29.9048,2114.48,26.51
1884,30.3877,2241.81,26.69
1885,30.1533,2151.88,27.51
1886,27.891,2122.12,26.52
1887,28.4709,2177.65,26.29
1888,30.7426,2117.53,26.75
1889,28.4397,2238.63,25.66
1890,28.1926,2130.52,25.09
1891,28.1788,2187.01,25.05
1892,29.0136,2204.05,23.85
1893,28.8456,2182.3,23.75
1894,29.109,2238.24,23.5
1895,31.1175,2151.18,23.4
1896,30.9829,2112.35,23.1
1897,31.1707,2150.86,23.02
1898,31.7525,2089.7,23.43
1899,30.8048,2038.11,23.84
1900,32.8295,2156.16,24.15
1901,29.6857,2156.03,24.66
1902,32.2031,2249.2,25.28
1903,32.095,2057.1,25.22
1904,31.0224,2138.26,25.97
1905,31.3276,2039.94,25.63
1906,30.3998,2092.6,26.81
1907,30.9476,2187.52,26.9
1908,29.1329,2175.86,27.12
1909,28.8661,2222.15,27.7
1910,29.4115,2000.79,27.35
1911,29.3606,2042.83,26.6
1912,27.917,2090.57,26.26
1913,28.8088,2139.07,25.44
1914,27.0103,2126.05,25.06
1915,27.9971,2057.45,24.69
1916,29.7539,2002.72,24.32
1917,29.1765,2070.5,23.69
1918,28.8245,2072.75,23.18
1919,28.8924,2121.44,22.76
1920,30.6088,2082.87,23.97
1921,30.1766,2016.77,22.98
1922,29.768,2045.17,22.38
1923,30.6516,2130.39,23.64
1924,31.4349,2086.23,24.51
1925,32.0607,2088.91,25.09
1926,31.0861,1985.96,24.31
1927,31.9264,2017.55,25.4
1928,31.1012,2113.09,25.89
1929,31.8541,2216.96,25.83
1930,31.6688,2067.84,25.78
1931,31.2624,2077.74,26.96
1932,29.1911,2026.54,26.84
1933,31.0708,1946.77,26.93
1934,28.232,1957.95,25.78
1935,29.847,2019.56,26.39
1936,29.185,2058.56,25.96
1937,28.8388,2007.74,26.08
1938,28.7262,2024.02,25.07
1939,29.1731,2132.0,25.32
1940,28.8554,2000.73,25.24
1941,27.9402,1975.53,22.58
1942,29.377,2073.22,23.55
1943,28.5989,2103.17,23.79
1944,29.3561,2011.0,22.91
1945,31.2242,1989.12,23.84
1946,31.9055,2000.26,24.22
1947,31.1438,1937.32,22.91
1948,31.1635,1920.88,24.32
1949,32.4922,1862.52,24.39
1950,32.3,1982.15,24.78
1951,31.8309,1898.72,25.92
1952,30.6281,1905.16,26.83
1953,31.8149,1978.89,26.77
1954,31.2077,2108.45,26.57
1955,30.4523,2025.92,27.53
1956,30.0375,1918.46,28.04
1957,29.5637,1950.95,26.67
1958,29.997,1931.96,26.85
1959,27.5656,1967.0,27.15
1960,27.9719,1980.65,26.23
1961,30.115,1910.15,25.2
1962,29.4926,2040.24,24.52
1963,28.4174,1932.94,24.07
1964,28.6615,1915.43,24.35
1965,29.2723,1847.21,23.93
1966,29.6413,1943.53,24.03
1967,28.96,1866.61,23.34
1968,28.8912,1923.46,22.37
1969,30.7957,1890.64,22.95
1970,30.6928,1926.1,23.01
1971,33.224,1938.52,23.2
1972,30.8433,2021.56,24.65
1973,30.8226,2045.03,25.27
1974,31.1723,1927.23,23.57
1975,31.8072,1924.92,25.89
1976,32.0577,1860.74,26.43
1977,31.4265,1903.8,26.78
1978,30.8336,1925.3,26.06
1979,29.4277,1993.14,26.83
1980,30.4311,1910.92,27.13
1981,30.615,1922.14,26.01
1982,28.8197,1935.69,27.26
1983,29.4388,1908.05,26.21
1984,29.0786,1990.99,25.65
1985,28.2486,1919.08,25.72
1986,28.7967,1922.73,24.53
1987,28.8294,1881.62,23.53
1988,29.8366,1787.56,23.97
1989,29.361,1924.17,23.81
1990,28.7274,1945.41,23.25
1991,28.6896,2081.69,23.38
1992,28.705,1976.38,22.77
1993,29.728,1974.39,23.48
1994,30.3868,1968.25,23.37
1995,32.5232,1902.48,23.83
1996,33.3445,1935.87,23.81
1997,31.2494,2005.36,24.21
1998,31.1241,1876.53,25.07
1999,30.6301,1975.9,25.35
2000,30.2414,1957.87,26.52
2001,30.5117,1993.64,25.97
2002,30.899,1990.11,26.62
2003,30.6548,2128.86,26.02
2004,29.4242,2014.97,26.86
2005,28.1135,2001.16,27.14
2006,28.0217,1892.3,28.06
2007,29.1615,1975.83,25.9
2008,30.2327,2013.81,25.11
2009,29.1056,2075.14,24.43
2010,27.4896,1975.47,24.53
2011,28.6053,2027.47,24.16
2012,28.0147,1992.36,24.8
2013,29.6291,1954.73,23.58
2014,28.2961,2137.73,24.32
2015,30.5319,2064.3,23.35
2016,29.4143,1971.74,22.55
2017,30.591,2054.79,23.71
2018,31.6851,2051.54,22.72
2019,32.1987,2114.57,23.13
2020,32.1668,2062.1,24.33
2021,31.8589,1998.94,25.06
2022,31.9519,2049.41,25.09
2023,32.191,2036.99,25.63
2024,31.1879,2136.25,25.56
2025,30.6884,2090.38,26.65
2026,31.8994,2074.55,26.54
2027,29.3392,2068.9,26.44
2028,30.5787,2106.71,26.34
2029,29.3199,2086.2,26.5
2030,29.173,2008.35,27.0
2031,28.4328,2086.04,25.87
2032,30.5593,2045.06,25.51
2033,26.7703,2125.9,25.42
2034,28.4806,2071.37,25.62
2035,27.9859,2068.54,24.1
2036,28.6624,2179.01,24.3
2037,29.2161,1990.34,22.78
2038,29.6282,2118.26,22.61
2039,28.4441,2081.95,23.31
2040,30.0021,2126.37,23.07
2041,29.6998,2155.15,21.52
2042,31.9363,2145.46,23.02
2043,31.1674,2149.89,23.85
2044,30.4068,2096.23,24.18
2045,31.5265,2069.72,24.75
2046,31.4665,2167.95,24.61
2047,32.0163,2045.36,25.69
2048,31.152,2083.28,25.11
2049,32.1016,2133.58,27.6
2050,29.542,2108.19,26.23
2051,29.7236,2207.04,27.24
2052,30.3608,2210.94,27.28
2053,28.6499,2130.23,27.22
2054,30.2054,2206.86,26.8
2055,29.5613,2141.08,26.53
2056,28.3701,2149.72,26.2
2057,29.5988,2229.79,24.72
2058,29.0588,2172.44,26.09
2059,28.4939,2133.99,24.17
2060,28.0964,2127.69,24.37
2061,29.1277,2093.63,22.84
2062,29.2423,2042.28,22.66
2063,30.6285,2133.59,23.83
2064,29.3044,2070.66,22.87
2065,28.5746,2145.2,22.92
2066,30.401,2131.63,23.34
2067,31.5587,2263.17,22.99
2068,32.447,2192.51,23.33
2069,31.9829,2205.27,24.38
2070,30.3263,2197.23,24.82
2071,31.3637,2177.67,25.32
2072,32.5882,2235.56,25.72
2073,30.103,2084.08,26.19
2074,29.9484,2165.94,25.94
2075,30.605,2106.77,27.38
2076,28.5589,2180.1,26.58
2077,29.2994,2000.03,26.94
2078,30.334,2038.73,26.29
2079,28.4803,2004.69,26.66
2080,27.872,2136.27,26.25
2081,28.9891,2119.5,25.36
2082,29.4745,2126.9,24.58
2083,29.692,2150.96,24.86
2084,27.1387,2159.07,24.13
2085,28.6423,2126.74,23.72
2086,27.6599,2028.82,22.66
2087,30.1003,2193.19,23.26
2088,30.3323,2088.78,22.82
2089,30.0433,2200.37,23.24
2090,29.2462,1938.76,23.0
2091,29.9388,2050.09,23.49
2092,31.9899,2184.35,24.17
2093,31.7316,2064.55,23.82
2094,32.3791,2079.16,26.07
2095,32.3622,2033.9,26.31
2096,32.2663,2083.86,26.82
2097,30.1455,2055.36,25.9
2098,30.6832,2126.04,26.18
2099,30.6468,2133.47,26.44
2100,30.3179,2062.94,26.89
2101,31.5825,2052.2,26.69
2102,28.1243,1966.58,25.96
2103,29.7679,2008.32,25.71
2104,29.5254,1937.93,25.38
2105,29.794,2034.85,24.62
2106,28.8425,1966.78,24.26
2107,28.2858,2039.05,24.68
2108,27.2362,2110.17,24.0
2109,27.9796,2096.43,23.5
2110,28.2277,1949.39,22.67
2111,29.0278,2014.3,23.26
2112,30.0406,2030.53,23.02
2113,29.8904,1942.51,24.09
2114,30.9724,2037.56,24.09
2115,30.4476,1975.83,23.57
2116,30.4261,1873.16,24.63
2117,30.9583,2051.23,24.0
2118,32.4313,1998.21,25.23
2119,31.5329,1960.14,24.89
2120,31.05,1893.57,26.67
2121,31.1236,1987.09,27.29
2122,31.6723,1961.25,27.01
2123,29.9277,1959.64,27.45
2124,30.9918,2014.37,26.22
2125,28.4866,2032.79,26.11
2126,29.9787,1904.83,27.59
2127,29.1845,1931.67,26.16
2128,29.3208,1872.19,26.66
2129,28.6212,1951.94,25.38
2130,29.2055,1947.51,24.71
2131,28.6643,1970.46,24.19
2132,28.2183,1847.19,22.74
2133,29.9384,1979.51,24.28
2134,28.9588,1922.59,23.03
2135,29.4881,1943.46,22.79
2136,30.6145,2023.44,23.06
2137,30.1592,1848.02,22.84
2138,30.6159,1865.6,22.98
2139,30.9834,1963.0,23.59
2140,31.0147,1909.96,23.89
2141,30.0345,1921.85,24.74
2142,32.564,1943.42,24.44
2143,31.8663,1952.15,26.27
2144,29.8749,1898.21,25.99
2145,31.1222,1881.46,26.75
2146,29.5294,1865.16,26.81
2147,30.3593,1907.25,27.31
2148,28.3084,1935.93,26.84
2149,27.7325,1884.1,27.44
2150,29.9334,2034.87,27.81
2151,29.5637,1992.31,26.59
2152,28.7575,1916.83,25.59
2153,28.1053,1872.24,25.19
2154,28.4871,1979.07,23.72
2155,30.5429,2041.79,24.36
2156,27.8097,1861.43,23.61
2157,31.3593,1905.75,23.44
2158,29.79,1954.31,23.29
2159,30.1039,1934.93,22.91
2160,29.9779,1803.82,22.96
2161,30.6925,1886.17,23.72
2162,31.223,1950.82,23.45
2163,31.4151,1890.67,24.81
2164,32.0316,1913.91,24.37
2165,32.561,1935.5,25.05
2166,32.835,1953.05,25.38
2167,30.3637,2015.21,24.55
2168,31.2257,2060.23,27.1
2169,31.86,1883.03,25.92
2170,29.5104,2003.29,26.58
2171,30.3451,1999.88,27.12
2172,30.4156,1986.98,26.96
2173,28.6373,2032.95,26.91
2174,29.7222,1966.8,27.52
2175,28.9124,2007.39,26.54
2176,27.477,1947.68,25.25
2177,27.5338,1990.5,26.11
2178,29.2552,2009.41,24.86
2179,28.7131,2012.29,24.18
2180,28.3184,2085.97,23.33
2181,27.7446,1961.85,24.28
2182,29.9093,2073.27,23.81
2183,29.8514,2063.92,23.51
2184,30.7904,2074.79,22.29
2185,30.5186,2075.17,22.9
2186,31.2888,2127.33,23.46
2187,30.9968,2114.47,23.39
2188,31.9252,2114.67,23.13
2189,30.1078,2087.53,24.33
2190,29.7056,2067.06,24.91
2191,32.0411,2128.83,26.01
2192,32.2804,2063.19,25.83
2193,31.6309,2185.51,26.87
2194,30.028,2096.96,26.33
2195,30.1601,2210.69,26.32
2196,30.2578,1987.91,27.85
2197,29.8234,2082.17,27.41
2198,28.327,2068.8,25.95
2199,29.3632,2127.87,25.79
2200,28.0021,2037.0,25.2
2201,27.8737,2170.62,25.69
2202,28.5752,2141.64,25.5
2203,29.8097,2059.63,24.48
2204,27.6426,2061.13,23.34
2205,29.4115,2116.14,23.63
2206,29.6307,2180.76,22.98
2207,28.7649,2184.65,22.74
2208,29.4183,2184.45,23.93
2209,30.1735,2113.42,23.83
2210,30.5182,2175.15,22.34
2211,31.5573,2175.54,23.24
2212,31.9451,1973.23,24.68
2213,30.0575,2246.63,24.45
2214,30.0098,2054.35,25.09
2215,31.9808,2162.47,25.27
2216,30.7258,2158.3,26.07
2217,30.1194,2182.81,26.86
2218,32.1857,2160.53,26.53
2219,29.7946,2180.55,26.38
2220,30.4417,2163.33,26.75
2221,30.1136,2096.99,27.51
2222,29.3201,2239.98,26.5
2223,29.474,2180.88,27.18
2224,27.4951,2326.31,26.04
2225,29.9816,2178.64,25.45
2226,29.3317,2102.18,25.0
2227,27.9063,2167.7,24.99
2228,29.1815,2129.57,24.08
2229,29.8556,2222.04,22.6
2230,29.1069,2249.88,23.6
2231,29.9251,2181.9,22.85
2232,31.0396,2200.41,23.37
2233,30.778,2180.34,23.23
2234,31.7896,2158.51,23.05
2235,30.4159,2236.31,22.43
2236,31.4166,2115.45,23.48
2237,31.8674,2196.15,24.73
2238,30.0128,2196.98,25.16
2239,31.0269,2133.9,25.07
2240,30.762,2173.48,26.41
2241,31.1455,2099.78,26.26
2242,30.2312,2129.59,26.7
2243,30.7314,2202.86,27.37
2244,28.3023,2196.07,25.95
2245,29.3121,2125.34,26.16
2246,30.006,2249.57,27.26
2247,28.5755,2059.64,26.72
2248,29.3796,2035.59,25.46
2249,28.167,2129.8,25.11
2250,26.908,2109.35,25.08
2251,30.3176,2218.13,23.34
2252,29.123,2102.9,23.52
2253,29.5848,2094.08,22.62
2254,29.7977,2102.26,24.02
2255,29.8025,2205.15,22.54
2256,29.7476,2028.41,23.67
2257,30.9254,2095.71,22.98
2258,30.9176,1995.83,22.36
2259,31.335,2047.39,23.42
2260,30.5246,2080.91,23.82
2261,32.8791,2044.1,24.7
2262,31.9994,1965.8,25.6
2263,31.085,2089.35,25.7
2264,31.1831,2099.09,26.24
2265,30.4166,2020.73,26.34
2266,30.8902,1983.98,26.88
2267,29.7651,2027.97,26.38
2268,30.1608,1992.48,27.38
2269,29.2221,2112.04,26.32
2270,30.7182,2079.13,27.06
2271,28.3935,2061.37,26.67
2272,27.9989,1984.48,26.63
2273,27.813,1950.27,25.42
2274,28.1799,1992.85,24.91
2275,28.7485,2105.51,23.71
2276,29.3904,2161.66,23.22
2277,28.914,1957.15,24.18
2278,29.3249,1908.47,22.94
2279,30.3263,1924.06,22.79
2280,29.3345,1902.75,23.02
2281,30.6837,1959.82,23.48
2282,30.254,2031.77,22.55
2283,30.4333,1989.02,23.41
2284,31.1687,1996.79,23.72
2285,32.0291,1965.29,24.22
2286,31.0731,1926.67,24.3
2287,32.715,1940.28,26.43
2288,31.2517,1901.44,25.05
2289,30.5359,1873.54,25.98
2290,30.0683,1924.94,27.4
2291,31.8296,1954.65,26.97
2292,29.953,1911.93,27.17
2293,30.3427,1923.6,26.77
2294,29.4633,2012.52,26.24
2295,28.9726,1937.94,26.94
2296,28.3082,1957.87,25.34
2297,27.5991,1847.78,25.17
2298,27.8636,1859.29,25.36
2299,29.4862,1922.39,24.3
2300,27.5898,1849.43,23.27
2301,26.7401,1914.0,23.22
2302,28.4665,1910.07,23.49
2303,30.3644,1882.04,23.05
2304,31.3746,1921.29,23.25
2305,31.8018,1928.51,23.78
2306,32.0499,1958.05,23.62
2307,31.2811,1985.96,23.55
2308,30.6522,1917.1,24.34
2309,31.7893,1963.12,23.52
2310,31.9868,1891.32,23.92
2311,31.4047,1945.42,26.02
2312,32.0342,1876.03,25.88
2313,30.6742,1913.12,26.54
2314,31.1596,1869.11,26.7
2315,30.609,1991.51,27.04
2316,29.5775,1885.06,26.49
2317,29.1642,1904.59,25.87
2318,29.4046,2018.36,26.66
2319,27.1224,2027.69,26.89
2320,28.7336,2021.05,25.95
2321,28.1904,1984.39,26.11
2322,27.4144,1979.36,24.87
2323,28.4319,1803.99,24.42
2324,27.4425,1895.4,23.58
2325,28.0031,1960.87,24.22
2326,31.6116,1970.23,23.44
2327,29.3384,1869.76,23.06
2328,30.3555,1995.55,23.0
2329,30.1846,2020.98,22.66
2330,30.3317,1964.78,23.18
2331,31.1214,2002.51,23.43
2332,30.8665,2022.0,24.35
2333,30.4333,1980.9,24.92
2334,30.6514,1920.66,23.97
2335,30.6648,1977.89,25.62
2336,32.0802,2035.7,26.1
2337,30.938,1958.83,26.05
2338,31.0065,1973.09,26.71
2339,29.3092,2116.66,27.28
2340,30.3866,2011.93,26.0
2341,29.59,2027.38,27.0
2342,28.8722,1999.46,26.97
2343,28.8863,2003.31,27.3
2344,28.7317,1970.66,25.36
2345,28.9387,1948.6,25.86
2346,29.0647,2016.87,24.23
2347,28.1765,2110.21,23.81
2348,28.2191,1983.29,23.65
2349,28.4485,2014.73,23.63
2350,29.9952,1987.77,24.29
2351,29.621,1977.59,22.33
2352,29.0521,2012.94,22.74
2353,31.4804,2098.79,23.32
2354,31.6689,2057.13,23.5
2355,29.1846,2124.86,23.93
2356,31.7891,1977.91,23.75
2357,31.5362,1933.54,24.14
2358,30.9099,2014.25,26.37
2359,31.9985,2047.58,24.76
2360,32.3487,2103.47,25.81
2361,31.2617,2128.46,26.71
2362,30.8376,2069.19,27.38
2363,30.8007,2021.02,26.99
2364,30.0572,2103.39,26.8
2365,29.3588,2089.36,26.48
2366,27.8337,2109.15,26.93
2367,29.5445,2058.65,27.4
2368,27.8607,2035.88,26.12
2369,30.4618,2131.54,25.69
2370,28.0089,2134.17,25.41
2371,28.6018,2281.68,23.95
2372,29.0464,2076.76,24.02
2373,28.0938,2077.77,23.72
2374,29.5829,2132.01,23.38
2375,29.2548,2032.89,23.56
2376,29.7083,2104.29,22.91
2377,31.3302,2117.33,22.64
2378,31.5742,2205.45,23.4
2379,30.6654,2247.08,23.41
2380,30.4425,2174.33,24.36
2381,31.5372,2110.86,24.87
2382,30.0457,2085.74,24.93
2383,29.7217,2143.04,25.81
2384,30.6402,2108.45,25.18
2385,31.6247,2148.01,26.77
2386,31.1469,2073.85,27.39
2387,29.6059,2258.89,26.94
2388,30.2588,2139.22,26.71
2389,28.1255,2097.0,27.65
2390,30.098,2125.09,26.78
2391,27.8793,2107.35,26.21
2392,28.8127,2164.51,26.24
2393,28.7074,2087.0,25.62
2394,27.4996,2171.58,24.77
2395,28.8255,2149.26,24.24
2396,29.1173,2130.2,24.84
2397,29.1797,2179.29,23.9
2398,28.5151,2111.97,23.08
2399,30.7313,2124.41,23.26
2400,29.9788,2178.98,23.0
2401,30.7278,2214.94,23.75
2402,31.768,2127.5,23.11
2403,33.2938,2201.53,24.19
2404,30.4294,2211.1,23.49
2405,31.1919,2160.54,24.15
2406,31.6059,2173.94,25.05
2407,31.1272,2108.52,25.37
2408,30.0128,2219.1,26.16
2409,31.3922,2232.1,26.3
2410,30.7324,2067.56,26.54
2411,30.5615,2157.98,27.12
2412,30.0416,2144.47,26.78
2413,30.8638,2124.68,26.58
2414,30.2804,2159.5,26.5
2415,28.9527,2071.15,26.15
2416,27.7113,2026.91,26.52
2417,29.2915,2069.7,26.78
2418,27.175,2084.78,25.08
2419,28.9804,2110.09,24.29
2420,27.7841,2166.34,23.56
2421,29.7541,2106.92,23.31
2422,28.8156,2131.19,23.52
2423,28.8414,2054.5,21.97
2424,30.7869,2133.67,22.19
2425,30.7533,2127.14,22.67
2426,30.6558,2040.23,23.89
2427,30.8456,2095.53,23.47
2428,32.1216,2064.93,24.22
2429,30.9282,2208.0,24.79
2430,32.3894,2097.5,25.04
2431,31.2289,1985.64,25.6
2432,31.2558,2021.34,26.5
2433,32.2256,2047.47,27.35
2434,31.0689,2124.96,26.56
2435,31.0856,2170.42,27.46
2436,29.3519,2068.05,26.92
2437,29.9095,2042.68,26.66
2438,28.2094,2094.17,26.95
2439,29.1,2021.71,27.13
2440,29.3986,2028.95,26.07
2441,28.4561,2164.54,25.16
2442,28.2575,1995.78,25.52
2443,27.9718,2159.99,23.48
2444,28.9747,1967.94,24.22
2445,29.1696,2099.82,23.7
2446,29.1145,1977.73,23.78
2447,31.2969,1959.32,23.62
2448,29.7896,1924.1,23.56
2449,30.8738,2108.18,23.87
2450,31.6117,2097.39,22.73
2451,30.6374,2079.89,23.65
2452,29.9205,1894.2,24.19
2453,31.5907,1946.57,24.33
2454,31.9918,2019.74,25.25
2455,31.894,1968.79,26.26
2456,32.0738,1954.43,26.3
2457,30.6993,1866.11,26.4
2458,30.7937,2030.74,26.32
2459,30.0501,1848.27,26.87
2460,28.8942,1864.87,27.97
2461,29.5337,1954.55,27.82
2462,28.9599,1924.11,27.13
2463,29.3994,2010.5,25.91
2464,29.0822,1946.97,25.88
2465,28.1259,1903.78,25.18
2466,28.6817,1940.4,25.31
2467,28.728,1910.67,25.65
2468,28.9412,1925.04,24.55
2469,28.9702,1962.43,23.3
2470,29.7673,1949.78,23.94
2471,28.0925,1983.66,22.57
2472,29.6393,1928.69,23.09
2473,30.4048,1845.19,22.62
2474,32.0769,1981.56,23.56
2475,30.5421,1930.7,24.64
2476,30.6485,1992.49,24.51
2477,30.4321,1848.27,25.3
2478,31.2843,1959.01,24.91
2479,30.5503,1911.07,25.54
2480,31.2829,1998.0,25.93
2481,31.3052,1990.51,26.49
2482,32.4289,1856.06,27.29
2483,29.4648,1898.52,27.92
2484,30.5703,1783.06,26.5
2485,28.765,2032.78,26.9
2486,29.4302,1884.48,27.49
2487,28.4767,1940.77,26.56
2488,29.2498,1986.26,25.66
2489,28.3064,1976.07,25.63
2490,29.4609,1841.26,25.94
2491,28.277,2053.51,24.78
2492,28.5473,1976.63,23.42
2493,29.9666,1920.66,23.32
2494,29.474,1926.33,22.92
2495,31.2078,1896.65,22.82
2496,28.1953,2010.92,22.7
2497,30.6488,1983.07,24.04
2498,31.5436,1952.77,23.79
2499,30.6166,1893.55,23.89
2500,31.321,1912.27,23.69
2501,31.5577,1942.34,24.93
2502,31.2877,1951.7,24.69
2503,31.8155,1997.13,25.71
2504,30.0116,1983.68,25.56
2505,32.3412,1955.74,27.2
2506,30.6869,1922.21,26.71
2507,29.5505,2014.27,26.21
2508,29.4816,2021.0,26.67
2509,29.3565,2022.03,28.15
2510,29.4632,1943.82,26.81
2511,30.3953,2005.46,25.89
2512,28.6516,1945.2,27.02
2513,28.7846,2036.44,25.52
2514,28.2271,2015.3,25.78
2515,28.8392,2096.34,25.18
2516,29.1249,2022.25,23.53
2517,30.2428,1999.59,23.49
2518,30.2058,2020.49,23.04
2519,29.6967,2074.41,22.9
2520,30.3724,2082.07,23.75
2521,32.7503,2101.53,23.09
2522,31.6514,2048.8,23.72
2523,31.9137,1988.82,23.27
2524,30.3186,1890.84,23.46
2525,32.0073,2084.67,25.32
2526,31.8743,2076.6,25.24
2527,32.3873,2134.22,25.46
2528,30.32,2146.74,25.92
2529,30.1379,2133.02,26.67
2530,31.0578,2046.82,26.8
2531,28.945,2114.18,27.24
2532,31.0477,2093.0,27.41
2533,30.1164,2129.01,27.32
2534,28.5847,2094.85,25.65
2535,30.545,2048.86,26.44
2536,26.9809,2230.2,26.69
2537,29.198,2009.87,25.52
2538,28.2006,2112.97,25.05
2539,27.7245,2080.43,23.94
2540,28.8126,2147.35,24.54
2541,29.8737,2131.76,22.94
2542,28.9516,2103.69,23.81
2543,29.3122,2121.22,23.65
2544,30.3334,2148.17,22.11
2545,30.3339,2067.81,22.68
2546,30.7619,2084.89,22.78
2547,30.5889,2086.63,23.51
2548,30.3976,2094.8,23.64
2549,31.5922,2122.22,24.38
2550,31.1503,2193.3,24.99
2551,30.5039,2078.63,24.8
2552,31.0832,2222.76,26.67
2553,29.9103,2118.46,26.5
2554,30.8371,2101.75,27.44
2555,31.435,2182.47,26.99
2556,29.956,2266.72,27.18
2557,29.948,2231.27,26.94
2558,29.4004,2138.99,25.83
2559,28.8302,2142.45,26.68
2560,29.321,1948.78,25.11
2561,28.9073,2123.89,25.9
2562,29.4174,2043.22,24.56
2563,28.7794,2201.55,24.04
2564,28.7594,2106.26,24.65
2565,27.5929,2149.5,23.78
2566,27.8515,2279.63,23.59
2567,30.1418,2147.31,23.93
2568,28.0579,2087.6,23.23
2569,30.7936,2172.66,23.95
2570,30.5524,1915.21,23.07
2571,30.6071,2061.97,23.34
2572,31.2155,2061.88,24.28
2573,32.39,2145.52,24.55
2574,31.5813,2155.01,25.56
2575,33.727,2108.7,24.84
2576,29.8048,2133.03,26.37
2577,30.8941,2117.34,25.9
2578,31.0433,2195.02,27.03
2579,30.3143,2047.94,26.56
2580,29.6318,2144.48,27.24
2581,29.2753,2206.01,27.13
2582,29.4775,2119.66,27.26
2583,28.5929,2144.19,25.36
2584,28.8453,2063.32,25.73
2585,28.067,2073.59,25.41
2586,27.9939,2152.81,24.47
2587,28.1141,2053.75,24.95
2588,28.2763,2071.37,24.23
2589,28.4254,2135.46,24.14
2590,30.2052,2080.87,24.0
2591,30.8255,2177.42,22.15
2592,31.2028,2057.03,23.15
2593,30.7873,2105.8,23.21
2594,32.378,2025.89,23.27
2595,31.0283,2124.55,23.19
2596,32.3263,1960.42,23.64
2597,33.2486,2075.06,24.42
2598,29.6091,2164.55,25.76
2599,32.1184,2084.26,25.56
2600,31.483,1938.58,26.37
2601,31.9302,2036.68,26.92
2602,30.5922,1988.08,27.12
2603,31.0341,2083.45,27.33
2604,30.138,2051.28,27.27
2605,29.1381,2002.95,27.35
2606,30.27,1939.34,27.0
2607,29.3247,1969.79,25.98
2608,28.3721,1991.38,26.2
2609,28.8413,2089.05,25.72
2610,29.2986,2158.63,25.14
2611,28.6531,2020.9,24.64
2612,28.7715,2009.13,24.4
2613,28.2226,1902.13,23.86
2614,28.7178,1967.43,22.93
2615,30.0235,1911.33,22.49
2616,30.712,1929.7,23.14
2617,31.6013,2067.93,22.96
2618,30.5428,1947.63,22.78
2619,31.5652,2130.75,23.13
2620,31.8651,1939.72,23.88
2621,32.6875,2027.43,24.14
2622,31.3307,2030.11,25.07
2623,32.0194,2014.54,25.95
2624,32.7083,1835.73,26.33
2625,31.8061,2038.71,26.94
2626,30.4601,1939.3,27.36
2627,28.4154,1959.52,27.21
2628,30.2566,1932.58,27.18
2629,29.3135,2015.9,26.81
2630,30.1166,1966.93,26.26
2631,28.7875,1912.95,26.28
2632,28.9774,1943.48,26.48
2633,29.0779,1962.24,25.48
2634,28.512,1955.0,25.75
2635,28.7537,1956.24,24.97
2636,29.1549,1960.51,24.21
2637,30.5519,1932.28,23.23
2638,28.0559,1972.8,23.98
2639,30.4253,1838.85,23.07
2640,29.4465,1978.16,23.25
2641,29.3303,1888.88,23.4
2642,29.8067,2027.08,23.3
2643,31.109,2015.59,24.35
2644,31.2312,2025.11,23.87
2645,31.9649,1835.7,24.89
2646,30.1203,1810.71,25.63
2647,30.0397,1931.36,25.32
2648,29.7309,1968.45,25.4
2649,30.5181,1868.21,26.2
2650,30.9331,1936.82,26.94
2651,30.4756,1953.87,26.6
2652,29.6712,1838.19,26.31
2653,29.6443,2039.26,26.63
2654,29.0487,1841.96,26.87
2655,29.8428,1984.79,26.08
2656,28.6132,1919.28,25.72
2657,29.1006,1935.52,25.66
2658,30.7819,1866.83,24.87
2659,28.3195,1980.8,24.48
2660,28.7668,1934.01,24.03
2661,29.2728,1842.48,23.23
2662,28.2497,1942.99,23.01
2663,30.5467,1914.13,24.04
2664,30.6046,1958.7,23.04
2665,31.0389,1969.46,23.41
2666,29.7917,1951.37,23.02
2667,31.8897,1931.95,23.6
2668,32.1848,2050.22,23.37
2669,32.6748,1993.85,24.37
2670,30.6471,1995.93,23.75
2671,31.2798,1924.12,25.51
2672,31.3901,2065.81,25.48
2673,31.0549,1996.2,25.95
2674,29.8346,1933.54,26.06
2675,29.7553,2048.08,26.14
2676,29.5212,1985.17,27.98
2677,28.3797,2093.51,26.39
2678,29.2732,1989.2,27.31
2679,29.4332,1947.29,26.67
2680,28.4204,2023.54,26.05
2681,27.7381,1968.42,25.28
2682,28.7847,2055.49,25.78
2683,29.3356,2015.91,24.99
2684,29.0746,2068.05,24.56
2685,30.0551,2060.68,23.54
2686,30.4653,2046.93,23.45
2687,30.4867,2000.08,23.18
2688,30.7367,2047.41,23.38
2689,29.9116,2120.6,22.79
2690,29.5912,2005.6,23.84
2691,30.6224,2139.88,23.29
2692,30.6836,2088.85,24.43
2693,31.8144,2105.54,24.74
2694,31.0845,2066.4,24.1
2695,31.7145,2095.65,26.05
2696,31.3088,2102.79,26.35
2697,31.3653,2047.81,27.06
2698,30.8548,2017.24,27.5
2699,29.8573,2161.61,27.21
2700,31.1501,2078.69,27.08
2701,29.0399,2142.14,26.44
2702,29.7105,2121.96,26.23
2703,29.4789,2150.45,26.15
2704,28.0539,2168.19,26.09
2705,28.4197,2108.74,25.04
2706,27.9617,2070.23,24.51
2707,28.6869,2072.65,24.28
2708,26.8144,2227.53,24.77
2709,29.0615,2179.22,24.07
2710,30.6216,2080.5,22.8
2711,29.4532,2124.73,23.53
2712,30.4919,2235.06,23.66
2713,29.5909,2123.68,22.72
2714,30.6436,2078.32,24.12
2715,30.5006,2097.9,23.5
2716,32.1827,2154.4,24.22
2717,31.8968,2123.91,25.09
2718,31.729,2124.25,25.23
2719,31.2395,2110.65,25.96
2720,29.8555,2331.71,26.37
2721,31.7347,2185.91,26.78
2722,30.102,2096.45,26.91
2723,31.1264,2212.67,26.22
2724,29.6449,2092.95,27.61
2725,28.6291,2178.24,26.73
2726,29.6163,2090.51,26.79
2727,29.7986,2096.02,25.95
2728,27.4237,2211.47,25.7
2729,28.1156,2169.74,25.14
2730,28.2399,2229.62,24.96
2731,28.2231,2269.48,24.97
2732,29.2451,2091.24,24.39
2733,30.311,2187.64,24.16
2734,29.4202,2190.03,23.63
2735,30.2854,2114.56,21.95
2736,28.5742,2073.11,22.92
2737,29.7399,2189.02,23.24
2738,31.6481,2165.03,22.92
2739,30.7865,2155.88,22.9
2740,31.3845,2092.61,25.37
2741,33.2177,2305.86,25.02
2742,32.7333,2120.82,25.71
2743,29.8861,2059.35,26.25
2744,31.2818,2126.48,25.55
2745,29.9252,2112.57,26.18
2746,31.3799,2071.7,27.53
2747,29.7671,2077.98,26.08
2748,29.9737,2159.45,27.76
2749,30.2422,2117.82,27.27
2750,30.6285,2139.11,27.24
2751,30.482,2094.14,26.94
2752,27.7711,2136.11,26.17
2753,28.8169,2154.95,26.34
2754,29.0948,2034.95,24.6
2755,28.7455,2183.25,23.3
2756,29.3284,2159.72,24.17
2757,27.7893,2064.3,23.27
2758,28.7199,2017.4,23.87
2759,29.4607,2134.51,22.42
2760,29.8071,2105.75,22.42
2761,29.9896,2023.16,23.61
2762,31.1164,2012.56,24.0
2763,30.7163,2045.8,24.54
2764,31.6946,2101.96,24.07
2765,31.5158,2124.72,23.66
2766,30.7875,2034.38,24.46
2767,31.9261,2071.57,24.9
2768,31.0289,2063.35,26.81
2769,29.9983,1970.88,26.42
2770,32.357,2042.97,26.42
2771,30.5915,2062.9,26.05
2772,30.9978,2064.21,27.2
2773,30.0047,2051.08,27.27
2774,29.0431,2063.06,27.36
2775,29.5186,2016.8,26.82
2776,29.612,2023.71,25.68
2777,29.0975,2046.76,25.32
2778,26.7551,2020.0,25.35
2779,29.5405,1925.24,24.48
2780,28.0198,2011.97,23.18
2781,29.1777,2064.79,24.45
2782,29.2695,2053.33,23.12
2783,29.4713,1966.43,23.74
2784,30.5028,2056.47,22.49
2785,30.296,2046.81,23.06
2786,31.6444,1951.18,23.63
2787,30.8851,2011.02,23.2
2788,33.1005,2056.72,24.85
2789,31.1306,1925.19,24.43
2790,32.739,2059.36,24.78
2791,31.2441,2016.05,24.87
2792,31.3714,2083.18,26.12
2793,32.0564,1956.08,26.8
2794,31.1473,1967.96,26.54
2795,30.1333,1893.03,26.5
2796,29.4613,1955.37,27.64
2797,28.4669,1929.3,26.44
2798,29.9917,1922.71,26.38
2799,30.3356,1956.72,26.89
2800,28.9561,2026.03,26.19
2801,28.0161,1978.76,25.45
2802,27.0032,1929.41,24.63
2803,28.663,1981.44,24.46
2804,29.6527,1829.66,24.69
2805,28.6825,2012.46,23.77
2806,29.8788,2006.44,22.36
2807,29.8186,1996.11,22.67
2808,28.9333,1883.37,22.77
2809,30.4453,1899.44,22.92
2810,30.0744,1887.9,23.23
2811,30.0565,1944.46,23.63
2812,32.3012,1933.24,24.07
2813,30.3453,1955.71,23.66
2814,32.7152,1887.92,24.19
2815,31.1351,1881.27,25.01
2816,32.1441,1838.96,26.51
2817,29.3676,1958.09,27.56
2818,30.5221,1903.83,25.06
2819,30.4259,1901.99,27.04
2820,29.4333,1858.88,27.09
2821,29.5615,1958.52,27.2
2822,29.6147,1818.8,25.67
2823,28.4571,1889.97,25.88
2824,27.8259,1875.21,25.68
2825,28.6013,1991.48,25.74
2826,27.7653,2000.88,24.46
2827,29.7302,1965.08,24.61
2828,31.2409,1844.27,24.01
2829,29.2014,1865.16,23.5
2830,29.4091,1986.41,22.71
2831,30.1512,2000.96,23.11
2832,29.2806,2027.74,23.1
2833,30.3216,1822.01,22.82
2834,30.9678,2036.24,23.35
2835,31.6052,2011.46,23.64
2836,30.3563,2056.27,23.19
2837,31.2656,1907.69,24.08
2838,31.2983,1907.72,24.95
2839,29.8652,1978.5,26.04
2840,30.0782,2021.35,26.29
2841,31.5469,1962.49,26.05
2842,30.7419,1970.86,25.99
2843,30.0026,2142.53,27.8
2844,28.7462,1949.55,26.76
2845,28.8863,2013.03,26.45
2846,28.9916,1978.85,27.15
2847,30.2768,1974.51,26.77
2848,29.0297,2074.49,24.89
2849,28.6224,2048.24,25.61
2850,28.591,1946.1,24.19
2851,28.971,2010.77,23.59
2852,29.2301,1920.51,24.28
2853,27.9815,2050.91,23.38
2854,29.931,2062.93,22.74
2855,29.9386,2016.86,23.72
2856,30.2852,1946.61,22.56
2857,29.9684,2150.1,23.41
2858,31.4977,2095.6,23.17
2859,32.0594,1921.73,24.01
2860,31.252,2084.45,24.12
2861,31.8914,1982.52,24.8
2862,31.0404,2140.38,25.34
2863,32.3924,1997.61,25.42
2864,30.9954,2147.72,26.26
2865,31.1904,2177.15,25.63
2866,30.5236,2067.24,27.56
2867,27.7304,2104.62,27.37
2868,30.6511,2164.43,26.45
2869,29.4648,2132.49,27.57
2870,29.7527,2112.83,26.53
2871,28.4958,2038.1,27.01
2872,28.8804,1990.96,26.52
2873,29.3771,2074.43,25.43
2874,28.4687,2069.78,25.22
2875,28.4831,2175.33,24.21
2876,28.6005,2088.26,23.99
2877,29.2053,2112.4,23.3
2878,29.5076,2073.39,23.43
2879,28.5813,2285.33,23.19
2880,29.8527,2137.59,23.23
2881,31.7729,2176.63,22.16
2882,31.1617,2239.32,24.25
2883,30.5714,2010.36,23.99
2884,31.3366,2172.15,23.65
2885,31.8899,2238.04,23.6
2886,31.4147,2201.51,24.83
2887,32.3565,2192.83,25.5
2888,31.2854,2120.62,26.26
2889,30.6478,2163.79,26.91
2890,30.3746,2164.0,26.84
2891,31.9422,2174.53,26.68
2892,31.2155,2072.45,26.06
2893,30.2213,2149.89,26.78
2894,29.8993,2205.46,26.91
2895,28.7136,2150.95,26.41
2896,27.5419,2214.35,26.6
2897,27.569,2230.2,25.34
2898,28.5445,2162.79,24.99
2899,29.2113,2120.14,23.73
2900,28.4659,2103.67,22.9
2901,28.5675,2154.19,23.87
2902,28.7066,2162.69,22.97
2903,29.8833,2175.67,22.99
2904,31.8684,2184.0,22.78
2905,29.3723,2102.35,22.76
2906,31.4368,2236.95,22.67
2907,31.3302,2083.06,23.41
2908,31.3825,2244.88,24.42
2909,30.0972,2218.94,24.26
2910,30.8921,2177.98,24.6
2911,30.5787,2156.68,24.63
2912,32.5344,2189.71,26.19
2913,33.3574,2036.95,26.52
2914,31.2642,2154.29,26.17
2915,30.0105,2205.79,26.37
2916,29.6235,2098.54,27.32
2917,29.7691,2094.3,27.29
2918,29.9572,2230.75,26.34
2919,28.5511,2037.73,26.03
2920,29.6617,2104.53,26.13
2921,29.2791,2204.13,24.87
2922,27.9236,2117.03,25.42
2923,28.711,2157.19,24.43
2924,29.0056,2098.54,23.95
2925,28.6323,2202.68,23.1
2926,29.7478,2002.79,23.05
2927,28.9773,2034.66,23.18
2928,29.0866,2153.7,22.56
2929,29.823,2187.75,23.79
2930,30.6798,2124.14,23.38
2931,32.3306,2157.23,23.49
2932,30.8627,2043.31,24.07
2933,32.3733,2029.7,24.44
2934,31.6864,1943.99,24.99
2935,31.7153,1955.12,25.59
2936,28.9048,2064.81,26.4
2937,30.0924,2021.43,25.7
2938,30.4874,2051.72,26.02
2939,29.8908,1996.32,27.66
2940,30.7667,2133.32,27.04
2941,29.8857,2070.34,25.83
2942,28.3088,1991.49,26.12
2943,28.5693,2021.31,26.6
2944,26.3857,2043.11,25.91
2945,29.7492,1997.4,26.3
2946,28.6798,2113.15,25.13
2947,28.2844,1882.54,25.22
2948,30.6567,2068.22,24.22
2949,27.6963,1874.33,23.81
2950,28.5448,1952.86,23.19
2951,29.4814,1986.43,23.7
2952,30.1806,1945.4,22.95
2953,30.5642,1951.45,23.5
2954,31.2304,1965.21,23.29
2955,30.26,2020.44,23.02
2956,29.9845,2033.77,24.58
2957,30.6429,2095.38,24.34
2958,30.395,2048.18,25.49
2959,31.7946,2055.47,25.47
2960,31.0733,2024.81,26.7
2961,30.8067,1944.06,27.09
2962,30.4717,1829.76,26.69
2963,30.5959,1877.06,26.7
2964,30.9635,1926.74,27.53
2965,30.1095,1984.78,27.78
2966,29.0839,1924.81,26.44
2967,28.9727,1943.59,26.84
2968,29.6468,1956.25,26.33
2969,27.5469,1961.38,24.72
2970,29.4103,1897.99,25.3
2971,28.6478,1819.1,24.69
2972,28.1934,1929.68,23.98
2973,28.1067,1977.12,24.24
2974,28.9093,1886.87,23.25
2975,29.8622,1914.05,22.87
2976,30.0231,1992.45,23.19
2977,29.8762,1958.44,22.71
2978,29.3581,1991.96,23.9
2979,31.0959,1817.86,24.21
2980,32.0427,2048.08,24.65
2981,30.2854,1992.71,23.76
2982,32.5287,1967.26,25.0
2983,31.5594,1931.21,25.5
2984,32.2942,1901.36,25.27
2985,30.258,1900.05,26.53
2986,31.6314,1953.15,27.12
2987,30.8363,1930.13,26.32
2988,30.4523,1869.44,26.68
2989,29.8348,1956.15,26.97
2990,28.7792,1900.41,26.12
2991,29.1404,1955.63,26.61
2992,29.5778,1846.88,26.43
2993,28.0577,2063.34,25.47
2994,26.6279,1902.5,25.4
2995,29.502,1873.67,23.58
2996,28.3698,2006.96,24.14
2997,28.5166,1975.52,23.62
2998,30.4295,2028.15,22.98
2999,29.8059,1984.0,24.63
3000,29.8033,1972.32,23.03
3001,28.9791,1891.21,23.57
3002,29.8258,1918.36,23.76
3003,31.2411,2063.03,23.44
3004,31.6367,1973.6,24.76
3005,31.7304,1905.94,24.62
3006,33.0755,2077.46,24.85
3007,30.6967,1895.19,25.01
3008,32.1288,1929.25,26.11
3009,30.3533,2045.95,27.43
3010,30.4101,1967.98,27.28
3011,30.2343,2047.54,26.96
3012,30.0004,2038.53,26.95
3013,28.8716,2015.94,26.32
3014,29.7946,2099.74,27.53
3015,28.2474,2051.07,25.67
3016,29.9899,2099.96,26.29
3017,29.2697,1904.48,25.73
3018,28.6966,2022.48,24.72
3019,27.4065,1983.57,25.03
3020,29.9494,2070.35,24.33
3021,29.164,1984.63,23.14
3022,29.3126,2101.21,23.57
3023,29.9517,1951.35,22.55
3024,29.7403,1997.17,22.48
3025,30.3297,1957.75,22.8
3026,30.8813,2025.56,23.0
3027,31.5888,2086.27,23.49
3028,33.0162,1988.17,24.6
3029,31.0663,2049.72,24.36
3030,31.9923,2068.15,24.31
3031,31.0067,2077.47,25.78
3032,30.9688,2086.47,26.4
3033,31.0125,2116.76,26.34
3034,30.0127,2094.04,27.2
3035,30.0103,2015.64,27.25
3036,30.1121,2066.95,26.45
3037,28.7617,2150.42,27.68
3038,29.6674,2189.6,26.85
3039,29.0377,2191.03,25.7
3040,29.3686,2154.36,26.12
3041,27.3351,2122.78,26.41
3042,29.3368,2100.33,23.99
3043,28.3015,2175.2,24.5
3044,29.4281,2138.58,23.31
3045,27.8868,2144.88,23.08
3046,28.0921,1995.25,23.02
3047,30.0555,2068.12,23.65
3048,30.0132,2091.46,23.14
3049,29.5523,2108.64,22.4
3050,31.4721,2067.01,23.6
3051,31.0969,2163.87,22.69
3052,32.2829,2113.04,24.89
3053,31.6682,2149.26,24.7
3054,31.8136,2156.67,25.8
3055,30.7434,2246.67,26.25
3056,32.0826,2095.61,26.27
3057,31.0706,2203.37,26.27
3058,30.9711,2153.96,27.31
3059,31.0452,2101.81,27.47
3060,29.5604,2158.39,27.26
3061,30.282,2053.99,27.54
3062,30.8478,2207.02,27.7
3063,28.4256,2177.22,26.85
3064,30.1744,2167.58,25.78
3065,27.4745,2173.68,25.55
3066,28.7037,2180.89,25.51
3067,27.2657,2151.13,24.38
3068,29.4167,2136.73,25.01
3069,28.1126,2256.31,23.13
3070,29.5012,2168.85,23.42
3071,29.4591,2159.13,23.15
3072,29.2345,2195.14,23.43
3073,29.8808,2160.36,23.31
3074,31.0286,2087.34,21.99
3075,29.7087,2038.96,24.13
3076,31.3911,2219.33,23.65
3077,31.9275,2173.16,24.47
3078,31.2984,2210.08,25.02
3079,31.8379,2063.86,26.13
3080,32.0443,2006.86,26.19
3081,32.7275,2098.11,26.98
3082,29.2954,2150.19,26.77
3083,31.7562,2197.9,27.52
3084,29.6842,2234.2,26.84
3085,28.1415,2162.87,26.94
3086,29.5936,2093.24,25.93
3087,29.9868,2157.91,26.3
3088,28.4712,2239.36,25.42
3089,27.2513,2136.24,25.51
3090,27.8316,2159.3,24.15
3091,29.3736,2036.95,24.71
3092,28.612,2154.42,23.46
3093,28.8558,2008.52,24.02
3094,29.4262,1986.87,23.29
3095,28.7805,2030.06,23.81
3096,30.1921,2012.48,23.45
3097,31.093,2113.71,22.98
3098,30.1193,2026.48,22.82
3099,31.6936,2076.93,23.36
3100,30.5587,1984.14,24.26
3101,31.6687,2042.11,23.96
3102,29.826,2120.94,24.26
3103,33.2778,2081.63,25.09
3104,30.9323,1985.73,25.83
3105,31.0637,2043.96,26.15
3106,30.6378,2042.73,26.18
3107,30.3895,1997.36,27.43
3108,29.3624,2073.59,26.09
3109,28.9339,2041.22,26.53
3110,29.6892,2047.94,27.05
3111,29.5937,2120.24,27.09
3112,28.2892,2118.17,25.66
3113,29.7201,2078.25,25.09
3114,29.0566,1933.3,24.73
3115,29.1701,1970.16,24.09
3116,28.1717,2041.8,24.34
3117,30.3794,2041.24,24.29
3118,29.0191,2018.23,23.69
3119,28.8435,2010.69,23.06
3120,30.4221,2019.29,23.38
3121,29.978,2023.29,23.64
3122,31.384,1991.86,23.09
3123,32.4156,1946.04,23.82
3124,31.0956,2056.97,23.56
3125,32.231,1956.34,24.63
3126,31.9462,1956.77,25.29
3127,32.2146,1970.8,24.94
3128,31.9646,1913.85,26.69
3129,30.3532,1962.34,26.13
3130,31.4002,2048.21,27.62
3131,29.4697,1979.7,26.96
3132,30.1626,1993.66,26.97
3133,30.1513,1999.56,27.38
3134,28.8515,1988.7,26.88
3135,28.3658,1981.32,25.94
3136,29.2964,1901.24,25.76
3137,28.7722,1932.3,25.26
3138,27.8103,1901.72,24.88
3139,28.2389,1914.16,24.66
3140,28.5433,2015.39,24.19
3141,27.6832,2011.01,23.18
3142,28.697,1928.54,23.79
3143,28.5255,1823.86,23.12
3144,30.1659,1876.43,23.47
3145,29.3435,1919.86,23.21
3146,30.7213,1943.06,23.33
3147,30.6939,1972.91,23.97
3148,31.1035,1971.76,24.1
3149,32.5195,1874.66,24.7
3150,31.232,2007.31,25.38
3151,31.4953,1868.0,25.36
3152,29.7457,1961.31,25.69
3153,29.479,1901.55,25.78
3154,29.4364,1949.93,26.67
3155,30.2507,1921.88,28.4
3156,30.6793,1876.54,26.95
3157,28.5663,1920.47,26.34
3158,30.7022,1990.34,26.59
3159,29.7364,1971.98,26.45
3160,28.5372,1981.93,25.44
3161,28.5275,1834.89,25.35
3162,29.2977,2014.1,24.68
3163,29.5949,1995.35,24.78
3164,29.2762,1955.72,23.84
3165,30.1529,1884.17,23.72
3166,30.367,1878.76,23.2
3167,29.3078,1963.91,23.69
3168,28.5257,1939.46,22.21
3169,30.4084,1997.08,22.89
3170,30.0505,1958.07,22.08
3171,30.7343,1927.38,23.44
3172,31.325,1990.85,23.4
3173,30.7809,1884.82,24.02
3174,31.2311,1903.75,24.81
3175,30.6186,1969.3,24.98
3176,31.6029,1975.1,26.15
3177,31.0793,1988.32,26.14
3178,31.4998,1990.85,27.0
3179,28.6803,2036.23,26.03
3180,28.9379,1983.36,26.67
3181,31.2438,2064.14,26.63
3182,29.1939,1940.16,27.14
3183,29.436,2028.99,26.12
3184,29.0525,1993.35,25.51
3185,28.9849,1957.55,25.46
3186,28.5696,2052.58,24.23
3187,28.4545,2121.84,23.15
3188,30.0712,2074.41,23.13
3189,28.5327,2007.93,23.42
3190,28.7788,2162.38,22.22
3191,30.3512,2092.36,23.23
3192,29.5494,1929.93,23.1
3193,30.1348,2127.23,23.21
3194,30.1653,1988.99,23.48
3195,32.3227,2110.88,23.25
3196,30.8705,2027.22,23.57
3197,30.8836,2143.91,24.63
3198,32.0344,2043.13,26.12
3199,31.4527,2141.38,25.18
3200,31.1755,2146.5,26.19
3201,29.5547,2096.48,26.32
3202,30.6258,2059.91,26.94
3203,31.3219,2225.27,27.22
3204,28.2902,2032.58,26.47
3205,28.159,2079.12,26.69
3206,29.3715,2099.53,26.37
3207,28.8605,2132.64,27.15
3208,27.4937,2094.08,26.01
3209,28.1423,2149.62,25.18
3210,29.0448,2209.53,25.26
3211,29.2183,2146.42,24.31
3212,29.1064,2138.17,23.36
3213,29.2671,2093.87,24.02
3214,29.8358,2123.46,22.89
3215,30.2183,2135.89,23.35
3216,30.5934,2186.73,23.15
3217,30.8939,2101.52,22.43
3218,29.4576,2108.36,22.76
3219,30.0384,2061.26,24.21
3220,31.2229,2156.71,22.94
3221,30.7579,2052.29,24.32
3222,30.5185,2257.14,24.52
3223,31.1686,2115.81,25.96
3224,30.3905,2120.26,25.98
3225,31.401,2139.46,26.26
3226,30.624,2155.71,26.1
3227,31.3415,2188.55,27.3
3228,29.3668,2155.57,27.35
3229,29.3976,2062.48,26.32
3230,30.5681,2113.63,27.41
3231,28.7342,2172.01,26.51
3232,28.523,2210.1,25.53
3233,29.1677,2056.16,24.84
3234,28.3306,2207.71,24.97
3235,29.0104,2254.38,24.83
3236,28.316,2154.53,23.19
3237,28.1299,2238.56,23.62
3238,29.7075,2268.54,22.94
3239,28.5351,2147.74,22.46
3240,30.3744,2065.1,23.38
3241,30.4086,2124.86,23.54
3242,29.1293,2118.43,23.56
3243,31.0019,2197.8,24.26
3244,31.6308,2080.69,23.71
3245,32.5411,2196.05,24.96
3246,31.8026,2104.24,24.2
3247,31.3046,2196.41,25.84
3248,31.7134,2152.54,26.37
3249,30.484,2143.65,26.16
3250,30.1847,2231.96,26.69
3251,30.0226,2139.5,26.21
3252,30.6086,2094.52,27.17
3253,28.3178,2117.98,27.17
3254,30.3487,2268.49,26.87
3255,29.3529,2101.29,26.07
3256,28.3149,2032.91,26.0
3257,28.957,2092.08,25.74
3258,29.1523,2184.79,25.16
3259,27.8718,2037.66,25.11
3260,29.2022,2115.01,24.25
3261,29.8885,2108.0,23.33
3262,28.6644,2111.6,23.69
3263,29.8082,2179.69,22.42
3264,30.0246,1994.11,23.21
3265,30.2835,2153.57,22.76
3266,29.7871,2079.77,23.75
3267,30.7744,2118.54,23.49
3268,30.155,1948.02,24.26
3269,31.8828,2132.54,25.05
3270,31.3441,2091.85,26.1
3271,30.3869,2045.09,26.07
3272,32.1679,2171.57,25.65
3273,31.0207,2074.58,27.18
3274,30.859,2225.69,26.45
3275,30.4373,2192.63,26.86
3276,30.1418,2043.17,28.19
3277,30.2519,2017.17,26.72
3278,29.4227,1996.49,27.14
3279,29.2333,1970.56,26.09
3280,28.9542,2010.97,25.75
3281,26.9349,2112.09,25.83
3282,28.1012,2061.79,25.29
3283,28.8363,1919.11,24.52
3284,28.737,2142.99,24.28
3285,27.9448,1930.27,23.84
3286,30.3073,2012.07,22.93
3287,29.4895,2025.66,23.17
3288,30.3176,1925.64,23.41
3289,29.9182,1997.5,24.0
3290,29.7652,1988.83,23.78
3291,30.6303,1957.43,24.05
3292,31.6937,1929.83,24.25
3293,32.3265,1910.78,23.46
3294,31.5731,1910.57,24.96
3295,31.1951,1926.68,25.57
3296,33.0526,1916.47,26.54
3297,30.584,1858.08,26.89
3298,29.2382,1987.64,27.34
3299,30.1122,1946.47,28.35
3300,29.1813,1768.44,27.31
3301,28.9505,1994.36,26.65
3302,29.214,2009.46,26.41
3303,28.7242,1872.97,26.71
3304,28.9106,1915.49,25.18
3305,28.0135,1963.95,24.83
3306,30.2612,1951.05,24.23
3307,29.4676,1846.66,24.34
3308,28.5375,1936.13,23.8
3309,28.9148,1955.57,23.26
3310,30.0538,1859.76,23.9
3311,28.6559,1996.33,23.5
3312,30.8802,2004.77,22.93
3313,30.2365,2036.67,23.15
3314,30.4621,1935.86,23.05
3315,31.5292,2018.3,23.96
3316,31.8886,2000.42,23.35
3317,31.7946,1869.37,23.94
3318,32.6337,1892.5,25.56
3319,32.0629,1949.71,24.84
3320,31.2973,1853.55,25.81
3321,30.3912,1899.89,26.38
3322,31.3053,1859.96,26.6
3323,31.0285,1959.77,26.97
3324,29.3754,1986.22,26.9
3325,29.1644,1915.13,27.5
3326,29.233,1865.98,26.0
3327,28.1531,1852.71,26.28
3328,27.4041,1889.66,25.73
3329,28.5951,1955.64,26.0
3330,26.8792,1943.83,24.92
3331,29.8827,1935.91,25.18
3332,29.0511,2012.46,23.84
3333,28.675,1966.64,24.07
3334,29.5129,1938.12,23.83
3335,30.0856,1929.61,23.13
3336,30.0075,1968.44,23.72
3337,30.5753,1938.87,23.93
3338,30.3682,2028.64,23.66
3339,32.3461,2015.56,22.87
3340,31.844,2061.64,25.16
3341,31.9079,1972.21,24.95
3342,32.3845,1985.96,25.52
3343,30.882,2028.99,24.69
3344,31.6974,1928.53,26.09
3345,30.3871,1873.36,26.19
3346,31.2232,1989.02,27.33
3347,30.8624,1971.51,26.51
3348,29.7548,2038.11,27.38
3349,30.3816,2028.21,26.85
3350,28.8179,1987.69,26.51
3351,29.5048,1943.38,26.15
3352,28.2962,1954.72,26.0
3353,28.853,2010.79,24.84
3354,29.3632,1921.44,24.79
3355,28.9589,2109.45,23.97
3356,29.0689,1990.7,24.24
3357,28.3394,1955.33,23.25
3358,29.0696,2125.05,23.3
3359,29.631,2022.16,23.22
3360,31.7733,1992.37,22.76
3361,29.3543,2050.39,23.15
3362,30.1055,2063.53,23.3
3363,29.903,2041.17,22.74
3364,31.0193,2022.14,22.96
3365,30.6935,2107.7,23.73
3366,32.536,2039.81,26.02
3367,32.1696,2145.24,26.06
3368,32.416,2050.7,25.97
3369,30.3585,1993.04,26.34
3370,31.4771,2132.46,26.14
3371,31.236,2094.78,27.01
3372,28.6539,2186.39,26.4
3373,28.6038,2204.7,26.27
3374,29.1094,2173.48,26.09
3375,29.0659,2066.06,25.62
3376,29.3137,2053.29,25.52
3377,28.3581,2133.16,25.53
3378,28.3867,2209.37,25.09
3379,27.8567,2066.31,24.39
3380,28.8955,2134.8,24.21
3381,30.7132,2142.22,23.47
3382,28.4754,2160.89,23.92
3383,30.8847,2099.8,23.25
3384,32.1342,2138.94,22.97
3385,30.9009,2113.02,23.01
3386,30.012,2132.71,22.93
3387,29.5988,2256.85,23.66
3388,31.9554,2210.06,23.51
3389,32.0458,2160.29,23.57
3390,31.5996,2277.11,24.75
3391,31.2077,2060.92,25.31
3392,31.5334,2123.88,26.15
3393,31.2949,2121.99,26.04
3394,30.5716,2155.38,26.7
3395,30.6298,2116.32,26.92
3396,29.6896,2163.39,27.03
3397,30.2577,2050.63,26.94
3398,29.8555,2077.54,26.6
3399,28.2079,2182.23,26.59
3400,29.2341,2109.64,25.94
3401,28.3721,2194.91,24.72
3402,29.5804,2156.29,25.0
3403,28.8563,2134.82,24.46
3404,29.4939,2175.02,23.23
3405,28.1839,2117.51,22.92
3406,29.4771,2050.42,23.25
3407,31.3129,2152.44,22.57
3408,29.9532,2275.08,23.57
3409,30.3478,2208.31,22.98
3410,30.8789,2101.18,23.31
3411,32.9659,2194.3,23.72
3412,31.7161,2181.84,24.36
3413,29.7227,2078.33,24.42
3414,30.9918,2081.1,24.9
3415,31.4002,2111.99,24.95
3416,31.6567,2089.93,26.47
3417,31.3076,2259.1,25.81
3418,30.1002,2152.03,25.88
3419,29.8741,2073.05,26.19
3420,28.4018,2140.02,26.72
3421,30.1718,2257.38,26.43
3422,29.8811,2258.35,25.95
3423,29.1476,2087.25,26.64
3424,29.0882,2020.35,26.17
3425,27.715,2178.5,25.5
3426,28.4881,2145.06,24.59
3427,28.0529,2065.66,24.24
3428,29.1813,2088.02,24.13
3429,28.9868,2106.94,22.73
3430,28.3848,2124.5,22.77
3431,29.7235,2152.33,22.96
3432,29.8956,2095.42,23.36
3433,30.8284,2104.86,23.0
3434,31.8415,2133.82,23.56
3435,31.3576,2206.48,22.53
3436,28.5148,2081.09,24.48
3437,31.841,2119.42,24.91
3438,29.9053,2093.58,24.56
3439,32.3644,2108.56,25.98
3440,31.265,1988.5,25.58
3441,31.6649,1972.72,26.03
3442,29.5264,2012.58,27.0
3443,30.1432,2028.25,27.02
3444,29.4727,2022.65,26.27
3445,30.3668,1972.62,27.08
3446,28.1456,2142.16,26.97
3447,28.539,2065.77,27.57
3448,28.7534,1991.45,26.6
3449,29.02,2061.19,25.61
3450,28.6049,2069.53,25.31
3451,28.158,2104.69,23.99
3452,28.4912,2086.49,23.17
3453,29.6963,2021.43,23.77
3454,30.8105,1979.96,23.73
3455,29.9288,1951.45,22.96
3456,28.9994,1910.52,22.85
3457,30.7252,2024.73,22.66
3458,30.341,1992.98,22.83
3459,31.0753,1941.74,23.78
3460,31.6804,1977.37,24.53
3461,31.9717,1899.08,24.23
3462,30.2946,1965.46,24.55
3463,31.1875,1909.89,25.68
3464,30.8363,1918.01,26.53
3465,29.99,1943.51,26.49
3466,30.5806,1915.28,26.25
3467,30.2849,1951.82,26.46
3468,30.7367,1947.42,25.7
3469,29.51,1955.7,26.92
3470,28.8817,1931.22,27.24
3471,29.0194,1940.4,26.36
3472,28.072,1949.57,26.29
3473,27.9509,1916.14,26.03
3474,29.5974,1935.05,25.54
3475,27.4366,2000.82,23.45
3476,27.3491,1952.17,23.07
3477,29.9356,2065.66,23.14
3478,31.0834,1834.55,23.53
3479,30.14,1937.16,22.97
3480,29.9272,1991.96,23.65
3481,30.9475,1992.04,23.63
3482,30.0034,1949.02,24.12
3483,30.6295,1901.19,22.53
3484,31.8111,1961.1,24.09
3485,31.088,1887.42,23.89
3486,32.2153,2034.69,25.33
3487,30.3611,1969.42,25.48
3488,32.1971,1954.98,26.16
3489,31.4139,1980.52,25.82
3490,30.2232,1753.21,26.35
3491,31.2104,1903.78,27.41
3492,30.1582,1904.98,26.46
3493,29.6166,1943.95,26.28
3494,28.8697,2010.02,26.25
3495,27.3134,1911.36,27.26
3496,27.9232,2031.27,25.13
3497,28.156,1934.21,25.37
3498,28.2506,1852.98,25.33
3499,28.5803,1917.7,24.6
3500,28.0481,2039.01,24.49
3501,28.7279,1850.68,23.82
3502,29.7506,1981.68,23.59
3503,30.2897,1964.99,23.31
3504,29.7853,2048.24,22.71
3505,30.2616,1965.87,23.29
3506,30.9277,1971.85,23.38
3507,31.1178,1875.56,23.24
3508,30.5836,1952.66,23.59
3509,30.9744,1882.98,24.69
3510,30.7225,1921.94,24.63
3511,30.9813,1941.03,25.06
3512,32.0066,1975.64,25.68
3513,31.4913,2010.38,25.8
3514,31.8344,2060.37,27.1
3515,30.5373,1969.47,28.08
3516,31.1979,2033.42,26.6
3517,30.6085,1986.29,27.74
3518,29.2245,1854.02,27.16
3519,29.3792,2000.66,26.06
3520,28.4222,1904.73,25.32
3521,27.4646,1931.29,26.25
3522,28.8066,2037.6,24.61
3523,27.9158,1977.4,25.58
3524,28.3804,1952.16,23.37
3525,28.8403,1997.58,23.98
3526,28.9408,2068.19,23.9
3527,30.3657,2066.41,23.81
3528,31.1652,2073.85,22.86
3529,31.4108,1997.04,22.61
3530,29.9074,2016.36,23.43
3531,31.0483,2124.6,23.5
3532,31.3111,2036.33,24.82
3533,31.0768,2005.41,24.81
3534,31.5375,2043.35,25.86
3535,30.6799,2026.07,25.19
3536,30.2375,2037.84,25.56
3537,30.3293,2112.12,25.96
3538,29.9161,1999.67,26.43
3539,30.2476,2151.17,26.9
3540,29.4079,2091.13,25.9
3541,29.5772,2078.67,27.84
3542,29.7656,2061.26,27.12
3543,29.0214,2155.44,26.16
3544,29.0954,2129.45,26.37
3545,28.7035,2117.25,25.77
3546,27.0493,2086.96,24.04
3547,28.4782,2183.75,24.68
3548,28.5637,2184.51,24.39
3549,28.5054,2196.57,23.75
3550,30.2805,2114.0,23.18
3551,29.9856,2216.34,22.31
3552,30.3245,2137.52,22.73
3553,29.9048,2076.32,23.65
3554,31.5111,2137.38,23.24
3555,31.5403,2103.77,23.53
3556,32.4245,2100.05,24.21
3557,31.3913,2238.8,23.92
3558,30.0968,2160.19,24.78
3559,31.9933,2071.83,25.98
3560,29.5367,2055.5,25.73
3561,30.8118,2124.93,25.83
3562,30.7548,2278.41,28.32
3563,30.4612,2088.23,26.62
3564,30.6307,2138.42,26.71
3565,28.9007,2078.93,27.03
3566,29.3308,2122.09,26.47
3567,28.7422,2119.55,25.65
3568,27.9131,2102.02,24.76
3569,29.0062,2217.28,26.37
3570,30.012,2024.36,24.15
3571,28.2456,2207.38,23.79
3572,29.2815,2286.07,23.42
3573,29.5701,2178.6,23.51
3574,28.6365,2046.68,23.12
3575,30.1258,2067.63,23.49
3576,28.3603,2083.89,23.3
3577,30.2045,2159.54,22.32
3578,31.0252,2087.35,23.0
3579,31.5171,2155.06,23.37
3580,31.1732,2163.18,24.58
3581,33.2883,2111.48,23.97
3582,30.95,2114.4,26.45
3583,32.0063,2056.07,25.07
3584,31.3733,2136.86,25.91
3585,31.5458,2164.95,26.72
3586,29.561,2246.02,26.1
3587,30.8067,2128.65,27.21
3588,30.2907,2124.55,27.06
3589,30.1966,2032.42,27.0
3590,29.8523,2057.51,26.71
3591,29.9155,2157.39,27.43
3592,27.4952,1981.92,26.12
3593,28.9753,2066.29,25.79
3594,28.5661,2123.48,24.84
3595,27.9201,2157.41,23.88
3596,27.9392,2129.62,24.2
3597,29.0286,2144.81,23.48
3598,29.1243,2235.71,23.89
3599,28.9153,2037.05,23.15
3600,31.5898,2074.38,23.07
3601,29.2313,1986.99,22.2
3602,30.4666,2080.93,23.26
3603,31.4571,2015.7,23.4
3604,31.4574,1916.57,24.22
3605,31.0731,2116.53,25.0
3606,31.9997,2009.11,25.65
3607,32.8003,2013.41,25.52
3608,31.2336,2055.92,26.49
3609,31.5272,2034.78,26.19
3610,30.6903,2120.66,26.13
3611,29.4834,2040.52,27.45
3612,30.1932,2064.24,27.46
3613,29.8226,2037.93,26.72
3614,29.1001,1960.86,26.41
3615,28.2973,2021.25,26.99
3616,29.734,2022.0,26.15
3617,28.5054,1897.55,24.95
3618,28.3024,2055.92,24.42
3619,28.2423,1949.23,23.65
3620,28.761,2021.81,24.3
3621,28.0765,2170.19,23.79
3622,29.6505,2013.22,22.96
3623,31.5253,2042.94,22.41
3624,29.7387,2066.91,23.13
3625,29.8566,1992.8,23.5
3626,30.7185,1887.79,22.96
3627,31.4439,1966.21,23.64
3628,31.2577,1994.71,23.86
3629,33.0392,1974.0,25.05
3630,31.1648,2063.27,24.82
3631,32.033,1870.12,25.6
3632,31.2585,2034.44,25.69
3633,29.1415,1933.74,25.19
3634,31.4488,1956.52,26.93
3635,29.767,2034.8,27.56
3636,30.1025,1922.4,26.97
3637,29.4211,1898.36,26.73
3638,28.9224,1925.64,26.34
3639,28.5567,2019.7,26.63
3640,29.8358,1968.02,25.84
3641,28.9106,2003.34,26.29
3642,28.3373,1976.1,25.33
3643,28.5753,1937.2,24.42
3644,29.4444,1944.0,24.9
3645,29.6531,1911.65,23.92
3646,29.3532,1910.27,22.72
3647,30.0192,1851.77,23.19
3648,29.4529,1954.15,23.52
3649,30.2318,1912.71,23.89
3650,30.9301,1997.49,23.21
3651,33.0528,2016.49,23.86
3652,30.7579,1871.61,24.32
3653,31.9066,1892.12,24.67
3654,32.7501,1928.1,25.17
3655,31.1466,1761.06,26.42
3656,30.7976,1960.47,25.23
3657,31.2691,1951.2,26.55
3658,32.0393,1944.01,27.18
3659,29.273,1915.09,26.86
3660,30.3704,1895.98,27.82
3661,30.2201,1921.75,26.56
3662,29.7089,1977.31,26.69
3663,28.8605,1915.46,26.86
3664,26.973,1986.1,25.93
3665,27.9899,1940.51,25.5
3666,28.5265,1903.56,25.45
3667,28.999,1969.88,24.14
3668,27.9992,1934.73,24.27
3669,28.4116,1931.11,23.56
3670,29.3142,2093.39,23.62
3671,29.4042,2001.0,22.99
3672,30.7287,1805.01,23.18
3673,30.194,2007.27,23.15
3674,30.4107,1878.73,23.54
3675,30.6028,1983.8,23.73
3676,30.1129,2001.58,25.3
3677,30.8341,1858.34,24.14
3678,31.3376,2083.19,25.61
3679,31.3842,2005.69,26.34
3680,32.0115,1949.64,25.84
3681,30.219,2124.5,26.58
3682,31.2746,1949.28,27.34
3683,30.3791,2093.47,27.34
3684,30.9001,1989.66,27.55
3685,29.473,2006.15,27.6
3686,30.5681,2003.44,26.64
3687,29.341,2064.14,26.13
3688,29.3307,1975.25,25.35
3689,29.362,1972.06,25.6
3690,28.7538,2022.79,25.3
3691,29.5395,2007.85,25.08
3692,29.4272,2041.19,24.07
3693,28.7582,2058.73,22.81
3694,28.8317,1981.0,21.88
3695,27.8443,1920.28,23.49
3696,30.01,2010.37,23.32
3697,30.8109,2137.67,22.99
3698,31.1107,2096.28,23.41
3699,31.9522,2090.71,23.4
3700,31.4677,2033.37,24.22
3701,30.8855,2073.91,24.76
3702,31.8987,2039.62,25.22
3703,31.2499,2128.9,25.15
3704,30.5639,2206.95,25.83
3705,32.2159,2136.42,25.58
3706,30.8603,2167.52,26.73
3707,30.1621,2124.47,25.92
3708,30.0454,2130.58,26.61
3709,28.3415,2084.64,26.11
3710,28.8111,2087.26,26.18
3711,29.8699,2099.23,26.55
3712,28.3375,2077.72,25.67
3713,29.1023,2086.84,25.7
3714,29.4722,2136.41,25.37
3715,27.0357,2029.64,25.73
3716,27.429,2247.08,23.92
3717,30.1992,2079.91,22.83
3718,29.1522,2261.08,22.48
3719,28.8727,2158.08,23.78
3720,31.1424,2192.78,22.34
3721,29.2757,2171.96,22.88
3722,31.698,2259.98,23.14
3723,32.7243,2115.71,23.91
3724,30.9607,2201.56,23.49
3725,31.8425,2094.92,24.37
3726,31.2872,2216.94,24.73
3727,29.9312,2162.25,25.84
3728,30.1846,2185.1,25.78
3729,31.2,2156.59,26.21
3730,30.5771,2168.67,27.57
3731,30.1267,2182.88,26.09
3732,30.245,2131.98,27.63
3733,29.5049,2231.05,27.38
3734,29.2402,2147.96,27.14
3735,28.8738,2056.64,26.69
3736,29.35,2074.42,25.98
3737,27.2345,2306.69,26.03
3738,29.706,2167.47,24.73
3739,27.7632,2101.84,25.12
3740,28.335,2051.67,24.77
3741,29.0816,2196.14,22.63
3742,28.6989,2199.4,23.93
3743,29.9471,2095.35,22.83
3744,29.702,2193.97,22.95
3745,30.4703,2214.23,23.05
3746,31.4283,2187.51,24.21
3747,31.4724,2095.88,23.41
3748,32.038,2136.65,23.4
3749,30.1017,2102.36,24.91
3750,31.2752,2167.08,24.51
3751,31.5836,2102.46,24.67
3752,33.1265,2052.35,26.37
3753,30.6343,2068.91,26.12
3754,31.6764,2137.26,27.09
3755,30.4994,2104.09,27.29
3756,29.2859,2164.02,26.8
3757,29.8552,2172.06,27.16
3758,29.285,2103.1,26.71
3759,29.4945,2171.75,26.38
3760,28.141,2123.33,25.6
3761,28.66,2129.17,25.36
3762,28.3323,2093.22,25.03
3763,29.1541,2155.29,24.97
3764,29.2047,1993.56,24.53
3765,29.4481,2160.57,24.14
3766,30.9161,2121.15,23.64
3767,28.3156,2118.22,22.48
3768,29.6601,2072.34,23.26
3769,30.2507,2116.49,23.42
3770,32.1156,1947.72,22.98
3771,30.0747,1988.55,23.54
3772,31.8269,2009.27,23.46
3773,31.3986,2213.1,25.14
3774,30.625,2169.35,24.48
3775,32.8664,1998.62,24.49
3776,30.7722,1967.24,25.85
3777,31.4963,2092.51,26.04
3778,30.145,1918.45,25.94
3779,30.0913,1966.02,27.24
3780,29.7406,2028.94,26.48
3781,30.8711,2024.36,27.22
3782,29.4922,1999.54,26.18
3783,27.6629,2086.48,26.45
3784,28.644,2044.77,26.22
3785,28.5013,1992.36,26.14
3786,28.0672,2054.82,25.08
3787,28.9249,1903.35,24.66
3788,28.7992,1972.89,24.23
3789,30.1343,2058.97,23.31
3790,29.0264,2084.16,23.89
3791,29.4686,2015.76,22.84
3792,28.2608,2044.47,23.04
3793,30.113,2051.61,22.24
3794,30.2622,2073.5,23.08
3795,29.8588,1981.61,22.6
3796,32.2523,2035.48,23.72
3797,32.9057,1905.8,24.81
3798,31.855,1897.47,24.78
3799,31.3554,1929.3,25.54
3800,35.1732,1881.11,24.97
3801,35.9155,1936.61,25.33
3802,36.5808,1880.48,26.82
3803,34.6509,1849.85,26.53
3804,33.9433,1968.12,26.45
3805,33.6347,1873.86,27.06
3806,33.0146,2031.13,26.82
3807,34.8212,1902.97,26.92
3808,32.7436,1985.76,26.4
3809,33.4483,2007.07,25.26
3810,32.9431,1954.66,24.18
3811,34.5519,1882.33,23.95
3812,31.9317,1923.92,23.69
3813,34.8506,1881.25,23.7
3814,34.9291,1865.51,23.59
3815,33.9818,1839.38,23.27
3816,33.563,1923.2,23.14
3817,34.9665,1866.19,23.76
3818,35.3022,1849.66,24.05
3819,35.1732,1952.61,24.44
3820,35.66,1873.57,24.07
3821,36.4358,1840.47,25.73
3822,35.296,1964.02,25.69
3823,37.3979,1964.83,25.77
3824,30.5617,1933.74,25.5
3825,29.8774,1883.77,26.0
3826,30.8354,1800.71,27.21
3827,31.241,1951.28,27.06
3828,29.8484,1923.77,26.46
3829,28.8812,1957.66,27.54
3830,29.0686,1916.07,26.87
3831,29.2119,1903.74,25.96
3832,29.6809,1958.29,26.86
3833,28.6321,1922.13,24.93
3834,30.0065,1841.48,25.03
3835,28.4973,1988.71,24.97
3836,27.9677,1972.91,22.78
3837,28.4595,2002.78,23.08
3838,27.9053,1913.47,22.86
3839,29.5811,1835.35,22.7
3840,29.8198,1947.34,22.75
3841,31.7899,2011.09,22.51
3842,29.2859,1987.59,22.87
3843,30.7577,1995.62,23.93
3844,33.0232,1960.42,24.04
3845,32.2115,1899.58,24.78
3846,31.5729,1982.62,25.74
3847,31.1707,1977.36,25.49
3848,30.7136,2019.03,27.59
3849,30.981,1915.56,26.72
3850,30.0478,1934.81,26.24
3851,30.0607,2041.59,26.72
3852,29.9461,2052.65,26.75
3853,30.1066,2109.74,27.14
3854,31.0012,2039.36,26.76
3855,26.6041,2023.43,26.07
3856,28.2735,2025.36,25.77
3857,28.2075,2081.99,26.01
3858,28.6195,2029.16,25.2
3859,28.8316,1971.03,24.75
3860,29.6604,2060.01,23.09
3861,29.8751,2114.32,24.01
3862,28.5421,1971.46,23.47
3863,28.9795,2041.45,22.61
3864,29.1049,2070.76,22.41
3865,30.0495,2124.38,23.43
3866,30.2247,2026.9,23.74
3867,30.2555,2063.83,23.97
3868,31.705,2046.92,23.3
3869,29.7676,2084.16,23.86
3870,31.9944,2106.29,25.12
3871,30.9043,2053.09,25.44
3872,32.3215,1987.57,26.49
3873,30.958,2096.67,26.06
3874,30.6341,2090.5,26.33
3875,30.6883,2057.78,26.72
3876,30.3879,2117.29,26.98
3877,31.357,2178.6,26.28
3878,28.6769,2032.61,25.98
3879,28.2735,2088.23,27.09
3880,28.4881,2141.45,26.02
3881,29.287,2097.1,25.72
3882,29.4273,2102.91,25.5
3883,28.1314,2196.88,24.71
3884,28.3058,2118.67,22.76
3885,29.0775,2111.21,23.84
3886,28.8624,2127.62,24.23
3887,29.1526,2149.87,23.82
3888,28.7614,2063.48,22.76
3889,29.6919,2031.12,23.08
3890,30.3779,2121.98,23.32
3891,30.3328,2205.82,23.38
3892,30.9302,2128.05,23.59
3893,31.2191,2223.3,24.66
3894,32.1582,2131.4,25.17
3895,30.9421,2162.67,24.45
3896,30.2679,2051.47,26.62
3897,30.7479,2128.2,26.46
3898,31.5341,2169.47,26.88
3899,29.4049,2093.27,26.84
3900,28.3454,2167.06,27.23
3901,29.4606,2053.86,27.43
3902,28.4561,2227.83,25.8
3903,28.7325,2036.49,26.3
3904,28.8805,1991.95,26.47
3905,29.0755,2125.12,25.19
3906,28.8781,2129.15,24.66
3907,28.7633,2233.25,23.59
3908,28.496,2191.08,24.25
3909,28.9659,2137.95,23.13
3910,29.5179,2353.64,22.47
3911,28.6257,2139.54,24.23
3912,30.6603,2222.99,23.38
3913,31.1853,2167.64,23.0
3914,32.875,2172.32,23.22
3915,30.3763,2135.26,22.64
3916,31.4057,2092.73,23.41
3917,33.6446,2159.86,23.8
3918,32.0557,1977.54,25.25
3919,30.7432,2128.66,25.92
3920,31.7645,2052.19,25.24
3921,31.7156,2160.22,26.9
3922,30.318,2163.93,26.53
3923,30.965,2138.95,26.94
3924,28.8617,2155.95,26.91
3925,28.9152,2129.77,27.89
3926,28.1394,2173.45,27.21
3927,28.9893,2075.33,26.73
3928,29.9448,2209.21,26.01
3929,27.0468,2119.59,25.78
3930,28.3319,2138.61,25.41
3931,28.3714,2135.84,23.9
3932,28.2665,2076.01,23.77
3933,27.4187,1993.15,22.32
3934,29.5312,1988.17,22.49
3935,28.6657,2168.98,23.5
3936,29.5057,2050.58,23.46
3937,30.5592,2093.65,23.01
3938,31.1868,2092.97,22.87
3939,30.8394,2068.6,23.42
3940,32.1945,2084.96,23.9
3941,32.8575,2006.27,24.22
3942,31.8268,2063.06,25.32
3943,31.5999,2112.67,25.11
3944,30.4719,2083.31,25.86
3945,31.49,2062.75,26.46
3946,30.8146,2106.79,26.63
3947,28.6069,2036.55,26.83
3948,29.2957,2125.77,27.0
3949,29.8749,2086.98,26.31
3950,29.0063,2115.02,27.32
3951,29.9723,1992.1,26.83
3952,29.1839,1983.64,25.76
3953,28.0031,1937.42,24.95
3954,27.8345,2074.72,24.67
3955,28.3656,2047.92,24.47
3956,28.9776,1969.16,24.32
3957,29.1927,2021.95,23.47
3958,29.4399,1966.78,23.41
3959,29.2537,2002.48,24.1
3960,29.7901,2050.61,23.61
3961,30.0237,2051.25,23.44
3962,30.8074,2046.77,23.39
3963,30.0608,2063.55,23.5
3964,29.595,1879.17,23.8
3965,31.0858,1993.91,24.13
3966,31.2772,2014.02,23.96
3967,31.7519,1966.24,25.83
3968,30.829,1935.48,25.52
3969,30.0495,2085.63,26.53
3970,30.6203,2006.03,25.98
3971,30.3992,1920.81,27.82
3972,29.7142,1896.62,28.44
3973,28.1698,2019.99,26.14
3974,29.5845,1983.1,26.88
3975,28.0957,1885.32,26.72
3976,29.2199,1991.3,26.07
3977,28.8167,1830.32,25.75
3978,29.6302,2019.79,24.29
3979,29.2957,1945.32,24.68
3980,28.8523,1939.85,24.03
3981,28.8442,1974.19,23.23
3982,27.7739,1929.91,22.21
3983,27.968,1847.81,22.95
3984,29.2202,1874.79,23.82
3985,30.9149,1912.15,22.61
3986,29.9645,1975.38,22.77
3987,30.2941,1911.92,24.2
3988,30.7675,1884.04,24.58
3989,31.0463,2037.86,25.25
3990,31.1953,1894.17,24.06
3991,31.8388,2079.93,25.09
3992,30.5558,1798.15,25.64
3993,30.3471,1887.08,27.3
3994,30.9841,1973.35,25.64
3995,30.244,1868.43,26.96
3996,30.8753,1777.38,26.93
3997,31.0202,1937.95,26.65
3998,29.198,1928.96,27.63
3999,26.4144,1865.44,26.03
4000,28.0381,2004.71,26.11
4001,29.7728,1905.25,25.66
4002,29.18,1955.98,25.05
4003,28.4924,1878.26,23.6
4004,29.2024,1882.4,23.17
4005,29.8943,1977.82,24.1
4006,30.0615,1918.91,23.59
4007,29.4254,2015.34,23.14
4008,29.9553,1981.55,23.19
4009,29.7867,2020.29,22.69
4010,30.2484,1972.51,23.36
4011,31.0501,1985.28,23.81
4012,31.8007,1951.94,24.5
4013,31.9819,1968.52,24.69
4014,32.3957,1995.28,25.3
4015,31.9927,2023.36,25.5
4016,31.1541,2002.49,27.0
4017,30.3996,1955.64,25.82
4018,30.1535,1972.82,26.34
4019,30.5097,1895.24,27.49
4020,29.8581,2119.67,27.51
4021,28.9424,2004.64,26.5
4022,28.6953,1897.44,27.42
4023,29.9705,1872.27,25.82
4024,28.8848,2003.51,25.99
4025,28.9034,2023.5,24.92
4026,27.4415,1965.54,25.42
4027,28.816,2071.79,25.52
4028,28.4186,2057.47,25.15
4029,29.0727,2119.93,24.34
4030,29.081,2030.42,22.17
4031,29.3199,1979.26,22.73
4032,29.4373,2010.38,22.77
4033,28.8137,2080.76,23.18
4034,30.9077,1910.19,23.16
4035,31.863,2084.6,22.88
4036,31.5241,2042.69,23.9
4037,31.0472,2049.4,24.39
4038,31.9339,2018.13,26.0
4039,31.4878,2119.65,25.9
4040,31.9305,1971.47,26.41
4041,29.5018,2006.99,27.37
4042,29.8571,2073.71,27.01
4043,30.3399,2055.69,26.82
4044,28.9391,2062.63,27.6
4045,29.0596,2203.84,27.21
4046,28.0488,2099.39,27.16
4047,28.5536,2032.15,26.62
4048,29.6305,2066.98,25.74
4049,28.125,2069.47,26.14
4050,30.1746,2116.38,24.17
4051,27.9172,1983.48,26.0
4052,29.6863,2091.87,23.98
4053,28.7633,2078.32,23.84
4054,29.965,2131.66,24.03
4055,30.6306,2163.76,23.97
4056,29.9682,2040.65,21.89
4057,31.3575,2142.16,23.62
4058,31.1035,2151.31,23.13
4059,32.4959,2234.27,24.17
4060,30.911,2111.74,24.14
4061,31.67,2156.71,24.58
4062,30.5449,2069.61,24.48
4063,31.0524,2113.7,24.61
4064,32.3184,2086.59,25.69
4065,31.4997,2199.64,26.62
4066,29.9735,2198.69,26.47
4067,29.5297,2121.93,27.79
4068,29.3645,2174.14,27.5
4069,30.2629,2170.01,26.62
4070,30.1387,2202.05,26.64
4071,30.5916,2213.52,26.59
4072,27.8452,2267.61,26.13
4073,27.5357,2215.5,25.13
4074,27.7849,2094.6,24.87
4075,28.8649,2181.65,25.52
4076,29.4458,2270.0,24.71
4077,28.8486,2090.58,23.82
4078,30.2688,2151.09,22.79
4079,29.2915,2136.85,23.37
4080,29.4028,2125.69,22.68
4081,30.54,2114.26,23.6
4082,31.5228,2135.09,24.26
4083,31.6506,2068.38,23.88
4084,30.7715,2181.03,23.8
4085,33.1514,2113.13,24.21
4086,30.214,2061.9,25.75
4087,30.5788,2093.42,26.03
4088,31.2957,2131.94,25.92
4089,31.4884,2023.17,25.75
4090,30.7442,2169.32,27.09
4091,30.1556,2183.5,26.68
4092,29.3067,2142.81,27.13
4093,30.4037,2064.69,27.31
4094,28.0522,2145.92,26.6
4095,27.8221,2133.46,25.74
4096,28.1468,2140.27,25.46
4097,27.9712,2083.98,24.94
4098,28.8139,2104.49,24.74
4099,27.8483,2080.2,24.2
4100,28.5112,2017.98,24.46
4101,28.7995,2018.53,23.21
4102,29.0904,2019.77,24.62
4103,29.8031,2011.65,21.67
4104,30.2288,2017.83,24.27
4105,30.8731,2118.03,22.61
4106,30.0284,1986.66,23.51
4107,32.0402,2077.61,24.38
4108,30.7108,2082.12,24.12
4109,30.4764,2031.52,25.02
4110,31.5532,2080.25,25.29
4111,31.3929,2044.78,25.84
4112,32.1962,2011.92,26.2
4113,31.0551,1951.07,26.85
4114,30.8353,2078.49,26.8
4115,29.5689,2111.26,27.34
4116,30.1871,2088.69,26.96
4117,30.3793,2078.76,26.88
4118,29.0363,1924.96,27.46
4119,28.707,2056.9,26.34
4120,28.7358,2032.99,25.77
4121,28.87,2016.6,25.17
4122,27.7557,1969.19,25.34
4123,28.8219,2047.42,24.29
4124,28.5969,1867.5,23.68
4125,28.6542,1865.14,23.83
4126,28.2997,1981.98,23.28
4127,28.3664,1976.63,23.09
4128,30.4791,1929.48,22.76
4129,29.1803,2011.47,22.14
4130,30.8009,1917.47,23.43
4131,30.1251,1985.33,24.37
4132,31.1164,2020.02,24.49
4133,30.9274,1868.27,24.5
4134,31.3529,1934.11,23.98
4135,31.156,1898.03,26.19
4136,31.3168,2000.75,25.56
4137,31.2778,1926.78,26.16
4138,30.0752,1950.67,27.09
4139,29.8883,1915.8,25.89
4140,29.9553,1927.1,26.72
4141,30.529,1924.74,26.55
4142,29.6586,1867.77,26.9
4143,29.7592,1840.27,26.52
4144,28.8273,1913.99,25.58
4145,28.6332,1894.65,26.38
4146,29.2099,1902.33,25.85
4147,30.3642,1928.21,24.31
4148,28.2668,1835.66,24.69
4149,28.8746,1826.49,23.44
4150,28.7855,1971.03,23.2
4151,30.2169,2011.44,23.05
4152,30.5281,1923.67,23.18
4153,31.4895,1922.67,22.95
4154,30.3671,1914.08,23.49
4155,30.4806,1840.46,23.15
4156,30.4317,2036.48,24.35
4157,31.21,1914.91,25.02
4158,31.1388,1851.63,24.77
4159,32.1176,1901.26,25.48
4160,31.2926,1898.86,25.41
4161,30.865,1972.42,26.11
4162,30.0599,1941.12,26.86
4163,29.5597,1917.66,26.93
4164,30.4036,1932.15,26.84
4165,29.9558,1953.7,27.41
4166,30.9078,1988.51,26.25
4167,30.0625,1845.96,25.59
4168,27.9237,1923.27,26.01
4169,28.9424,1873.6,26.04
4170,29.1448,1913.68,25.97
4171,29.394,1924.15,24.72
4172,28.9726,1842.67,22.72
4173,27.8704,1880.25,22.3
4174,28.1778,2043.65,23.16
4175,29.1276,1932.02,22.77
4176,29.5213,1963.58,23.97
4177,31.3815,2037.62,23.65
4178,30.2049,2016.08,23.25
4179,30.9947,1946.49,23.29
4180,32.7415,1997.66,23.78
4181,30.8715,2007.58,25.1
4182,31.0704,1971.04,25.34
4183,31.6742,2001.67,24.7
4184,32.1212,1940.49,26.13
4185,30.7875,1849.2,26.43
4186,31.4663,1978.78,26.29
4187,30.4011,2044.69,26.59
4188,30.5916,2050.48,26.71
4189,30.8886,1957.42,27.57
4190,28.9717,2000.52,26.82
4191,27.7383,2017.21,26.97
4192,29.1898,1945.51,25.52
4193,30.2325,2045.15,24.87
4194,28.6695,1976.16,24.14
4195,30.4629,2046.11,24.06
4196,28.3692,1981.42,23.66
4197,31.2233,2054.37,23.08
4198,28.8907,2048.8,22.59
4199,29.2826,2060.41,22.53
4200,28.928,2139.91,24.84
4201,30.1794,2092.18,22.59
4202,31.0253,1985.27,23.85
4203,31.3408,2096.13,23.36
4204,30.5075,2053.35,23.84
4205,32.7496,2105.92,23.79
4206,31.2142,2048.13,25.74
4207,30.1128,2143.82,26.05
4208,31.5065,2178.02,25.4
4209,31.305,2092.47,26.1
4210,31.0718,2067.45,26.98
4211,30.3667,2061.54,26.77
4212,30.8903,2023.75,27.35
4213,31.2326,2160.79,26.71
4214,29.1122,2154.18,27.45
4215,29.0808,2181.21,26.62
4216,28.8368,2130.19,25.93
4217,29.729,2072.21,25.52
4218,29.0498,2111.24,25.21
4219,28.9889,2228.08,24.8
4220,28.3602,1972.67,24.36
4221,29.6417,2079.58,24.04
4222,29.4929,2158.02,24.28
4223,30.8086,2108.11,23.32
4224,32.3573,2142.65,22.62
4225,29.7604,2205.03,22.84
4226,32.1381,2117.29,22.57
4227,31.6333,2081.19,22.71
4228,31.7063,2110.51,24.12
4229,31.7728,2167.86,24.65
4230,31.1044,2107.53,25.22
4231,33.5619,2230.57,25.79
4232,32.3159,2036.57,25.95
4233,30.4938,2111.53,26.53
4234,30.8706,2209.23,25.2
4235,30.7026,2191.02,27.16
4236,30.7832,2142.89,26.88
4237,29.0891,2204.07,26.47
4238,29.7426,2105.97,27.16
4239,27.7024,2173.18,25.71
4240,29.1468,2074.9,25.65
4241,28.3503,2151.47,25.31
4242,28.0161,2125.31,25.54
4243,28.7701,2243.55,24.5
4244,28.5477,2185.36,23.87
4245,29.0776,2071.6,24.41
4246,29.0508,2167.23,22.92
4247,29.5433,2238.37,22.81
4248,31.1398,2131.95,22.09
4249,29.8687,2155.16,22.93
4250,29.9768,2161.2,22.45
4251,31.3868,2173.35,23.91
4252,31.9615,2106.09,24.1
4253,31.6834,2094.49,23.92
4254,29.2629,2123.97,25.08
4255,31.3446,2104.54,25.53
4256,29.5298,2139.63,26.11
4257,30.7863,2163.52,26.49
4258,31.0802,2103.53,27.44
4259,29.4961,2140.08,26.88
4260,29.801,2146.43,27.18
4261,28.692,2159.35,27.25
4262,29.5694,2105.63,27.35
4263,29.955,2199.97,26.77
4264,28.9567,2082.38,26.76
4265,29.1622,2061.94,25.57
4266,28.614,2128.85,25.19
4267,27.809,2162.16,24.27
4268,30.809,2182.89,23.3
4269,28.466,2114.66,23.41
4270,28.615,2080.2,23.17
4271,29.3926,2225.7,22.99
4272,29.4748,2110.83,22.86
4273,29.7705,1997.47,23.08
4274,30.6416,2062.14,22.34
4275,32.3066,2119.64,23.71
4276,32.5948,2021.92,24.37
4277,31.7794,2094.14,24.89
4278,31.8402,2001.47,25.11
4279,32.208,2063.51,25.41
4280,32.2971,1986.64,26.43
4281,31.9273,2041.5,26.63
4282,30.3986,2010.05,26.58
4283,29.4921,2104.28,27.01
4284,28.1065,2066.36,27.13
4285,29.6533,2065.57,26.81
4286,30.2776,1987.32,26.81
4287,29.8894,1968.67,26.14
4288,28.875,2184.32,25.4
4289,28.3265,2051.01,25.08
4290,28.9151,2085.57,25.56
4291,28.8419,2012.52,24.15
4292,29.2289,1973.27,24.14
4293,30.34,1910.01,24.1
4294,27.8835,1900.89,23.33
4295,28.7246,2051.8,23.53
4296,31.712,1984.39,23.29
4297,29.9419,1951.03,23.74
4298,30.5137,1980.77,25.13
4299,30.201,1930.91,23.82
4300,31.7057,1971.52,24.22
4301,31.5706,1988.96,24.94
4302,29.7131,2001.56,24.83
4303,32.843,1990.97,25.83
4304,31.7716,1959.22,26.62
4305,30.6929,1963.35,26.73
4306,31.7691,1880.9,27.19
4307,31.2592,1885.28,26.57
4308,31.0346,1874.48,26.73
4309,29.1531,1864.66,26.96
4310,29.249,1968.64,27.56
4311,28.9004,1968.98,26.71
4312,28.6566,1919.9,26.18
4313,28.7441,2001.22,25.96
4314,28.7547,1906.72,24.42
4315,28.783,2105.78,24.24
4316,28.3699,1945.27,23.97
4317,30.2923,1829.57,23.58
4318,29.376,1876.93,22.73
4319,30.3882,1934.67,23.07
4320,30.2619,1953.09,22.95
4321,29.0055,1958.36,22.94
4322,30.4443,1816.59,23.58
4323,31.7042,1962.63,23.56
4324,30.8661,1913.06,24.53
4325,31.9678,1905.68,24.38
4326,30.026,1942.03,24.88
4327,32.1376,1954.18,25.78
4328,30.6887,1922.68,25.97
4329,30.4587,1909.89,26.39
4330,30.5302,1879.42,26.79
4331,29.9106,1906.57,26.26
4332,30.5064,2008.18,26.93
4333,29.573,1878.59,26.49
4334,28.3179,1931.83,27.56
4335,29.9111,1916.16,26.34
4336,29.0494,1987.64,25.9
4337,28.3928,1979.55,25.88
4338,28.5762,1968.89,25.09
4339,27.8689,1843.89,24.3
4340,30.4756,1899.64,24.57
4341,28.3872,1904.94,24.32
4342,29.238,1963.11,23.47
4343,29.2161,1949.85,22.59
4344,30.3631,1982.68,22.68
4345,29.7113,1999.88,23.21
4346,30.3511,1990.01,23.64
4347,31.07,1907.85,23.16
4348,29.8727,1964.23,23.72
4349,31.0188,2099.56,25.26
4350,31.4134,2034.26,24.39
4351,33.6236,2053.79,25.98
4352,32.3231,1899.59,26.02
4353,31.4283,2067.19,27.01
4354,29.8512,1962.32,27.59
4355,28.6264,2007.9,26.72
4356,30.7206,1952.23,27.3
4357,28.6955,1959.5,27.12
4358,28.8958,2055.88,26.67
4359,29.19,1920.8,26.23
4360,28.66,2082.7,26.76
4361,28.538,2034.75,26.02
4362,28.2913,2034.94,24.62
4363,29.6295,2083.95,24.19
4364,27.3153,2012.93,23.75
4365,29.5928,2000.49,24.2
4366,30.1117,2129.01,22.78
4367,30.8968,2006.47,23.25
4368,29.3495,2015.68,22.86
4369,31.438,2045.01,23.46
4370,30.8245,2043.26,23.03
4371,32.2209,1993.66,23.14
4372,29.9462,2167.13,23.38
4373,33.1008,2084.59,24.48
4374,31.1516,2199.33,25.14
4375,32.5215,2058.57,25.81
4376,31.9692,2044.45,25.76
4377,31.3704,2073.26,26.61
4378,30.6761,2081.94,27.31
4379,31.9729,2149.22,25.97
4380,30.844,2134.03,27.81
4381,29.4718,2114.63,27.26
4382,29.5006,2124.78,26.57
4383,28.4427,2086.04,26.67
4384,28.6315,2182.89,26.04
4385,29.305,2147.65,25.98
4386,28.6847,2116.7,24.88
4387,27.1725,2149.16,24.64
4388,29.3252,2104.14,23.83
4389,29.2611,2081.93,22.81
4390,28.5612,2073.78,22.23
4391,28.6788,2142.32,23.73
4392,28.0681,2223.21,23.6
4393,29.4567,2190.11,23.03
4394,31.6978,2115.51,22.58
4395,29.9677,2147.22,24.37
4396,29.8204,2044.43,24.22
4397,31.2955,2110.83,24.97
4398,31.296,2256.04,24.97
4399,30.1333,2279.13,25.9
4400,30.9939,2142.02,25.5
4401,30.7465,2136.26,26.64
4402,31.864,2071.45,26.01
4403,29.7143,2256.15,26.63
4404,28.8644,2070.93,26.95
4405,29.5895,2154.26,27.02
4406,29.3774,2194.59,27.94
4407,29.4674,2216.04,26.36
4408,28.6868,2094.55,25.92
4409,29.7307,2213.09,25.27
4410,28.3517,2137.67,25.14
4411,27.0205,2238.86,23.96
4412,29.113,2128.57,24.46
4413,27.3046,2188.65,23.26
4414,28.5069,2080.68,22.76
4415,28.792,2172.33,22.0
4416,30.1965,2166.47,23.0
4417,29.8828,2218.96,22.86
4418,31.0093,2141.52,23.47
4419,30.3153,2139.14,23.07
4420,30.8553,2041.68,23.37
4421,31.1807,2215.28,23.94
4422,31.8672,2128.48,24.65
4423,31.0323,2083.87,25.11
4424,31.6027,2172.95,26.29
4425,31.5871,2135.94,26.21
4426,30.3595,2179.43,26.28
4427,29.9174,2154.8,27.33
4428,30.0534,2175.66,27.4
4429,29.8356,2123.45,26.79
4430,29.3757,2089.51,27.88
4431,27.5778,2108.82,26.67
4432,28.274,2093.12,25.86
4433,28.7995,2122.43,24.89
4434,29.0576,2138.04,24.83
4435,28.3347,2052.84,24.02
4436,28.9878,2081.87,24.29
4437,27.4887,2108.24,23.73
4438,29.0088,2018.76,23.2
4439,28.656,2057.84,23.17
4440,30.5871,1944.87,22.16
4441,29.0844,1979.47,22.78
4442,30.8718,2102.5,23.61
4443,32.5344,2076.6,23.95
4444,31.1683,2146.24,24.44
4445,32.2828,1972.63,24.74
4446,32.0794,2033.49,24.7
4447,30.593,2041.43,25.85
4448,31.5326,2095.36,26.07
4449,31.0933,2064.38,25.89
4450,29.7857,2069.04,26.02
4451,31.777,1979.41,26.29
4452,29.7673,2070.6,26.22
4453,28.3892,2057.45,27.37
4454,28.7399,2094.13,26.58
4455,29.3846,2100.16,25.65
4456,27.6991,2059.12,25.75
4457,29.9171,2010.55,26.32
4458,28.4008,2110.47,25.01
4459,28.1937,1951.42,23.96
4460,28.5448,1981.05,23.76
4461,28.2095,1973.4,23.56
4462,30.6856,1967.48,23.56
4463,29.4826,1996.19,22.9
4464,30.1368,2045.42,22.57
4465,30.1192,1994.41,22.82
4466,30.2956,1994.86,23.91
4467,30.6121,1915.01,23.56
4468,32.2542,2028.23,22.95
4469,30.7601,1907.32,24.89
4470,30.8422,1843.35,24.62
4471,30.6087,1949.27,26.13
4472,31.9739,1933.84,26.23
4473,31.4592,1951.09,25.19
4474,31.4986,2073.35,26.43
4475,30.0066,1913.57,26.86
4476,28.0072,2015.48,26.25
4477,30.0717,1907.25,26.4
4478,30.2086,1908.62,26.55
4479,29.3395,1966.3,26.71
4480,27.519,1884.15,25.61
4481,27.2169,2061.05,24.37
4482,28.283,1939.73,24.35
4483,28.7558,1901.2,24.28
4484,29.7437,1904.69,23.5
4485,29.146,1837.57,23.3
4486,30.0338,1996.05,23.85
4487,29.9716,1946.52,23.1
4488,29.4703,1859.56,23.46
4489,32.1378,1946.78,23.29
4490,31.2325,1967.15,23.16
4491,29.6621,2076.64,24.27
4492,31.7189,1854.11,23.87
4493,31.1705,1953.1,23.97
4494,30.7284,1872.85,25.03
4495,31.4274,1912.83,25.56
4496,31.41,2012.19,25.34
4497,31.5051,2022.66,26.88
4498,30.9226,1887.4,26.58
4499,30.7416,1876.52,26.76
4500,29.9933,1975.39,27.51
4501,29.4052,1801.62,26.26
4502,29.3443,2039.69,26.78
4503,26.6984,1861.26,27.08
4504,29.6522,1924.44,26.56
4505,29.7091,2022.44,25.67
4506,28.1939,1944.49,25.39
4507,28.6513,1870.73,24.23
4508,29.2502,1974.66,23.86
4509,29.5175,1982.2,23.16
4510,28.1295,1885.57,22.95
4511,29.7778,1893.32,23.21
4512,28.9274,1888.19,23.78
4513,29.0389,1937.4,22.54
4514,31.8403,1949.82,22.9
4515,31.5683,1946.79,23.27
4516,33.18,1864.9,24.41
4517,31.0883,2005.77,24.25
4518,31.7708,1993.42,25.37
4519,31.3513,2003.74,26.39
4520,31.3354,1918.14,26.13
4521,31.4113,1915.8,26.86
4522,30.8594,1960.5,26.72
4523,29.5006,2065.45,26.93
4524,30.5177,1947.62,26.87
4525,30.67,1974.89,27.21
4526,29.263,1959.0,27.49
4527,27.5612,1997.4,27.4
4528,26.9761,2008.42,25.37
4529,29.9124,1985.95,25.42
4530,27.7726,1979.6,24.54
4531,28.9654,1945.71,24.38
4532,27.8755,1983.78,24.08
4533,28.178,1965.44,23.19
4534,29.5383,1987.44,23.29
4535,30.737,1958.29,22.36
4536,29.3291,1966.97,22.48
4537,31.0577,2010.49,23.18
4538,30.4878,1995.4,22.8
4539,31.1656,2184.94,22.86
4540,31.6641,2033.41,23.74
4541,31.7769,2046.53,23.77
4542,32.3016,2068.77,25.95
4543,31.8294,2004.51,25.52
4544,31.4707,2066.15,26.71
4545,31.1137,2107.6,26.05
4546,31.379,2157.58,26.45
4547,29.6189,2125.57,27.03
4548,29.843,2209.03,27.27
4549,28.637,2038.43,26.56
4550,29.2548,2091.74,26.69
4551,30.3004,2070.67,26.56
4552,28.257,2278.41,25.48
4553,27.1676,2153.85,25.85
4554,29.0481,2157.89,25.52
4555,28.2729,2144.76,24.79
4556,29.3417,2087.44,23.92
4557,30.4177,2236.51,22.94
4558,29.3312,2202.39,22.23
4559,30.5516,2141.26,23.06
4560,30.1666,2183.03,22.99
4561,32.3473,2054.98,23.54
4562,30.4796,2222.54,22.59
4563,30.5101,2142.96,23.43
4564,31.4693,2102.75,23.79
4565,31.775,2142.76,24.59
4566,31.143,2126.03,25.4
4567,31.5185,2243.36,25.5
4568,30.5651,2149.14,25.45
4569,31.1377,2076.89,26.5
4570,30.4415,2198.17,26.71
4571,30.8218,2166.31,26.79
4572,29.3543,2164.6,26.68
4573,31.4419,2145.29,27.4
4574,28.4332,2124.18,26.41
4575,29.2919,2082.77,26.4
4576,28.5354,2102.31,25.69
4577,28.3312,2229.03,25.04
4578,27.8223,2220.09,25.1
4579,28.5236,2152.48,24.16
4580,28.4032,2226.57,24.2
4581,28.0193,2147.35,23.85
4582,29.8066,2054.98,23.68
4583,30.5778,2261.21,23.2
4584,29.7295,2166.57,22.99
4585,31.4626,2238.49,23.36
4586,30.9476,2051.18,23.66
4587,30.762,2075.14,24.68
4588,31.5267,2147.98,23.59
4589,30.9059,2225.73,24.7
4590,31.337,2138.99,25.01
4591,31.567,2141.27,25.28
4592,31.7104,2140.33,26.27
4593,31.4628,2151.13,26.0
4594,30.0676,2119.47,25.99
4595,29.2891,2228.01,27.24
4596,31.8035,2138.98,26.83
4597,31.681,2105.89,26.28
4598,30.6686,2116.37,27.1
4599,30.3234,2210.58,26.33
4600,30.1742,2141.31,26.64
4601,28.6122,2132.96,26.15
4602,28.0776,2067.81,23.57
4603,27.1988,2056.51,24.31
4604,28.4168,2151.6,24.16
4605,27.9933,2098.14,23.29
4606,30.131,2058.01,22.35
4607,28.4629,2019.92,22.47
4608,29.4474,2184.73,22.46
4609,31.9905,2035.52,23.06
4610,30.4898,2060.04,22.6
4611,31.7895,2150.22,24.64
4612,30.309,2162.61,23.82
4613,30.8255,2105.23,24.36
4614,32.6984,2017.47,24.5
4615,32.3599,2068.29,24.72
4616,31.0026,1989.3,25.67
4617,30.6305,2022.85,26.8
4618,31.2199,1934.81,26.74
4619,29.8086,1942.38,27.01
4620,32.0623,2024.62,27.47
4621,29.6668,2077.57,26.99
4622,30.2677,2035.31,26.64
4623,30.0342,2067.64,27.4
4624,28.4677,1991.62,25.73
4625,28.819,2031.86,25.85
4626,29.7262,2120.08,26.18
4627,28.2669,1982.86,24.35
4628,28.8058,2080.7,24.41
4629,27.2741,1958.22,24.14
4630,30.3377,2098.04,22.75
4631,29.412,1976.61,22.34
4632,31.2402,1943.65,23.96
4633,29.2996,2096.93,22.86
4634,31.1515,1987.84,24.32
4635,32.1071,2000.0,23.81
4636,33.0992,2019.78,24.17
4637,30.2479,2025.24,25.52
4638,32.3185,1896.53,24.74
4639,32.1875,2006.69,25.28
4640,29.5514,1973.69,25.68
4641,30.7228,1836.73,26.42
4642,30.7325,2056.32,26.9
4643,31.4857,1964.58,26.85
4644,28.8425,1931.12,27.57
4645,31.678,1924.49,27.48
4646,29.0696,2002.08,26.78
4647,29.6805,1928.6,26.93
4648,30.105,1882.44,25.76
4649,27.5717,1922.13,24.85
4650,27.9725,1957.77,23.75
4651,30.6237,1851.78,24.32
4652,27.7844,1867.07,24.11
4653,28.3666,1878.17,22.79
4654,28.2534,1938.05,23.38
4655,30.3544,1874.69,23.12
4656,31.1311,1968.05,22.89
4657,30.802,1872.94,22.95
4658,30.0364,1791.34,23.62
4659,30.324,1980.1,24.12
4660,30.6788,1943.17,24.42
4661,32.0684,1995.07,23.49
4662,31.8449,1820.17,25.85
4663,30.3881,1986.24,25.97
4664,31.1835,1850.31,26.52
4665,29.5794,1948.43,26.47
4666,31.0846,1960.98,26.36
4667,29.0034,2002.42,27.33
4668,29.5948,1959.15,26.73
4669,31.3237,1914.76,27.41
4670,28.8861,1846.48,26.42
4671,28.8908,1890.08,27.04
4672,28.9407,1810.72,25.93
4673,28.517,1956.83,25.55
4674,28.6087,1880.05,24.88
4675,28.2386,2036.52,25.18
4676,28.4486,1925.19,24.39
4677,29.6166,1964.49,23.68
4678,28.2026,1972.36,24.02
4679,29.5029,1993.27,23.19
4680,30.9966,1871.82,23.05
4681,30.2073,1838.96,22.6
4682,30.0135,1893.08,23.68
4683,30.8036,1972.65,22.98
4684,31.2467,1936.77,23.42
4685,30.9984,1914.72,24.37
4686,32.6272,1994.99,24.51
4687,31.3704,1896.24,25.36
4688,32.0452,1999.01,26.0
4689,31.5966,1952.62,25.91
4690,31.1703,1907.9,27.13
4691,30.8105,1942.18,27.73
4692,31.5938,1945.08,26.67
4693,28.8471,2076.83,27.78
4694,28.5164,2078.1,26.66
4695,28.5931,1952.14,26.02
4696,28.2509,2028.73,25.33
4697,29.9708,1923.79,25.82
4698,27.617,1951.92,24.71
4699,27.9832,2130.98,24.73
4700,29.3238,2055.17,24.61
4701,28.4482,1962.02,23.92
4702,28.6203,2138.8,23.57
4703,30.2584,2132.89,22.87
4704,30.5644,1914.21,22.54
4705,30.1112,2053.48,22.2
4706,30.244,2004.29,23.84
4707,30.1012,1970.84,22.78
4708,30.8418,2170.86,23.84
4709,30.6737,2079.51,24.45
4710,32.4004,1919.44,24.8
4711,31.6104,2080.27,25.94
4712,30.3987,2132.86,26.82
4713,30.9279,2091.11,27.62
4714,31.2717,2061.0,27.24
4715,28.9874,2115.94,26.56
4716,30.0581,2089.38,27.38
4717,31.478,2060.95,27.17
4718,30.211,2097.96,25.06
4719,29.9305,2123.47,26.3
4720,28.7332,2120.27,25.72
4721,28.3481,2085.04,24.05
4722,29.4206,2078.49,25.84
4723,29.2477,2079.52,25.09
4724,28.7314,2130.63,24.59
4725,29.6949,2113.34,24.55
4726,28.54,2050.28,24.88
4727,29.657,2212.59,23.29
4728,29.8271,2199.42,23.35
4729,30.3957,2095.93,23.88
4730,32.7521,2088.99,23.83
4731,31.288,2073.48,23.37
4732,30.9159,2055.42,24.13
4733,30.6963,2069.5,25.08
4734,30.8824,2121.59,24.8
4735,32.5973,2200.71,24.97
4736,31.1507,2148.39,26.22
4737,29.6083,2179.56,26.41
4738,30.558,2153.51,26.19
4739,30.3922,2134.69,27.13
4740,30.6385,2018.65,26.06
4741,28.5632,2101.47,27.49
4742,29.1869,2127.76,26.41
4743,28.775,2213.86,26.59
4744,28.1894,2062.6,25.74
4745,29.4184,2135.9,25.79
4746,28.2872,2298.88,25.47
4747,27.2249,2144.82,23.85
4748,29.1738,2177.61,24.72
4749,30.3385,2170.06,22.87
4750,30.6179,2175.68,23.75
4751,30.8395,2207.34,23.3
4752,29.191,2164.37,23.4
4753,30.1201,2157.11,23.0
4754,30.2301,2147.75,23.13
4755,29.3552,2154.92,22.88
4756,30.8192,2276.88,23.86
4757,31.2239,2143.59,24.97
4758,30.3502,2075.4,24.76
4759,31.0537,2118.11,25.57
4760,32.7151,2124.17,26.07
4761,31.6246,2125.46,26.25
4762,33.0008,2176.02,26.57
4763,31.0449,2139.88,27.11
4764,31.1099,2121.37,25.95
4765,30.9781,2161.18,26.45
4766,28.4145,2147.88,26.38
4767,28.8758,2032.92,26.93
4768,29.0804,2119.69,26.22
4769,29.9911,2129.06,26.0
4770,27.9223,2119.32,24.82
4771,27.6325,2060.44,23.97
4772,28.1568,2211.32,23.22
4773,29.3847,2109.78,23.44
4774,29.5048,2184.98,23.89
4775,28.9588,2147.58,23.72
4776,28.1699,2025.1,22.77
4777,31.2576,2153.21,22.84
4778,29.7585,1989.97,23.36
4779,30.7755,2033.24,23.72
4780,31.3606,2061.04,24.99
4781,31.3701,2154.52,24.22
4782,31.6389,2157.85,23.75
4783,32.527,1983.95,24.96
4784,33.582,1952.87,25.85
4785,31.5201,2017.28,27.68
4786,30.3094,2042.84,25.7
4787,30.0526,1992.03,27.26
4788,30.0712,2097.16,26.67
4789,30.6471,2085.09,27.27
4790,28.2425,2014.21,26.27
4791,28.6658,1973.33,26.4
4792,28.8504,2064.36,26.28
4793,29.1669,1978.78,25.76
4794,28.5208,1975.55,24.81
4795,28.1916,2003.14,25.35
4796,29.0719,1985.58,24.4
4797,28.3744,1942.01,22.42
4798,29.1429,1972.16,23.77
4799,28.8576,1990.4,23.0
4800,30.9634,1922.78,23.17
4801,31.0615,1920.26,24.0
4802,31.0516,1933.14,23.34
4803,31.635,1921.12,23.48
4804,31.3901,2076.39,23.79
4805,31.7953,1883.57,25.63
4806,31.8066,1931.86,24.38
4807,33.2301,1965.8,25.89
4808,31.4054,1963.17,25.89
4809,31.6765,1882.56,27.02
4810,30.1853,1943.91,26.63
4811,30.0839,1971.7,27.61
4812,29.0639,1940.93,27.41
4813,31.4476,1935.75,27.6
4814,28.8467,1917.73,28.04
4815,29.9095,1950.77,25.82
4816,28.7757,1912.02,26.35
4817,29.0268,1941.43,26.41
4818,27.5237,1836.34,25.34
4819,28.9315,1913.21,24.56
4820,29.9943,2045.16,24.65
4821,29.2244,1907.74,23.4
4822,29.0167,2017.49,24.28
4823,31.1609,1996.85,23.54
4824,29.3032,1908.42,23.22
4825,30.1215,1911.05,23.8
4826,31.6192,1871.74,23.92
4827,31.4561,1976.92,23.05
4828,30.0951,2038.31,23.27
4829,32.2341,1874.24,24.6
4830,33.4059,1906.89,25.02
4831,31.6344,1924.94,24.82
4832,31.3472,1880.5,25.68
4833,30.9166,2025.13,26.07
4834,30.6301,1985.97,26.15
4835,30.2725,1852.9,26.24
4836,28.0418,1986.06,26.89
4837,28.9436,1878.78,27.05
4838,29.505,1901.69,26.42
4839,27.7695,1985.1,26.27
4840,29.1918,1793.82,25.54
4841,28.3982,1973.59,25.74
4842,27.8746,1880.55,25.1
4843,28.7839,1975.4,23.83
4844,28.3873,1985.82,24.34
4845,28.3527,1950.98,23.69
4846,29.7837,1840.2,22.09
4847,29.0286,1968.03,23.19
4848,28.241,1888.54,21.88
4849,29.0282,1940.2,23.06
4850,31.9433,1903.81,23.99
4851,30.0042,2080.29,24.2
4852,31.2863,1883.75,24.1
4853,32.1399,1923.07,24.45
4854,32.4461,1909.24,24.92
4855,31.0632,1985.57,24.63
4856,30.2155,2030.41,26.32
4857,32.1081,1904.59,26.67
4858,29.8633,1971.07,26.87
4859,30.9036,2054.15,26.2
4860,30.5036,1845.6,26.78
4861,30.2534,2064.62,26.89
4862,28.4785,2025.68,26.83
4863,29.4789,2033.33,26.54
4864,27.5635,1976.72,25.31
4865,28.655,2033.27,25.33
4866,27.3022,2085.86,25.08
4867,29.0112,2032.47,25.51
4868,28.6689,2032.67,24.59
4869,28.2422,1978.47,23.37
4870,28.5317,2023.99,23.04
4871,29.6614,2029.15,23.35
4872,29.0449,1950.14,22.8
4873,30.0025,2001.3,23.35
4874,30.0669,2104.25,23.16
4875,30.9864,2069.85,22.99
4876,30.5223,2020.5,24.5
4877,32.5173,2160.17,24.62
4878,31.5959,2021.61,24.65
4879,31.2166,2020.33,25.23
4880,31.8693,2053.69,26.17
4881,31.7006,2101.63,25.85
4882,30.805,2104.73,27.1
4883,29.4614,1980.28,26.65
4884,31.3189,2186.6,26.99
4885,29.442,2095.14,26.6
4886,30.2933,2060.68,26.09
4887,30.2544,2123.48,26.14
4888,28.7262,2101.72,26.47
4889,27.7176,2145.56,25.82
4890,28.4521,2119.43,25.06
4891,28.9802,2038.66,24.22
4892,28.4475,1932.43,23.5
4893,28.7973,2195.91,22.73
4894,29.6343,2030.84,23.35
4895,28.3829,2101.05,22.7
4896,30.557,2163.81,22.09
4897,29.6925,2081.0,23.63
4898,31.7624,2070.73,23.74
4899,31.2721,2166.28,23.7
4900,30.6777,2061.01,23.68
4901,30.2816,2202.3,24.84
4902,30.7816,2261.53,24.68
4903,30.84,2117.78,26.19
4904,31.6592,2104.37,25.2
4905,31.5748,2096.26,25.6
4906,29.1565,2255.85,26.23
4907,31.2598,2137.4,27.0
4908,31.0628,2112.77,27.1
4909,29.5667,2236.05,26.24
4910,28.0722,2178.94,26.49
4911,29.9949,2132.65,24.86
4912,28.6358,2159.48,25.75
4913,28.8644,2117.99,25.39
4914,29.0297,2192.19,24.78
4915,28.8464,2055.72,24.06
4916,27.9393,2134.44,24.01
4917,29.2487,2133.9,23.29
4918,29.7014,2142.48,23.94
4919,29.1262,2186.01,23.97
4920,30.3546,2143.19,23.79
4921,31.0509,2097.67,22.46
4922,31.1789,2084.07,23.66
4923,29.9177,2219.87,24.37
4924,31.5183,2100.43,23.6
4925,31.8165,2170.64,24.28
4926,31.7806,2146.39,25.24
4927,30.1974,2170.39,25.94
4928,31.0823,2132.85,25.39
4929,30.7458,2199.85,27.02
4930,31.1393,2169.72,27.13
4931,30.7794,2092.51,27.89
4932,30.564,2067.41,26.59
4933,29.2243,2213.26,26.95
4934,28.0902,2107.0,26.87
4935,30.6477,2228.2,26.53
4936,29.6771,2146.68,26.0
4937,27.805,2083.77,25.86
4938,27.5373,2178.74,24.79
4939,28.6707,2131.78,25.27
4940,29.0643,2217.37,25.12
4941,28.4739,2093.92,24.43
4942,28.8868,2154.64,23.39
4943,30.2309,2134.0,22.6
4944,30.3596,2109.65,23.53
4945,30.7071,2160.74,23.44
4946,30.3916,2086.42,23.86
4947,30.6348,2037.6,23.73
4948,30.5334,2099.11,24.51
4949,31.1075,2082.21,24.69
4950,30.5669,2092.17,25.05
4951,32.3284,2133.99,25.23
4952,31.3781,2070.85,25.81
4953,31.5331,2120.25,26.16
4954,29.6861,2136.11,26.74
4955,28.8851,2093.98,27.17
4956,29.2727,2062.39,27.68
4957,28.4265,1976.66,26.32
4958,29.0353,1978.12,26.49
4959,27.2921,2044.18,26.23
4960,28.1365,2038.84,26.38
4961,28.0471,2023.83,24.76
4962,27.4875,1924.77,25.36
4963,28.4397,2040.91,24.98
4964,28.3077,2114.07,23.04
4965,28.3091,2038.44,23.33
4966,28.7731,1977.55,23.22
4967,29.854,1792.88,22.98
4968,29.6739,1910.28,22.28
4969,29.1277,1896.14,22.6
4970,32.3282,2015.02,23.96
4971,30.7683,1982.4,23.7
4972,32.8481,2043.74,24.03
4973,32.1692,2069.51,25.34
4974,31.3562,1916.63,26.26
4975,29.9073,2041.12,25.64
4976,30.148,2016.85,26.37
4977,31.2667,1945.06,26.42
4978,30.5083,1939.7,26.41
4979,29.3842,1981.14,26.42
4980,30.2092,1990.3,27.24
4981,29.5632,1967.85,26.95
4982,28.5459,2083.82,26.84
4983,30.0483,1861.88,26.07
4984,27.9522,1917.44,26.91
4985,28.1355,1937.12,25.23
4986,28.4043,1962.44,25.05
4987,28.7977,1953.48,23.63
4988,29.1995,1943.46,23.26
4989,29.0075,1797.55,22.83
4990,27.92,2036.82,24.57
4991,30.1065,1891.69,22.37
4992,29.7528,1838.81,22.9
4993,30.1464,1882.86,22.81
4994,30.209,2036.1,22.43
4995,31.6296,1947.62,23.14
4996,31.2596,1859.32,23.63
4997,31.4073,1914.16,24.21
4998,31.8411,1936.7,25.15
4999,32.7214,1944.86,26.17
5000,32.2217,1947.15,25.86
5001,32.386,1915.64,26.03
5002,30.3603,1950.15,26.41
5003,29.7523,2061.51,26.76
5004,30.7659,1962.92,26.72
5005,28.7841,1883.19,27.22
5006,30.3066,1866.41,27.13
5007,29.3512,1851.49,27.04
5008,28.8323,1876.82,25.45
5009,29.3818,1999.23,25.37
5010,27.484,1869.45,24.44
5011,29.0176,1913.89,24.2
5012,29.071,1927.89,23.04
5013,29.4426,2012.11,23.32
5014,27.871,1995.99,22.53
5015,30.1427,1968.24,23.45
5016,30.3542,1924.66,23.62
5017,30.5668,1978.08,23.71
5018,30.5772,1904.03,23.06
5019,30.4617,1972.3,24.38
5020,32.531,2006.14,24.03
5021,32.1655,1966.52,24.66
5022,31.2396,2044.27,24.73
5023,32.1534,1978.13,25.58
5024,30.5012,1955.94,25.87
5025,31.4151,1936.17,26.29
5026,30.3084,1942.45,26.57
5027,30.3334,1936.91,27.54
5028,30.1984,2114.83,27.55
5029,29.5196,2002.0,27.17
5030,30.7252,1983.98,27.36
5031,28.4556,1990.9,25.74
5032,30.316,1973.43,26.42
5033,27.3781,1980.06,25.08
5034,29.9783,2080.6,24.65
5035,28.611,1993.52,24.86
5036,29.2272,2104.23,23.35
5037,28.4336,2041.65,22.98
5038,28.0029,2030.91,23.18
5039,29.5748,2093.09,22.76
5040,30.3013,2107.65,22.63
5041,31.0547,2012.63,23.02
5042,30.8325,2090.26,23.15
5043,32.1003,2113.3,23.35
5044,30.233,2027.05,24.06
5045,31.6339,2090.92,24.33
5046,31.8535,2048.62,24.8
5047,32.2694,2159.29,25.98
5048,30.5337,2042.38,26.33
5049,31.071,2139.31,26.71
5050,31.9343,2140.01,27.17
5051,31.8603,2150.91,26.64
5052,30.6383,2167.26,26.69
5053,29.5233,2190.09,27.64
5054,29.343,2156.2,25.79
5055,29.9202,2019.31,26.5
5056,28.5105,2101.64,25.77
5057,27.9109,2123.42,25.17
5058,27.7542,2132.69,25.14
5059,28.0127,2153.58,24.58
5060,27.3976,2100.27,24.35
5061,28.9926,2124.89,23.56
5062,29.623,2118.0,23.54
5063,30.0454,2191.99,22.5
5064,28.6532,2231.37,24.44
5065,30.5354,2251.56,23.36
5066,31.7055,2056.1,23.52
5067,30.6745,2318.02,23.42
5068,30.5545,2155.52,23.27
5069,32.0504,2079.44,23.97
5070,32.3379,2182.07,24.29
5071,32.3267,2191.78,25.16
5072,31.174,2153.75,26.3
5073,31.8509,2147.62,26.63
5074,30.6534,2262.78,26.64
5075,31.0782,2160.09,26.69
5076,29.1878,2256.22,26.28
5077,28.675,2102.14,26.73
5078,30.8289,2059.21,26.89
5079,28.5839,2189.22,26.77
5080,28.4864,2085.42,26.36
5081,28.4125,2084.13,26.38
5082,28.0096,2183.47,26.05
5083,29.957,2078.32,24.2
5084,28.859,2166.98,22.96
5085,31.0042,2163.42,23.22
5086,28.1079,2082.23,24.18
5087,28.6102,2080.26,22.61
5088,30.23,2158.11,22.24
5089,29.2997,2072.29,22.88
5090,31.3955,2227.42,22.69
5091,31.4097,2100.46,23.44
5092,31.2944,2181.05,23.68
5093,32.7486,2179.51,24.04
5094,32.3986,2169.24,25.1
5095,31.0338,2108.31,25.26
5096,30.4818,2184.19,25.96
5097,31.1281,2094.79,26.02
5098,31.5605,2199.5,26.64
5099,30.6912,2157.03,26.9
5100,30.4369,2104.53,25.83
5101,29.2189,2151.66,27.01
5102,28.4567,2240.69,26.42
5103,29.9742,2282.45,26.11
5104,28.1683,2149.82,25.97
5105,28.7134,2081.77,25.52
5106,27.6551,2159.33,25.17
5107,29.1933,2060.12,25.29
5108,27.9373,2114.98,24.42
5109,28.0179,2054.76,22.81
5110,29.4418,2076.71,23.74
5111,29.1462,2112.82,22.6
5112,29.776,2069.3,23.39
5113,30.1539,2103.94,23.42
5114,31.7609,2054.12,23.37
5115,30.8265,2167.14,23.03
5116,32.03,2056.84,24.9
5117,31.1012,2138.72,24.0
5118,31.1799,2031.16,24.72
5119,30.8243,2168.55,25.53
5120,31.7486,2054.97,25.65
5121,29.9607,2044.93,26.1
5122,32.0763,2020.8,28.14
5123,30.4783,1999.0,26.78
5124,28.8517,2164.52,25.95
5125,29.2457,2057.62,27.17
5126,27.2831,1991.31,27.39
5127,28.9168,2111.84,26.51
5128,27.6118,2059.46,25.57
5129,27.925,2052.34,26.2
5130,28.35,1983.6,25.4
5131,28.8191,2020.62,24.91
5132,30.0067,2114.64,23.29
5133,29.2244,1914.7,22.81
5134,29.459,1975.49,22.87
5135,28.6665,1827.84,23.21
5136,28.1047,2004.14,23.46
5137,30.5773,1960.12,22.99
5138,30.6181,2009.69,23.6
5139,30.7723,1994.7,23.57
5140,29.3975,2074.85,23.39
5141,31.1648,1931.38,23.98
5142,32.4098,1996.6,25.05
5143,31.7712,1967.7,24.77
5144,31.988,2007.93,26.38
5145,29.9708,1935.26,26.86
5146,29.2252,1914.69,27.02
5147,31.5602,2030.27,26.26
5148,29.2023,2021.12,27.14
5149,30.0795,2033.73,27.41
5150,29.238,1878.54,25.66
5151,28.5486,1983.14,27.32
5152,28.4432,1919.3,25.48
5153,27.5002,1898.73,26.06
5154,28.4367,1951.2,24.9
5155,29.5486,1890.43,23.86
5156,29.1807,1940.26,23.99
5157,28.941,2022.33,24.09
5158,28.7917,1954.98,23.43
5159,28.7711,1910.58,23.04
5160,30.848,1932.49,22.64
5161,30.2273,1951.23,22.43
5162,30.3956,1929.4,23.28
5163,31.3483,2028.49,22.74
5164,32.5453,1796.56,22.83
5165,30.8412,1987.74,24.32
5166,31.3048,1900.52,24.05
5167,31.4849,1881.06,25.77
5168,30.0241,1909.9,25.89
5169,32.5554,1903.58,26.11
5170,29.5042,1902.1,27.0
5171,30.0686,1916.53,26.15
5172,31.0728,1885.59,26.71
5173,28.885,2029.15,26.21
5174,31.4321,1928.97,26.66
5175,29.2403,1888.38,26.5
5176,28.7506,1896.98,26.43
5177,29.6332,2016.35,25.01
5178,27.1626,1906.5,24.77
5179,28.1208,1892.58,25.06
5180,29.8713,1934.05,24.41
5181,28.9023,1839.62,23.21
5182,28.8076,1904.92,22.62
5183,29.6024,2035.58,22.3
5184,28.689,1953.96,22.53
5185,30.2383,1998.04,24.02
5186,29.9311,1950.46,23.45
5187,31.0874,1908.07,23.78
5188,30.6167,1967.29,24.2
5189,32.2857,1850.75,24.59
5190,30.6273,1910.97,25.08
5191,29.7577,2049.91,25.25
5192,32.3939,1891.05,26.34
5193,30.2402,1927.19,26.65
5194,30.68,1965.79,26.57
5195,29.5926,1965.86,26.51
5196,30.7117,2073.73,26.39
5197,31.019,2008.62,26.1
5198,30.3136,1922.4,26.48
5199,28.0526,2143.21,26.4
5200,28.8649,1929.01,19.74
5201,28.2903,1946.73,18.82
5202,29.8464,1912.6,19.93
5203,28.7119,1987.34,18.71
5204,29.2359,2028.4,18.69
5205,27.7222,2078.51,19.44
5206,28.3519,1998.3,18.83
5207,28.0757,1977.69,17.91
5208,30.6547,2058.53,17.91
5209,30.2768,1996.4,18.05
5210,30.5181,2132.29,17.62
5211,32.2029,2057.65,18.37
5212,32.4935,2028.2,19.08
5213,31.5081,2003.57,19.03
5214,30.4044,1999.89,20.08
5215,31.3376,2129.67,20.33
5216,33.4993,2107.01,21.07
5217,30.7226,2067.33,21.78
5218,30.9973,2007.92,22.14
5219,30.8399,2046.76,21.4
5220,30.1761,2060.98,21.6
5221,30.8979,1977.55,21.86
5222,28.8299,2186.69,21.84
5223,29.064,2088.81,20.89
5224,27.8233,2131.48,21.53
5225,29.5621,2085.39,20.2
5226,28.3044,2125.76,20.13
5227,28.2528,2110.59,20.02
5228,28.0033,2069.69,19.13
5229,28.7637,2175.71,18.91
5230,29.0006,2146.12,18.97
5231,29.8524,2157.35,19.39
5232,30.1647,2138.92,19.54
5233,29.2092,2187.6,17.67
5234,29.8271,2094.8,18.79
5235,31.2719,2108.41,18.29
5236,30.7584,2147.38,19.31
5237,32.1878,2139.69,19.33
5238,32.4335,2143.6,20.22
5239,32.8195,2162.46,19.83
5240,31.098,2103.37,20.76
5241,30.3814,2143.16,20.85
5242,30.9237,2150.23,22.08
5243,30.7062,2200.95,22.26
5244,29.7716,2157.91,21.92
5245,28.2615,2116.17,22.15
5246,29.9452,2058.75,21.56
5247,29.0258,2056.36,21.16
5248,29.8248,2100.83,21.62
5249,29.5391,2178.83,21.06
5250,28.7524,2180.98,19.94
5251,27.2973,2284.7,20.13
5252,26.8797,2137.52,18.96
5253,29.6674,2141.83,18.56
5254,30.0911,2157.71,17.81
5255,29.5918,2103.78,17.61
5256,30.6692,2162.88,17.75
5257,30.6799,2307.15,17.33
5258,29.8949,2184.73,18.47
5259,30.98,2168.93,18.84
5260,31.5321,2132.7,18.43
5261,32.1285,2110.7,19.05
5262,31.5847,2251.31,21.0
5263,31.6355,2161.12,20.37
5264,31.3796,2139.01,21.24
5265,32.0857,2015.19,21.46
5266,31.8168,2093.36,22.09
5267,31.3412,2020.05,21.75
5268,30.9884,2124.94,22.23
5269,28.7509,2103.95,21.62
5270,30.1847,2232.63,21.25
5271,29.6717,2094.73,21.09
5272,28.4721,2155.76,20.88
5273,27.9489,2125.03,20.84
5274,28.3027,2061.46,19.42
5275,29.8394,2085.02,20.13
5276,30.2038,2116.27,19.29
5277,29.6533,2140.38,18.82
5278,29.5337,2106.21,17.85
5279,29.0688,2116.13,17.15
5280,30.3508,2114.91,22.18
5281,30.4859,2127.24,23.29
5282,30.0703,2104.53,23.08
5283,30.5413,2071.66,23.23
5284,31.8834,2125.27,23.45
5285,32.2306,2198.01,24.66
5286,31.7807,2061.94,25.11
5287,31.2948,2055.92,25.93
5288,31.339,1994.17,25.19
5289,32.3477,2144.68,26.99
5290,32.7639,2139.62,26.61
5291,30.0102,2037.08,26.22
5292,28.2476,2016.58,26.98
5293,29.4189,2097.52,26.93
5294,30.6334,2108.97,26.7
5295,28.7161,2057.34,26.38
5296,29.176,2004.19,26.04
5297,29.1346,2030.6,26.1
5298,27.2255,2047.62,24.62
5299,29.5419,2050.22,23.94
5300,27.6416,1984.48,23.98
5301,27.6886,1985.36,22.87
5302,29.9638,2004.16,22.58
5303,28.6481,2030.16,22.46
5304,30.5712,1985.68,22.79
5305,30.2376,1991.29,23.44
5306,31.2105,1989.8,23.31
5307,31.0119,1929.79,23.08
5308,31.3759,2014.44,23.3
5309,31.7309,1957.0,23.49
5310,31.6666,1906.48,25.47
5311,32.1869,1952.33,24.91
5312,31.8938,1866.63,26.25
5313,30.5934,1991.16,26.04
5314,32.4509,1867.94,26.36
5315,29.5248,1945.96,27.38
5316,30.4808,1884.51,27.04
5317,29.4741,1966.55,26.95
5318,30.3396,2056.27,26.68
5319,28.3165,1904.34,26.45
5320,30.5696,1970.64,25.93
5321,28.7749,1820.66,26.09
5322,27.866,1994.45,25.31
5323,27.204,1941.63,24.28
5324,27.1016,1795.91,23.33
5325,28.9219,1930.39,23.96
5326,29.3146,1983.15,23.55
5327,29.3636,1930.47,23.87
5328,30.1871,2007.1,21.93
5329,30.3978,1962.28,22.96
5330,29.8096,2013.12,23.93
5331,33.4183,1932.64,22.81
5332,32.2095,1859.3,23.99
5333,30.8217,1800.81,24.17
5334,30.8978,1944.78,25.0
5335,31.2245,2021.7,25.93
5336,30.259,1967.95,25.81
5337,29.9693,2010.87,26.66
5338,31.6941,1929.54,26.7
5339,31.8955,1873.21,28.11
5340,29.3574,1813.48,26.71
5341,29.4531,2023.57,27.18
5342,29.5544,1942.9,26.36
5343,30.1434,1959.04,25.9
5344,28.5278,1939.73,26.07
5345,28.4073,1961.86,24.71
5346,27.3463,1926.57,24.77
5347,28.2375,1916.07,24.43
5348,28.3689,1918.73,24.12
5349,28.8765,1882.28,23.63
5350,28.3431,1968.88,23.23
5351,29.0446,1941.58,22.82
5352,30.8082,1992.9,22.15
5353,31.4262,1931.8,22.95
5354,31.1691,2008.45,23.34
5355,31.1866,1984.32,23.75
5356,31.0112,1914.72,24.24
5357,32.4822,1954.27,23.58
5358,31.8557,1975.97,24.53
5359,31.7907,2019.31,26.17
5360,31.8184,1953.4,25.62
5361,30.4301,1980.71,26.32
5362,30.0431,1977.5,26.87
5363,30.2526,1926.66,27.18
5364,29.1379,2039.74,26.2
5365,28.204,1952.28,27.15
5366,30.4001,1988.48,26.47
5367,30.1486,2052.62,26.51
5368,28.7946,2087.01,26.31
5369,29.2954,2178.33,25.92
5370,29.1429,1999.26,25.12
5371,29.7003,2007.41,24.53
5372,30.0531,2087.93,23.95
5373,29.448,2148.93,24.85
5374,29.26,2059.07,22.8
5375,28.7342,1938.94,22.96
5376,30.2262,2092.42,22.66
5377,31.9787,2021.16,22.96
5378,30.736,2159.38,23.28
5379,30.4683,2007.38,23.02
5380,31.3867,2059.33,24.33
5381,30.6984,2041.65,24.37
5382,32.0157,2034.34,24.77
5383,30.4065,2035.47,24.88
5384,31.0659,2014.21,26.92
5385,31.3922,2108.82,26.49
5386,31.6263,2092.35,26.45
5387,29.4504,2125.74,26.44
5388,29.6952,2106.76,26.74
5389,29.6961,2067.85,27.01
5390,28.7765,2090.85,26.46
5391,28.7854,2095.03,26.53
5392,28.2355,2023.06,26.05
5393,29.0933,2093.78,26.1
5394,28.1964,2076.45,24.84
5395,27.8438,2082.67,24.13
5396,28.7622,2078.51,23.99
5397,30.1881,2054.86,23.27
5398,30.1849,2019.25,23.67
5399,30.5626,2078.13,23.36
5400,30.5298,2197.17,21.91
5401,29.7355,2075.88,23.05
5402,31.0929,2220.77,22.87
5403,32.3102,2235.59,24.17
5404,31.0127,2145.16,24.29
5405,31.4792,2235.16,23.94
5406,31.8044,2154.62,24.44
5407,31.2959,2089.59,25.3
5408,32.029,2194.95,26.45
5409,31.4076,2178.93,25.59
5410,31.7847,2121.61,26.84
5411,29.5226,2119.35,26.73
5412,29.7084,2234.63,26.33
5413,29.4053,2129.4,25.96
5414,29.9059,2217.81,26.84
5415,28.1774,2059.14,25.64
5416,28.6771,2109.71,26.09
5417,28.0345,2231.69,25.69
5418,28.5841,2106.86,24.58
5419,28.7164,2194.12,24.67
5420,27.5095,2167.43,24.18
5421,29.2562,2195.75,23.59
5422,29.7598,2152.79,23.63
5423,30.7445,2074.67,23.61
5424,30.0646,2154.66,22.21
5425,31.1529,2048.19,22.71
5426,30.0406,2212.93,24.25
5427,31.3165,2187.36,23.9
5428,32.021,2305.04,24.99
5429,31.4557,2048.25,24.43
5430,30.9967,2157.41,25.45
5431,31.0735,2111.83,25.5
5432,31.5233,2173.4,26.53
5433,31.0726,2213.25,26.33
5434,31.5188,2057.25,26.82
5435,30.7708,2206.6,27.01
5436,29.7896,2147.58,26.52
5437,31.2279,2094.35,27.91
5438,30.4548,2106.83,28.05
5439,28.4136,2193.22,25.94
5440,28.236,2031.18,26.23
5441,28.5872,2129.66,25.55
5442,29.0116,2112.13,25.58
5443,26.9628,2015.6,24.74
5444,28.5112,2150.87,24.51
5445,28.7729,2123.17,23.73
5446,29.5567,2069.92,23.69
5447,29.8722,2161.86,22.5
5448,30.5751,2047.57,22.93
5449,30.6866,2024.86,22.8
5450,30.8858,2138.2,22.77
5451,32.775,2215.81,24.2
5452,31.4182,2113.51,24.07
5453,31.8029,2080.84,23.35
5454,31.3162,2141.46,24.83
5455,30.7383,1991.65,25.2
5456,31.5883,2048.06,25.75
5457,31.6797,1958.69,26.46
5458,31.202,2026.06,27.15
5459,30.8455,2050.7,27.48
5460,31.6312,1994.39,27.84
5461,30.5697,2106.52,27.0
5462,29.3031,2031.04,26.19
5463,28.9273,2080.79,25.65
5464,30.0498,2036.32,26.27
5465,28.2769,1999.4,25.62
5466,28.4236,2026.59,24.73
5467,27.8002,1814.08,24.66
5468,29.4219,1943.01,23.28
5469,29.6666,1995.78,23.71
5470,29.0522,1933.93,22.6
5471,30.3926,1888.32,23.87
5472,28.9185,2049.43,22.94
5473,30.2405,1998.45,22.74
5474,30.7947,2015.41,23.69
5475,30.2875,1980.9,24.19
5476,32.2274,2048.94,23.75
5477,31.4091,1850.21,23.95
5478,30.5868,1987.7,25.29
5479,32.4862,1890.42,25.61
5480,30.6826,2009.87,25.73
5481,30.1877,1929.04,26.02
5482,30.3312,1863.93,26.98
5483,30.8627,1928.34,26.94
5484,29.341,1877.33,27.44
5485,27.7508,1941.14,26.95
5486,30.2902,1866.59,26.71
5487,29.2202,1888.77,26.06
5488,28.9422,1862.12,26.69
5489,28.8286,1910.75,25.39
5490,27.9532,1821.17,25.01
5491,29.0338,1798.26,25.21
5492,27.9005,2026.49,24.36
5493,29.0528,2022.56,23.41
5494,29.3859,1907.07,22.75
5495,28.1852,1990.88,22.28
5496,29.9432,1861.91,23.13
5497,31.6403,1852.19,23.07
5498,29.8054,1964.56,23.68
5499,31.1351,1849.05,23.16
5500,29.7625,1895.12,23.84
5501,30.9629,1957.44,24.0
5502,31.6802,1835.25,24.91
5503,30.2828,1992.79,25.22
5504,30.7231,1919.59,25.92
5505,29.5051,1970.68,27.52
5506,31.1685,1930.31,26.87
5507,31.2223,1915.5,26.68
5508,30.593,1916.46,27.25
5509,31.4025,1926.72,27.26
5510,27.4218,1913.59,27.48
5511,29.4868,1909.35,26.51
5512,29.2837,1913.8,26.55
5513,30.071,1908.69,24.9
5514,28.847,1963.42,25.73
5515,29.0002,2050.1,23.99
5516,29.1624,1920.51,23.88
5517,29.4366,1998.18,24.17
5518,29.464,1957.7,23.7
5519,28.7422,1954.93,23.75
5520,28.8428,1906.9,22.97
5521,30.3755,2002.74,23.5
5522,32.5526,1938.06,23.17
5523,29.904,1975.06,23.14
5524,32.2515,1937.54,24.88
5525,32.322,1954.5,24.61
5526,31.07,1998.68,25.47
5527,31.9843,1948.49,25.62
5528,30.0229,1956.45,25.79
5529,32.41,2072.66,26.82
5530,30.4929,1984.86,27.17
5531,29.318,1969.33,26.86
5532,28.9097,2106.45,27.71
5533,28.1127,2000.04,26.34
5534,28.9082,1957.58,25.85
5535,30.5382,1938.27,26.92
5536,28.8396,1994.47,26.95
5537,28.1095,2027.58,25.41
5538,27.7521,2072.69,25.13
5539,28.0858,2031.06,24.52
5540,28.9153,2009.52,23.35
5541,28.6689,1908.74,23.12
5542,30.469,1973.07,23.96
5543,31.9809,2012.0,23.64
5544,30.7867,2005.48,23.18
5545,29.4702,2106.22,22.55
5546,31.0381,2050.61,24.41
5547,31.808,2133.88,23.33
5548,31.4244,2144.18,23.73
5549,31.7059,2056.8,24.11
5550,31.2072,2056.3,24.9
5551,31.9215,2083.83,25.57
5552,31.7509,2024.28,25.75
5553,31.651,2087.55,26.37
5554,31.4808,1935.6,27.0
5555,30.8719,2055.29,26.25
5556,31.0136,2118.24,27.12
5557,28.5963,2156.8,26.31
5558,28.6828,2071.37,27.04
5559,27.5105,2159.0,26.58
5560,29.6666,2108.75,26.12
5561,28.8085,2115.9,25.72
5562,29.237,2170.95,25.28
5563,29.3993,2198.95,24.18
5564,29.0976,2092.13,23.4
5565,29.6669,2104.04,22.87
5566,29.7333,2189.2,23.65
5567,29.7849,2177.94,22.12
5568,31.6385,2065.22,23.09
5569,30.4165,2048.7,22.78
5570,32.3458,2154.11,23.89
5571,30.7169,2175.49,23.05
5572,31.9078,2126.25,23.33
5573,31.2168,2163.74,24.82
5574,31.2375,2143.01,26.03
5575,31.2945,2136.54,25.08
5576,29.9333,2262.67,26.21
5577,30.7381,2197.57,26.58
5578,31.984,2142.29,27.06
5579,29.634,2325.74,27.13
5580,30.4907,2193.37,26.44
5581,28.7075,2233.77,26.68
5582,29.9198,2196.14,27.39
5583,30.1481,2176.85,26.23
5584,28.5327,2228.62,25.58
5585,26.9627,2256.72,25.83
5586,28.5359,2216.13,25.96
5587,28.045,2057.06,24.6
5588,27.3462,2161.73,24.98
5589,30.5522,2177.41,23.59
5590,29.1531,2115.0,23.36
5591,30.9059,2171.37,22.84
5592,28.0646,2119.15,23.67
5593,30.7083,2183.31,23.41
5594,31.9987,2110.27,23.02
5595,29.8394,2132.86,23.83
5596,30.0366,2097.3,23.51
5597,32.169,2099.71,24.77
5598,32.0438,2136.3,25.73
5599,31.5625,2217.06,25.35
5600,31.6651,2186.2,25.88
5601,31.5621,2105.12,26.27
5602,29.6888,2214.17,26.66
5603,30.7489,2187.47,27.54
5604,30.5923,2167.25,26.32
5605,29.0199,2118.45,27.74
5606,29.2149,2105.42,25.97
5607,28.8247,2079.34,26.55
5608,28.4274,2191.7,25.93
5609,27.1541,2073.86,25.66
5610,29.3843,2021.98,25.53
5611,29.0386,2090.19,23.87
5612,28.2802,2152.07,23.91
5613,27.861,2066.61,23.73
5614,29.9325,2067.0,22.82
5615,30.5783,2095.06,22.52
5616,30.815,2092.33,23.93
5617,30.6102,1969.21,22.4
5618,30.7295,2008.57,23.26
5619,31.1666,2034.93,23.28
5620,32.2522,2031.76,24.21
5621,31.3952,2046.53,24.36
5622,30.9671,2151.65,24.36
5623,31.2166,2109.91,25.71
5624,32.7846,2009.47,26.0
5625,30.2619,2028.83,26.75
5626,30.1581,2046.75,26.33
5627,31.5419,2005.31,27.15
5628,30.0465,2021.66,26.51
5629,29.304,1997.19,27.16
5630,29.3577,2044.87,26.48
5631,28.367,2045.9,26.85
5632,29.7667,2082.59,26.4
5633,28.5113,2016.89,25.23
5634,29.296,1960.0,25.25
5635,27.8126,2072.41,24.92
5636,28.3037,1895.7,24.84
5637,28.6971,2086.24,23.7
5638,30.0308,1993.83,22.66
5639,29.6913,1986.28,23.29
5640,30.2884,2012.63,22.45
5641,31.0858,2029.62,23.74
5642,32.8208,2004.97,22.5
5643,32.1846,2004.9,23.82
5644,32.0736,2003.16,24.27
5645,29.673,1964.91,24.95
5646,31.8931,1965.06,25.1
5647,32.1073,1948.1,25.79
5648,31.2546,2042.69,26.23
5649,31.5632,1919.32,27.58
5650,29.9757,1945.0,26.56
5651,30.5498,1898.27,26.42
5652,29.7354,1866.47,26.36
5653,30.2001,1945.73,26.77
5654,29.1573,1957.8,27.73
5655,28.8823,1993.27,26.55
5656,28.3248,1978.93,26.54
5657,29.6849,1862.22,25.93
5658,28.0039,2020.32,23.95
5659,28.5235,1903.18,23.72
5660,27.5791,1897.15,24.68
5661,28.8214,1850.44,23.01
5662,30.0554,1915.13,23.34
5663,29.7067,1864.4,23.15
5664,29.9763,1940.68,22.83
5665,30.8006,1906.97,22.54
5666,30.7446,1955.72,23.12
5667,30.6342,1901.47,22.75
5668,30.0903,1892.38,23.72
5669,31.3435,1880.65,25.25
5670,30.6472,1926.72,24.96
5671,31.3545,1881.88,25.17
5672,31.6645,1977.49,26.2
5673,31.5241,1797.61,26.72
5674,31.6403,1876.2,26.1
5675,29.6272,2009.91,27.03
5676,30.1061,1966.77,26.19
5677,28.6744,1886.76,27.36
5678,29.5344,1889.01,26.12
5679,27.4622,1996.2,26.6
5680,29.0102,1988.98,26.39
5681,30.3246,2071.72,26.74
5682,28.6952,1911.4,25.15
5683,29.2014,1849.17,24.6
5684,30.1846,2017.47,23.37
5685,28.5856,1938.8,23.07
5686,29.31,1905.57,23.37
5687,28.9701,2017.24,23.46
5688,30.3126,2000.56,22.56
5689,28.8832,1964.97,22.15
5690,30.8217,1804.25,22.79
5691,29.545,1835.88,24.07
5692,30.1552,1994.75,23.43
5693,31.7462,1950.43,24.78
5694,32.616,1974.95,23.53
5695,30.839,2040.86,25.01
5696,30.3431,2022.53,26.72
5697,31.1734,2009.33,26.23
5698,30.5872,1921.19,26.7
5699,30.3752,1869.04,26.57
5700,29.8105,1981.22,26.64
5701,30.0436,2022.62,26.61
5702,30.759,2014.87,27.31
5703,30.7492,2004.35,26.87
5704,30.4504,1976.23,26.01
5705,29.1087,2030.89,25.69
5706,27.899,2113.77,25.51
5707,27.094,2064.2,24.06
5708,30.113,2160.63,24.09
5709,27.9553,2102.68,23.73
5710,29.9531,2061.16,23.3
5711,29.9252,1982.01,22.9
5712,30.0783,1991.55,22.51
5713,31.1798,2007.54,23.27
5714,30.8701,2053.67,23.43
5715,31.3047,2097.93,24.68
5716,31.9149,2083.86,24.63
5717,31.1626,2040.79,24.83
5718,31.2036,1992.18,24.87
5719,31.1636,2013.11,25.16
5720,30.1472,2020.19,26.13
5721,31.1079,2158.38,26.19
5722,29.5078,2113.43,27.36
5723,30.1774,2104.37,27.07
5724,30.7919,2157.6,26.39
5725,28.7648,2149.61,26.66
5726,28.9803,2056.79,26.24
5727,28.4356,2156.25,27.6
5728,28.4839,2037.53,26.26
5729,28.4404,2099.98,25.39
5730,27.9738,1973.22,24.97
5731,27.5383,2125.64,23.45
5732,27.9824,2178.03,23.7
5733,29.1021,2098.46,22.82
5734,27.9129,2182.66,23.34
5735,30.9386,2116.22,22.45
5736,29.8222,2160.94,22.8
5737,28.3145,2174.75,23.4
5738,31.2605,2219.09,22.51
5739,30.0681,2186.0,23.29
5740,30.9332,2100.57,23.67
5741,30.6914,2103.52,24.13
5742,30.7986,2182.54,24.88
5743,31.4358,2163.0,25.34
5744,32.9627,2096.64,25.93
5745,31.0982,2107.63,26.14
5746,30.2552,2265.46,26.26
5747,29.133,2095.96,27.05
5748,30.8011,2017.79,26.62
5749,30.3738,2200.81,27.46
5750,29.7359,2262.56,25.99
5751,28.1019,2117.52,25.44
5752,28.6768,2143.57,26.54
5753,29.5879,2101.78,25.98
5754,28.803,2216.59,24.24
5755,27.6507,2129.01,24.25
5756,28.4416,2033.49,24.09
5757,29.649,2085.51,24.09
5758,28.6634,2160.54,22.19
5759,29.068,2160.82,23.87
5760,30.77,2138.96,23.35
5761,29.787,2206.0,22.75
5762,32.3801,2135.82,23.33
5763,30.0102,2185.84,23.32
5764,31.2901,2201.0,23.93
5765,30.479,2117.32,25.01
5766,30.1959,2127.12,24.72
5767,33.1677,2143.89,25.73
5768,31.3014,2193.73,27.18
5769,30.9834,2021.97,26.22
5770,31.6384,2135.72,25.95
5771,30.6814,2147.23,26.27
5772,30.2085,2296.25,27.4
5773,30.6485,2104.19,26.32
5774,28.7164,2002.26,26.65
5775,29.0979,2121.69,26.55
5776,29.2847,1999.14,26.16
5777,29.535,2068.98,24.69
5778,28.1773,2155.45,25.35
5779,29.2485,2085.99,25.03
5780,27.3735,2140.16,23.54
5781,28.4739,2036.83,23.55
5782,30.9015,2115.71,24.35
5783,30.3556,2060.32,23.24
5784,30.4794,2038.72,22.9
5785,30.8145,2078.92,23.58
5786,30.6526,2080.99,22.06
5787,31.0507,2171.03,23.52
5788,32.1329,2068.21,24.52
5789,31.8892,2010.95,24.4
5790,31.22,2076.95,24.53
5791,31.6652,2048.9,25.16
5792,31.5319,2202.69,26.56
5793,31.1971,2082.22,26.67
5794,29.7707,2035.2,26.85
5795,30.492,1998.23,26.41
5796,30.4644,1952.74,26.32
5797,30.2854,2110.47,26.94
5798,30.1405,2100.07,27.16
5799,27.9366,1945.15,26.1
5800,27.6205,1934.56,25.41
5801,28.7801,2026.36,25.71
5802,27.8764,1975.76,25.51
5803,28.8195,2111.46,24.28
5804,28.6474,2064.94,24.21
5805,29.3253,1956.23,23.34
5806,29.5517,2007.0,22.91
5807,29.2551,1940.67,22.37
5808,29.6234,2137.16,22.87
5809,29.3915,1909.6,22.93
5810,30.9274,2018.86,23.68
5811,31.7941,2006.26,23.72
5812,31.3975,1946.83,23.37
5813,30.4191,1981.26,24.09
5814,31.3488,2024.46,24.93
5815,32.6018,1931.15,26.01
5816,32.2146,1996.34,25.8
5817,31.1566,1960.21,26.48
5818,31.1794,1895.53,26.92
5819,30.2473,1906.63,26.78
5820,29.6077,1941.2,26.79
5821,30.1347,2046.74,27.76
5822,29.0469,1970.4,26.62
5823,27.3159,1881.55,26.93
5824,29.4038,1895.51,27.06
5825,27.4406,1878.62,25.49
5826,28.3884,1877.44,25.12
5827,27.9057,1757.86,24.82
5828,29.5748,1951.72,24.11
5829,29.361,1857.48,23.95
5830,29.6152,1913.45,24.04
5831,29.7211,1960.11,23.53
5832,30.7542,1977.36,22.67
5833,30.0265,1927.88,23.4
5834,29.0773,1850.01,23.35
5835,30.7886,1953.69,22.87
5836,31.1863,1894.32,24.79
5837,30.8071,1894.82,23.98
5838,31.3185,1990.7,25.52
5839,29.7912,1854.94,26.17
5840,32.5627,1951.77,26.03
5841,30.9509,1944.2,25.9
5842,30.0199,1904.55,27.28
5843,29.5904,1898.45,27.27
5844,29.3284,1805.2,26.85
5845,29.5837,1921.73,27.19
5846,30.0957,1968.22,27.75
5847,28.48,1924.2,26.32
5848,27.9776,1901.31,26.36
5849,29.1311,1896.22,25.75
5850,28.6944,1972.31,24.46
5851,27.6206,1968.25,24.04
5852,28.8177,1913.58,24.36
5853,29.3528,1940.65,23.35
5854,28.1773,2002.19,24.52
5855,31.238,1846.35,23.19
5856,29.1342,2058.41,23.12
5857,29.6906,2042.15,22.63
5858,29.9448,1920.89,24.06
5859,29.8983,1949.34,23.96
5860,32.7878,1895.0,24.45
5861,31.8302,1933.17,24.1
5862,32.0818,2016.92,25.32
5863,31.5609,2038.04,26.12
5864,30.9219,1977.28,25.86
5865,30.1639,2015.19,26.35
5866,30.3848,1884.81,27.69
5867,28.9737,2020.45,26.8
5868,30.2098,1947.6,26.82
5869,28.1585,1966.85,25.93
5870,30.3388,1939.83,27.3
5871,27.5313,1909.75,26.27
5872,28.2177,2028.64,26.06
5873,27.9623,2079.46,24.33
5874,28.1175,2099.57,25.29
5875,28.959,2090.74,23.85
5876,27.8,2124.12,24.19
5877,28.4041,2016.63,23.65
5878,31.3775,1987.49,23.3
5879,29.5878,2080.15,22.23
5880,30.1127,1965.47,22.77
5881,30.3524,2046.9,23.07
5882,31.6647,2101.24,23.6
5883,30.3651,2146.81,23.19
5884,31.9548,2002.24,24.34
5885,32.233,1976.19,24.69
5886,31.0037,2057.54,24.77
5887,32.1953,2056.37,25.34
5888,30.3102,2155.17,25.03
5889,30.9147,1940.38,26.74
5890,31.2823,2172.79,26.51
5891,30.4701,2164.63,26.3
5892,30.3073,2212.94,26.65
5893,29.4616,2145.93,27.02
5894,29.424,2074.1,26.19
5895,29.1899,2028.68,26.43
5896,28.6217,2049.3,25.51
5897,28.8162,2064.41,25.46
5898,28.5606,2067.85,25.89
5899,28.6853,2169.78,24.56
5900,28.6649,2061.82,24.03
5901,29.1273,2149.63,22.93
5902,28.1492,2168.41,22.86
5903,29.8867,2094.15,23.48
5904,30.7218,2249.04,23.01
5905,29.7619,2240.08,22.87
5906,32.1956,2071.04,24.2
5907,31.2624,2088.44,23.6
5908,29.1836,2157.48,24.06
5909,30.8188,2176.97,24.16
5910,31.2995,2073.88,25.01
5911,31.3827,2042.17,25.25
5912,32.1412,2170.82,25.74
5913,30.3548,2147.89,26.59
5914,31.0477,2215.31,26.78
5915,28.8891,2104.37,25.69
5916,29.6344,2212.82,27.1
5917,29.6905,2039.34,27.01
5918,28.8459,2103.92,26.4
5919,29.4704,2134.66,26.26
5920,28.5753,2150.59,26.97
5921,27.4091,2246.37,26.32
5922,27.6833,2217.05,25.69
5923,28.1955,2154.46,24.28
5924,28.602,2150.55,23.99
5925,27.8895,2173.41,23.62
5926,30.0655,2108.86,24.23
5927,30.1744,2122.75,23.76
5928,29.7322,2111.06,22.8
5929,31.4444,2153.9,23.5
5930,31.947,2209.28,22.76
5931,30.2419,2115.45,24.05
5932,32.2575,2070.05,24.02
5933,33.4727,2073.34,24.2
5934,30.8781,2110.57,24.99
5935,30.7232,2221.72,24.48
5936,31.1444,2229.45,26.61
5937,30.3161,2182.64,27.17
5938,30.071,2097.23,26.72
5939,29.8068,2104.41,26.94
5940,30.0448,2135.83,27.81
5941,30.4535,2165.6,25.94
5942,28.3845,2024.45,26.39
5943,29.1082,2117.25,26.16
5944,29.3875,2026.71,26.1
5945,29.6457,2130.26,24.66
5946,28.3725,2090.08,25.51
5947,28.3645,2104.29,24.65
5948,28.708,2043.13,24.05
5949,28.0438,2106.75,23.35
5950,29.0493,2104.35,21.94
5951,28.7314,2079.44,23.02
5952,29.625,2156.58,23.07
5953,30.2871,2071.37,23.39
5954,30.689,2063.63,23.46
5955,31.9937,2153.65,24.31
5956,30.7147,2059.27,24.03
5957,32.0418,2121.45,24.2
5958,30.148,2015.41,24.99
5959,30.9883,2113.77,26.14
5960,32.2961,2016.93,26.14
5961,31.3292,1997.32,26.77
5962,32.0164,2226.56,26.91
5963,30.8397,1921.95,26.6
5964,29.6265,2040.33,27.36
5965,28.4068,1988.13,26.21
5966,29.5475,1975.16,26.45
5967,27.5879,2013.92,27.02
5968,28.0998,2021.07,26.2
5969,28.8834,2093.05,25.17
5970,27.908,1997.09,25.02
5971,27.8988,2096.42,25.2
5972,29.4536,2075.46,24.77
5973,27.7389,1996.85,23.9
5974,29.0411,2063.93,23.75
5975,30.0747,1989.11,22.93
5976,30.9153,2033.15,22.68
5977,29.9874,1937.14,22.54
5978,32.4391,1966.64,23.49
5979,30.814,2029.23,23.5
5980,32.4451,1953.51,23.98
5981,33.0189,2005.47,25.73
5982,32.0452,1890.86,25.11
5983,31.5193,2007.05,24.68
5984,31.028,2026.06,25.63
5985,32.0308,1892.13,25.97
5986,29.938,1949.01,26.11
5987,30.68,1934.99,26.55
5988,30.2422,1842.43,27.25
5989,28.9604,2029.82,26.75
5990,29.0605,1859.79,26.51
5991,29.3161,1988.93,26.88
5992,29.0143,1878.25,25.92
5993,28.2558,2057.07,25.95
5994,28.4565,1953.58,26.09
5995,25.7808,1981.18,24.36
5996,30.4477,1936.01,24.19
5997,30.5875,1976.49,24.15
5998,29.6475,1945.82,24.63
5999,31.1428,1954.93,22.71
6000,30.7892,1946.84,23.5
6001,30.993,1890.47,23.33
6002,31.4967,1920.33,23.4
6003,31.1209,1802.33,22.95
6004,31.7927,1904.73,23.08
6005,32.3416,1966.23,24.71
6006,31.1658,1928.41,25.32
6007,31.1413,1933.33,26.21
6008,31.6406,1978.59,25.54
6009,30.2205,1935.57,26.45
6010,29.5936,1903.97,26.03
6011,29.8461,1884.87,27.32
6012,30.3858,1972.69,27.59
6013,29.5315,1985.56,27.22
6014,28.9228,1867.39,26.41
6015,30.2245,1903.94,26.77
6016,28.6766,1753.44,25.86
6017,28.9219,1892.97,25.27
6018,27.7768,1922.21,24.75
6019,28.3737,1953.16,24.89
6020,29.1302,1948.23,24.28
6021,29.9073,1827.95,23.13
6022,29.1548,1992.98,23.05
6023,29.1063,1852.95,23.57
6024,30.8732,2009.32,22.8
6025,30.979,1906.56,22.89
6026,33.1336,1923.02,23.77
6027,29.892,1894.41,23.71
6028,31.6256,1954.55,23.53
6029,32.6283,1987.79,24.31
6030,32.9909,1964.02,25.51
6031,31.0671,1949.61,25.88
6032,32.787,2073.83,26.6
6033,32.9339,1989.68,26.29
6034,30.6672,2059.14,26.22
6035,31.6858,1880.51,26.53
6036,31.2999,2106.3,26.58
6037,30.854,2085.66,27.22
6038,27.8995,1962.13,27.05
6039,28.6038,2050.63,26.44
6040,29.2616,2026.36,25.86
6041,27.9948,1903.49,25.67
6042,27.6831,2033.4,24.07
6043,29.4887,1956.22,25.16
6044,28.636,1865.64,23.6
6045,28.8075,2041.44,24.53
6046,30.1402,2005.83,22.92
6047,30.3496,1985.39,22.58
6048,28.3936,2066.87,23.74
6049,30.0778,2004.66,22.5
6050,31.3474,2116.53,23.6
6051,30.5193,1917.04,24.43
6052,32.0281,2090.47,24.56
6053,32.439,2060.97,25.05
6054,31.6336,2044.94,24.15
6055,32.242,1972.37,25.46
6056,31.5601,1995.07,26.05
6057,31.1894,2075.16,26.25
6058,30.5638,2058.26,26.54
6059,29.6781,2145.01,26.69
6060,29.923,2061.8,26.57
6061,29.4589,2101.78,27.88
6062,30.1308,2083.04,26.66
6063,27.6394,2100.33,25.76
6064,29.0912,2167.76,25.34
6065,27.6285,2152.37,26.13
6066,26.6616,2251.32,24.57
6067,27.6535,2130.98,24.41
6068,28.5556,2117.04,23.48
6069,29.2427,2087.44,23.7
6070,29.4432,2232.92,23.0
6071,30.3231,2120.54,22.77
6072,28.9586,2118.73,22.67
6073,30.7145,2174.98,23.39
6074,30.6356,2207.73,23.49
6075,32.1667,2137.22,23.58
6076,30.2889,2171.44,24.02
6077,30.6716,2067.89,24.16
6078,30.8906,2162.66,24.44
6079,31.9822,2165.85,25.41
6080,30.4145,2146.02,25.9
6081,31.1018,2111.39,27.05
6082,29.4646,2044.03,26.52
6083,28.7488,2150.75,26.76
6084,29.2021,2162.96,27.1
6085,28.4763,2137.32,27.5
6086,30.3018,2185.73,26.38
6087,28.3819,2129.44,25.94
6088,28.4551,2044.11,26.12
6089,28.8163,2226.98,25.55
6090,29.2317,2160.08,24.8
6091,28.6947,2159.71,24.36
6092,29.4967,2099.61,24.49
6093,29.4739,2227.03,23.18
6094,28.1857,2220.98,24.53
6095,29.8299,2232.05,23.36
6096,29.9915,2200.94,22.99
6097,29.8086,2252.34,21.67
6098,31.1597,2071.76,23.4
6099,31.4156,2168.76,22.87
6100,30.8709,2120.24,24.23
6101,31.1679,2177.34,24.16
6102,30.7058,2081.69,24.85
6103,32.0801,2196.02,25.52
6104,29.4217,2128.86,26.69
6105,30.7628,2088.56,26.38
6106,31.8619,2151.12,27.11
6107,31.1545,2131.95,26.67
6108,31.117,2128.81,27.81
6109,28.3916,2119.38,26.24
6110,30.5081,2027.35,26.95
6111,27.5465,2173.93,26.63
6112,28.9476,2170.08,25.68
6113,27.1413,2143.08,24.91
6114,28.8049,2165.37,24.58
6115,28.7942,2127.0,23.62
6116,28.8393,2092.57,23.66
6117,27.5213,2054.33,23.61
6118,29.4454,2085.26,24.19
6119,28.8796,2004.47,22.9
6120,30.1455,2062.33,22.87
6121,28.2512,2115.83,22.6
6122,29.937,2090.03,23.28
6123,30.7357,2077.15,23.35
6124,31.8138,2069.38,23.77
6125,30.3611,1981.7,24.93
6126,32.4802,2028.32,24.64
6127,32.4675,2090.22,25.61
6128,32.0973,2060.02,25.63
6129,30.7364,2050.7,26.37
6130,30.1325,2055.6,26.45
6131,31.2784,2043.37,27.12
6132,31.1469,1881.15,27.41
6133,29.7132,1983.53,26.95
6134,26.8451,2034.57,26.96
6135,29.9929,2109.58,25.85
6136,28.9986,2042.66,26.32
6137,28.1754,2039.86,25.41
6138,29.5279,1918.59,25.28
6139,27.4666,2050.0,24.8
6140,28.774,1937.51,23.93
6141,28.1518,1963.82,24.4
6142,29.2029,2046.32,23.95
6143,29.0397,2056.92,23.47
6144,31.7788,1998.28,23.25
6145,29.614,1858.88,23.14
6146,30.5506,1960.35,23.21
6147,31.2051,1988.89,23.16
6148,30.4024,2008.55,23.61
6149,31.5477,1968.85,24.33
6150,30.3186,2008.94,24.72
6151,32.2914,1995.08,25.49
6152,31.3945,2022.24,26.32
6153,29.9676,1880.19,26.63
6154,30.6618,1926.86,26.25
6155,30.6341,1951.01,27.48
6156,29.9755,1948.75,26.81
6157,29.9661,1922.45,27.07
6158,29.0934,1918.8,26.69
6159,30.077,1915.99,26.45
6160,27.6551,1934.79,25.6
6161,28.2778,1954.12,26.18
6162,28.7629,1933.73,24.49
6163,27.3638,1925.33,23.86
6164,27.5403,2044.37,24.59
6165,28.1486,1872.79,23.79
6166,29.9856,1949.79,23.09
6167,29.668,1857.97,22.48
6168,29.8017,1880.11,23.17
6169,29.4244,1790.72,22.96
6170,31.6795,1880.21,22.17
6171,31.3284,1883.52,24.27
6172,30.9217,1870.62,24.41
6173,30.9154,1934.33,24.84
6174,32.4149,1987.47,24.9
6175,31.3582,1898.86,25.65
6176,31.2095,1942.46,26.17
6177,32.7503,1993.43,26.54
6178,31.2134,1964.9,26.26
6179,30.4212,1976.7,26.95
6180,30.7971,1923.98,26.91
6181,29.6331,1906.0,27.04
6182,29.2984,1949.59,26.65
6183,28.5662,1934.0,26.89
6184,30.5859,1862.12,27.12
6185,30.2915,1951.0,25.88
6186,27.5344,1946.53,25.79
6187,28.9756,1908.08,24.41
6188,28.3154,1879.51,24.37
6189,27.7217,1977.22,24.21
6190,30.4253,2039.88,24.15
6191,28.6171,1993.21,23.07
6192,31.3056,1969.14,22.59
6193,27.9742,1952.92,22.76
6194,30.2885,1944.63,23.03
6195,28.9843,1960.84,23.45
6196,32.4499,1926.07,23.33
6197,30.6674,1908.98,24.27
6198,31.7794,2027.85,24.99
6199,31.0496,2017.95,25.57
6200,31.2748,1862.8,25.51
6201,30.8935,2056.22,26.89
6202,29.5209,2011.37,26.81
6203,30.2902,1996.76,26.74
6204,31.3089,2004.82,27.71
6205,28.9179,1939.17,26.9
6206,28.8724,1976.1,26.8
6207,29.2951,1929.09,27.21
6208,28.133,1965.33,26.03
6209,28.3842,1919.09,26.28
6210,28.591,2000.75,24.77
6211,29.1142,2025.66,24.89
6212,27.5384,1930.82,24.46
6213,27.9468,2110.4,23.85
6214,29.3584,1977.49,22.83
6215,30.1275,1978.31,22.32
6216,30.0436,2077.5,23.6
6217,30.9713,2084.14,22.92
6218,29.84,2013.1,22.48
6219,30.9285,1971.62,24.83
6220,31.1042,2015.76,25.18
6221,31.0609,2081.25,25.04
6222,30.8206,2098.25,24.93
6223,31.4462,2157.01,25.77
6224,31.9236,2037.55,26.0
6225,31.4596,2077.15,26.99
6226,29.6033,2029.0,26.84
6227,30.0754,2072.07,26.73
6228,29.6602,2104.2,26.9
6229,28.9093,2111.15,26.52
6230,28.9225,2137.76,26.68
6231,27.9613,2123.91,26.98
6232,28.2688,2138.79,26.22
6233,29.0104,2173.27,25.74
6234,29.0566,2141.87,24.84
6235,28.4245,2064.61,24.04
6236,28.5889,2046.29,23.69
6237,29.0273,2159.81,23.37
6238,28.978,2183.72,23.7
6239,31.5411,2050.48,23.46
6240,29.8867,2202.86,23.24
6241,29.7341,2153.71,23.79
6242,31.3301,2106.58,23.25
6243,30.6035,2151.68,23.42
6244,31.5166,2076.57,23.69
6245,30.6317,2072.52,23.92
6246,30.3016,2190.11,25.26
6247,31.8885,2163.68,26.02
6248,29.2701,2106.98,25.87
6249,30.9108,2176.36,26.88
6250,30.3195,2203.54,27.18
6251,30.969,2165.57,27.54
6252,29.8908,2160.32,26.55
6253,30.01,2162.05,26.76
6254,30.1374,2167.39,26.79
6255,28.6691,2081.11,25.68
6256,28.0277,2193.26,26.44
6257,28.8616,2113.49,25.87
6258,28.1516,2139.12,25.13
6259,29.0573,2086.39,24.71
6260,29.2625,2148.16,24.01
6261,28.9519,2073.14,22.07
6262,28.6248,2168.1,23.77
6263,29.5628,2040.55,23.13
6264,30.4454,2153.01,22.08
6265,30.2987,2267.69,22.71
6266,30.0572,2111.3,24.17
6267,31.4921,2187.3,23.19
6268,32.867,2071.6,23.47
6269,31.8452,2187.68,25.26
6270,31.4751,2115.38,24.57
6271,32.3622,2184.6,25.48
6272,31.5437,2136.23,25.84
6273,30.2672,2144.07,25.82
6274,32.2268,2016.56,26.19
6275,30.3085,2161.09,26.42
6276,28.7712,2101.64,27.37
6277,30.2013,2145.64,27.02
6278,28.5871,2087.88,26.7
6279,28.8782,2106.12,26.52
6280,29.108,2064.2,25.94
6281,28.4461,2134.15,25.13
6282,27.6926,2100.33,25.33
6283,29.0297,2119.01,23.95
6284,28.5779,2137.86,23.9
6285,29.069,2083.82,23.3
6286,29.221,2156.64,22.06
6287,29.5197,2085.37,22.46
6288,30.9847,2126.59,23.29
6289,31.304,2102.92,22.88
6290,29.477,2086.26,23.69
6291,30.6557,2149.55,23.41
6292,31.6305,2061.68,23.97
6293,30.3864,2076.27,23.92
6294,31.6404,2051.92,24.26
6295,31.7926,2115.16,24.28
6296,33.3367,2139.7,25.98
6297,31.6274,2016.35,26.39
6298,30.6545,1999.82,26.74
6299,29.6489,2014.67,25.56
6300,30.8167,2091.84,26.88
6301,30.08,2022.65,26.61
6302,27.8523,2003.88,26.36
6303,29.6473,2029.87,26.51
6304,28.5643,2086.35,26.61
6305,29.9729,2034.37,25.35
6306,28.3,2003.73,24.23
6307,28.6668,2085.51,24.27
6308,28.5834,2008.32,24.01
6309,29.37,2014.59,23.54
6310,28.444,2142.94,23.64
6311,29.1423,2017.01,22.91
6312,29.6558,2098.76,22.95
6313,28.8646,1963.3,23.38
6314,31.5678,1944.34,23.71
6315,29.8503,1950.32,24.73
6316,31.7321,1977.06,23.9
6317,30.3288,1969.64,24.1
6318,32.8339,2030.21,25.84
6319,30.9773,1937.5,25.77
6320,30.8565,1964.38,25.2
6321,31.326,1838.38,25.88
6322,31.4996,1903.7,26.53
6323,30.8921,2042.74,26.73
6324,30.2462,1957.39,26.74
6325,30.9377,1916.24,27.03
6326,31.0039,2037.12,26.13
6327,28.3763,1852.19,26.31
6328,28.3882,1875.59,24.95
6329,29.9481,1975.3,25.61
6330,29.721,1844.56,24.34
6331,27.4492,1984.79,23.99
6332,28.4308,1871.85,23.89
6333,29.3182,1823.25,22.55
6334,28.6381,2004.52,22.85
6335,29.659,1938.31,22.67
6336,29.953,2041.96,22.7
6337,29.2694,1943.39,22.32
6338,31.4752,1880.5,23.03
6339,32.1462,1811.55,23.51
6340,30.3334,1978.67,24.04
6341,29.6179,1950.46,24.82
6342,31.6851,1948.6,25.07
6343,32.5483,1801.12,25.82
6344,31.6072,1892.22,26.02
6345,30.508,1777.63,26.29
6346,30.1331,1925.06,26.2
6347,29.8707,1940.75,27.34
6348,28.6952,1848.12,27.68
6349,29.6243,1982.13,26.66
6350,30.8942,1937.11,26.95
6351,31.2066,1951.12,26.68
6352,28.9939,1912.93,26.24
6353,28.7407,1962.76,26.05
6354,28.7585,1931.72,25.51
6355,27.8754,1955.06,24.71
6356,29.5074,1928.19,24.45
6357,28.6404,1900.64,22.98
6358,29.1392,1969.58,24.06
6359,28.4275,2019.72,23.14
6360,30.8318,1870.75,23.76
6361,30.8747,1963.6,22.85
6362,29.8422,1967.14,22.66
6363,31.2967,1943.94,23.63
6364,30.5749,2048.87,24.16
6365,30.7763,1950.42,25.22
6366,30.8083,1896.97,25.15
6367,32.2939,1953.72,26.22
6368,31.1277,1951.24,26.25
6369,30.909,2051.71,26.25
6370,31.3011,2069.21,26.07
6371,30.7117,2097.58,26.94
6372,29.4336,1930.76,27.34
6373,28.7032,1969.55,26.17
6374,30.0029,1914.16,27.35
6375,27.8576,2016.9,26.09
6376,30.4583,1934.42,26.14
6377,27.906,1893.42,25.87
6378,28.2735,1929.6,25.04
6379,27.914,1992.53,24.82
6380,28.2775,1997.35,23.47
6381,27.6509,2017.71,24.22
6382,29.7797,2115.89,23.29
6383,30.1795,2073.82,22.59
6384,30.3608,2043.51,22.57
6385,30.3967,2088.38,21.81
6386,29.7408,2021.17,23.5
6387,31.2703,1999.72,22.81
6388,32.9141,2053.0,23.24
6389,32.2644,2074.49,24.44
6390,30.7019,2061.13,24.84
6391,31.5283,2107.43,25.77
6392,31.3474,2074.55,26.16
6393,31.1699,2077.71,26.1
6394,30.7823,2085.82,27.51
6395,30.5257,2038.83,25.59
6396,29.3572,2103.13,26.28
6397,29.7859,1988.65,26.88
6398,29.749,2163.8,26.57
6399,29.6112,2181.6,26.04
6400,27.6864,2085.25,25.62
6401,28.2268,2175.93,24.57
6402,29.1144,2125.17,25.4
6403,30.6813,2119.2,24.44
6404,27.2512,2142.88,23.07
6405,29.0445,2034.41,23.6
6406,29.1497,2064.25,23.16
6407,29.3365,2119.48,22.85
6408,28.7499,2053.98,22.43
6409,29.8172,2212.81,22.95
6410,31.0346,2162.52,22.66
6411,32.7358,2203.35,24.16
6412,31.3662,2088.69,24.28
6413,30.8638,2231.22,23.85
6414,32.5408,2124.48,24.98
6415,32.4647,2092.06,26.13
6416,30.7851,2131.1,24.73
6417,29.4417,2163.16,26.72
6418,31.3929,2038.66,27.09
6419,30.7748,2168.59,26.92
6420,28.289,2214.62,25.91
6421,29.3075,2183.95,27.4
6422,28.8744,2178.25,27.37
6423,28.9673,2169.39,25.73
6424,28.862,2214.11,26.35
6425,27.894,2192.65,26.03
6426,28.6889,2162.32,25.48
6427,26.8503,2233.27,24.04
6428,31.2603,2245.89,23.74
6429,29.644,2186.56,21.93
6430,27.6895,2128.89,23.0
6431,30.0238,2122.96,22.18
6432,30.2013,2213.28,22.59
6433,30.5709,2146.34,23.27
6434,31.194,2211.44,22.9
6435,30.7562,2116.24,23.62
6436,31.4692,2143.63,24.04
6437,32.06,2179.5,24.97
6438,31.5379,2145.05,25.94
6439,31.5158,2137.88,26.27
6440,31.7333,2089.66,26.31
6441,31.9569,2201.09,26.73
6442,30.0404,2195.46,27.27
6443,30.9121,2190.94,27.03
6444,30.1018,2253.71,26.87
6445,29.3492,2155.79,27.48
6446,28.5,2106.67,27.16
6447,27.8864,2117.29,26.24
6448,29.7343,2214.86,26.45
6449,28.9439,2138.13,25.82
6450,28.5097,2075.79,24.61
6451,29.8322,2150.56,24.12
6452,29.4214,2086.31,23.24
6453,29.2481,2011.48,23.61
6454,29.3986,2141.36,23.19
6455,31.6277,2055.06,21.64
6456,29.1272,2202.42,22.65
6457,30.0004,2178.58,22.82
6458,30.3623,2080.91,23.66
6459,30.9311,1996.82,23.89
6460,33.131,2140.62,23.64
6461,30.9868,2225.16,23.39
6462,30.6219,1998.63,24.36
6463,31.228,2035.82,25.87
6464,32.1657,2143.75,25.76
6465,30.3522,2070.05,25.98
6466,32.0141,2127.79,26.52
6467,31.0201,2120.44,27.06
6468,30.0955,2073.72,26.81
6469,30.9401,2025.03,27.67
6470,29.6343,2007.48,27.02
6471,28.1742,2083.82,26.97
6472,28.239,2093.07,25.78
6473,28.5592,2018.31,26.44
6474,29.4499,2003.85,24.55
6475,27.9717,1896.69,23.39
6476,29.113,2042.24,23.78
6477,27.7046,2056.22,23.52
6478,29.7354,2090.98,22.38
6479,29.0132,1984.99,23.43
6480,30.6961,2024.12,23.69
6481,31.2063,1996.29,23.02
6482,30.6738,1967.43,24.07
6483,32.3697,1903.13,23.54
6484,32.2919,2010.07,23.13
6485,29.6551,2012.28,25.11
6486,30.8788,2037.23,25.83
6487,30.2133,1991.87,25.07
6488,31.7802,1798.92,25.79
6489,30.891,1900.26,26.91
6490,30.4968,1926.71,27.03
6491,30.3907,1973.12,26.2
6492,30.3038,1965.45,26.64
6493,28.9768,1919.74,26.77
6494,30.6816,1921.83,26.4
6495,28.8807,1891.62,26.49
6496,29.1621,1900.78,26.13
6497,29.1443,1944.37,24.98
6498,27.6439,1974.24,25.07
6499,28.9725,1841.2,24.28
6500,28.9334,1980.74,23.46
6501,28.5909,1909.01,23.52
6502,28.808,1857.89,23.16
6503,31.1362,1898.39,22.07
6504,30.3068,1964.54,23.94
6505,31.1012,1905.59,22.96
6506,30.7322,1941.09,23.82
6507,31.5978,1817.77,23.72
6508,31.0605,1928.95,24.69
6509,33.0326,1975.52,23.59
6510,32.1898,1991.82,24.78
6511,31.3265,1928.13,25.87
6512,30.8487,1889.69,26.78
6513,30.6426,1877.08,26.15
6514,30.0065,1928.64,26.75
6515,29.9988,1942.94,27.9
6516,29.6592,1912.13,27.08
6517,29.6556,1959.78,26.24
6518,30.0901,1927.03,26.31
6519,28.2791,1909.03,26.42
6520,27.9853,1980.42,26.14
6521,29.12,1898.52,25.55
6522,28.4236,1958.37,26.09
6523,30.5485,1912.42,25.34
6524,30.3445,1998.78,23.7
6525,30.0208,1861.8,22.52
6526,30.4941,1924.45,22.29
6527,29.414,1925.96,22.89
6528,29.7103,1879.35,22.51
6529,29.6187,2053.42,23.66
6530,31.2128,1925.9,23.18
6531,31.9974,1939.66,23.36
6532,31.8411,1987.44,23.91
6533,31.446,1963.37,24.86
6534,32.3735,1990.45,23.76
6535,31.2108,2021.8,25.26
6536,30.8202,1932.74,25.97
6537,31.4318,2049.82,26.57
6538,30.988,2019.27,26.46
6539,32.1623,2022.1,26.36
6540,30.115,2027.92,27.16
6541,31.2465,2029.47,26.0
6542,28.4088,1931.43,27.2
6543,28.4113,2154.92,25.89
6544,28.3194,1967.72,25.21
6545,27.1635,1940.03,25.4
6546,27.9484,2025.37,25.2
6547,27.8919,1941.87,23.97
6548,28.504,2050.63,24.44
6549,28.7459,1972.83,23.28
6550,29.0995,2192.65,23.26
6551,28.8079,2080.4,22.46
6552,31.6056,2076.52,23.13
6553,30.9905,2064.07,22.87
6554,29.9919,2137.56,23.75
6555,31.9182,2070.46,23.52
6556,31.9111,1986.59,23.44
6557,31.2409,2015.68,25.11
6558,31.508,2071.47,24.44
6559,31.4286,1989.47,25.54
6560,31.1853,2180.47,25.42
6561,31.2619,2082.49,26.0
6562,31.0665,2023.04,26.38
6563,30.6856,2219.71,27.49
6564,29.0901,2116.7,26.59
6565,28.2508,2138.37,26.13
6566,29.4194,2015.92,26.95
6567,29.213,2052.75,26.4
6568,27.7774,2097.26,25.88
6569,28.702,2110.74,25.66
6570,27.8642,2141.88,25.01
6571,28.6483,2145.13,25.11
6572,29.4092,2276.87,24.56
6573,29.3417,2080.26,22.63
6574,28.7288,2158.99,22.94
6575,29.2574,2107.38,22.93
6576,30.0715,2081.55,23.58
6577,30.2533,2213.73,23.28
6578,29.6431,2040.26,23.66
6579,30.3254,2122.42,23.73
6580,30.8019,2130.24,23.47
6581,30.2257,2143.53,23.8
6582,31.8044,2130.3,23.79
6583,30.9844,2273.25,26.59
6584,31.7071,2140.87,26.0
6585,32.528,2134.2,26.62
6586,31.1757,2160.94,25.96
6587,30.7581,2151.87,26.7
6588,29.6532,2160.89,27.07
6589,29.9123,2188.57,25.81
6590,29.0106,2171.17,26.73
6591,28.2539,2118.93,25.29
6592,29.906,2108.16,26.06
6593,28.3309,2202.81,25.45
6594,28.1743,2096.3,24.68
6595,28.2949,2180.7,24.56
6596,28.2821,2167.79,23.98
6597,28.1531,2191.84,23.4
6598,29.7543,2133.71,22.62
6599,29.6763,2078.51,23.14
6600,29.7709,2122.66,22.69
6601,31.1444,2228.68,23.23
6602,30.7469,2082.49,23.32
6603,30.7216,2120.41,23.56
6604,30.7235,2165.73,24.33
6605,29.8556,2190.23,25.14
6606,31.7937,2040.91,25.78
6607,31.9796,2230.56,25.94
6608,31.7292,2120.73,24.98
6609,31.136,2192.77,26.29
6610,31.0683,2188.11,26.83
6611,30.4945,2092.77,26.94
6612,30.2268,2011.24,26.29
6613,28.5073,2079.74,26.84
6614,29.8844,2215.18,26.99
6615,28.9319,2208.21,25.92
6616,29.3488,2076.01,25.44
6617,26.8857,2192.52,25.57
6618,29.1917,2092.32,25.51
6619,28.9066,2142.01,24.18
6620,28.1934,2069.8,23.84
6621,28.1196,2099.23,23.55
6622,28.1717,2047.12,23.06
6623,30.5629,2161.78,23.1
6624,29.9831,2158.32,23.49
6625,30.6457,1995.53,23.02
6626,31.472,2220.71,23.14
6627,30.226,2048.04,23.68
6628,30.9221,2075.04,24.53
6629,31.4012,2037.02,24.68
6630,31.7858,2070.1,24.64
6631,31.2537,2068.05,25.78
6632,30.9192,2000.3,25.68
6633,30.9582,2149.59,25.64
6634,30.1058,2061.55,27.95
6635,30.8713,2026.27,26.17
6636,29.4391,2100.34,27.74
6637,28.8625,2048.68,27.19
6638,27.9452,2074.19,26.22
6639,28.3524,2061.42,26.92
6640,29.0044,1998.4,25.15
6641,29.2443,1928.45,26.65
6642,28.2175,2035.82,25.64
6643,29.3975,2001.39,23.79
6644,28.4295,1973.69,24.24
6645,28.3789,1860.19,24.07
6646,29.9449,1977.03,23.41
6647,29.8426,1933.15,22.88
6648,29.2979,2029.65,23.08
6649,29.9985,1943.17,23.32
6650,30.8886,2028.89,24.04
6651,31.0557,1944.27,24.3
6652,32.5273,1981.53,24.33
6653,32.8819,1967.52,24.29
6654,30.5505,1814.89,24.34
6655,30.5702,1994.31,25.65
6656,32.0467,1988.78,26.3
6657,31.9266,1971.21,25.87
6658,31.282,2092.44,26.68
6659,30.9058,1922.5,26.16
6660,29.6901,1922.7,27.21
6661,29.8498,1825.3,27.54
6662,29.0965,1970.61,26.74
6663,29.2031,1975.5,26.71
6664,29.4815,1903.94,26.33
6665,28.0657,1968.81,24.87
6666,27.9416,1968.81,25.15
6667,28.4572,1939.5,23.84
6668,28.2839,1893.83,24.6
6669,28.4276,1966.75,22.79
6670,28.4596,1927.51,23.94
6671,29.4722,1852.07,24.45
6672,30.2535,2060.13,22.88
6673,30.3828,1916.82,23.05
6674,28.9479,2044.1,23.39
6675,30.8076,1959.41,23.67
6676,32.2865,1889.7,24.39
6677,31.6701,1928.77,23.83
6678,30.8883,1813.98,25.56
6679,32.0867,1943.16,25.24
6680,31.0399,1885.56,25.39
6681,30.887,1897.98,25.97
6682,30.9028,1891.08,26.7
6683,30.2626,1822.9,26.33
6684,31.1404,1984.59,28.03
6685,29.2592,1778.35,26.93
6686,28.1542,1888.97,27.07
6687,26.8507,1895.55,26.4
6688,28.5648,1821.86,25.87
6689,29.3185,1762.48,25.64
6690,28.9205,1941.47,25.09
6691,28.2962,1886.52,23.25
6692,28.1781,1899.3,24.32
6693,27.9866,1974.26,24.3
6694,28.299,1906.78,23.34
6695,29.9792,1929.21,23.13
6696,30.439,1915.7,22.95
6697,30.6385,1962.26,23.52
6698,31.7876,1987.28,24.06
6699,31.3952,1966.23,23.39
6700,31.1135,1876.75,24.6
6701,31.2069,1919.79,24.25
6702,31.3309,2068.2,24.47
6703,31.236,1837.7,24.78
6704,32.5564,1958.76,25.88
6705,31.672,2033.45,26.35
6706,29.104,1960.16,26.64
6707,31.0053,1912.53,26.53
6708,30.2851,1982.79,27.14
6709,28.9214,1963.35,26.73
6710,28.8529,1999.81,26.23
6711,29.075,1998.4,26.42
6712,28.6109,2037.81,26.09
6713,28.7462,2023.75,25.92
6714,28.8178,2012.78,24.33
6715,28.3335,1933.89,24.44
6716,28.5209,1981.31,24.06
6717,30.087,1996.59,23.33
6718,28.3671,2093.68,22.68
6719,30.6047,1994.25,23.59
6720,30.5985,2094.73,22.12
6721,30.0686,2025.92,22.97
6722,32.9453,1945.68,23.29
6723,31.6649,2000.12,24.29
6724,30.1701,2125.96,23.96
6725,31.7254,2084.57,24.35
6726,32.5587,2049.85,26.02
6727,31.5954,2018.84,25.08
6728,31.7632,2082.88,26.47
6729,31.1126,2010.25,25.96
6730,31.1215,2125.98,26.19
6731,31.9511,2133.56,27.68
6732,30.252,2084.97,27.16
6733,28.4052,2102.94,27.44
6734,30.701,2134.9,26.27
6735,29.2429,2126.57,26.05
6736,27.3856,2128.99,27.34
6737,29.1412,2114.13,25.53
6738,27.6003,2153.46,24.56
6739,30.0488,2116.69,23.92
6740,28.6882,2109.83,23.83
6741,29.1227,2302.98,23.68
6742,27.984,2054.58,24.33
6743,29.9728,2057.69,22.37
6744,29.3594,2143.64,21.5
6745,29.1778,2100.15,22.88
6746,30.9235,2079.48,23.62
6747,31.4564,2246.49,23.27
6748,30.7793,2144.82,24.53
6749,30.6879,2065.85,23.95
6750,31.228,2130.4,24.99
6751,33.4919,2115.39,26.52
6752,31.8442,2173.76,26.18
6753,29.4754,2082.66,27.2
6754,31.5598,2130.32,26.79
6755,30.8833,2191.46,26.55
6756,30.4551,2082.2,27.51
6757,30.9718,2012.75,27.42
6758,30.2132,2278.27,26.58
6759,28.5355,2035.32,26.92
6760,28.8852,2158.42,25.32
6761,27.7466,2151.36,25.76
6762,28.7568,2162.78,25.05
6763,27.4128,2255.41,23.69
6764,29.9417,2181.92,24.6
6765,28.2502,2080.69,23.91
6766,28.7987,2147.25,23.92
6767,28.8671,2192.15,23.57
6768,31.3063,2221.39,22.36
6769,29.9811,2028.73,22.78
6770,30.699,2201.12,22.48
6771,32.9261,2100.22,24.16
6772,32.2471,2117.97,23.46
6773,32.0682,2173.73,25.09
6774,30.3937,2235.62,25.19
6775,30.3642,2079.74,25.99
6776,31.4864,2022.49,26.99
6777,31.1923,2102.52,26.67
6778,29.775,2191.54,27.15
6779,30.4112,2061.49,27.03
6780,29.2242,2213.2,26.84
6781,29.5312,2228.03,26.67
6782,29.7216,2199.03,27.44
6783,28.2368,2125.88,26.45
6784,28.8512,2194.14,26.03
6785,27.4616,2195.12,24.92
6786,27.9232,2057.87,24.89
6787,28.2072,2110.28,24.06
6788,27.8596,1988.78,23.65
6789,29.2975,2081.73,23.68
6790,29.729,2188.24,23.91
6791,30.8902,2188.88,22.65
6792,28.1635,2101.14,22.87
6793,30.0948,2179.4,23.28
6794,30.8145,1984.45,23.76
6795,30.2154,2032.23,23.33
6796,32.2511,1999.81,23.37
6797,30.3363,2092.32,24.05
6798,31.8862,2114.25,25.73
6799,31.2542,2048.32,24.84
6800,32.5474,2096.26,26.99
6801,30.4795,2137.3,26.14
6802,30.7347,2056.03,27.12
6803,31.6372,2054.12,26.95
6804,28.6625,1999.43,26.91
6805,28.4979,2067.07,26.61
6806,29.768,2127.07,26.6
6807,27.2773,2077.84,26.83
6808,28.0002,1993.57,25.62
6809,28.0032,2088.11,25.05
6810,28.5446,1955.2,24.84
6811,28.3083,2024.78,24.09
6812,28.3731,2063.84,24.29
6813,28.4268,2054.49,23.63
6814,30.52,1915.26,22.53
6815,28.4187,1975.48,23.66
6816,29.8893,1979.41,23.19
6817,29.9987,2076.25,23.09
6818,31.1093,1954.91,23.53
6819,29.0773,1950.65,23.78
6820,31.4747,1914.91,23.84
6821,32.0788,1901.22,24.85
6822,31.1248,1899.81,24.3
6823,31.4776,1944.13,24.78
6824,31.7159,1917.88,26.28
6825,29.9264,1898.92,27.14
6826,31.2056,1926.91,26.16
6827,30.4464,1981.25,27.37
6828,30.4856,1906.88,26.85
6829,28.9665,1922.15,26.88
6830,28.9156,1969.3,25.72
6831,26.6759,1851.97,26.21
6832,29.9769,1923.17,25.63
6833,28.817,1921.69,25.69
6834,29.385,1874.34,24.96
6835,29.1375,1849.05,24.57
6836,29.5229,1978.78,24.05
6837,27.5337,1917.91,24.13
6838,29.0271,1794.82,23.57
6839,29.4215,1943.99,23.06
6840,28.0755,1910.39,22.94
6841,30.0275,1913.25,22.41
6842,30.8476,2034.52,23.47
6843,30.6946,1955.4,23.13
6844,31.7593,1898.33,24.38
6845,30.7457,1912.98,23.58
6846,31.4215,1893.01,25.45
6847,31.4792,1872.27,26.48
6848,30.6962,1989.75,26.21
6849,31.3157,1906.39,27.15
6850,29.6831,1917.16,27.17
6851,30.8378,1935.26,25.94
6852,29.5694,1922.9,26.46
6853,30.8388,1932.58,26.93
6854,28.8527,1906.89,26.88
6855,28.6158,1929.56,26.25
6856,30.1037,1815.96,25.33
6857,29.3917,1956.23,26.81
6858,28.6276,1881.3,25.08
6859,29.5684,1900.02,24.45
6860,29.6468,1953.5,24.47
6861,29.8812,1983.3,23.13
6862,30.7258,2063.2,22.99
6863,28.9345,1777.75,22.9
6864,30.5269,2023.02,23.15
6865,31.4908,1887.8,24.15
6866,31.0052,1890.36,22.73
6867,32.0751,1882.77,23.85
6868,31.6284,1911.61,23.53
6869,32.7493,2040.56,24.34
6870,31.3677,1875.74,24.7
6871,31.3457,1972.76,25.37
6872,32.2258,1916.57,26.21
6873,32.4781,1976.1,26.51
6874,28.888,1964.44,27.03
6875,29.3847,1952.06,26.95
6876,29.9315,1922.21,27.45
6877,29.9119,1887.1,26.62
6878,28.1672,2027.93,26.45
6879,28.9606,1954.72,26.2
6880,28.7677,2063.37,25.09
6881,27.7682,2126.27,26.02
6882,27.0782,1964.44,25.2
6883,28.6208,2007.62,24.6
6884,29.5028,1927.85,24.34
6885,29.0702,2120.94,24.48
6886,28.8675,1936.81,23.34
6887,29.6463,2105.46,21.99
6888,29.0243,2009.19,22.94
6889,31.8955,2101.49,22.41
6890,30.2068,2050.48,22.9
6891,29.8135,2012.47,22.71
6892,31.3081,2069.93,24.08
6893,32.5918,2051.7,24.06
6894,31.8338,2014.46,25.22
6895,30.7055,2160.86,25.76
6896,30.8993,2081.14,25.4
6897,31.5701,2090.24,26.61
6898,31.2488,2072.15,26.74
6899,29.9154,2077.57,26.88
6900,29.9435,2699.95,26.88
6901,27.8775,2745.34,27.03
6902,28.7394,2691.57,26.41
6903,29.7083,2684.92,26.23
6904,29.4652,2692.25,25.31
6905,29.2801,2862.29,26.02
6906,28.2277,2852.86,24.74
6907,27.95,2761.06,24.39
6908,28.8332,2785.15,24.7
6909,29.6851,2661.05,23.21
6910,30.516,2868.37,23.35
6911,31.7737,2834.25,23.02
6912,30.8407,2808.89,23.5
6913,29.9215,2822.95,23.6
6914,31.5302,2730.61,23.24
6915,30.8309,2655.31,22.92
6916,30.3815,2759.0,24.56
6917,31.9324,2787.66,24.04
6918,30.7117,2881.85,25.69
6919,31.7605,2761.26,25.69
6920,31.092,2826.08,26.03
6921,30.6826,2741.8,26.46
6922,30.314,2828.25,26.66
6923,30.3456,2806.45,27.27
6924,30.0899,2835.85,26.96
6925,29.7137,2808.28,26.25
6926,29.2376,2888.98,26.96
6927,28.1702,2712.98,26.71
6928,28.2271,2897.06,25.2
6929,27.4997,2818.86,25.48
6930,27.5578,2154.55,25.38
6931,27.5558,2103.32,23.89
6932,28.5126,2156.29,23.25
6933,29.2399,2077.65,23.84
6934,28.2097,2273.57,24.4
6935,29.626,2185.27,23.46
6936,29.5505,2113.31,23.71
6937,29.0601,2241.42,22.98
6938,31.2484,2202.01,22.99
6939,30.5119,2165.36,22.7
6940,31.698,2152.86,24.43
6941,30.1026,2148.87,24.9
6942,29.7843,2163.36,24.54
6943,31.9083,2247.62,25.99
6944,30.6742,2154.05,26.57
6945,31.7812,2149.9,26.72
6946,30.8082,2120.22,26.16
6947,29.8652,2002.18,27.03
6948,30.3308,2183.18,27.36
6949,29.9521,2058.32,26.39
6950,27.9416,2172.81,27.28
6951,29.8673,2132.97,26.02
6952,29.0546,2117.05,26.18
6953,30.1925,2130.88,25.56
6954,29.8107,2121.28,24.5
6955,28.0946,2113.12,24.81
6956,27.6412,2183.15,23.38
6957,29.7258,2166.02,24.19
6958,28.8095,2099.36,23.31
6959,28.3601,1975.63,23.56
6960,30.6752,2084.8,22.68
6961,29.7386,2082.31,22.82
6962,31.2194,2112.88,24.0
6963,30.8377,2118.1,22.65
6964,31.1332,2037.63,23.6
6965,31.6198,2089.27,24.33
6966,31.2086,2013.42,24.84
6967,31.639,2062.7,25.67
6968,31.7186,1997.56,26.59
6969,31.6859,2017.28,26.88
6970,30.7485,1954.6,27.01
6971,30.2906,1992.16,26.92
6972,29.4356,2043.49,26.8
6973,29.0681,2000.84,27.03
6974,30.633,2015.68,26.28
6975,28.3378,2050.24,26.28
6976,27.0695,2065.42,26.68
6977,29.1778,2030.51,25.15
6978,26.8932,1994.29,25.39
6979,28.9532,1966.62,25.08
6980,27.6226,2044.04,23.47
6981,30.3487,2077.42,23.74
6982,28.818,2038.83,22.85
6983,29.6682,1916.15,22.96
6984,30.283,2020.48,22.73
6985,29.4274,1961.45,22.85
6986,30.0647,2172.69,23.26
6987,30.5452,1869.94,23.26
6988,31.6345,1921.55,24.35
6989,33.6861,1960.9,24.05
6990,32.1106,1989.91,24.18
6991,32.0551,1977.15,26.51
6992,29.5451,1995.47,26.2
6993,31.8104,1932.25,26.17
6994,30.2968,1795.39,26.46
6995,29.4122,1950.37,26.81
6996,30.7625,1846.37,27.15
6997,30.7149,1944.2,27.15
6998,29.5506,1838.96,26.52
6999,28.8532,1944.32,26.21
7000,29.516,1972.56,26.32
7001,28.3287,1936.71,25.74
7002,27.6757,1922.38,25.11
7003,28.8843,1926.98,23.76
7004,27.5963,1870.47,23.59
7005,29.0992,2023.32,22.93
7006,30.1092,1933.02,22.95
7007,29.6046,1832.88,22.74
7008,29.4885,1850.75,23.7
7009,28.913,1896.94,22.55
7010,30.31,1921.15,24.66
7011,31.3516,1993.2,22.77
7012,31.6992,1829.04,23.93
7013,32.1367,1894.74,24.76
7014,30.8272,1958.82,25.37
7015,32.3404,1886.34,25.22
7016,31.8306,1963.4,27.03
7017,31.384,1995.4,25.75
7018,31.4043,1853.56,26.57
7019,29.4173,1943.42,26.89
7020,30.6227,1876.88,27.53
7021,29.3028,1874.2,27.58
7022,29.8204,1918.73,27.92
7023,28.4156,1989.71,26.63
7024,30.4632,2036.0,25.08
7025,28.9503,1921.0,25.17
7026,27.7783,1913.68,25.05
7027,27.4488,1990.95,25.4
7028,28.5488,1969.17,23.67
7029,30.5842,2001.27,24.73
7030,30.0003,1951.41,23.8
7031,30.158,1897.17,23.48
7032,30.9591,1915.99,23.44
7033,30.566,2009.69,23.33
7034,30.5161,1912.39,24.26
7035,30.8508,1992.7,22.99
7036,31.3257,1922.63,23.22
7037,31.8628,2001.22,24.44
7038,32.4658,1870.85,24.24
7039,31.9883,2022.71,24.55
7040,31.8749,1996.66,25.42
7041,31.0136,1880.41,25.97
7042,31.1884,1900.34,26.32
7043,29.6537,1958.08,26.99
7044,30.2933,1904.49,27.01
7045,28.8956,1971.68,26.54
7046,28.567,2031.58,26.57
7047,28.4019,2028.99,25.84
7048,27.7353,2071.16,26.53
7049,28.2122,2010.66,24.91
7050,28.6672,1988.5,24.59
7051,29.4183,2119.52,24.68
7052,29.3268,2085.18,24.28
7053,29.9527,1951.53,23.56
7054,29.4103,1923.81,23.22
7055,30.0004,1986.91,23.52
7056,29.2093,2023.1,23.53
7057,28.1073,2053.06,23.07
7058,31.5351,1967.32,22.97
7059,29.4973,1996.58,24.32
7060,31.1664,2055.38,23.85
7061,29.7216,2126.77,24.95
7062,32.7992,2057.81,25.34
7063,31.6455,2029.27,24.99
7064,29.2089,1997.31,26.3
7065,30.5976,2188.03,26.37
7066,30.4133,2087.65,25.97
7067,31.0908,2117.42,27.25
7068,29.7248,2068.31,27.3
7069,27.9559,2102.04,26.65
7070,27.5685,2098.84,25.6
7071,29.4318,2060.93,26.59
7072,29.7542,2043.5,24.83
7073,27.6618,2230.41,25.73
7074,28.007,1964.75,25.5
7075,28.1033,2125.54,24.49
7076,29.3843,2173.75,23.32
7077,28.8778,2151.27,24.09
7078,28.4701,1996.77,23.65
7079,28.8377,2122.95,23.46
7080,31.0624,2188.41,22.53
7081,32.1219,2138.3,23.72
7082,30.6927,2187.97,23.14
7083,31.3793,2064.75,24.16
7084,30.5561,2049.94,23.76
7085,32.3428,2168.87,24.57
7086,31.9727,2007.75,25.04
7087,31.2131,2138.25,25.22
7088,29.9734,2129.43,25.81
7089,29.7191,2128.93,25.38
7090,30.3485,2050.66,26.84
7091,29.7728,2139.06,26.24
7092,29.6498,2140.81,26.5
7093,30.2977,2186.12,26.95
7094,30.1192,2166.4,26.43
7095,29.3957,2096.51,26.12
7096,28.1016,2137.31,26.28
7097,28.1374,2154.29,25.48
7098,28.8415,2086.96,24.69
7099,27.7721,2151.65,23.63
7100,29.9135,2196.2,23.44
7101,28.6754,2302.92,23.76
7102,28.8021,2154.1,23.29
7103,29.6058,2130.45,22.78
7104,30.7369,2208.87,23.6
7105,30.2808,2109.18,22.82
7106,31.4939,2110.91,23.19
7107,30.5208,2105.45,24.15
7108,31.3756,2102.03,24.07
7109,32.2733,2115.27,24.93
7110,32.9105,2108.92,25.82
7111,32.2493,2188.26,25.32
7112,31.2982,2115.0,26.37
7113,32.0851,2148.92,26.04
7114,32.0841,2081.57,26.08
7115,30.0446,2085.37,26.8
7116,30.2875,2167.96,26.53
7117,29.4967,2192.01,26.8
7118,29.444,2091.61,25.65
7119,28.0839,2156.05,26.65
7120,29.9655,2246.58,26.82
7121,27.8252,2074.71,25.89
7122,27.592,2169.66,25.31
7123,29.4085,2109.64,25.21
7124,29.055,2241.55,24.02
7125,29.7825,2062.27,23.45
7126,29.1718,2099.09,23.08
7127,30.0714,2055.39,22.29
7128,31.343,2110.68,22.74
7129,30.1616,2098.49,23.31
7130,30.4997,2057.72,23.43
7131,30.7223,2026.45,23.89
7132,30.6549,2114.27,24.55
7133,32.0959,2079.73,23.76
7134,30.1473,2034.46,25.78
7135,30.8569,2001.53,25.4
7136,30.6952,2080.09,24.31
7137,29.7515,2035.31,27.15
7138,30.5948,2095.44,26.81
7139,30.7283,2019.77,26.4
7140,30.2067,2003.14,26.84
7141,30.0128,1980.83,26.79
7142,27.7513,2021.14,27.47
7143,28.928,2001.92,26.61
7144,27.9162,2087.65,26.1
7145,28.7426,2043.32,25.99
7146,28.3421,2103.83,24.92
7147,29.9679,2012.72,24.92
7148,26.2214,1948.12,23.7
7149,28.6001,1939.5,23.27
7150,27.9057,1935.52,23.2
7151,30.4171,2048.17,22.97
7152,29.8796,2023.31,23.31
7153,29.6938,1878.51,23.29
7154,32.2088,2050.77,23.18
7155,31.0617,1891.27,23.49
7156,31.8588,1906.8,24.42
7157,30.1843,2166.96,25.14
7158,30.5289,1903.25,24.24
7159,31.5194,1925.08,25.59
7160,32.5453,1922.58,25.71
7161,30.7436,1860.34,26.74
7162,30.1397,1938.75,26.55
7163,31.6192,1963.37,26.62
7164,30.0056,2048.95,26.77
7165,30.0188,1887.58,26.71
7166,29.43,2028.6,26.43
7167,28.8469,1913.87,25.9
7168,28.6908,1955.28,26.08
7169,28.6836,1948.95,25.93
7170,28.5241,1925.57,24.03
7171,28.7638,1972.07,25.2
7172,29.0402,1927.98,24.45
7173,27.9801,1997.84,23.47
7174,29.4276,1947.18,23.06
7175,30.0349,1973.01,22.65
7176,29.9937,1962.41,22.8
7177,31.2592,1882.19,23.34
7178,30.2177,1872.91,23.51
7179,31.3126,1986.88,22.88
7180,32.1812,1828.33,24.29
7181,31.5953,1953.75,23.71
7182,33.0753,2050.66,24.56
7183,31.2869,1879.82,25.7
7184,31.7889,1956.38,25.32
7185,32.9233,1940.0,26.21
7186,30.5503,1839.6,26.43
7187,31.2335,1862.28,27.05
7188,29.865,1938.79,26.92
7189,30.321,1905.46,26.99
7190,29.0169,2028.34,26.53
7191,28.2141,1923.46,26.53
7192,28.7069,1932.02,25.62
7193,28.6064,1861.18,25.82
7194,27.1939,1850.93,24.77
7195,28.352,1943.51,24.29
7196,28.2254,1841.77,24.31
7197,28.0995,1869.52,24.17
7198,30.0509,1862.5,22.27
7199,30.3315,1919.99,21.84
7200,30.1088,1972.76,23.22
7201,29.4842,1951.76,22.4
7202,31.1971,1963.93,22.95
7203,30.0431,1979.68,24.13
7204,32.43,1960.37,24.23
7205,31.7672,1918.33,24.76
7206,32.1661,1900.2,25.14
7207,30.7255,2072.98,26.08
7208,31.3807,1982.65,26.2
7209,31.3388,1932.45,26.25
7210,31.2184,2087.76,27.17
7211,30.5792,2063.59,26.94
7212,29.8093,2033.0,27.27
7213,30.8833,2031.85,27.3
7214,28.6159,2010.68,26.46
7215,28.5371,2027.44,26.73
7216,28.0047,2020.51,25.97
7217,29.3334,2053.49,24.79
7218,27.5583,1916.86,24.6
7219,28.3516,2163.53,23.55
7220,28.3826,1977.43,23.54
7221,29.3217,2084.16,24.32
7222,28.8967,2072.15,24.21
7223,28.5021,2123.97,22.96
7224,30.5819,2101.25,22.63
7225,30.1592,2149.61,22.29
7226,31.4217,2045.54,22.77
7227,31.469,2047.96,23.41
7228,30.9895,2002.64,23.92
7229,30.9324,2058.61,25.14
7230,31.4855,2051.18,25.04
7231,31.7632,2063.86,25.75
7232,30.9409,2109.81,25.44
7233,30.372,1980.74,26.28
7234,30.2822,1963.4,27.02
7235,29.6424,2103.85,27.95
7236,30.6117,2047.43,26.21
7237,28.3246,1998.51,26.31
7238,29.3036,2105.29,26.34
7239,28.9719,2069.17,26.64
7240,28.4068,2081.55,25.64
7241,28.3109,2138.49,24.93
7242,27.2762,2061.5,25.07
7243,27.7016,2089.27,23.36
7244,28.4203,2167.85,24.4
7245,29.1292,2090.4,23.44
7246,28.5753,2169.87,23.53
7247,29.7765,2059.58,22.86
7248,28.521,2230.7,23.56
7249,30.9167,2171.67,23.11
7250,31.9065,2157.8,22.75
7251,30.5402,2092.46,22.76
7252,31.7171,2256.07,23.95
7253,30.256,2259.97,24.85
7254,32.6265,2156.16,25.07
7255,30.9325,2264.77,25.54
7256,31.4154,2213.9,26.5
7257,30.5581,2122.42,26.26
7258,31.6101,2199.14,26.91
7259,29.5816,2108.78,28.02
7260,30.8764,2217.74,26.62
7261,30.2928,2125.11,26.77
7262,29.8363,2190.87,27.1
7263,29.5377,2353.89,26.3
7264,29.7554,2216.86,25.48
7265,27.9953,2152.0,26.14
7266,27.3825,2064.59,25.11
7267,29.0541,2103.53,24.1
7268,29.5184,2143.54,23.96
7269,29.0079,2148.44,23.13
7270,28.0622,2061.85,22.78
7271,30.213,2065.34,23.08
7272,30.7281,2126.21,22.82
7273,30.1668,2162.55,23.5
7274,30.7591,2171.22,24.03
7275,31.8999,2128.32,23.75
7276,31.6873,2197.39,25.16
7277,32.7941,2146.28,24.57
7278,30.782,2129.77,24.84
7279,33.2045,2185.93,25.48
7280,31.838,2133.95,26.41
7281,30.4903,2087.4,25.83
7282,31.6558,2167.65,26.64
7283,30.5888,2073.2,26.15
7284,30.3621,1999.38,26.79
7285,30.1461,2240.34,26.21
7286,29.7673,2116.62,26.8
7287,27.6838,2080.31,26.14
7288,27.9065,2152.34,25.03
7289,30.4342,2053.16,25.61
7290,27.8628,2106.49,25.03
7291,27.9229,2079.31,24.22
7292,29.4038,2171.12,24.15
7293,29.491,1990.95,23.5
7294,30.0212,2024.66,23.2
7295,28.5124,2151.36,23.04
7296,29.2414,2201.77,23.76
7297,30.8195,2002.05,22.92
7298,30.413,2009.27,23.27
7299,31.3416,1995.81,24.44
7300,31.8946,2127.8,24.93
7301,33.1499,2068.2,24.02
7302,29.9587,2123.93,25.27
7303,30.1477,2097.08,25.95
7304,32.4986,2093.08,26.19
7305,31.1859,2211.14,26.8
7306,30.9965,2151.81,26.88
7307,29.8811,2005.84,27.34
7308,30.3379,2085.85,26.7
7309,29.5372,2019.6,26.9
7310,29.1082,2122.72,26.16
7311,29.2438,2093.58,26.19
7312,29.7784,2090.06,26.11
7313,27.9487,2013.58,25.5
7314,28.0817,2010.1,24.85
7315,29.5815,1969.63,25.02
7316,28.8215,1982.94,24.7
7317,30.0069,1881.51,22.73
7318,28.5968,1932.84,23.43
7319,31.3693,2029.39,24.47
7320,30.1845,1954.33,22.58
7321,30.0881,2039.72,22.79
7322,30.5654,1966.79,23.23
7323,30.9482,2015.09,23.02
7324,31.2177,1931.51,24.71
7325,30.6125,1947.8,24.48
7326,29.9218,1985.36,25.01
7327,30.4974,1885.87,26.87
7328,30.587,1907.51,26.47
7329,31.3009,1934.35,26.94
7330,31.3852,2059.84,26.72
7331,30.1692,1912.72,26.99
7332,29.4407,1975.19,27.11
7333,29.059,1985.06,26.5
7334,30.0342,2031.58,26.8
7335,28.8097,1771.95,26.36
7336,28.7312,1943.91,26.31
7337,30.4317,1988.05,25.9
7338,28.1455,1900.33,24.61
7339,28.7341,1904.81,24.49
7340,29.2019,1957.41,23.48
7341,29.2722,1982.64,23.65
7342,27.5885,1926.23,22.54
7343,29.8207,1993.63,23.39
7344,29.5763,1839.66,23.34
7345,30.1018,1928.81,23.38
7346,30.6445,2076.85,22.36
7347,31.1072,1962.46,24.18
7348,30.4133,1975.01,24.31
7349,31.5752,1920.16,24.28
7350,32.1437,1943.79,25.4
7351,33.7472,1810.3,24.89
7352,30.546,1955.36,25.2
7353,31.9324,1996.44,27.31
7354,31.2136,1970.6,26.81
7355,29.0958,1946.05,26.78
7356,31.6092,1852.57,27.23
7357,29.0573,1956.48,26.93
7358,29.2697,1959.3,26.03
7359,28.1799,1913.89,26.59
7360,28.9416,1961.17,26.21
7361,28.7872,1905.35,25.64
7362,28.646,1929.76,25.45
7363,27.9522,1896.29,25.6
7364,29.6787,1874.02,23.97
7365,28.6863,1950.15,24.09
7366,28.3224,1963.72,21.92
7367,29.2239,1981.01,23.6
7368,28.3964,1953.03,23.01
7369,31.4189,2046.99,21.93
7370,32.161,2005.92,22.8
7371,31.3141,1925.46,23.12
7372,31.6255,1915.27,24.52
7373,31.2286,2027.67,24.46
7374,30.4138,2035.2,25.29
7375,31.2894,1937.8,24.7
7376,31.3825,2029.12,26.23
7377,32.9807,2039.48,26.47
7378,29.5727,2018.8,27.41
7379,30.4887,1985.93,26.31
7380,28.4593,1930.09,25.95
7381,30.7105,1987.12,27.33
7382,29.214,1955.91,27.12
7383,29.2419,2060.45,26.34
7384,28.1612,1998.4,26.6
7385,27.2587,1968.18,25.34
7386,27.6322,2084.45,24.87
7387,29.1761,2135.28,24.35
7388,27.4944,2045.12,24.33
7389,27.3557,2092.03,23.43
7390,29.4072,2016.39,22.32
7391,28.7687,2064.8,23.58
7392,29.4718,2149.97,22.69
7393,29.923,2075.72,23.18
7394,31.936,2035.01,22.82
7395,31.9506,2096.32,24.19
7396,31.8188,2015.9,23.69
7397,31.0716,2089.33,25.02
7398,29.825,2006.05,24.88
7399,30.3976,2004.17,25.21
7400,32.1363,2056.34,26.31
7401,31.2136,2063.99,26.37
7402,30.0817,2038.98,27.26
7403,30.3273,2070.94,27.15
7404,30.1383,2188.28,27.36
7405,30.0226,2070.05,26.75
7406,28.2062,2068.36,27.57
7407,29.2062,2199.15,25.93
7408,26.9189,1919.63,25.91
7409,27.5817,2170.19,26.31
7410,28.2763,2107.81,24.59
7411,29.1766,2159.21,24.81
7412,29.2427,2231.83,23.85
7413,29.0926,2138.76,23.08
7414,30.348,2059.65,23.34
7415,29.139,2070.75,22.18
7416,29.476,2110.75,22.37
7417,29.5004,2174.08,24.58
7418,30.2613,2111.53,23.66
7419,31.0358,2030.84,24.03
7420,31.4948,2073.22,23.04
7421,31.17,2045.27,23.95
7422,31.089,2142.25,25.37
7423,32.512,2103.5,25.92
7424,30.8457,2017.09,26.15
7425,30.5721,2074.84,26.48
7426,29.1938,2269.56,26.24
7427,30.2211,2168.81,26.45
7428,30.5451,2109.65,28.55
7429,29.7901,2145.02,27.21
7430,29.5675,2038.72,27.82
7431,29.0089,2199.05,26.93
7432,28.2557,2103.3,25.04
7433,28.9687,2159.77,26.34
7434,27.2453,2116.47,25.49
7435,27.4727,2216.86,24.35
7436,27.3338,2086.42,24.02
7437,29.5682,2134.62,23.9
7438,30.3608,2154.49,22.28
7439,29.1758,2045.56,23.74
7440,30.8143,2050.59,23.3
7441,29.8337,2103.29,22.23
7442,30.5363,2369.48,23.42
7443,30.706,2153.36,24.07
7444,32.8974,2193.83,24.84
7445,30.3285,2218.36,24.27
7446,30.3775,2132.23,24.5
7447,32.5973,2193.84,24.9
7448,30.7424,2133.27,24.85
7449,30.7348,2126.75,25.72
7450,31.8554,2135.22,26.28
7451,30.181,2061.12,27.19
7452,29.7644,2110.45,28.14
7453,29.2908,2070.31,27.42
7454,28.5937,2083.14,27.31
7455,30.055,2110.12,26.67
7456,29.8626,2086.79,26.02
7457,29.1082,2192.68,26.01
7458,28.3069,2138.4,25.13
7459,29.4313,2075.72,25.7
7460,29.0635,2136.13,24.48
7461,28.7685,2141.51,23.65
7462,28.6288,2203.29,23.34
7463,29.423,2093.85,23.41
7464,30.749,2141.89,23.41
7465,30.0178,2156.83,23.65
7466,31.5876,2007.01,23.62
7467,31.3232,2025.56,23.48
7468,32.3788,2164.41,24.72
7469,31.825,2123.55,24.26
7470,31.8513,2070.92,24.6
7471,31.5769,1986.69,24.85
7472,31.8034,2071.6,25.91
7473,31.0807,2190.47,26.8
7474,31.4094,2062.5,26.99
7475,29.1508,2025.26,27.04
7476,31.1882,2056.21,26.99
7477,29.7257,2117.36,26.85
7478,28.5989,2071.62,26.51
7479,28.3973,2078.39,26.38
7480,28.0987,2082.31,26.05
7481,28.2715,2050.49,26.12
7482,27.3278,2010.27,25.34
7483,27.941,2016.71,24.21
7484,29.2696,2033.5,23.99
7485,29.5361,1986.99,23.28
7486,29.0989,2043.51,23.83
7487,29.4931,2039.25,23.16
7488,29.9227,1951.07,23.25
7489,28.9227,2024.35,23.72
7490,31.5186,1986.03,23.39
7491,30.1495,2005.54,23.63
7492,32.4604,2070.6,24.04
7493,32.4029,1953.54,24.17
7494,32.7461,1937.16,25.48
7495,31.7201,1992.72,25.4
7496,31.6126,1979.99,26.09
7497,30.5288,1936.49,25.76
7498,31.1531,1964.5,25.24
7499,29.5289,1958.16,27.15
7500,30.4715,1955.04,27.21
7501,30.3835,1972.8,27.27
7502,28.8456,1938.7,26.9
7503,28.0335,2004.67,25.88
7504,28.8929,1981.21,25.41
7505,28.8533,1895.76,24.98
7506,28.5829,1945.67,25.11
7507,27.3911,1947.24,24.77
7508,29.9232,1848.92,24.78
7509,29.4502,1972.74,23.01
7510,28.2141,1865.8,23.04
7511,29.6112,1867.94,23.31
7512,29.4822,1817.21,22.94
7513,31.917,1970.04,22.74
7514,30.0338,1926.28,23.73
7515,30.429,2000.37,23.48
7516,30.5909,1904.16,23.94
7517,31.8429,1950.01,24.68
7518,32.1189,1960.72,24.32
7519,31.7853,1918.88,26.02
7520,30.3605,1972.06,25.61
7521,31.2896,1959.63,25.21
7522,29.8376,1884.73,26.47
7523,29.4918,1893.85,26.27
7524,30.5764,2013.29,26.96
7525,28.0734,1898.91,27.07
7526,30.3648,1898.81,26.47
7527,28.9938,1942.72,25.92
7528,28.5512,1901.57,25.63
7529,28.4655,1889.36,25.43
7530,26.4325,2028.32,25.71
7531,27.1933,2071.36,25.2
7532,28.8868,1883.99,24.37
7533,29.3466,2006.52,23.65
7534,29.1187,1921.33,23.3
7535,29.5051,1857.06,23.67
7536,29.6967,1941.04,22.46
7537,31.7261,1932.49,23.1
7538,29.6848,1933.27,22.84
7539,31.9214,1936.14,23.49
7540,32.8671,1960.32,24.69
7541,32.033,1921.52,24.41
7542,33.1521,2050.35,24.44
7543,31.7009,1857.59,25.88
7544,30.8087,2078.57,25.95
7545,31.3768,1974.97,26.0
7546,30.0893,2090.73,27.08
7547,31.3933,1874.6,26.3
7548,32.1722,2072.53,27.05
7549,30.222,1984.73,27.2
7550,29.4349,1967.28,26.85
7551,28.0885,2023.36,26.37
7552,27.6194,1981.82,26.01
7553,30.1099,2027.11,26.19
7554,28.6463,2080.33,25.32
7555,29.1352,2096.99,24.28
7556,28.4337,1981.02,24.75
7557,28.6138,2133.57,22.63
7558,29.0731,1962.42,23.68
7559,29.9479,2033.87,23.07
7560,29.4722,2013.48,23.07
7561,31.1483,2095.3,23.08
7562,30.2806,2030.27,23.46
7563,31.3686,1968.3,23.14
7564,31.9172,2087.18,23.74
7565,31.7404,2013.63,24.67
7566,30.3734,2050.87,24.94
7567,30.7879,2111.18,25.25
7568,31.8327,2007.65,25.42
7569,30.9729,2029.05,26.43
7570,30.73,2026.44,27.69
7571,30.7996,2148.08,26.81
7572,30.6385,2154.44,27.47
7573,30.0165,2010.7,26.81
7574,29.143,2106.83,26.79
7575,29.133,2199.56,25.74
7576,27.5832,2253.67,25.91
7577,29.1931,2062.92,25.34
7578,27.4397,2156.36,24.91
7579,26.4288,2143.09,24.23
7580,28.5122,2215.5,24.27
7581,28.2587,2138.35,22.82
7582,29.2709,2148.0,23.79
7583,30.3471,2035.53,23.98
7584,29.7538,2050.58,23.59
7585,29.5722,2146.56,22.39
7586,30.0814,2226.25,23.04
7587,31.0087,2136.51,23.68
7588,30.3029,2092.22,23.86
7589,31.7779,2207.38,23.48
7590,30.4693,2189.57,24.35
7591,32.0128,2110.45,25.74
7592,30.3277,2222.34,25.98
7593,28.8501,2109.77,26.22
7594,29.8296,2123.0,26.64
7595,30.5879,2181.38,27.72
7596,30.3411,2350.91,25.99
7597,30.1957,2078.85,27.24
7598,30.1026,2120.56,26.42
7599,28.7723,2143.73,25.77
7600,28.7562,2139.77,26.64
7601,29.3138,2248.06,25.81
7602,29.1696,2163.3,24.26
7603,28.5911,2201.48,24.11
7604,29.1815,2209.12,23.94
7605,28.128,2125.82,24.56
7606,29.4165,2234.21,23.56
7607,28.3857,2081.03,23.11
7608,29.8186,2169.48,23.44
7609,29.4135,2108.41,22.8
7610,30.1942,2098.4,23.05
7611,30.4765,2190.15,23.67
7612,31.0871,2142.83,23.12
7613,31.0734,2173.03,24.89
7614,31.4349,2084.38,25.22
7615,31.8278,2135.97,26.1
7616,31.7268,2188.44,26.2
7617,32.0613,2146.36,26.06
7618,30.1841,2096.15,27.29
7619,31.1759,2186.0,26.74
7620,29.3593,2136.1,26.97
7621,29.5798,2237.79,26.87
7622,29.7012,2158.91,26.26
7623,28.8605,2067.82,26.66
7624,28.4066,2289.13,26.0
7625,28.6244,2213.22,25.21
7626,30.1123,2095.34,24.56
7627,29.2896,2121.39,24.79
7628,29.1935,2079.7,25.07
7629,30.24,1975.25,23.64
7630,28.2094,2080.61,23.47
7631,29.0888,2085.75,22.15
7632,30.9687,2105.82,22.84
7633,30.506,2006.79,22.97
7634,31.1383,2026.97,23.37
7635,32.5915,1897.17,22.75
7636,31.4513,2092.46,23.82
7637,31.0902,2086.11,24.91
7638,30.7066,2092.79,25.59
7639,33.5095,2015.52,25.78
7640,32.4554,2091.04,24.99
7641,31.3505,2083.41,26.18
7642,29.9348,2058.16,26.72
7643,30.3227,2058.63,25.77
7644,29.2781,2052.8,27.1
7645,29.0186,1966.85,26.97
7646,29.5027,2018.44,27.22
7647,28.9758,1892.32,26.76
7648,28.3783,1956.99,27.32
7649,28.4484,2032.38,25.09
7650,28.6512,2000.68,25.56
7651,27.6423,2077.06,23.94
7652,29.594,1934.45,23.91
7653,28.8722,1894.35,23.71
7654,30.2276,2000.29,22.9
7655,28.6542,2061.82,24.05
7656,30.3696,2047.57,22.97
7657,30.7819,2030.48,23.25
7658,31.2693,2142.75,24.44
7659,29.8332,1995.19,23.67
7660,30.8516,2054.2,23.77
7661,30.7315,1927.37,24.85
7662,31.7623,2001.24,24.8
7663,30.8815,2010.73,26.03
7664,31.76,1993.19,26.74
7665,30.965,1869.44,26.14
7666,29.9084,1978.07,26.74
7667,30.3049,1947.73,27.0
7668,29.4053,2033.94,27.08
7669,28.3537,1958.05,27.01
7670,27.3526,1909.9,25.68
7671,29.4548,1975.28,26.41
7672,27.8181,1957.15,26.24
7673,27.951,1848.88,25.93
7674,28.854,1902.06,24.28
7675,28.0219,1929.04,23.9
7676,29.3142,1975.54,23.35
7677,29.5166,1944.76,24.34
7678,29.0003,1920.41,23.0
7679,29.6388,1872.25,22.53
7680,31.1598,1960.61,23.11
7681,29.8537,1860.78,23.25
7682,31.3049,1887.37,23.59
7683,31.8807,1819.68,23.13
7684,30.7934,1951.3,24.34
7685,30.4683,1981.0,23.37
7686,32.6304,1900.54,24.65
7687,31.4885,1918.65,25.78
7688,31.89,1981.07,26.46
7689,32.4322,1966.92,27.23
7690,28.7066,1859.55,27.11
7691,29.8588,1976.1,27.19
7692,29.9343,1951.03,26.6
7693,29.8322,2006.39,26.56
7694,29.7055,1962.81,26.79
7695,28.9667,1919.04,26.72
7696,28.6605,1942.11,26.27
7697,29.1086,1997.34,25.6
7698,28.1907,1919.8,25.64
7699,28.1598,1957.02,24.48
7700,27.8763,1851.55,24.0
7701,28.4749,1869.46,23.45
7702,28.5522,1859.43,22.57
7703,29.9847,1900.57,22.35
7704,29.4348,1984.4,23.0
7705,30.3623,1965.23,22.82
7706,32.6933,1883.3,23.77
7707,29.8736,1900.27,24.02
7708,32.4783,1975.59,24.49
7709,31.2468,2021.02,23.87
7710,31.9928,2050.53,25.23
7711,31.8577,2044.81,24.67
7712,31.8394,2031.95,26.07
7713,30.2036,1975.14,26.26
7714,31.3383,1889.3,27.12
7715,31.4043,2011.85,27.37
7716,30.5898,1986.45,26.77
7717,30.1004,1982.58,26.96
7718,30.4268,1996.93,26.83
7719,28.9118,1976.99,26.27
7720,30.8647,2019.72,25.78
7721,28.6285,2056.79,24.88
7722,29.8636,1970.96,25.33
7723,27.7489,2089.02,23.94
7724,29.4657,2009.12,23.68
7725,28.6302,1976.88,23.89
7726,29.4801,2075.21,23.7
7727,28.7017,2003.94,22.51
7728,31.7679,1935.18,23.29
7729,30.0813,2025.82,24.41
7730,29.6884,2099.73,23.09
7731,30.5505,2039.44,23.52
7732,32.9069,2122.24,24.16
7733,31.9128,2065.24,23.88
7734,32.5729,1954.18,25.23
7735,31.761,2087.76,26.61
7736,31.8448,1956.33,25.94
7737,29.2368,2052.62,25.97
7738,29.5688,2125.16,26.74
7739,29.8643,2127.04,27.79
7740,30.276,2159.41,26.59
7741,28.7781,2139.14,26.88
7742,28.947,2110.83,25.93
7743,29.4414,2115.04,26.9
7744,27.9741,2155.48,25.41
7745,28.1547,2089.67,25.34
7746,26.9038,2029.59,25.46
7747,27.9024,2099.98,24.89
7748,29.051,2099.04,24.16
7749,30.683,2134.55,23.62
7750,29.6411,2114.99,23.33
7751,29.029,2129.0,23.2
7752,30.5052,2152.16,22.68
7753,30.9544,1998.43,23.29
7754,30.9242,2061.74,22.79
7755,30.2141,2192.48,23.25
7756,31.3567,2178.75,24.57
7757,31.4233,2181.51,24.85
7758,30.5742,2157.91,25.24
7759,30.9877,2204.46,24.63
7760,30.9767,2159.8,27.02
7761,31.8505,2142.5,25.91
7762,30.797,2217.42,27.73
7763,30.8223,2341.51,26.83
7764,29.106,2109.31,27.37
7765,29.3527,2091.33,26.79
7766,28.7244,2123.22,27.12
7767,28.2874,2230.9,26.21
7768,29.9784,2131.71,25.85
7769,28.7805,2135.05,26.59
7770,28.1522,2119.66,24.8
7771,28.9293,2236.51,24.52
7772,29.0684,2084.01,24.12
7773,28.7329,2216.87,23.43
7774,29.2171,2223.34,23.44
7775,29.0843,2166.94,23.91
7776,28.8782,2169.53,22.64
7777,30.4184,2214.14,23.55
7778,29.8769,2174.93,23.96
7779,31.4658,2127.57,23.16
7780,31.2803,2214.76,24.19
7781,31.7857,2150.33,23.87
7782,31.7732,2070.3,24.68
7783,31.8482,2143.49,24.86
7784,31.6072,2122.35,26.11
7785,31.0988,2117.09,26.56
7786,30.0808,2140.48,25.94
7787,31.0989,2138.32,26.96
7788,29.2357,2085.24,26.82
7789,29.1711,2103.21,27.35
7790,28.3025,2137.35,27.04
7791,27.8303,2154.3,26.16
7792,27.5952,2117.68,26.12
7793,29.0137,2083.0,25.23
7794,28.0144,2077.85,24.78
7795,27.8246,2089.59,23.81
7796,28.459,2091.62,25.16
7797,30.2004,2136.76,23.51
7798,30.2089,2082.75,23.85
7799,29.1267,2187.02,23.16
7800,28.6409,2012.92,22.95
7801,29.8835,2056.94,22.23
7802,31.3115,2042.85,23.11
7803,31.3933,2093.53,23.92
7804,31.1947,2078.99,24.27
7805,32.6069,2135.72,25.46
7806,31.2765,1969.69,25.49
7807,31.3235,2151.85,26.2
7808,30.6093,2116.67,25.42
7809,31.7397,2125.64,26.77
7810,30.6265,2148.13,26.56
7811,30.1763,2009.15,26.09
7812,30.414,2031.81,26.38
7813,29.4112,2029.45,27.06
7814,29.4664,2034.27,26.98
7815,30.0743,1978.14,27.52
7816,28.3857,2125.33,26.24
7817,27.9613,2010.4,25.88
7818,28.568,1950.45,24.78
7819,29.6492,2070.15,23.89
7820,28.3606,1887.75,23.98
7821,28.6217,2007.24,23.81
7822,28.5052,1957.31,23.42
7823,28.5146,1957.17,23.42
7824,29.758,2083.45,22.62
7825,30.1198,2027.77,23.14
7826,30.807,2077.16,23.39
7827,31.2275,2008.1,23.19
7828,31.017,1820.19,24.27
7829,30.2974,2019.57,24.79
7830,32.2374,2035.06,24.38
7831,31.4754,1905.66,25.49
7832,31.1009,1987.81,25.56
7833,30.5337,1975.32,26.85
7834,30.6447,1960.87,27.27
7835,28.6044,2069.78,26.43
7836,31.0242,1891.07,28.07
7837,29.2267,1884.69,26.53
7838,28.4551,1934.7,26.11
7839,28.4568,1943.39,26.65
7840,29.3719,1932.43,26.37
7841,28.3596,1898.16,25.44
7842,28.2068,1905.71,25.13
7843,28.0944,2009.9,24.33
7844,28.2492,2024.57,24.46
7845,28.1599,1945.25,22.58
7846,29.0862,1849.73,22.39
7847,30.4959,1926.04,23.48
7848,30.1653,1897.6,23.23
7849,29.131,2017.53,22.74
7850,30.9293,1973.73,22.35
7851,31.3373,1814.11,23.0
7852,32.5834,2033.73,23.34
7853,31.3317,1882.02,24.87
7854,30.5803,1820.72,25.22
7855,32.5275,1927.7,25.5
7856,32.7928,1945.43,26.69
7857,31.6102,1935.49,26.82
7858,31.6833,1956.45,25.97
7859,31.3727,1948.28,26.1
7860,28.9037,1974.46,26.51
7861,29.5309,1949.81,26.55
7862,28.405,1967.95,27.71
7863,27.7064,1961.02,26.51
7864,28.3945,1968.3,26.56
7865,28.4776,1843.13,25.41
7866,28.1023,1827.99,24.53
7867,28.931,1921.9,24.69
7868,28.8497,1806.88,23.33
7869,29.291,1986.99,23.41
7870,28.8076,2007.14,23.09
7871,29.4829,1866.66,23.64
7872,29.6199,1971.71,23.31
7873,30.9545,2044.53,23.51
7874,31.3203,1999.59,23.64
7875,31.2695,1932.75,24.11
7876,30.6386,1972.8,24.27
7877,31.9228,1927.78,24.24
7878,30.3187,2014.26,25.49
7879,31.0281,1960.49,25.8
7880,29.675,1889.94,25.9
7881,31.6503,1940.67,26.58
7882,32.0579,1871.21,26.15
7883,29.4622,2001.92,26.8
7884,30.4137,1901.54,25.94
7885,30.3038,2068.27,27.03
7886,31.5126,1833.66,26.62
7887,27.2772,1787.71,25.87
7888,28.6118,2003.63,25.3
7889,28.7359,2067.95,25.57
7890,28.5087,1992.93,25.18
7891,30.2766,1960.19,23.24
7892,27.7058,1947.4,24.25
7893,28.241,2082.17,23.61
7894,28.7829,2040.07,23.94
7895,29.5031,2042.89,22.51
7896,29.7895,1928.16,22.9
7897,30.9719,2017.69,23.04
7898,31.9458,2095.55,22.45
7899,30.2415,2081.29,23.9
7900,32.2011,2117.02,23.45
7901,31.1857,2092.56,24.04
7902,31.2001,2115.35,25.22
7903,33.0651,2075.44,25.99
7904,31.1774,2059.79,25.02
7905,31.9655,2079.0,26.23
7906,29.5724,2103.86,26.8
7907,30.8018,1976.21,28.01
7908,31.9077,1979.94,26.86
7909,30.0268,2141.54,26.02
7910,29.4679,2037.49,26.7
7911,27.9299,2068.09,25.38
7912,27.1962,2140.26,26.13
7913,28.2109,2140.53,25.03
7914,27.6574,2040.78,25.98
7915,27.7719,2113.27,24.51
7916,28.3179,2021.92,24.38
7917,26.58,2183.84,23.48
7918,29.9163,2121.55,23.27
7919,30.228,2096.12,22.68
7920,30.3705,2133.87,22.93
7921,30.1262,2071.82,22.52
7922,31.7002,2151.04,24.46
7923,31.3496,2102.2,22.78
7924,31.7888,2083.28,23.88
7925,31.3266,2105.9,25.18
7926,31.7963,2171.82,25.11
7927,31.9952,2128.65,25.63
7928,32.9238,2139.09,25.5
7929,31.8233,2175.2,25.33
7930,30.7748,2091.85,26.87
7931,30.5159,2218.4,27.57
7932,30.334,2045.77,26.19
7933,29.6835,2172.57,26.69
7934,28.6471,2071.45,26.77
7935,30.3309,2302.03,26.32
7936,28.3327,2126.1,26.79
7937,28.8551,2165.35,26.81
7938,28.4584,2176.79,25.46
7939,29.5896,2190.61,23.12
7940,28.4657,2161.11,23.82
7941,29.0461,2093.25,24.48
7942,29.7816,2192.23,23.1
7943,28.918,2132.4,23.82
7944,28.035,2293.59,23.64
7945,30.2146,2164.82,22.95
7946,30.1807,2133.45,22.85
7947,31.3177,2278.86,23.46
7948,31.6764,2087.44,24.45
7949,30.0158,2103.57,24.48
7950,31.2349,2200.25,24.57
7951,31.795,2208.51,24.62
7952,30.2759,2159.23,26.16
7953,30.748,2117.29,26.2
7954,31.9902,2194.39,26.12
7955,31.1805,2126.42,26.22
7956,30.0962,2169.94,27.71
7957,29.7311,2154.99,26.88
7958,29.1969,1995.71,25.93
7959,28.1806,2147.49,26.09
7960,29.6956,2127.69,26.01
7961,27.6724,2161.13,25.21
7962,28.3078,2016.08,25.45
7963,28.4134,2114.46,24.01
7964,29.3937,2041.67,23.62
7965,27.9767,2029.11,23.16
7966,29.103,2125.4,22.46
7967,29.6819,2066.96,22.54
7968,29.3965,2145.99,22.48
7969,30.7028,2025.77,23.28
7970,30.3308,2063.54,23.34
7971,31.0924,2064.11,23.37
7972,30.7027,2059.86,24.12
7973,30.2268,2034.49,23.7
7974,31.0067,1945.32,26.3
7975,33.4539,2051.96,25.39
7976,31.3301,2151.5,25.86
7977,31.231,2091.96,25.77
7978,31.8448,2036.39,26.3
7979,29.1145,1912.5,27.56
7980,29.6378,2033.66,28.13
7981,29.2177,1999.2,26.37
7982,28.9941,2036.46,25.63
7983,28.6962,2057.09,26.89
7984,28.5869,1930.7,26.86
7985,28.251,2033.88,25.78
7986,28.687,2023.84,23.18
7987,29.9296,2051.71,24.26
7988,28.6551,2061.38,23.91
7989,28.7216,2202.52,24.78
7990,28.5828,2084.25,22.61
7991,29.4301,1967.96,23.22
7992,29.7704,1968.56,22.9
7993,31.3413,2001.3,22.81
7994,30.6661,1964.14,23.08
7995,30.4843,2062.6,24.23
7996,32.1757,1954.94,24.71
7997,31.3408,1887.23,25.12
7998,31.7336,1951.19,24.65
7999,31.5,2013.39,24.63
