clock_hour,q_feed_available_m3_h,c_feed_mg_l,temp_c
0,32.1655,1981.81,23.02
1,30.8907,2024.12,23.44
2,31.4764,2024.07,23.35
3,31.4637,2029.3,22.96
4,31.8199,1986.22,24.7
5,31.1934,2049.43,24.5
6,30.8215,2010.16,24.64
7,31.9337,1999.84,25.79
8,29.6845,2014.17,25.77
9,31.6528,1984.63,26.91
10,31.1731,2055.57,26.22
11,29.917,2116.52,26.22
12,30.151,2069.36,27.27
13,29.0047,2090.2,26.89
14,28.5034,2056.13,26.81
15,29.7034,2088.57,26.19
16,28.8536,2112.03,26.28
17,30.1341,2091.34,24.53
18,30.5848,2082.15,25.48
19,29.0979,2067.7,24.4
20,28.9431,2115.47,23.75
21,30.2943,2037.59,23.58
22,27.8851,2130.15,22.28
23,28.6845,2235.07,23.07
24,29.8921,2170.64,21.89
25,30.7007,2102.08,22.69
26,30.8835,2170.48,23.26
27,31.2083,2103.24,23.51
28,31.9452,2126.2,24.21
29,31.5073,2235.9,24.65
30,32.011,2052.6,25.88
31,31.7126,2173.79,26.07
32,30.9014,2081.47,25.35
33,30.4574,2004.86,25.62
34,29.9953,2118.98,26.96
35,30.776,2235.27,26.25
36,29.9066,2152.22,26.6
37,31.1332,2158.99,27.05
38,29.4405,2203.12,27.15
39,30.5367,2126.94,26.34
40,27.9064,2099.87,25.78
41,28.7086,2115.96,25.32
42,27.5907,2030.43,25.51
43,28.5514,2133.95,24.81
44,29.5217,2148.93,24.05
45,28.8141,2147.77,23.91
46,29.2247,2216.64,23.59
47,30.1316,2247.01,23.17
48,31.7239,2143.45,22.94
49,29.9,2139.84,23.27
50,30.1457,2111.61,24.06
51,30.7835,2140.43,23.95
52,31.4167,2086.55,24.28
53,31.0653,2187.62,25.63
54,31.947,2070.19,23.72
55,32.2687,2165.74,25.63
56,30.5583,2218.66,26.07
57,32.551,2158.05,26.09
58,29.8429,2230.65,25.6
59,30.8766,2057.5,27.01
60,30.3088,2077.01,26.63
61,31.279,2105.35,26.36
62,28.9488,2100.37,27.32
63,29.1236,2140.68,26.35
64,29.2459,2034.83,25.08
65,29.3792,2113.05,25.67
66,28.4751,2178.97,24.63
67,30.1031,2149.19,23.78
68,27.8968,2151.37,23.7
69,28.3459,2056.74,24.07
70,29.3997,2080.46,22.67
71,29.0255,2113.73,23.07
72,28.8937,2017.69,23.0
73,31.5742,2041.67,23.1
74,31.5192,2062.15,23.79
75,29.3477,2042.97,22.97
76,32.0931,2106.79,24.23
77,32.4027,2006.27,24.86
78,30.6626,2015.19,24.38
79,32.4831,2171.63,25.54
80,30.125,2064.12,26.08
81,30.6654,2031.79,26.38
82,30.62,2035.69,27.62
83,30.7769,2038.93,26.59
84,30.314,2031.35,26.65
85,29.789,2093.56,26.35
86,28.5658,2074.0,26.81
87,30.1729,2075.33,26.28
88,29.234,2067.87,25.73
89,28.1205,1933.58,26.28
90,28.0451,2077.15,24.79
91,29.677,1945.13,24.27
92,29.2144,2014.32,23.14
93,28.2153,2007.8,23.94
94,28.9371,2100.26,23.67
95,30.4344,1980.79,23.65
96,28.4219,1897.69,22.79
97,29.6947,1956.13,22.41
98,31.3266,2087.38,23.53
99,30.0822,1996.44,23.34
100,32.5845,1965.79,24.14
101,30.5563,1949.8,24.11
102,30.3917,1910.52,25.16
103,30.3852,1939.17,25.62
104,31.3322,1934.88,25.98
105,30.7318,1874.15,26.26
106,30.1329,1863.45,27.26
107,30.4766,2083.64,27.17
108,29.3563,1943.81,26.92
109,29.8146,1855.08,28.11
110,29.7693,1971.61,27.03
111,29.2265,1953.73,26.62
112,27.8366,1994.06,25.96
113,29.273,1928.84,25.27
114,28.6294,1935.47,24.51
115,29.2175,1960.47,24.94
116,29.4815,1988.08,23.68
117,28.6287,1853.38,23.25
118,29.8767,1907.22,23.81
119,29.0446,1905.2,22.39
120,30.4695,1906.9,22.86
121,29.0912,1928.32,23.15
122,31.292,1930.44,22.65
123,31.0815,1975.05,23.96
124,29.9564,1864.52,24.71
125,31.7161,1861.24,23.68
126,31.074,2048.59,25.6
127,33.1431,2027.74,25.88
128,31.4571,1955.34,25.93
129,32.903,1953.54,26.27
130,31.3332,1882.96,27.48
131,29.6978,1958.68,27.36
132,30.2445,1990.03,27.11
133,29.8063,1797.48,26.35
134,29.9413,1970.0,27.21
135,27.6906,1952.98,26.48
136,28.4994,1896.52,25.21
137,28.0886,1897.98,25.41
138,28.6896,1928.33,24.6
139,28.7117,1905.42,24.14
140,28.9632,1903.51,24.39
141,29.4789,1904.74,23.51
142,29.1108,1957.28,23.7
143,30.2359,1913.33,23.33
144,29.6934,2032.73,22.58
145,30.0608,1866.58,23.52
146,31.0248,2022.33,22.91
147,31.2177,1938.52,23.95
148,30.5128,1899.36,23.88
149,33.2341,1903.26,24.91
150,30.7229,1951.12,25.53
151,30.231,2026.92,25.07
152,32.206,2033.83,26.03
153,31.4832,2023.23,27.61
154,31.0648,1995.43,26.43
155,29.8838,1957.74,26.93
156,28.8814,1923.18,26.94
157,29.4363,1974.71,26.75
158,29.2135,1961.0,26.36
159,28.9493,2079.07,26.27
160,28.7759,1918.96,26.2
161,29.5438,1844.87,25.61
162,27.6218,1998.9,24.19
163,27.0247,2061.31,24.19
164,28.3969,2053.65,24.49
165,27.6065,1979.4,24.0
166,27.0604,2029.61,23.16
167,30.8298,2043.05,23.23
168,30.1424,2170.81,22.56
169,29.8868,2077.53,22.23
170,30.4371,1968.48,22.97
171,32.4554,2159.23,23.23
172,32.2031,2016.86,23.74
173,32.1671,1993.37,24.93
174,31.7647,2090.6,25.01
175,30.5984,1991.49,25.64
176,31.1987,2117.86,25.53
177,30.3042,2120.92,25.97
178,32.3736,2121.0,26.91
179,29.5511,2182.94,27.29
180,28.9548,2069.97,26.36
181,28.3054,2092.31,27.35
182,29.8917,2126.74,27.69
183,27.6053,2101.08,27.01
184,29.188,2089.9,26.37
185,28.7803,2098.62,25.19
186,28.3354,2107.26,24.48
187,30.5463,2229.61,24.35
188,28.2632,2107.1,23.91
189,29.3367,2174.94,24.43
190,28.2615,2205.0,23.39
191,28.973,2100.72,23.71
192,30.6033,2103.17,23.18
193,29.7706,2097.79,22.46
194,30.7225,2095.4,23.49
195,31.6114,2196.44,23.63
196,31.3643,2231.36,24.39
197,31.1167,2130.04,23.96
198,31.5429,2209.11,24.31
199,29.7568,2116.31,25.36
200,31.0754,2165.23,26.27
201,31.9108,2151.82,25.93
202,32.1516,2134.97,27.09
203,30.9447,2088.04,26.63
204,30.1229,2147.29,27.21
205,29.7459,2193.8,26.56
206,28.6373,2117.21,26.98
207,29.7092,2077.2,26.37
208,29.4232,2112.13,26.87
209,28.1208,2173.55,25.69
210,27.2603,2087.94,25.09
211,28.8993,2073.08,24.73
212,29.7089,2184.46,23.39
213,28.581,2141.72,24.17
214,29.463,2117.25,23.21
215,29.9418,2250.37,22.33
216,30.791,2030.44,22.18
217,30.7993,2136.0,22.79
218,30.0074,2104.98,23.01
219,31.7382,2217.26,24.19
220,31.0603,2117.46,25.09
221,31.4722,2276.09,25.26
222,32.2112,2175.02,24.9
223,29.9775,2207.73,24.58
224,31.9899,2108.96,27.98
225,30.1994,2078.83,26.17
226,30.2857,2218.01,26.56
227,31.3555,2165.73,27.26
228,30.9614,2161.81,26.92
229,28.9554,2066.06,26.67
230,28.4263,2131.06,25.36
231,27.7195,2148.48,25.59
232,28.0171,2020.55,25.99
233,29.8334,2115.78,26.67
234,28.6484,2184.25,24.84
235,27.7559,2151.36,25.2
236,28.5954,2165.44,24.63
237,27.8713,2089.72,23.01
238,29.1786,2025.43,23.36
239,30.1706,2113.2,22.56
240,28.8727,2130.39,22.34
241,31.085,2047.4,23.29
242,32.0186,2059.73,23.87
243,31.8044,2071.36,22.99
244,30.8583,2041.28,23.54
245,32.2025,2200.32,24.11
246,30.7197,2144.8,25.34
247,30.605,2084.71,24.84
248,33.0314,2120.21,25.8
249,30.0469,2006.42,26.41
250,30.1077,2084.86,26.18
251,30.1854,1963.51,26.99
252,30.0726,1954.28,27.95
253,30.6691,2103.52,26.59
254,29.8853,2121.68,26.93
255,30.0271,2085.78,26.83
256,29.3185,2055.61,25.58
257,28.7865,1932.12,25.77
258,27.3868,2046.76,24.35
259,28.6691,1997.75,24.44
260,28.1174,1934.85,23.6
261,28.3633,2019.24,24.3
262,29.0218,1970.8,23.48
263,31.2842,2013.42,23.82
264,30.8032,1991.4,23.05
265,31.2138,1919.3,22.55
266,29.8851,1964.54,22.79
267,31.0604,1947.38,23.51
268,31.1231,1974.36,24.51
269,31.6831,1892.65,24.25
270,32.1675,2026.04,24.75
271,31.3365,1957.49,26.72
272,31.3944,1957.04,26.43
273,31.5932,1899.55,26.5
274,31.0761,1975.43,26.96
275,31.0345,1973.39,27.11
276,27.8108,1881.49,28.5
277,28.8236,1889.14,27.02
278,29.1258,2069.48,27.56
279,28.1288,1921.42,26.15
280,27.831,1833.29,27.11
281,26.4969,2023.18,25.71
282,29.0288,2029.33,25.8
283,28.2848,1885.85,25.19
284,27.9581,1918.62,23.73
285,30.3121,1974.25,23.88
286,28.875,1754.24,23.28
287,30.2998,1872.91,22.51
288,30.1841,1936.37,23.38
289,30.8832,1860.92,22.68
290,29.1079,1922.04,24.22
291,30.9273,1968.52,23.78
292,30.9423,2006.76,23.72
293,31.9976,1876.7,23.58
294,33.728,1963.62,23.78
295,32.6679,1820.51,25.58
296,32.3312,2062.47,25.01
297,29.878,1858.62,25.78
298,30.9214,1892.76,27.68
299,30.1958,1910.68,27.47
300,28.8632,1964.1,26.68
301,29.8691,1872.25,27.0
302,30.0559,1894.05,26.33
303,29.2032,1949.38,26.55
304,29.4374,1969.86,26.13
305,29.6304,1958.71,24.92
306,28.1977,1896.06,24.77
307,30.1154,2015.02,24.79
308,28.0143,1997.33,23.7
309,28.7616,1911.22,22.84
310,29.209,1881.19,23.96
311,29.2605,1954.73,24.0
312,28.7992,1849.22,23.09
313,31.2349,1894.7,22.88
314,32.234,1940.23,23.47
315,31.4625,2002.89,23.15
316,31.3907,1961.23,23.62
317,31.1541,1971.64,24.88
318,31.8675,1920.49,24.28
319,31.9173,1921.42,25.66
320,31.1535,1905.41,25.93
321,30.5781,1953.2,26.96
322,28.7079,1931.73,26.82
323,30.3627,1977.68,25.57
324,31.1258,2000.16,27.71
325,29.6605,1884.57,27.28
326,28.0161,2019.92,26.89
327,28.2825,1937.39,25.58
328,27.4216,2091.88,25.33
329,26.896,1888.72,25.99
330,29.7078,2038.15,25.02
331,28.6909,2009.45,24.86
332,29.0717,1939.83,24.43
333,27.1742,2057.37,23.26
334,29.6853,2128.5,23.58
335,30.1704,1998.59,23.19
336,31.0024,1948.26,23.49
337,29.5496,2108.67,22.81
338,29.7249,2118.59,22.64
339,32.082,2073.11,23.64
340,31.8151,2010.95,24.34
341,31.2108,2078.12,24.26
342,32.1046,2029.01,24.66
343,32.8554,2129.56,26.0
344,31.5447,2082.14,26.96
345,31.4846,2159.12,26.37
346,31.5021,1942.98,26.87
347,30.9852,2127.35,26.85
348,29.887,2088.74,26.79
349,29.6802,2208.65,26.05
350,27.743,2170.47,26.44
351,27.888,2188.63,26.25
352,30.782,2141.49,25.91
353,28.0611,2107.9,26.07
354,27.128,2139.57,24.04
355,29.6311,2201.58,23.9
356,30.1402,2102.04,24.25
357,27.8891,2205.17,23.86
358,29.2769,2082.88,23.81
359,29.4356,2040.94,23.27
360,29.7532,2249.86,22.43
361,29.7146,2049.66,22.58
362,30.0851,2191.87,22.87
363,30.6655,2108.67,23.72
364,31.7413,2136.35,23.94
365,31.2965,2065.72,24.69
366,31.6853,2332.87,24.81
367,31.5732,2176.08,25.99
368,31.1425,2099.49,25.9
369,30.539,2055.6,25.72
370,30.0638,2265.94,25.96
371,30.0894,2186.09,27.48
372,29.9872,2074.15,27.61
373,28.4653,2149.51,25.89
374,28.6212,2159.18,26.16
375,29.7243,2097.25,26.91
376,28.0474,2179.25,26.61
377,28.6489,2037.78,24.89
378,27.3586,2146.05,24.78
379,29.5595,2216.12,23.8
380,29.7824,2160.85,23.94
381,29.1451,2181.5,23.63
382,29.3509,2087.3,22.25
383,29.9846,2038.59,22.75
384,29.8913,2226.18,23.74
385,29.8197,2088.28,22.41
386,31.4409,2231.4,23.11
387,30.4793,2047.01,24.21
388,31.633,2071.9,24.6
389,32.4675,2121.09,24.33
390,30.5442,2272.62,25.02
391,31.3327,2093.1,25.21
392,31.3099,2069.17,26.64
393,29.3355,2187.32,26.25
394,30.3541,2127.23,25.55
395,30.4456,2076.67,27.05
396,28.9668,2178.39,27.2
397,30.4126,2225.73,26.89
398,30.5852,2169.72,26.95
399,30.1235,2205.88,27.29
400,30.3691,2124.25,25.88
401,28.3177,2070.36,24.44
402,29.453,2158.76,24.97
403,28.8236,2137.96,24.38
404,27.7137,2137.51,23.89
405,28.1829,1995.19,23.85
406,28.9292,2134.09,23.96
407,28.1882,2145.32,23.58
408,29.9818,2039.01,22.65
409,30.4134,2105.46,22.88
410,33.0606,2228.36,22.27
411,31.3046,2106.03,23.66
412,32.4083,2007.6,24.75
413,31.8961,2051.04,23.57
414,30.9508,2230.54,24.72
415,30.6733,1983.87,25.08
416,30.8406,2025.3,25.85
417,30.7927,2104.17,25.99
418,31.683,1981.05,26.53
419,31.389,2017.17,26.94
420,29.6863,1991.84,27.36
421,29.4137,2055.37,26.97
422,28.6111,1963.27,26.04
423,28.7879,2066.29,26.02
424,28.9224,2037.13,26.07
425,28.1083,2089.58,26.02
426,28.6136,1958.68,24.22
427,28.0402,2001.65,25.14
428,29.782,1961.62,23.99
429,29.1231,1944.24,23.66
430,28.7926,2049.56,22.69
431,30.7505,2002.3,22.51
432,28.5977,2027.36,22.73
433,30.2835,1971.18,23.24
434,31.9909,2089.6,24.09
435,32.0548,1912.09,23.51
436,31.9437,2028.93,23.9
437,31.4195,2056.64,24.47
438,32.3298,1957.15,25.33
439,32.0425,1964.0,24.91
440,32.1787,2098.34,25.87
441,30.2403,1850.39,26.23
442,31.6557,1880.24,26.81
443,29.6537,1951.95,28.11
444,28.9672,1903.89,27.01
445,29.6047,1921.85,26.52
446,29.1923,1871.54,26.59
447,29.9734,1966.42,26.85
448,28.5296,2007.49,25.92
449,28.8111,1904.65,24.95
450,27.6845,1951.12,25.47
451,27.5564,1894.76,24.28
452,28.4076,1832.68,23.62
453,29.4108,1973.68,24.24
454,31.3457,1948.73,23.19
455,28.7601,1913.63,23.25
456,31.4612,1892.84,23.89
457,30.1583,1858.91,22.18
458,31.895,1867.92,22.76
459,29.8711,1894.77,23.85
460,31.5107,1913.81,24.3
461,31.5774,1924.29,24.74
462,31.138,1977.41,24.65
463,31.228,2060.0,26.36
464,31.2983,1799.42,26.24
465,31.1649,1890.61,25.77
466,29.223,1903.03,26.7
467,29.3749,2084.53,26.44
468,29.2875,1985.61,26.24
469,27.3846,1959.47,26.38
470,28.1412,1889.43,27.34
471,29.536,1863.08,27.19
472,28.9479,1977.83,25.74
473,27.8026,1973.69,25.98
474,29.253,1958.11,24.59
475,28.5445,1870.98,24.37
476,27.9448,1884.62,24.3
477,29.4404,1887.62,23.99
478,30.3215,1952.1,23.02
479,29.3264,1913.63,23.92
480,30.5908,1863.05,22.85
481,30.6225,2029.47,22.77
482,31.0106,1934.39,23.3
483,30.0519,1904.51,23.63
484,30.1991,1954.97,24.13
485,30.5501,1888.73,23.86
486,31.7506,2041.5,25.76
487,31.3941,1860.59,24.46
488,31.1481,1907.34,25.92
489,32.0967,1981.37,24.78
490,31.9793,1982.42,26.96
491,28.8726,1910.94,26.97
492,28.2801,2043.94,26.93
493,29.2384,2010.03,27.12
494,29.6022,1882.84,26.91
495,29.404,2030.67,26.35
496,28.4844,1916.74,26.04
497,26.8423,1995.24,24.91
498,30.0137,1923.91,25.07
499,27.9928,2052.26,24.55
500,28.9875,1999.34,24.0
501,28.9561,2068.6,23.45
502,28.9843,1962.05,23.63
503,30.5075,1946.02,22.74
504,31.016,1912.83,22.98
505,29.2892,2144.91,22.61
506,28.681,1994.37,23.4
507,30.5309,2106.92,24.36
508,31.5743,2031.18,24.32
509,31.6717,1989.51,24.47
510,31.787,2182.31,24.85
511,32.3564,2063.67,25.55
512,32.1195,2163.42,25.61
513,30.7068,2076.51,26.13
514,29.6355,2094.93,27.66
515,29.7738,2107.11,26.72
516,30.956,2097.5,27.01
517,29.0398,2096.53,27.19
518,30.1642,2127.59,26.1
519,29.4825,2080.8,25.95
520,30.4419,2101.4,26.05
521,28.5424,2131.85,25.22
522,26.6302,2140.06,25.28
523,30.1676,2183.55,23.65
524,28.7279,2158.13,24.33
525,28.8395,2091.17,23.49
526,30.4013,2118.87,22.99
527,29.3323,2217.82,22.81
528,29.1416,2174.69,23.3
529,30.1057,2196.79,22.05
530,31.2149,2129.4,23.63
531,30.7461,2158.71,24.15
532,32.76,2131.05,24.81
533,30.6697,2216.81,24.48
534,30.8731,2147.26,24.8
535,30.3426,2060.67,25.76
536,32.8352,2196.45,25.1
537,32.4504,2112.54,26.18
538,30.5076,2129.24,26.49
539,29.6756,2178.73,26.54
540,28.5658,2217.98,28.04
541,30.7753,2145.74,27.26
542,29.7524,2173.33,25.69
543,29.4564,2188.2,27.03
544,28.3973,2151.64,26.23
545,29.5229,2120.49,25.89
546,28.5197,2083.81,25.38
547,27.5888,2166.41,24.15
548,27.9669,2221.44,23.73
549,29.1502,2071.05,24.33
550,28.1445,2112.39,23.26
551,30.0346,2099.75,23.51
552,29.233,2218.96,22.67
553,30.0007,2190.91,22.85
554,30.3147,2154.19,23.17
555,30.7923,2237.83,23.18
556,31.7164,2103.81,24.62
557,30.3753,2217.46,25.03
558,30.9545,2173.61,24.84
559,30.3255,2184.07,25.87
560,30.8752,2148.41,26.02
561,30.2409,2121.87,26.23
562,30.854,2151.62,26.35
563,30.7427,2117.45,26.76
564,31.5487,2155.83,26.28
565,29.2179,2061.42,26.52
566,30.3204,2193.51,27.2
567,28.4905,2133.96,26.87
568,28.1474,2135.84,26.53
569,29.0498,2238.58,24.84
570,29.3121,2172.64,25.34
571,29.4245,2124.79,24.84
572,29.11,2097.74,24.18
573,29.055,2086.2,23.67
574,30.6661,2156.43,23.21
575,29.2174,2048.95,23.47
576,29.3066,2129.89,23.29
577,29.8692,2126.94,23.28
578,29.7033,2108.92,23.39
579,30.5093,2048.33,23.37
580,32.5722,2043.22,23.92
581,30.1385,2120.23,23.33
582,32.903,2063.58,25.27
583,30.196,2160.1,25.63
584,32.1539,2061.34,26.08
585,28.8549,2074.47,26.11
586,32.1488,2038.38,26.61
587,29.8266,2051.34,27.45
588,30.1527,1952.04,26.37
589,29.5423,2083.57,26.21
590,28.9695,2105.72,26.64
591,30.1775,1960.04,26.05
592,29.5577,2033.3,25.99
593,28.5024,2063.2,25.46
594,28.8772,1881.72,25.2
595,29.3115,1952.71,23.58
596,28.4558,1986.44,24.79
597,29.6287,2055.81,23.68
598,30.1007,2027.33,23.13
599,29.1317,1994.2,23.16
600,29.0712,1937.04,22.73
601,30.6596,1868.26,23.55
602,30.0324,1800.05,24.21
603,31.4069,1989.13,23.94
604,31.0747,1941.64,24.61
605,32.2605,1941.54,24.26
606,32.2335,1969.23,24.98
607,33.1439,2033.22,24.8
608,32.3097,1943.77,25.39
609,31.4902,1971.92,26.07
610,30.26,1894.57,26.34
611,29.5724,1922.43,26.79
612,30.4275,2040.97,27.46
613,30.6752,1966.2,26.89
614,29.9669,1931.54,27.19
615,28.8354,1917.2,25.67
616,28.2548,1883.21,27.71
617,29.4851,1906.23,25.42
618,28.7086,1987.38,25.12
619,27.1204,1939.74,25.04
620,29.9429,1945.53,24.12
621,27.1584,2085.78,23.26
622,28.6262,1888.37,23.5
623,29.2862,2013.27,21.98
624,30.4878,1891.16,23.37
625,29.9554,1921.6,22.84
626,30.1957,1837.03,24.02
627,31.0361,1859.79,22.97
628,32.2201,1902.98,23.93
629,31.1821,1949.66,24.74
630,33.1971,2056.36,24.96
631,31.6668,1907.22,25.29
632,30.9007,1950.69,26.06
633,30.7186,1973.3,27.02
634,30.2164,1937.94,26.35
635,30.923,1980.5,26.26
636,29.7685,1813.83,26.8
637,29.4816,1870.91,26.54
638,28.7424,1930.18,26.64
639,30.3983,1960.01,26.77
640,27.1717,1926.57,26.52
641,28.2807,1835.55,25.18
642,28.8118,1965.5,25.26
643,28.8085,1907.59,23.88
644,28.7341,1905.47,24.19
645,29.5459,1914.74,23.62
646,29.4532,1853.94,23.51
647,29.4519,1940.48,22.62
648,29.1682,1940.35,22.83
649,30.6595,1978.1,23.73
650,29.874,1922.19,23.14
651,29.4378,2004.07,23.71
652,32.0731,1864.07,23.97
653,31.2365,1963.16,24.35
654,31.1084,1897.61,26.13
655,31.2913,1901.96,25.6
656,31.1881,1984.91,26.19
657,30.8036,1960.98,26.92
658,30.6018,1977.57,26.39
659,30.5827,2104.81,27.18
660,29.8949,1909.92,27.64
661,30.0389,2080.36,26.71
662,31.2527,2023.05,27.53
663,29.7386,2015.33,26.29
664,29.0885,2000.9,25.52
665,28.6403,1997.12,25.81
666,28.8093,2053.09,24.7
667,29.1988,2104.47,24.03
668,29.0702,1978.45,24.83
669,29.8953,1892.15,22.78
670,30.1283,2078.0,22.04
671,29.4604,2040.7,22.92
672,29.6282,1983.98,23.56
673,30.7915,2050.59,23.14
674,32.1009,2002.87,23.77
675,30.1999,2016.23,24.09
676,31.6661,2112.38,24.47
677,31.4101,2028.48,22.98
678,31.3839,2093.69,24.89
679,31.2746,1991.69,26.11
680,32.5569,2142.1,25.93
681,31.9279,2060.62,27.01
682,30.8797,2043.63,27.04
683,29.9833,2068.64,26.4
684,30.7466,2013.3,27.28
685,29.9038,2025.12,27.06
686,28.91,2141.54,25.81
687,28.6144,2162.4,26.97
688,28.9169,2132.22,25.36
689,27.2267,2092.1,26.64
690,28.3839,2049.17,24.52
691,28.3297,2049.18,25.25
692,28.251,2124.19,23.12
693,29.5022,2096.66,23.97
694,28.6439,2143.5,24.16
695,29.8035,2068.89,23.79
696,29.6907,2052.16,23.01
697,30.0753,2143.32,22.58
698,30.3587,2138.12,23.32
699,33.3522,2222.16,22.88
700,31.3813,2247.99,24.06
701,30.7841,2159.84,24.36
702,30.2143,2117.34,25.2
703,30.2654,2049.4,25.81
704,30.5087,2222.28,25.58
705,30.6741,2147.41,26.55
706,30.5897,2139.46,27.17
707,31.2304,2266.92,27.26
708,29.6151,2148.49,26.6
709,29.9131,2171.11,27.13
710,29.2256,2155.09,26.65
711,29.425,2189.59,26.5
712,29.1062,2171.22,26.55
713,28.576,2131.32,25.46
714,28.4185,2158.79,24.87
715,30.1255,2239.6,24.03
716,28.7876,2105.21,23.84
717,28.0242,2167.76,23.72
718,28.7836,2233.69,23.78
719,28.272,2219.06,22.77
720,29.4809,2195.38,22.42
721,29.2122,2038.7,22.62
722,31.5712,2133.09,23.28
723,32.855,2139.38,23.62
724,31.5206,2092.63,24.57
725,30.8368,2113.13,24.99
726,30.9027,2096.05,25.23
727,30.4242,2139.7,25.25
728,30.1828,2152.68,25.48
729,30.8585,2141.39,26.47
730,31.5649,2145.08,26.77
731,30.068,2128.02,26.72
732,28.5786,2141.34,26.91
733,31.3052,2097.28,26.66
734,27.7294,2142.78,25.93
735,29.4275,2004.29,26.11
736,30.2342,2126.69,26.38
737,29.5127,2220.85,25.72
738,29.1334,1962.98,25.24
739,26.9689,2145.04,23.47
740,29.356,2118.63,23.0
741,28.3678,2185.39,24.24
742,29.234,2137.73,22.43
743,28.4535,2129.73,22.64
744,28.9992,2158.37,22.95
745,29.5743,2117.27,23.94
746,32.2846,2070.44,23.65
747,30.336,2070.78,23.52
748,30.1921,1975.51,23.38
749,29.5198,1997.41,24.95
750,32.9572,2142.17,24.71
751,31.9908,2145.63,25.37
752,30.8656,2086.58,26.52
753,29.1004,2044.01,26.27
754,29.886,2047.93,26.79
755,29.7531,1989.42,28.64
756,31.6369,1956.16,26.96
757,28.9002,1978.15,27.41
758,29.7776,2047.52,27.12
759,27.5594,2071.68,26.42
760,28.4171,1934.55,26.12
761,29.37,1999.66,25.19
762,28.0008,1940.9,25.0
763,27.4101,2006.0,24.96
764,29.3075,1991.61,23.87
765,29.4124,2024.83,23.74
766,29.4895,1858.89,22.55
767,30.5138,2114.84,22.87
768,29.6223,2077.41,23.1
769,30.6911,2013.34,23.25
770,29.8498,2014.7,23.95
771,30.8495,1861.52,23.76
772,31.3534,1974.8,24.53
773,29.7085,2023.45,24.61
774,31.0177,1895.29,24.67
775,32.0141,2050.17,26.16
776,30.0211,1895.75,25.56
777,30.4893,1943.14,26.95
778,30.8372,2010.89,27.26
779,32.8182,1915.8,25.83
780,30.785,2060.35,27.5
781,29.1745,1928.58,27.29
782,27.9924,1790.58,26.33
783,28.651,2044.19,26.91
784,28.7268,1916.36,25.97
785,29.4295,1967.31,26.59
786,28.0745,1945.39,25.21
787,29.2245,1901.5,25.02
788,29.5881,1923.32,23.8
789,28.7481,1904.39,23.71
790,29.8762,2015.2,23.76
791,29.3179,1928.93,22.73
792,30.0221,1933.79,22.96
793,29.172,1951.06,22.43
794,30.7869,1979.61,22.63
795,31.749,1882.77,24.01
796,31.765,1916.1,24.04
797,31.2554,1955.08,24.04
798,32.3087,1904.24,25.39
799,30.9762,1891.35,25.41
800,31.1144,1972.89,24.54
801,29.9683,1915.47,26.56
802,31.2954,1974.22,26.92
803,30.043,1917.39,26.49
804,30.1877,1849.96,26.57
805,29.7665,1928.08,27.1
806,29.2463,1991.0,26.08
807,29.1863,1948.23,26.31
808,29.3011,1975.8,26.21
809,28.4814,1976.45,25.48
810,28.944,1938.89,25.5
811,28.6907,1912.59,25.05
812,29.168,1916.39,24.3
813,28.7439,1956.37,24.43
814,30.0828,2029.01,22.39
815,30.1152,1981.92,23.17
816,29.3252,1887.76,23.46
817,30.2583,1929.34,23.17
818,30.1516,1803.09,23.13
819,29.628,1948.9,23.81
820,31.1293,1942.53,24.27
821,32.513,1980.42,24.65
822,32.0466,1932.1,25.62
823,31.4417,1918.2,25.61
824,31.6428,1967.77,26.1
825,31.5906,2017.58,27.32
826,31.7288,2040.32,27.01
827,31.062,1932.91,27.97
828,31.7065,2001.63,27.4
829,30.5392,2038.51,26.8
830,27.8589,1995.61,26.74
831,29.0466,1975.84,26.55
832,29.533,2017.65,25.57
833,28.3909,2043.36,25.87
834,27.2518,1994.59,24.18
835,28.5914,2051.0,25.4
836,28.2119,1982.95,24.56
837,27.1545,1982.18,23.89
838,29.1496,2115.69,23.38
839,30.4784,2036.05,23.23
840,30.5724,2023.33,23.17
841,30.9542,2199.61,23.17
842,30.888,2047.77,23.62
843,30.2108,2001.81,23.88
844,32.2879,2069.23,24.1
845,31.2699,1997.17,24.6
846,31.016,2037.55,24.75
847,31.5979,2009.95,25.42
848,32.6895,2073.67,26.07
849,31.4711,2021.57,26.23
850,31.0356,2121.71,27.52
851,29.6634,2173.79,27.39
852,31.5683,2092.58,27.14
853,30.3385,2076.67,26.2
854,30.5663,2141.33,26.86
855,30.4208,2000.58,25.86
856,27.7531,2139.51,26.08
857,29.2696,2068.43,26.06
858,29.14,2156.35,25.08
859,27.1044,2059.82,24.5
860,28.9928,2096.17,23.99
861,28.577,2188.3,24.6
862,27.6578,2068.74,24.01
863,30.2516,2122.53,23.16
864,29.8427,2151.78,23.0
865,30.3421,2015.94,23.19
866,31.358,2159.05,22.2
867,31.1265,2143.44,23.38
868,31.6604,2192.21,23.57
869,30.4495,2194.55,24.53
870,32.1344,2150.47,25.49
871,31.1603,2232.02,25.01
872,30.4793,2173.83,25.77
873,30.7711,2175.65,26.65
874,31.3538,2137.28,26.81
875,29.2188,2135.89,27.57
876,30.5478,2225.43,26.83
877,29.3072,2133.59,26.98
878,30.7498,2111.87,27.65
879,29.5226,2189.1,26.73
880,28.9641,2287.78,25.63
881,29.2073,2080.06,25.62
882,28.083,2211.62,25.5
883,28.9337,2134.54,24.14
884,28.5461,2134.48,23.36
885,28.4954,2147.18,23.5
886,29.4567,2196.68,23.1
887,29.5124,2140.23,22.79
888,31.0828,2135.7,21.92
889,30.6395,2174.04,23.34
890,31.0262,2145.99,22.96
891,30.9257,2160.59,23.17
892,32.3334,2207.42,24.45
893,29.9552,2097.33,24.75
894,30.0138,2126.99,24.98
895,30.5013,2100.7,25.07
896,31.3144,2125.28,25.0
897,29.4727,2144.59,27.17
898,29.8993,2143.77,26.81
899,30.9368,2080.0,26.9
900,30.4295,2178.05,27.42
901,28.4358,2093.91,27.18
902,29.8115,2140.44,25.56
903,30.1795,2207.79,25.68
904,30.4257,2192.8,26.68
905,28.6931,2156.26,25.0
906,28.7373,2143.24,25.5
907,28.471,2220.29,23.24
908,30.0637,2059.09,23.79
909,29.3633,2093.08,24.28
910,28.4977,2121.94,23.63
911,30.2895,2131.27,23.39
912,29.5091,2060.05,22.25
913,30.8662,2046.04,22.11
914,29.7288,2089.94,24.05
915,30.9696,2034.36,23.07
916,33.2561,2050.8,24.66
917,30.4913,2051.86,25.05
918,31.6905,2100.67,24.36
919,32.385,2158.73,25.79
920,31.1126,2096.46,25.49
921,31.9268,2083.4,25.91
922,31.1299,2096.91,26.92
923,29.898,2099.07,26.43
924,29.3681,1984.0,26.58
925,29.775,2044.06,26.91
926,27.8159,1962.8,27.34
927,27.9134,2118.82,26.03
928,28.8593,2082.35,26.63
929,27.5742,1993.07,25.85
930,28.2989,1986.72,25.05
931,27.5768,2075.31,24.39
932,29.7033,2050.5,24.06
933,29.6614,2001.99,23.09
934,29.6117,1985.19,23.87
935,29.7644,1959.06,22.71
936,29.572,1979.96,22.51
937,29.4596,2023.84,23.37
938,32.4532,1989.47,23.76
939,31.5559,1937.2,23.07
940,31.1692,1983.58,23.62
941,31.8065,2031.19,24.69
942,32.2691,1937.17,25.16
943,32.5002,2064.22,25.28
944,32.6516,1962.59,25.73
945,31.6558,1886.38,25.44
946,30.091,2024.5,26.65
947,30.4537,1932.8,27.2
948,30.4078,2004.55,26.91
949,29.547,1954.95,27.89
950,29.3185,1941.2,26.33
951,26.4616,1894.95,26.8
952,30.0484,1989.92,26.21
953,28.4232,2129.51,25.93
954,29.8823,1933.93,24.74
955,29.3116,1919.69,24.44
956,29.0319,1945.21,24.85
957,30.5779,1958.13,24.03
958,28.6948,1933.01,22.96
959,31.834,1913.98,23.46
960,30.0774,1902.68,23.9
961,28.8977,2042.83,23.68
962,30.1819,1848.28,23.74
963,31.1586,1957.04,23.25
964,29.8337,1909.57,23.36
965,31.3375,1871.74,23.6
966,31.1285,1967.78,24.46
967,30.8737,2001.65,25.32
968,30.8505,1965.42,24.75
969,30.4235,2011.11,26.05
970,30.9118,1999.45,26.74
971,30.6148,1946.35,26.33
972,29.8905,2003.33,27.48
973,29.6636,1904.55,26.59
974,29.4972,2052.47,26.88
975,29.3952,1895.35,26.44
976,28.8833,1819.24,26.39
977,30.0516,1939.91,24.98
978,29.8765,1973.73,24.51
979,27.7115,1890.3,24.51
980,27.8487,1902.48,22.99
981,28.1113,1878.03,23.58
982,29.8714,1869.43,22.33
983,29.1314,1972.24,23.57
984,30.9522,1973.7,23.71
985,29.6459,1975.31,22.41
986,29.5976,1955.1,23.91
987,29.6718,1874.95,24.09
988,29.9635,1965.2,24.22
989,31.1143,1866.42,24.58
990,33.1456,2019.62,25.34
991,32.027,2003.66,25.12
992,31.4012,1975.84,26.29
993,30.4879,1973.64,26.57
994,30.4799,2061.37,26.86
995,29.7587,1914.79,27.42
996,29.6768,1982.39,25.96
997,29.7706,1916.39,27.38
998,29.7668,1932.67,26.77
999,28.6505,1974.95,26.5
1000,29.2223,2015.62,26.41
1001,28.4913,2089.4,25.41
1002,28.1924,1943.16,24.82
1003,28.9012,1963.83,24.25
1004,28.2937,1991.8,24.22
1005,29.006,2003.3,22.96
1006,29.2339,1987.61,23.66
1007,30.4511,2068.36,22.47
1008,29.9363,2071.24,21.77
1009,30.673,2058.86,23.24
1010,29.93,2045.86,22.77
1011,30.8791,2000.25,23.85
1012,32.3428,2122.57,24.86
1013,32.536,2023.29,24.24
1014,32.047,2040.02,25.78
1015,31.0175,1992.32,25.2
1016,30.6553,2066.92,25.42
1017,30.4013,2046.48,25.65
1018,30.3072,2155.48,26.89
1019,30.6832,2018.66,27.31
1020,29.4256,2003.83,27.16
1021,28.7892,2138.01,27.45
1022,28.302,2060.66,25.57
1023,28.3572,2021.7,27.19
1024,27.0385,2119.85,25.67
1025,27.3428,2193.1,25.13
1026,27.7157,2124.74,25.23
1027,28.2768,2112.94,24.04
1028,30.0011,2218.25,24.81
1029,29.5649,2076.0,23.69
1030,29.4221,2163.42,23.3
1031,28.3342,2213.98,23.28
1032,29.5855,2203.74,23.01
1033,30.8985,2227.14,22.97
1034,31.7724,2079.9,24.2
1035,29.1942,2249.53,24.62
1036,32.3919,2140.12,23.83
1037,31.3082,2193.83,25.09
1038,32.2331,2162.56,25.15
1039,30.9902,2135.83,24.15
1040,31.2518,2089.05,26.91
1041,30.0936,2290.28,26.24
1042,30.8215,2061.38,27.04
1043,31.627,2096.91,26.87
1044,31.0518,2206.57,26.96
1045,30.276,2046.98,26.82
1046,28.6038,2060.63,27.58
1047,28.7447,2066.93,26.19
1048,28.2299,2216.09,25.69
1049,28.8271,2252.23,25.34
1050,29.2877,2111.53,25.58
1051,27.604,2078.52,25.18
1052,28.2713,2028.03,24.09
1053,29.684,2080.61,22.95
1054,30.1339,2038.28,22.52
1055,28.6416,2090.93,23.77
1056,29.9367,2246.4,23.83
1057,31.38,2123.59,22.86
1058,31.7363,2295.69,23.61
1059,30.7665,2099.48,23.6
1060,32.1637,2109.61,24.43
1061,31.7452,2280.29,24.36
1062,30.732,2251.34,24.9
1063,32.8021,2145.48,25.94
1064,30.9702,2143.44,26.23
1065,30.9655,2109.57,26.1
1066,29.4836,2162.46,26.31
1067,29.9899,2132.26,26.4
1068,29.4272,2146.0,26.24
1069,28.1872,2075.76,26.52
1070,29.598,2179.89,26.54
1071,28.3666,2165.44,26.81
1072,29.4422,2082.02,26.6
1073,28.3112,2033.01,25.48
1074,29.4043,2149.98,25.78
1075,28.5949,2157.61,23.67
1076,28.5498,2165.61,23.95
1077,28.7789,2157.15,23.74
1078,28.5717,2114.29,23.14
1079,29.2136,2031.15,23.16
1080,30.659,2100.97,23.2
1081,31.0396,1943.76,23.19
1082,30.6444,2113.24,23.08
1083,30.9894,2122.73,23.68
1084,30.2037,2051.9,22.95
1085,31.0512,2040.64,24.53
1086,31.0734,2066.09,25.31
1087,30.3872,2083.85,26.19
1088,32.2542,2064.92,25.28
1089,30.8981,1976.23,26.25
1090,30.6506,2072.54,26.98
1091,31.01,2075.75,26.27
1092,29.2631,2002.77,26.51
1093,30.1577,2053.76,27.12
1094,27.4378,2054.76,25.83
1095,28.4777,2012.4,25.64
1096,27.0916,2086.7,25.79
1097,29.5383,2130.14,25.74
1098,29.0925,2005.66,25.52
1099,28.0379,2004.95,24.08
1100,28.7053,2006.13,23.49
1101,28.2574,2077.53,23.75
1102,29.5798,2071.6,23.08
1103,30.2304,1941.87,23.45
1104,29.5112,1914.83,22.6
1105,30.6969,1945.56,23.12
1106,30.0657,1881.04,23.74
1107,30.798,1910.64,23.66
1108,31.4746,1994.69,24.7
1109,32.061,1965.59,24.31
1110,30.9726,1961.03,25.24
1111,31.3626,2048.31,25.12
1112,31.6607,1905.69,26.0
1113,31.6776,1981.1,26.57
1114,31.8729,1934.24,26.79
1115,30.2574,1997.18,26.54
1116,31.5454,1994.4,27.01
1117,28.9768,1886.04,26.84
1118,29.9317,2015.48,26.71
1119,30.2269,1984.84,26.4
1120,30.1936,1837.27,26.18
1121,28.4693,1819.46,25.59
1122,27.6624,1932.66,24.29
1123,27.3367,1927.95,24.77
1124,28.3631,1931.62,23.56
1125,27.475,1890.69,23.12
1126,28.6254,1860.49,23.12
1127,28.1611,1861.47,22.92
1128,30.2728,1895.57,21.89
1129,31.2821,1909.77,23.63
1130,30.6275,1977.75,22.43
1131,32.2325,1991.24,23.8
1132,31.0307,1948.72,22.55
1133,31.9637,1928.7,24.78
1134,30.7404,1978.23,24.81
1135,31.6408,1889.47,25.49
1136,31.956,1838.82,25.48
1137,31.349,1866.96,26.68
1138,31.596,2011.34,26.89
1139,30.5259,1920.68,28.13
1140,30.0825,1865.83,26.87
1141,29.7611,1890.01,27.22
1142,30.2331,1906.95,27.14
1143,29.2658,1903.92,26.48
1144,29.0874,1767.76,25.85
1145,28.7291,1926.7,26.38
1146,29.4582,1891.53,24.86
1147,26.6789,2042.84,23.56
1148,28.2064,2000.06,23.59
1149,28.99,2017.56,22.85
1150,29.3686,1948.32,23.17
1151,28.4314,1877.24,23.32
1152,31.2573,1872.67,23.2
1153,30.5432,1790.62,23.56
1154,30.3218,2045.16,22.97
1155,32.1947,1921.99,23.67
1156,32.0736,1926.75,23.36
1157,30.2688,2019.26,24.29
1158,29.7469,2006.77,25.53
1159,30.755,1847.73,24.93
1160,32.0015,2014.95,26.51
1161,31.7343,1996.82,26.15
1162,31.0321,2033.1,26.89
1163,31.0612,2029.15,27.12
1164,29.85,1978.58,26.36
1165,30.5823,2082.08,26.3
1166,29.9464,2074.19,26.86
1167,28.2132,2044.01,25.95
1168,28.6585,2092.25,26.09
1169,28.6215,1974.3,26.12
1170,29.1938,1911.73,25.7
1171,27.7946,2036.02,24.53
1172,28.6489,2101.33,23.24
1173,29.4066,2024.1,24.31
1174,28.8622,1965.2,23.31
1175,30.3653,2048.83,23.36
1176,30.6292,2006.08,22.64
1177,29.9348,1982.24,22.78
1178,30.7353,2039.97,22.85
1179,31.231,2050.52,23.41
1180,31.2837,2164.32,23.58
1181,30.5922,2015.16,24.23
1182,30.8854,1987.81,23.93
1183,32.8751,2054.7,25.73
1184,30.9561,2026.7,26.54
1185,31.4961,2089.94,26.23
1186,30.343,2127.52,26.62
1187,28.8227,2184.18,26.18
1188,31.6589,2181.52,26.67
1189,28.9389,2168.91,26.79
1190,29.3229,2038.26,26.5
1191,28.246,2134.43,26.3
1192,28.3596,2070.68,27.14
1193,28.4641,2162.32,26.02
1194,28.1209,2184.5,24.86
1195,28.9215,2142.46,24.22
1196,30.0688,2253.0,23.91
1197,28.66,2165.07,24.29
1198,30.2389,2134.19,24.15
1199,29.0972,2212.59,22.71
1200,30.3302,2139.4,22.39
1201,29.9088,2150.88,23.09
1202,30.7157,2101.49,24.25
1203,31.0116,2162.22,22.79
1204,32.332,2106.54,24.27
1205,32.0026,2074.92,24.16
1206,31.8862,2204.36,24.78
1207,31.2174,2178.05,25.81
1208,32.0101,2126.57,26.14
1209,31.7904,2242.35,26.05
1210,30.9083,2158.28,26.99
1211,29.9512,2213.05,28.27
1212,30.205,2151.28,26.34
1213,28.4992,2225.68,27.18
1214,30.1076,2034.09,26.46
1215,27.3717,2066.57,26.77
1216,29.6564,2080.07,25.39
1217,27.8329,2219.71,25.16
1218,27.9797,2092.15,25.09
1219,28.1946,2178.95,24.17
1220,29.2533,2100.73,24.03
1221,28.5384,2213.15,24.07
1222,29.9606,2154.28,23.18
1223,30.5005,2224.1,22.56
1224,30.788,2280.22,23.69
1225,29.6019,2295.28,22.81
1226,31.7946,2219.11,23.83
1227,30.611,2121.5,23.52
1228,33.0287,2153.37,23.64
1229,31.1083,2207.45,25.31
1230,29.7133,2137.76,24.93
1231,32.2814,2130.91,25.11
1232,31.1209,2161.41,26.76
1233,30.1814,2142.23,28.23
1234,29.9344,2222.25,26.3
1235,31.7357,2015.85,27.31
1236,29.8486,2209.52,27.18
1237,29.3204,2095.41,25.86
1238,29.4006,2230.14,26.25
1239,29.3256,2178.95,27.54
1240,27.7542,2051.78,26.32
1241,28.7551,2101.29,25.65
1242,27.8998,2195.09,24.53
1243,28.5349,2180.45,24.03
1244,28.7785,2102.56,24.37
1245,31.5563,2065.22,23.59
1246,30.2697,2118.1,22.74
1247,31.9393,2135.73,22.69
1248,29.777,1978.55,22.83
1249,31.1892,2163.86,23.24
1250,30.9494,2025.11,22.69
1251,32.293,2101.36,23.55
1252,29.6618,2083.01,23.71
1253,30.3614,2129.26,24.36
1254,30.1217,1960.4,24.81
1255,32.1561,2139.47,25.18
1256,30.6316,2044.45,26.04
1257,31.3268,2069.05,26.79
1258,31.0218,2066.32,25.71
1259,30.1732,1975.43,27.55
1260,30.7473,2033.23,26.59
1261,29.4433,2014.43,27.27
1262,30.0652,1984.26,26.38
1263,28.4177,2113.84,25.57
1264,29.0831,2050.77,25.19
1265,29.0816,2139.91,26.2
1266,27.2497,1994.03,25.82
1267,28.6724,2029.06,24.57
1268,28.4429,2041.78,24.28
1269,28.3149,1919.25,23.65
1270,31.2285,2018.86,21.64
1271,30.3274,1962.59,22.89
1272,30.9004,1873.58,22.35
1273,31.8823,1994.74,23.56
1274,31.315,1971.3,23.37
1275,30.6211,2062.9,23.04
1276,32.4773,1886.71,23.12
1277,30.6702,1991.72,24.11
1278,30.5282,1912.18,23.9
1279,31.7367,1940.89,25.85
1280,31.8566,1973.12,26.41
1281,30.5075,1997.03,26.46
1282,30.4034,2025.18,26.07
1283,29.8074,2020.7,27.44
1284,30.3746,1898.74,26.9
1285,29.5966,1960.27,27.42
1286,28.9128,1831.89,26.52
1287,28.8653,2009.07,25.79
1288,29.5569,1901.88,26.06
1289,28.4761,1914.55,25.84
1290,28.3863,1901.55,24.34
1291,28.284,1951.44,24.69
1292,29.9412,1853.04,23.99
1293,29.3826,1958.1,23.57
1294,30.2204,1875.72,24.28
1295,29.8682,1883.8,22.7
1296,28.7579,1913.56,22.42
1297,30.0644,1926.42,22.28
1298,30.8891,1872.05,24.06
1299,32.0486,1867.85,23.46
1300,29.3892,1882.14,24.37
1301,31.9979,1983.99,24.11
1302,32.4246,1869.46,25.42
1303,30.6384,1925.89,24.95
1304,30.1028,1985.61,25.95
1305,33.5684,1892.6,25.89
1306,30.7294,1901.79,26.32
1307,29.8208,1947.6,26.38
1308,30.108,1866.17,27.0
1309,30.4056,1908.25,27.1
1310,28.6619,2011.65,26.71
1311,30.0391,1887.32,25.61
1312,27.3773,1919.91,25.52
1313,28.4552,1890.02,25.49
1314,28.5289,1922.37,25.01
1315,29.7348,1860.98,24.64
1316,28.5911,2018.27,24.44
1317,28.8472,1996.71,24.62
1318,28.9894,1925.66,22.87
1319,27.6696,1895.37,22.33
1320,29.5904,2002.82,23.51
1321,32.1852,1871.65,23.31
1322,30.6242,1902.21,23.82
1323,31.6744,2004.21,23.05
1324,31.0419,1899.49,23.24
1325,31.6457,2047.84,24.33
1326,31.2821,1900.1,24.77
1327,30.7921,1920.66,25.81
1328,31.6429,1869.92,25.44
1329,30.4421,1910.02,25.92
1330,31.5435,1927.26,26.34
1331,30.9341,2019.3,26.62
1332,29.3699,1992.26,27.77
1333,29.009,1934.95,26.31
1334,30.2351,1936.55,26.65
1335,29.8043,2014.24,27.01
1336,28.4021,1977.86,26.34
1337,28.4099,1936.77,25.22
1338,28.2555,2025.09,25.07
1339,29.6549,1963.21,24.34
1340,29.3529,2073.87,24.7
1341,29.3285,2084.03,23.41
1342,28.5228,2006.86,23.36
1343,28.7678,2078.15,22.67
1344,30.7514,2031.72,23.65
1345,31.7239,1952.58,22.82
1346,28.5682,1943.76,23.72
1347,29.7785,2114.75,22.76
1348,31.8084,2080.87,24.46
1349,31.2544,2066.68,24.37
1350,30.7435,2038.86,26.19
1351,31.9916,2051.59,26.26
1352,30.2355,1964.44,25.93
1353,31.7837,2029.25,27.1
1354,30.3997,2090.22,26.57
1355,31.7129,2116.21,26.7
1356,29.8362,2140.68,27.25
1357,30.3905,2045.14,27.11
1358,28.8859,2115.75,26.64
1359,28.1554,2155.64,25.84
1360,28.222,2195.64,25.54
1361,28.5997,2208.31,24.73
1362,27.2716,2141.09,25.2
1363,29.4366,2019.97,24.59
1364,28.6777,2073.59,23.63
1365,27.0713,2078.53,23.76
1366,28.0608,2378.27,23.17
1367,28.6983,2177.19,22.8
1368,29.1068,2169.64,23.28
1369,30.5392,2092.16,23.55
1370,30.5918,2173.62,23.4
1371,31.3756,2273.99,24.1
1372,30.7228,2236.86,23.51
1373,32.22,2033.55,24.57
1374,30.939,2166.09,26.11
1375,30.7946,2135.81,25.79
1376,31.6694,2221.81,26.14
1377,30.2481,2199.53,27.12
1378,31.4842,1968.64,26.19
1379,31.5994,2098.97,27.56
1380,30.7676,2073.4,26.85
1381,28.9309,2254.26,26.84
1382,28.8372,2195.94,26.93
1383,29.4051,2080.17,26.85
1384,28.538,2092.41,26.34
1385,29.654,2168.41,25.84
1386,29.6186,2140.66,24.77
1387,29.4568,2161.64,24.79
1388,29.9928,2152.66,23.47
1389,28.2736,2172.93,23.07
1390,28.7541,2148.01,23.18
1391,30.076,2050.88,22.37
1392,31.4448,2126.37,22.57
1393,29.6649,2097.56,22.52
1394,30.5706,2147.12,23.82
1395,31.4598,2167.32,23.07
1396,31.2208,2024.63,24.03
1397,29.6954,2075.5,23.8
1398,31.0561,2098.81,24.75
1399,31.0852,2177.42,25.74
1400,31.0011,2146.77,26.31
1401,30.2564,2082.63,26.37
1402,30.5508,2096.46,27.15
1403,28.6744,2133.91,27.01
1404,29.2648,2132.65,26.72
1405,29.167,2107.57,26.16
1406,29.2008,2057.95,26.57
1407,29.5514,2092.57,26.7
1408,28.2163,2104.62,25.87
1409,28.9564,2086.98,25.77
1410,28.2499,2247.98,24.49
1411,27.4631,2145.14,23.92
1412,28.8187,2114.82,23.55
1413,29.2824,2086.92,24.14
1414,30.4028,2247.95,23.15
1415,29.552,2112.08,22.8
1416,30.2496,2167.88,22.84
1417,31.2939,2084.8,23.1
1418,30.8937,2113.73,23.61
1419,29.8073,2209.25,24.11
1420,30.7739,2082.12,23.44
1421,32.0287,2109.67,24.87
1422,31.432,2051.98,25.29
1423,31.8332,2074.46,25.32
1424,32.2023,2130.68,25.86
1425,31.2737,2076.19,26.73
1426,30.8882,2095.84,26.74
1427,30.2938,2005.95,26.23
1428,30.2241,2021.82,27.62
1429,29.5278,1939.03,26.86
1430,29.6895,1994.07,27.38
1431,28.7763,2010.61,26.42
1432,28.7371,2029.57,25.52
1433,26.9326,1947.06,25.12
1434,28.4178,1885.47,24.56
1435,27.871,1943.99,24.13
1436,28.1872,1960.63,24.0
1437,28.7441,2059.27,23.46
1438,29.0423,1920.95,23.62
1439,30.3774,2056.72,23.11
1440,30.3123,2071.79,23.04
1441,30.2613,1969.75,22.54
1442,30.0059,1912.32,23.42
1443,29.3641,1884.52,23.82
1444,31.3198,2033.47,23.73
1445,32.9433,2020.77,24.88
1446,30.5052,1996.15,24.36
1447,32.2942,1881.92,25.28
1448,30.9338,1947.62,25.54
1449,30.4796,1966.17,27.12
1450,31.9556,1906.72,26.23
1451,30.9833,1986.3,26.89
1452,29.5305,1963.74,26.59
1453,29.9499,1977.35,26.67
1454,28.5334,1952.75,26.29
1455,29.7645,1917.49,26.55
1456,29.9552,1924.87,25.9
1457,27.9342,1972.33,25.76
1458,29.6648,2056.44,24.55
1459,28.3307,1915.08,24.92
1460,28.8821,1928.45,25.01
1461,29.7052,1938.52,22.96
1462,29.5772,1962.07,23.06
1463,28.5217,2025.23,23.15
1464,29.7684,1997.52,22.23
1465,30.0569,2013.2,23.08
1466,30.9902,1989.3,23.58
1467,31.6305,1884.84,23.35
1468,32.8289,1978.11,23.13
1469,32.4517,1903.69,25.45
1470,31.2513,1856.96,25.5
1471,31.4976,1798.14,25.4
1472,32.252,1800.1,25.35
1473,30.9053,1832.94,26.2
1474,29.1381,1864.99,26.78
1475,30.0446,1915.81,27.27
1476,29.5941,1995.61,27.81
1477,29.7292,1982.57,26.87
1478,28.6545,1906.92,25.42
1479,28.1814,1962.56,25.9
1480,28.2912,1937.72,26.02
1481,27.6404,1962.18,24.97
1482,29.721,1927.53,25.18
1483,29.1137,2070.6,24.45
1484,27.269,1956.02,23.76
1485,28.8272,2012.41,23.32
1486,30.17,1968.76,23.41
1487,30.1428,2025.82,23.59
1488,30.1765,1991.16,23.68
1489,30.3666,1960.74,23.1
1490,30.1752,2017.92,23.84
1491,30.0679,1984.93,23.97
1492,31.3667,1961.54,24.44
1493,31.6702,2012.41,24.49
1494,32.0137,1980.53,24.79
1495,32.0926,2025.29,25.86
1496,31.8263,2071.73,25.58
1497,29.7448,1955.09,26.41
1498,29.617,1881.79,26.13
1499,31.1467,2000.03,27.2
1500,30.7365,2639.85,28.24
1501,28.9472,2769.22,26.99
1502,28.5849,2729.93,27.12
1503,29.0282,2649.54,26.53
1504,27.5257,2636.2,26.42
1505,27.9774,2723.94,25.38
1506,28.9013,2666.51,25.24
1507,28.2858,2721.43,23.74
1508,29.1513,2646.16,24.05
1509,27.9088,2847.97,23.92
1510,29.9194,2760.91,23.02
1511,31.2144,2777.46,22.8
1512,29.4354,2835.78,22.65
1513,30.948,2720.04,22.06
1514,29.772,2893.11,23.17
1515,30.3149,2803.97,23.8
1516,31.866,2740.87,24.18
1517,31.4141,2727.03,24.34
1518,31.0121,2824.44,24.34
1519,31.5651,2770.96,25.43
1520,30.2151,2795.58,25.99
1521,31.021,2702.59,26.61
1522,31.8209,2874.18,26.75
1523,31.0043,2711.96,27.23
1524,30.6638,2706.63,27.06
1525,29.8613,2789.59,26.98
1526,30.5061,2790.65,27.11
1527,27.7039,2835.92,26.6
1528,27.9195,2834.52,26.28
1529,29.2564,2903.44,25.76
1530,29.9727,2835.18,25.3
1531,29.0988,2848.83,24.77
1532,28.1564,2759.42,23.58
1533,28.8227,2815.13,23.74
1534,29.3082,2839.06,24.19
1535,31.1345,2742.99,23.66
1536,31.3668,2817.86,23.13
1537,31.3918,2711.28,23.31
1538,31.7305,2781.74,23.24
1539,29.577,2709.31,23.27
1540,30.3679,2187.18,22.77
1541,31.4541,2262.11,24.47
1542,31.3743,2203.9,24.61
1543,32.6545,2137.81,25.3
1544,32.0388,2121.09,26.49
1545,31.3994,2136.63,25.69
1546,31.1946,2164.15,28.03
1547,30.3581,2227.99,27.08
1548,29.9415,2185.83,27.48
1549,29.1799,2107.16,26.31
1550,29.339,2151.46,26.03
1551,28.0072,2183.09,27.1
1552,29.5702,2093.81,25.74
1553,28.3389,2174.84,25.7
1554,28.5338,2212.17,24.09
1555,27.9894,2116.26,25.08
1556,27.6586,2036.62,23.63
1557,28.7801,2131.88,24.78
1558,29.1776,2108.99,23.24
1559,29.3993,2185.74,22.96
1560,31.2299,2210.86,22.96
1561,30.2486,2169.08,22.63
1562,30.1978,2156.49,22.21
1563,31.6155,2064.93,23.82
1564,31.362,2090.11,23.37
1565,33.0526,2181.9,24.49
1566,31.638,2091.78,25.32
1567,30.97,2162.44,24.94
1568,31.752,2224.18,26.0
1569,31.5067,2093.59,26.83
1570,28.5461,2154.86,26.52
1571,30.7263,2114.95,26.27
1572,29.0303,2253.47,27.32
1573,29.7409,2234.7,27.53
1574,29.5318,2088.9,25.86
1575,29.4272,2037.35,26.55
1576,28.0806,2251.23,26.34
1577,30.0188,2070.35,26.04
1578,27.757,2054.88,24.55
1579,26.7813,2148.06,24.66
1580,29.1565,2223.21,24.0
1581,28.2655,2002.89,23.47
1582,28.278,2105.9,23.12
1583,30.2224,2097.39,23.27
1584,29.2565,2051.6,23.79
1585,30.7023,2102.71,23.11
1586,30.5718,2112.79,23.07
1587,30.2634,2047.2,23.33
1588,30.019,2088.09,23.75
1589,29.5427,2122.19,24.74
1590,32.8696,1963.4,24.47
1591,32.2913,2114.71,25.51
1592,31.5441,2046.27,26.32
1593,31.3227,2034.28,26.38
1594,31.2177,2052.56,26.64
1595,30.6108,2058.2,26.99
1596,30.8841,2075.35,27.67
1597,29.544,2014.55,26.23
1598,29.9765,1940.74,26.75
1599,27.6677,2107.55,25.58
1600,27.986,1949.4,26.46
1601,28.3865,1994.81,26.06
1602,29.3821,1942.35,25.29
1603,29.3172,2041.72,24.11
1604,28.0499,1952.19,24.06
1605,28.5717,2078.85,23.36
1606,28.6803,1977.95,22.69
1607,29.3434,1984.37,23.1
1608,30.0997,1954.39,23.33
1609,30.5864,1929.75,23.26
1610,30.7482,2070.91,24.21
1611,32.5163,1988.35,22.85
1612,30.8151,1941.17,23.6
1613,32.9266,1981.58,24.0
1614,30.719,1848.67,24.69
1615,30.8567,2027.62,24.25
1616,31.4435,1901.41,26.11
1617,33.3199,1906.21,26.64
1618,30.4653,1978.08,26.52
1619,30.5146,1934.67,26.51
1620,27.4978,2006.93,26.3
1621,29.7813,1941.89,26.86
1622,28.9286,1988.77,26.81
1623,29.4614,2010.58,26.34
1624,29.7924,1901.49,27.12
1625,27.9898,1958.93,25.6
1626,27.3087,1947.25,25.12
1627,30.0647,1905.95,24.98
1628,28.4069,1925.34,23.78
1629,29.1068,1981.73,23.23
1630,28.6621,1847.93,22.65
1631,29.434,1936.13,22.89
1632,29.2293,1899.4,22.97
1633,30.5687,1900.27,23.31
1634,30.6234,1905.33,23.58
1635,32.0173,1913.91,23.66
1636,30.0735,1907.72,24.95
1637,31.8457,1949.99,24.52
1638,30.9113,1821.5,26.01
1639,31.157,1979.22,25.75
1640,30.8338,1895.25,25.92
1641,32.6705,1859.96,25.78
1642,31.3659,1991.81,26.56
1643,30.9487,1950.82,26.2
1644,30.8506,1891.88,27.28
1645,29.4622,1925.71,26.47
1646,28.6197,1998.0,27.13
1647,28.7984,1980.4,26.85
1648,28.0912,1859.82,25.78
1649,28.3309,1934.0,25.52
1650,28.9601,1933.16,25.37
1651,29.9762,1915.06,24.23
1652,29.0819,1993.66,23.49
1653,29.9231,1937.89,23.04
1654,30.1613,1981.32,23.06
1655,30.2325,1848.47,22.33
1656,30.5229,1962.52,22.91
1657,28.9054,1961.48,23.05
1658,30.6989,1876.48,23.34
1659,30.5898,1925.1,23.87
1660,32.6914,1998.98,24.03
1661,31.2883,1954.67,23.91
1662,32.9398,1926.75,24.37
1663,29.901,1975.16,26.28
1664,31.9475,1940.48,25.45
1665,31.745,1896.83,26.26
1666,30.8873,1943.66,27.55
1667,30.2015,1998.02,27.11
1668,30.5504,2009.33,26.45
1669,30.9648,2095.48,26.38
1670,28.9689,1904.28,26.81
1671,28.7947,2014.3,26.87
1672,28.9018,1969.14,25.69
1673,28.2147,1904.99,25.61
1674,29.3149,2072.37,25.2
1675,29.6862,1913.36,24.94
1676,29.3164,2075.85,23.31
1677,29.1937,2086.4,22.84
1678,29.6477,2082.95,23.11
1679,28.1035,2021.35,22.49
1680,29.2977,2197.97,22.95
1681,29.0501,2065.12,23.28
1682,31.6611,2017.25,23.33
1683,30.0688,2065.05,22.79
1684,31.4503,2054.15,24.5
1685,32.817,2181.96,24.89
1686,32.1982,2151.19,24.02
1687,31.5471,1983.74,25.08
1688,30.7295,1956.7,25.94
1689,30.5494,2049.44,25.94
1690,30.9466,2134.07,27.58
1691,30.714,2071.46,27.16
1692,29.8732,2170.01,26.28
1693,28.7944,2038.69,26.56
1694,27.9396,2084.2,26.16
1695,28.6561,2073.08,26.73
1696,28.148,2130.51,26.5
1697,29.5455,2145.95,26.03
1698,29.6835,2272.2,24.92
1699,26.9546,2155.35,24.41
1700,28.8273,2190.73,23.45
1701,31.0015,2178.18,24.75
1702,30.4063,2093.42,23.72
1703,29.2967,2135.85,22.3
1704,30.8049,2099.85,22.04
1705,30.5286,2192.11,23.93
1706,30.9557,2122.98,23.92
1707,32.4892,2179.66,23.52
1708,30.6291,2045.43,23.23
1709,32.364,2222.04,24.82
1710,30.937,2184.92,25.28
1711,31.8652,2090.39,26.41
1712,31.2178,2117.99,26.3
1713,31.1157,2166.18,26.21
1714,32.7767,2163.57,27.44
1715,29.8101,2233.5,27.24
1716,31.3323,2158.74,28.02
1717,29.0231,2142.18,27.45
1718,29.2733,2197.6,27.06
1719,29.958,2066.26,26.73
1720,28.758,2285.9,25.38
1721,28.7798,2173.13,25.86
1722,28.4616,2067.01,25.66
1723,28.5571,2217.35,24.21
1724,29.4203,2227.76,24.06
1725,29.5183,2051.8,23.39
1726,28.7174,2133.3,24.17
1727,30.2293,2184.15,23.93
1728,30.3137,2060.81,22.36
1729,31.0613,2216.03,22.54
1730,31.2779,2134.83,23.18
1731,31.565,2108.78,22.65
1732,30.9027,2173.39,23.79
1733,30.8579,2388.55,24.8
1734,32.0942,2069.92,25.33
1735,31.6444,2070.97,25.24
1736,32.2878,2209.03,26.3
1737,31.8607,2128.97,26.38
1738,32.0399,2124.98,26.81
1739,30.1777,2195.06,26.22
1740,29.8095,2121.05,27.14
1741,29.6947,2174.96,27.31
1742,28.6073,2081.19,27.39
1743,29.5471,2107.04,27.32
1744,30.4814,2135.05,26.28
1745,29.2153,2080.49,24.96
1746,29.5954,2205.17,25.29
1747,28.1146,2087.54,24.64
1748,29.4582,2095.17,23.85
1749,29.2183,2036.12,23.78
1750,28.0897,2141.59,23.11
1751,29.5337,2118.25,23.08
1752,29.4294,2127.15,23.64
1753,31.6204,2129.31,23.18
1754,28.923,2079.61,23.21
1755,30.6012,2061.21,23.37
1756,31.4552,2090.32,23.67
1757,30.7429,2147.65,24.2
1758,32.5766,2137.14,25.13
1759,32.3946,1985.17,25.15
1760,31.6819,2105.46,26.15
1761,30.6825,2073.91,26.61
1762,29.9976,2044.23,26.83
1763,30.6993,2089.11,27.64
1764,30.4272,2067.46,26.74
1765,29.9054,2057.86,26.78
1766,29.1747,1987.34,26.55
1767,29.3126,1889.2,26.49
1768,28.3938,2144.28,26.66
1769,28.8964,1987.27,25.5
1770,28.801,1998.97,25.33
1771,28.435,2144.19,25.74
1772,27.9723,1894.09,24.21
1773,28.4971,2049.21,23.15
1774,29.6346,2021.49,23.3
1775,30.0406,1943.86,23.21
1776,30.7735,1953.51,22.99
1777,30.3107,1925.67,23.28
1778,30.1572,1887.34,23.26
1779,30.0899,1983.06,24.06
1780,31.4084,1986.87,23.56
1781,33.3412,2049.22,24.58
1782,30.9127,1987.32,24.44
1783,31.6837,2071.11,25.88
1784,30.6941,1965.55,25.52
1785,32.0636,2013.69,26.48
1786,30.6984,2001.06,26.81
1787,31.976,2044.93,27.83
1788,30.2286,1925.67,27.44
1789,29.4342,1915.11,26.13
1790,29.1335,1868.05,26.21
1791,27.3682,1904.77,27.22
1792,28.6485,1941.08,25.5
1793,29.2362,2010.66,25.11
1794,28.1451,1917.13,24.88
1795,28.6768,1922.26,24.99
1796,28.0763,1873.9,23.4
1797,28.8946,1827.79,23.82
1798,28.7668,1933.88,22.94
1799,30.4284,2001.43,22.67
1800,29.2565,1881.63,22.55
1801,30.2683,2062.88,23.14
1802,33.3426,1984.25,23.01
1803,31.3428,1934.37,24.0
1804,31.279,2014.67,23.5
1805,30.9408,1873.61,24.07
1806,31.3012,1968.54,24.59
1807,31.3302,1890.13,25.35
1808,32.4329,1884.31,26.14
1809,32.1109,1944.98,25.87
1810,32.0451,1848.15,28.16
1811,29.2823,1998.57,27.32
1812,29.8491,1975.29,25.61
1813,28.2508,1908.7,27.27
1814,31.6329,1962.42,27.09
1815,29.3123,1984.87,26.39
1816,27.9755,1909.45,26.66
1817,28.1239,1958.1,25.54
1818,29.4099,1956.78,24.52
1819,25.4152,1947.75,24.37
1820,27.7798,1995.09,25.1
1821,28.2777,1876.28,23.6
1822,27.657,1984.22,23.91
1823,30.2483,1996.51,22.97
1824,29.2685,1845.65,23.46
1825,30.1095,1999.67,23.77
1826,31.4418,1958.88,22.86
1827,31.2651,2033.3,23.57
1828,32.2108,2018.29,23.44
1829,33.1114,1932.99,23.73
1830,31.7322,2065.52,25.21
1831,31.5086,2028.05,25.83
1832,32.4049,2020.08,25.99
1833,29.0458,1899.88,26.3
1834,30.1935,2034.6,26.03
1835,30.4836,2041.27,26.95
1836,28.536,2027.83,26.98
1837,30.0106,2074.55,27.42
1838,30.2189,1977.32,26.39
1839,28.571,1984.22,26.13
1840,27.6696,2060.18,26.26
1841,28.3928,2041.99,24.81
1842,28.4549,2025.1,25.03
1843,27.51,2064.02,24.19
1844,27.0481,2048.04,24.26
1845,27.9964,2084.27,23.47
1846,27.5474,2041.69,22.75
1847,29.1224,2049.66,22.82
1848,30.3873,2124.69,21.41
1849,31.2581,1976.17,22.81
1850,32.0873,2018.57,22.18
1851,30.5548,2047.76,24.15
1852,30.2628,2059.98,24.1
1853,31.4408,2026.31,23.74
1854,29.7267,2056.15,25.23
1855,30.7525,1977.61,25.48
1856,31.8612,2188.69,25.68
1857,29.9905,2087.97,25.95
1858,29.8802,2014.58,26.85
1859,29.864,2068.89,27.17
1860,29.6191,2066.54,26.78
1861,31.7146,2128.52,26.87
1862,28.7773,2062.99,26.87
1863,29.0981,2222.04,25.82
1864,28.7758,2053.26,25.78
1865,28.2541,2102.59,24.9
1866,28.1746,2136.48,25.54
1867,29.165,2135.15,24.54
1868,29.1428,2207.16,24.15
1869,28.7287,2101.99,23.62
1870,30.3617,2193.28,22.42
1871,29.8741,2216.64,23.25
1872,29.5936,2129.93,21.86
1873,30.9347,2115.5,21.87
1874,31.4569,2143.92,23.31
1875,30.3153,2107.55,24.11
1876,31.3519,2097.1,24.86
1877,31.3687,2111.48,24.94
1878,33.5692,2126.29,24.86
1879,32.0592,2103.43,26.02
1880,30.9871,2124.08,26.68
1881,31.3971,2098.74,26.75
1882,32.3932,2112.5,25.65
1883,29.4305,2166.75,27.57
1884,30.6978,2097.38,25.68
1885,30.4404,2091.41,26.78
1886,28.9505,2199.28,27.83
1887,29.8198,2199.9,26.64
1888,28.4481,2147.34,25.89
1889,28.8706,2179.92,26.27
1890,29.1661,2155.49,25.19
1891,28.2453,2166.92,24.71
1892,28.6238,2046.96,24.25
1893,29.6767,2134.18,23.68
1894,28.9469,2134.17,24.04
1895,28.3074,2201.42,23.18
1896,28.9846,2018.24,22.45
1897,31.5801,2113.95,22.51
1898,30.8047,2060.54,22.8
1899,31.7385,2282.3,23.74
1900,30.9972,2069.04,24.16
1901,29.7371,2272.67,24.2
1902,31.0191,2157.24,25.12
1903,30.4835,2228.71,25.94
1904,31.3269,2116.41,26.08
1905,31.8682,2235.77,25.93
1906,30.6764,2146.8,26.73
1907,29.1496,2141.6,27.96
1908,29.6268,2130.05,27.09
1909,29.7675,2165.91,26.77
1910,29.2891,2139.1,26.62
1911,28.532,2089.81,25.86
1912,28.5194,2050.6,25.24
1913,29.3658,2124.89,25.53
1914,28.7588,2067.09,25.76
1915,27.605,2093.26,23.83
1916,27.6686,2132.03,25.04
1917,29.3584,2153.32,24.08
1918,29.9196,2189.24,22.77
1919,30.6176,2115.03,23.06
1920,30.2794,2014.94,22.53
1921,30.7513,2013.77,23.52
1922,30.995,2152.07,23.42
1923,30.832,2216.55,23.27
1924,30.3409,2115.56,24.03
1925,32.1214,2051.93,24.89
1926,31.1349,1967.98,25.32
1927,32.3763,2047.31,26.17
1928,31.0165,2085.56,25.68
1929,30.2191,2091.64,25.9
1930,31.0705,1904.43,26.57
1931,30.2955,2100.96,27.45
1932,29.127,2064.05,27.1
1933,28.1772,2101.86,26.37
1934,29.6098,2028.62,26.23
1935,28.4994,1971.2,26.23
1936,28.9963,2073.22,25.95
1937,28.7783,1979.27,24.76
1938,28.9938,2033.78,25.49
1939,28.4443,2026.76,24.4
1940,28.9242,1968.7,24.54
1941,28.3499,2087.59,22.74
1942,30.4112,1923.07,23.81
1943,29.2821,1978.67,23.09
1944,30.9895,1969.23,23.08
1945,30.55,1977.77,23.53
1946,31.3843,1867.98,23.45
1947,32.363,1879.25,24.41
1948,30.76,1907.16,24.18
1949,32.2533,2051.64,23.76
1950,31.1551,1938.02,25.71
1951,31.8115,1933.66,26.67
1952,31.1508,2022.3,26.7
1953,31.3111,2060.32,25.93
1954,29.8199,1947.86,25.47
1955,30.9241,1930.24,26.8
1956,29.3492,2014.7,27.55
1957,29.992,2068.05,26.59
1958,29.3453,1936.65,26.65
1959,28.7949,1875.23,26.17
1960,29.4682,1890.75,26.22
1961,29.5737,1941.17,25.86
1962,29.7873,1943.35,25.2
1963,26.4034,1925.84,24.57
1964,29.6785,1882.9,24.91
1965,29.1076,1822.3,23.61
1966,29.2509,1903.88,23.23
1967,31.223,1879.28,22.35
1968,31.3287,1960.84,22.73
1969,31.7764,1887.77,23.16
1970,30.4567,1987.22,23.01
1971,31.8769,1914.04,23.11
1972,29.7903,1943.74,23.64
1973,30.7828,1912.78,24.83
1974,31.2372,1876.6,24.89
1975,31.3335,1946.23,25.14
1976,30.5678,1959.53,25.94
1977,32.4296,1984.09,27.06
1978,30.7832,1978.59,26.29
1979,29.5725,1922.78,25.72
1980,29.0975,1850.76,27.28
1981,29.8221,1922.72,27.18
1982,29.0566,1909.1,27.39
1983,29.4156,1965.82,26.31
1984,28.321,1969.07,26.64
1985,29.0783,1864.61,25.8
1986,29.4997,2022.3,25.59
1987,27.9862,1966.83,24.26
1988,29.3738,1911.42,22.76
1989,29.2275,1918.97,23.49
1990,29.6241,1918.18,24.12
1991,28.6788,1889.88,23.67
1992,30.9424,1941.38,22.86
1993,31.4188,1983.07,22.79
1994,29.5289,1925.97,23.84
1995,31.6951,1953.39,23.55
1996,34.7075,1962.5,23.31
1997,31.484,2010.9,25.02
1998,32.5301,2026.82,25.42
1999,31.6176,1977.62,26.03
2000,30.0857,2020.91,25.98
2001,31.9946,1882.0,26.49
2002,31.4779,2016.23,26.5
2003,30.3351,1913.69,28.17
2004,29.8329,1993.12,27.19
2005,28.1413,2000.82,27.62
2006,30.5756,2021.8,26.82
2007,30.6949,2061.4,25.81
2008,28.4121,2003.75,25.72
2009,28.9032,1940.05,24.97
2010,26.8555,1986.38,24.63
2011,28.2459,2043.0,24.5
2012,29.1418,1974.49,23.08
2013,28.4508,2140.14,23.02
2014,28.7757,2109.52,21.98
2015,29.0963,2022.75,22.34
2016,30.0946,2067.51,22.76
2017,32.125,2028.99,23.05
2018,31.564,2165.36,23.43
2019,30.7241,1940.5,24.79
2020,31.7605,2120.71,24.75
2021,32.9006,1987.16,24.63
2022,31.2908,2078.05,24.17
2023,31.2451,2138.77,26.19
2024,32.0786,2047.34,25.75
2025,31.0848,2034.3,26.4
2026,31.2347,2041.52,26.6
2027,30.4514,2090.08,27.27
2028,29.862,2088.49,26.98
2029,32.0537,2025.68,26.17
2030,28.5763,2014.59,27.28
2031,28.658,2069.23,26.9
2032,29.2038,2075.6,26.53
2033,29.2537,2106.48,25.95
2034,28.4557,2132.09,24.28
2035,28.3326,2073.43,23.87
2036,28.7402,2227.18,23.06
2037,28.6978,2260.47,22.93
2038,29.7001,2171.73,23.1
2039,28.6183,2151.78,22.47
2040,29.7559,2070.82,22.9
2041,30.7678,2166.83,22.44
2042,31.2686,2123.92,23.5
2043,31.0396,2165.33,22.63
2044,31.9332,2096.36,24.1
2045,29.5655,2134.37,24.36
2046,31.4902,2102.17,24.54
2047,30.8433,2107.47,26.12
2048,31.7972,2083.12,26.4
2049,31.4747,2177.53,25.91
2050,32.1506,2198.28,27.25
2051,29.7135,2055.62,27.04
2052,28.5669,2027.51,26.81
2053,30.7364,2197.15,26.96
2054,29.2811,2189.53,26.52
2055,28.6595,2237.0,25.3
2056,29.3311,2092.64,25.25
2057,27.0377,2251.4,25.88
2058,28.018,2351.94,25.12
2059,28.5944,2133.68,24.85
2060,28.6599,2004.78,24.19
2061,29.0547,2071.14,23.6
2062,29.8594,2221.78,23.31
2063,29.6647,2229.34,22.74
2064,29.4021,2111.94,23.65
2065,29.8422,2045.87,22.52
2066,31.0879,2020.52,23.49
2067,32.143,2073.54,23.51
2068,31.1561,2135.79,24.11
2069,32.9148,2127.1,24.39
2070,31.1793,2062.44,24.63
2071,31.1255,2108.02,25.95
2072,31.3253,2122.36,25.53
2073,32.9084,2079.31,25.44
2074,30.2407,1995.85,26.43
2075,29.6984,2137.58,27.45
2076,30.8543,2035.99,27.32
2077,30.0993,2161.12,27.0
2078,28.4547,2187.94,26.87
2079,29.3085,2115.89,26.76
2080,29.4689,2164.74,25.85
2081,28.5903,2194.86,25.79
2082,28.9537,2167.45,24.63
2083,28.7554,2075.46,23.83
2084,28.5481,2143.7,22.34
2085,28.4077,2096.15,22.76
2086,29.5252,2096.57,23.16
2087,29.7155,2075.7,23.2
2088,29.4627,2079.0,23.22
2089,30.8276,2127.67,22.83
2090,30.3624,1967.1,23.54
2091,31.2763,2074.99,24.21
2092,32.8068,2029.6,23.91
2093,30.6792,2080.22,25.05
2094,31.3398,2029.88,24.96
2095,31.7057,2152.09,25.51
2096,31.0044,2125.57,26.46
2097,31.6252,2115.37,26.27
2098,30.166,2058.87,26.27
2099,29.0556,2060.2,27.32
2100,29.1256,2066.25,26.66
2101,29.2087,2124.31,26.66
2102,30.3682,2089.66,27.4
2103,29.3358,1996.27,26.72
2104,27.3144,2106.14,25.38
2105,27.5743,2154.24,25.47
2106,28.5699,1943.29,25.16
2107,29.2258,2057.3,23.98
2108,27.9229,1921.65,25.05
2109,29.2114,1979.93,23.55
2110,28.7708,1982.59,23.33
2111,29.6255,1975.96,23.48
2112,29.9166,2013.27,22.48
2113,31.7141,1965.65,22.9
2114,30.1659,1965.57,23.8
2115,30.6769,1902.46,24.67
2116,32.3307,1912.85,24.46
2117,31.1929,1972.68,23.77
2118,32.2146,1985.76,24.81
2119,30.5185,1951.37,24.82
2120,30.4233,1868.0,26.21
2121,31.3896,2020.07,26.85
2122,30.7738,1961.92,26.9
2123,29.3231,1934.75,27.58
2124,29.9915,2000.58,27.95
2125,30.7354,1940.73,27.04
2126,29.844,1932.97,27.27
2127,29.6596,1965.47,25.58
2128,28.1023,2028.91,25.97
2129,28.8345,1927.83,25.18
2130,29.0655,2036.0,24.91
2131,27.9737,1989.08,24.78
2132,29.0833,1870.08,24.26
2133,27.9911,1953.59,22.93
2134,29.4685,1867.06,23.53
2135,29.2818,1930.23,23.65
2136,31.583,1911.72,23.02
2137,30.0455,1874.84,21.97
2138,30.7578,1998.81,23.95
2139,30.3497,1933.26,22.86
2140,32.3989,1975.31,23.66
2141,30.3561,1931.87,24.74
2142,31.0868,1904.43,24.97
2143,30.0081,1909.98,25.35
2144,30.2663,1871.93,25.68
2145,31.6177,2003.75,26.58
2146,31.1359,1971.63,26.4
2147,31.07,1828.28,27.21
2148,30.6539,1922.77,26.74
2149,29.9203,1856.66,27.1
2150,29.3639,1875.43,26.27
2151,26.9377,1920.49,26.88
2152,28.7003,1929.95,26.09
2153,27.9446,1912.21,25.36
2154,28.9422,1956.28,23.61
2155,29.0655,1949.16,24.64
2156,28.382,1963.41,22.86
2157,28.2998,1929.95,23.47
2158,30.102,1922.02,23.28
2159,29.5559,1957.52,23.03
2160,29.4094,2038.92,23.05
2161,31.1534,2013.71,23.51
2162,31.1301,1910.62,22.87
2163,32.1277,2015.97,23.66
2164,30.9098,1960.71,23.38
2165,31.7819,1850.89,23.52
2166,31.895,1977.11,26.15
2167,31.9949,1987.85,25.55
2168,29.7187,1901.84,26.58
2169,30.1172,1997.73,25.9
2170,31.5413,2124.46,27.05
2171,31.5543,2091.62,26.38
2172,29.9725,1988.4,27.13
2173,29.6093,1982.38,25.98
2174,30.3603,2056.4,27.01
2175,28.9131,2063.43,25.89
2176,29.0722,1966.93,26.52
2177,27.7171,2059.17,25.31
2178,27.7509,2054.69,24.3
2179,27.9217,1948.1,25.2
2180,29.2439,2024.03,23.7
2181,29.3035,2061.89,24.08
2182,30.8013,2077.52,23.58
2183,29.4927,2089.99,22.34
2184,29.4267,2068.15,22.6
2185,30.6928,2019.72,23.26
2186,31.6414,2082.46,23.66
2187,29.3457,2025.52,23.76
2188,32.4718,2127.23,24.9
2189,30.8817,2081.66,23.84
2190,31.134,2060.65,24.9
2191,31.3178,2033.98,25.05
2192,30.9518,2008.83,25.58
2193,30.5893,2182.35,26.97
2194,29.9708,2216.55,27.01
2195,31.3263,2128.01,26.66
2196,30.1294,2105.33,27.18
2197,29.8382,2041.18,26.77
2198,29.2994,2031.93,26.77
2199,28.0294,2125.7,25.63
2200,29.7259,2142.65,26.1
2201,28.6249,2140.21,25.51
2202,28.4245,2101.89,24.92
2203,27.8188,2123.39,24.35
2204,29.0605,2100.1,23.53
2205,29.3296,2129.18,24.36
2206,27.8839,2101.47,23.83
2207,30.5626,2167.95,22.38
2208,30.6461,2096.83,23.71
2209,31.2949,2164.7,23.05
2210,31.0227,2021.61,23.94
2211,30.2005,2132.59,23.83
2212,31.3864,2100.51,24.1
2213,31.9603,2108.69,25.15
2214,31.6001,2183.53,25.09
2215,31.8027,2088.04,25.8
2216,31.223,2198.26,25.69
2217,30.9672,2169.03,25.94
2218,31.9511,2076.07,26.53
2219,32.0976,2106.77,26.78
2220,29.5744,2162.48,26.97
2221,28.8351,2188.78,26.85
2222,31.3709,2227.61,26.48
2223,29.0794,2140.84,25.35
2224,28.382,2087.92,25.69
2225,27.1919,2220.53,24.64
2226,30.49,2174.79,25.36
2227,28.6714,2093.98,24.75
2228,29.3255,2224.41,23.85
2229,29.8181,2147.83,24.05
2230,29.4454,2257.95,23.93
2231,30.0132,2139.61,23.65
2232,30.94,2072.06,22.85
2233,30.1086,2127.51,22.84
2234,30.8518,2129.7,24.16
2235,33.058,2043.19,23.91
2236,31.0605,2234.95,23.69
2237,30.6747,2200.08,24.14
2238,31.4682,2131.01,24.4
2239,32.429,2139.52,24.83
2240,30.0001,2036.04,25.55
2241,31.6575,2159.34,26.45
2242,29.8633,2155.67,26.88
2243,30.7734,2104.39,26.97
2244,29.4931,2176.64,26.04
2245,28.4272,2046.53,26.08
2246,29.1042,2189.23,26.63
2247,28.2265,2211.35,26.28
2248,28.008,2133.68,25.68
2249,28.8178,2107.07,25.56
2250,29.0332,2167.96,24.87
2251,28.6694,2093.97,24.68
2252,30.4844,2099.05,23.6
2253,28.8725,2214.24,24.4
2254,28.4452,2112.27,23.18
2255,28.2292,2127.33,23.04
2256,29.9321,2089.79,22.16
2257,31.3351,2139.64,22.72
2258,31.0787,2026.81,22.82
2259,30.1942,2140.4,23.25
2260,31.2269,2068.31,24.17
2261,30.6557,2000.03,24.77
2262,31.5177,2173.73,25.33
2263,31.7326,2107.01,24.94
2264,32.2333,2116.65,25.73
2265,30.7102,1885.36,26.96
2266,30.5964,2092.12,26.44
2267,30.4107,2069.74,27.19
2268,29.8091,2052.0,27.25
2269,28.6925,2052.24,25.65
2270,28.8194,1980.95,27.29
2271,27.1516,1978.17,26.19
2272,27.6743,2079.24,25.93
2273,27.9641,2073.6,24.9
2274,28.6052,2076.93,24.99
2275,26.7238,2072.98,24.34
2276,27.9729,1996.5,23.22
2277,28.1042,1892.57,23.69
2278,31.3643,1981.5,22.54
2279,30.0225,2083.72,23.46
2280,30.3707,2010.52,23.26
2281,31.1879,1913.43,23.1
2282,30.1573,1838.62,23.42
2283,31.8608,1991.38,23.31
2284,31.5435,1961.0,24.36
2285,31.5854,1988.04,24.21
2286,32.0865,2037.35,24.77
2287,32.4484,1902.39,24.57
2288,29.7994,2024.17,25.41
2289,31.0125,1984.02,25.87
2290,33.0569,2012.61,26.96
2291,31.4652,1910.79,26.56
2292,30.2409,1988.35,26.88
2293,29.1628,1889.49,26.64
2294,28.7341,1986.26,26.28
2295,30.5047,1986.12,26.37
2296,29.0823,2011.89,25.85
2297,27.8238,1876.47,25.24
2298,29.1232,1941.73,25.05
2299,28.1803,1978.37,24.87
2300,28.0951,1923.96,24.08
2301,28.5844,1936.82,23.41
2302,28.6014,1811.07,23.06
2303,28.321,1911.49,23.25
2304,30.5705,1929.73,23.1
2305,30.4186,1944.09,23.25
2306,29.0745,1960.9,23.93
2307,28.4972,1975.4,23.72
2308,31.7656,2000.57,24.01
2309,32.6279,1876.61,23.95
2310,33.5793,2015.02,26.57
2311,31.326,1905.72,24.94
2312,31.4867,2021.65,26.53
2313,30.1454,1995.86,26.35
2314,29.3082,1893.91,27.12
2315,30.5264,2034.47,26.94
2316,29.473,1930.36,26.58
2317,29.7723,1892.55,27.22
2318,29.566,1978.94,26.54
2319,27.784,1933.23,26.25
2320,29.5631,1867.65,26.3
2321,29.0628,1990.41,25.89
2322,29.8956,1850.62,25.95
2323,29.2348,1815.07,24.08
2324,28.1364,1931.98,23.37
2325,28.518,1925.92,23.92
2326,29.1973,1966.84,23.26
2327,28.6685,1948.95,22.66
2328,30.6046,1907.66,23.42
2329,30.5106,1902.3,23.21
2330,32.3985,1939.16,23.74
2331,30.6636,1958.14,24.1
2332,30.9222,1926.4,23.08
2333,32.8227,2001.74,24.77
2334,32.1864,2029.16,25.11
2335,30.4832,1984.62,25.41
2336,30.6342,2000.52,25.25
2337,31.5337,1952.62,26.79
2338,30.3944,1870.94,26.32
2339,30.2699,1965.78,26.67
2340,29.6856,2028.71,27.25
2341,31.5617,1935.44,27.7
2342,28.2287,1962.87,27.42
2343,27.9437,2020.49,26.31
2344,28.6047,2003.44,26.47
2345,28.9243,2069.56,25.23
2346,28.1843,1982.98,24.29
2347,27.2482,2008.18,24.04
2348,28.5002,1916.5,23.54
2349,28.1877,2041.21,23.03
2350,30.2279,1968.6,23.53
2351,30.4776,2090.78,23.38
2352,29.4103,2058.46,22.2
2353,30.1195,1996.29,22.61
2354,31.5177,2028.83,23.25
2355,32.0004,1955.72,23.47
2356,30.6081,2018.96,24.01
2357,32.6387,2131.7,24.51
2358,32.3008,2088.41,25.57
2359,33.1304,2014.7,25.71
2360,32.0832,2027.15,26.68
2361,29.7369,2123.9,26.28
2362,30.851,1944.61,27.59
2363,30.6529,2104.22,27.4
2364,30.3415,2147.26,26.5
2365,30.2343,2142.3,26.32
2366,29.0487,2073.57,26.71
2367,29.1547,2200.64,26.66
2368,28.5142,2170.59,25.34
2369,26.9663,2199.04,25.67
2370,28.2652,2188.85,24.51
2371,27.6777,2113.59,24.67
2372,29.1443,2018.86,24.1
2373,30.6759,2116.88,23.44
2374,29.3277,2038.73,22.58
2375,29.5971,2077.61,23.47
2376,29.9376,2169.43,22.27
2377,30.2267,2087.95,22.72
2378,30.6695,2172.36,23.57
2379,31.0482,2134.21,23.99
2380,32.0691,2148.08,24.48
2381,31.4047,2132.43,24.11
2382,31.2696,2210.94,24.59
2383,30.6821,2196.8,25.35
2384,30.9736,2166.27,26.49
2385,31.2816,2121.37,26.19
2386,31.6627,2235.26,27.1
2387,30.5566,2133.94,25.03
2388,30.3351,2119.98,27.77
2389,29.7905,2161.5,27.11
2390,28.0778,2173.53,26.16
2391,28.7223,2128.23,26.18
2392,29.2542,2157.48,25.67
2393,29.0293,2206.35,25.39
2394,28.7191,2083.55,24.81
2395,28.33,2167.55,24.29
2396,29.4368,2104.96,23.69
2397,28.5878,2150.28,23.91
2398,30.6938,2246.67,22.79
2399,29.6664,2217.59,23.78
2400,30.8187,2244.61,23.59
2401,29.8902,2125.4,23.3
2402,30.658,2204.34,23.25
2403,31.5179,2193.31,23.67
2404,31.2596,2200.96,23.45
2405,30.979,2157.36,23.7
2406,33.2191,2120.73,25.13
2407,31.8288,2245.77,25.9
2408,31.8637,2140.18,26.38
2409,30.1684,2232.04,26.51
2410,30.5688,2198.0,26.9
2411,30.0435,2138.81,26.85
2412,29.7138,2072.85,27.35
2413,29.0838,2211.96,26.69
2414,30.0682,2207.73,26.43
2415,28.726,2039.3,26.66
2416,30.0529,2040.53,25.07
2417,28.8817,2115.46,25.21
2418,28.3335,2090.79,24.55
2419,28.2238,2055.21,24.47
2420,26.9839,2208.06,23.42
2421,29.5765,2048.06,24.11
2422,27.6253,2060.85,23.74
2423,30.0026,2001.56,22.83
2424,30.0092,2225.18,22.6
2425,30.3829,2104.23,23.12
2426,31.3542,2061.4,23.57
2427,31.6426,2139.26,24.08
2428,30.8398,2090.62,24.23
2429,32.4089,2158.95,24.08
2430,31.2037,2059.57,24.71
2431,31.6178,1977.88,24.54
2432,31.6215,2096.47,26.14
2433,31.7631,2139.23,26.31
2434,31.3359,2123.02,26.7
2435,31.1067,2003.14,27.57
2436,30.3781,1923.59,27.16
2437,28.5955,2125.18,27.06
2438,29.1402,1935.1,26.46
2439,29.6602,2168.53,26.33
2440,27.0469,1966.96,26.2
2441,28.1475,2026.46,25.31
2442,27.5793,2039.97,24.85
2443,29.667,1995.29,25.03
2444,29.2562,1956.06,24.47
2445,28.6279,2041.74,24.17
2446,30.548,2100.58,23.51
2447,29.5907,1965.02,23.46
2448,31.1929,1988.1,22.89
2449,30.2241,1940.39,23.51
2450,30.6338,1928.85,23.4
2451,30.6437,1948.75,23.36
2452,32.4916,1952.34,22.87
2453,32.019,1948.56,24.09
2454,31.5429,1962.99,25.54
2455,31.677,2012.11,26.07
2456,31.8403,1979.32,25.54
2457,31.3723,1927.8,25.65
2458,33.3101,2005.79,26.83
2459,31.0635,1934.86,26.98
2460,30.7419,2003.49,27.1
2461,29.4227,1946.37,26.83
2462,29.0648,1875.49,26.08
2463,28.8516,2028.0,26.59
2464,27.5421,1945.71,24.43
2465,28.8164,2052.81,25.39
2466,28.283,1981.81,24.7
2467,27.8703,1956.95,24.43
2468,28.8157,1858.28,23.39
2469,29.4248,2001.71,23.09
2470,29.7107,1968.75,23.16
2471,30.3425,1963.04,23.01
2472,28.502,1849.04,23.6
2473,30.1061,1883.13,23.29
2474,30.5418,1983.24,22.4
2475,30.8467,1945.13,24.24
2476,31.9808,1943.71,24.04
2477,29.8566,1914.48,24.54
2478,31.4244,1982.31,25.44
2479,31.1445,1874.89,25.53
2480,33.1108,1919.03,26.74
2481,30.284,1958.63,26.35
2482,30.5779,1892.77,27.33
2483,31.3985,1941.34,27.2
2484,28.776,1918.0,27.36
2485,31.1378,1889.3,26.53
2486,29.8533,1869.34,26.44
2487,28.8929,1929.92,26.21
2488,29.7997,1877.04,25.67
2489,28.6635,2026.38,26.26
2490,27.281,1891.77,24.12
2491,28.0806,2004.28,24.32
2492,27.9117,1961.14,24.53
2493,29.3703,1933.53,23.09
2494,29.8712,2017.92,23.28
2495,29.361,1926.07,22.0
2496,29.9518,2025.2,22.61
2497,31.0861,1902.04,23.17
2498,30.1299,1970.18,22.92
2499,32.2181,2054.52,23.83
2500,31.5534,2053.73,23.38
2501,31.3817,1846.37,25.22
2502,30.5074,1963.79,25.57
2503,31.696,2092.89,25.17
2504,31.7108,1954.44,25.85
2505,30.6054,1946.78,25.98
2506,31.5979,1801.21,27.01
2507,30.4615,1906.32,26.37
2508,30.4862,2023.84,26.88
2509,30.3734,1977.8,27.24
2510,27.0924,2041.37,26.71
2511,28.1454,1916.97,25.75
2512,29.0745,2011.67,25.51
2513,27.4761,2018.85,24.9
2514,28.4944,1992.11,24.91
2515,30.3568,2098.12,25.24
2516,28.7226,2067.72,24.08
2517,29.2406,2009.07,23.9
2518,29.3322,2065.97,23.81
2519,29.674,2143.87,22.64
2520,28.9187,1979.98,22.47
2521,30.2234,2133.59,22.96
2522,31.9252,2066.52,22.77
2523,31.2511,2045.97,23.19
2524,32.08,2028.03,23.99
2525,31.9286,2041.24,24.21
2526,32.7907,2041.04,25.02
2527,31.4666,1980.07,25.51
2528,31.4323,2033.27,26.41
2529,30.1771,2058.22,25.95
2530,30.4073,2036.83,27.25
2531,32.0738,2107.68,26.57
2532,30.312,2106.04,27.1
2533,29.6182,2169.96,27.21
2534,28.2264,2036.53,26.18
2535,29.3305,2143.47,27.32
2536,28.6479,2093.2,26.26
2537,27.8363,2125.39,25.82
2538,27.9437,2141.5,25.34
2539,29.0134,2075.43,24.14
2540,29.1691,2135.86,23.64
2541,28.0304,2095.98,23.46
2542,30.2785,2182.62,22.39
2543,29.4857,2139.09,22.39
2544,30.7118,2187.01,22.65
2545,29.7076,2074.46,22.94
2546,29.9774,2173.01,22.71
2547,31.6583,2131.98,23.95
2548,31.8741,2214.03,23.77
2549,31.4692,2177.46,25.46
2550,30.9475,2093.42,25.23
2551,30.6531,2171.59,25.05
2552,30.6431,2050.87,25.84
2553,29.929,2148.4,25.37
2554,31.6121,2176.83,27.2
2555,31.0166,2080.3,26.91
2556,29.9962,2204.48,27.64
2557,30.3361,2187.52,27.76
2558,28.2346,2120.67,26.64
2559,28.8483,2252.28,26.13
2560,28.7085,2092.68,26.23
2561,29.7487,2104.05,25.94
2562,29.3752,2117.24,25.03
2563,28.8063,2110.54,24.9
2564,28.3663,2253.29,23.55
2565,29.2943,2208.11,23.87
2566,29.4559,2014.71,23.79
2567,29.5843,2155.53,22.15
2568,28.2172,2152.0,22.27
2569,31.3154,2184.27,22.43
2570,31.3953,2124.03,23.88
2571,32.8486,2224.12,23.76
2572,30.4674,2186.02,23.75
2573,30.1266,2109.45,24.09
2574,31.5375,2101.49,25.78
2575,31.7199,2137.66,25.22
2576,32.306,2032.21,25.9
2577,31.505,2247.88,26.55
2578,30.5762,2106.49,27.02
2579,29.0646,2162.47,27.54
2580,30.4046,2220.1,27.27
2581,30.0889,2082.31,27.01
2582,28.8156,2167.74,26.16
2583,28.1114,2081.32,26.72
2584,28.4521,2193.56,25.94
2585,29.3521,2215.66,25.6
2586,27.6185,2240.2,24.53
2587,29.2653,2074.98,24.48
2588,29.1737,2122.25,22.99
2589,30.4976,2057.15,23.35
2590,30.5076,2126.96,23.65
2591,28.892,2159.36,23.65
2592,29.2608,2098.61,22.56
2593,30.9089,2198.4,22.77
2594,31.231,1966.98,23.79
2595,30.9449,2133.6,23.73
2596,29.5957,2036.83,23.42
2597,30.7542,2035.92,24.88
2598,32.696,1967.73,25.17
2599,31.6257,2038.92,26.06
2600,29.3269,2108.04,26.45
2601,29.3201,2053.72,26.79
2602,30.609,2151.68,26.73
2603,30.9041,2086.55,28.34
2604,30.0815,1989.54,27.39
2605,28.8257,1983.71,26.81
2606,28.3206,2012.82,26.89
2607,28.8507,2044.61,26.28
2608,28.3039,1975.83,25.57
2609,28.0718,2119.52,25.63
2610,28.7853,2020.48,25.62
2611,29.4006,1911.58,24.27
2612,27.6745,1999.55,23.87
2613,30.4076,2000.08,23.23
2614,29.1394,1995.67,23.46
2615,29.7568,2091.5,22.74
2616,29.7769,1988.25,23.34
2617,29.3569,1989.56,22.59
2618,30.6412,1903.02,23.87
2619,32.4632,1864.99,24.16
2620,31.2974,2009.08,24.2
2621,31.002,2022.02,24.35
2622,31.5292,2074.61,25.64
2623,32.0192,1929.65,25.64
2624,30.9298,2012.94,26.12
2625,31.9687,1927.12,26.99
2626,31.1063,1925.41,26.26
2627,30.5882,1954.32,27.93
2628,29.6424,1927.57,27.18
2629,29.4884,1952.12,27.3
2630,29.2487,1911.37,26.24
2631,29.3463,1805.76,26.31
2632,29.1849,1881.93,26.46
2633,29.0666,1759.19,25.15
2634,28.6003,1875.07,25.49
2635,29.2708,1920.96,25.57
2636,28.1239,1883.09,23.88
2637,28.445,1915.01,24.86
2638,29.7236,1905.48,22.44
2639,29.2916,1864.39,22.34
2640,30.3877,1952.08,23.13
2641,30.9662,1982.66,22.91
2642,31.5728,1903.2,23.22
2643,30.8049,1925.96,23.5
2644,31.5477,1886.1,24.5
2645,31.9209,1915.27,24.68
2646,32.1558,1969.18,26.07
2647,30.6539,1918.85,25.73
2648,32.6245,1895.82,26.14
2649,29.4849,1941.35,26.49
2650,30.6333,1922.79,27.48
2651,30.0487,1796.65,26.76
2652,29.5947,1952.93,27.15
2653,29.3523,1945.67,27.07
2654,29.2762,2012.28,26.87
2655,29.5502,1911.57,25.46
2656,29.98,1930.15,26.34
2657,26.5926,1946.64,25.46
2658,29.1314,1948.44,25.04
2659,28.0793,1885.34,25.19
2660,28.5228,1884.24,24.43
2661,30.1479,1978.05,23.69
2662,29.0636,1869.84,23.01
2663,29.9512,1950.07,22.97
2664,30.6522,1981.65,22.97
2665,30.6198,1928.24,22.72
2666,31.6263,1963.7,23.6
2667,31.4089,1903.87,22.99
2668,31.1822,1966.75,24.56
2669,32.5286,2030.52,24.31
2670,31.8047,1987.09,24.39
2671,31.3028,1992.21,25.86
2672,30.9909,1874.64,25.86
2673,30.2148,1935.41,27.07
2674,31.5767,1963.89,26.21
2675,31.5142,1918.22,27.81
2676,31.2036,2030.39,27.87
2677,29.4964,2016.64,26.64
2678,30.2056,2043.13,26.72
2679,27.957,1999.41,26.5
2680,28.3029,2018.66,25.58
2681,28.2017,1948.34,25.56
2682,27.4676,2046.12,24.51
2683,29.7346,1973.95,24.12
2684,28.77,1993.15,23.63
2685,30.1438,1971.46,23.36
2686,30.475,2023.0,23.42
2687,31.1965,1933.78,23.15
2688,31.1811,2001.24,22.66
2689,30.7965,2029.64,22.7
2690,29.3495,2063.47,23.39
2691,30.7886,1980.85,23.34
2692,31.5125,1955.34,24.42
2693,32.5227,1951.85,23.86
2694,31.0958,2108.7,24.28
2695,31.3628,2023.62,25.71
2696,32.1852,2068.46,25.91
2697,30.0544,2080.51,26.21
2698,30.5343,2057.94,26.74
2699,30.7785,2070.04,26.32
2700,30.8662,2080.61,26.94
2701,29.7558,2055.15,26.59
2702,30.4163,2053.13,26.44
2703,28.0863,2083.47,26.94
2704,27.1733,2067.42,26.27
2705,29.0561,2101.09,25.5
2706,28.9598,2218.0,25.44
2707,27.1156,2130.39,24.64
2708,28.1334,2150.19,22.95
2709,28.4239,2183.08,23.47
2710,28.4118,2113.49,22.45
2711,30.7001,2151.52,23.65
2712,28.3573,2091.62,22.83
2713,31.0313,2064.25,22.74
2714,31.8974,2129.08,23.56
2715,30.9519,2162.32,23.51
2716,31.8858,2146.64,24.23
2717,30.5628,2137.99,23.72
2718,32.0478,2107.08,24.1
2719,30.6711,2058.51,25.45
2720,32.5426,2215.44,26.35
2721,31.7848,2155.48,25.79
2722,30.6408,2128.75,26.49
2723,29.2628,2280.1,27.59
2724,30.7938,2173.74,26.44
2725,29.21,2170.04,26.31
2726,29.4968,2102.37,27.12
2727,28.7568,2147.26,27.3
2728,29.0066,2038.05,25.55
2729,28.1967,2233.51,25.45
2730,26.8765,2125.97,24.8
2731,28.539,2175.95,23.81
2732,29.7219,2163.17,24.09
2733,29.2817,2169.61,23.8
2734,28.6942,2260.03,23.12
2735,28.83,2075.5,22.55
2736,29.6619,2175.57,22.25
2737,30.9228,2229.46,22.62
2738,29.5302,2151.63,23.71
2739,32.3659,2136.74,22.74
2740,30.7838,2270.53,24.9
2741,31.1924,2205.79,24.56
2742,32.8662,2149.94,25.93
2743,31.1464,2079.08,25.47
2744,31.0316,2149.28,25.36
2745,30.0787,2167.29,26.81
2746,29.8233,2184.1,26.52
2747,31.914,2173.1,26.61
2748,30.4361,2123.45,26.29
2749,30.1204,2033.49,27.09
2750,29.2225,2188.83,27.01
2751,26.4896,2204.94,26.53
2752,30.5636,2059.03,26.12
2753,27.188,2045.86,26.42
2754,28.3714,2072.85,25.2
2755,28.0097,2132.19,24.35
2756,29.2542,2029.45,23.47
2757,28.285,2122.6,23.5
2758,28.7722,2121.78,23.1
2759,29.5338,2059.57,23.82
2760,30.722,2200.47,23.68
2761,30.1461,2121.3,22.81
2762,30.3591,2145.98,23.19
2763,29.6582,2021.28,23.65
2764,29.9169,2190.58,24.68
2765,30.2963,2184.41,24.52
2766,31.1444,2121.73,24.3
2767,31.946,2059.62,26.42
2768,30.5752,2132.97,26.66
2769,31.8725,1986.42,26.51
2770,31.7211,2094.61,27.21
2771,30.2221,2026.97,26.56
2772,30.8926,2044.44,28.01
2773,29.1659,1981.98,27.26
2774,27.4209,2038.07,26.0
2775,30.0638,2022.48,27.6
2776,28.0429,2070.13,26.31
2777,29.7673,2045.45,24.81
2778,27.7793,2169.82,24.72
2779,26.7514,2069.4,24.31
2780,28.8628,2080.23,23.74
2781,27.4344,1975.63,24.32
2782,29.8462,2043.27,23.4
2783,28.566,2071.0,23.32
2784,29.7877,1951.59,22.94
2785,31.5374,1920.66,22.68
2786,30.1911,2031.52,23.4
2787,31.7235,1949.69,23.64
2788,32.0784,2021.31,23.45
2789,30.8749,1993.69,24.49
2790,31.5791,1925.92,24.89
2791,32.3421,2044.83,25.52
2792,31.2616,1983.21,26.08
2793,31.8951,2060.12,28.11
2794,31.826,1952.07,26.92
2795,31.1823,1921.12,26.46
2796,30.7024,2002.95,26.85
2797,30.55,1911.04,27.07
2798,28.6751,2052.03,26.89
2799,29.024,1964.01,26.1
2800,27.9619,1952.36,25.13
2801,28.2975,2012.84,24.51
2802,28.1605,1876.12,24.36
2803,29.1474,1871.22,24.12
2804,28.4408,1931.56,24.31
2805,29.6871,1965.47,23.63
2806,27.0743,1944.16,23.38
2807,30.9516,1902.96,23.2
2808,29.5182,1911.51,23.19
2809,28.7525,1978.36,22.47
2810,31.2414,1883.24,23.0
2811,31.7077,1840.07,23.51
2812,31.7745,1992.38,23.56
2813,33.0183,1860.38,24.64
2814,31.375,1982.29,24.14
2815,31.3749,1880.18,25.4
2816,31.3882,1904.08,26.67
2817,30.2033,1881.57,25.44
2818,29.9629,1839.26,27.63
2819,31.3776,1961.78,26.65
2820,30.2941,1936.18,27.55
2821,29.1308,1892.59,26.74
2822,29.364,1933.98,25.84
2823,29.761,1961.51,26.76
2824,28.257,1868.59,27.14
2825,28.4752,1837.55,26.08
2826,29.2083,1900.21,25.33
2827,29.3965,1956.4,24.54
2828,26.7402,1926.4,25.17
2829,28.0573,1921.97,24.02
2830,30.1637,1931.03,23.23
2831,28.792,1964.78,22.92
2832,29.9984,1865.98,22.61
2833,31.7361,1769.51,23.83
2834,31.1935,2050.95,22.68
2835,31.2662,1936.88,24.25
2836,31.4979,1895.52,24.03
2837,31.4477,2015.78,24.08
2838,31.7274,1895.35,25.5
2839,32.4041,2025.15,24.64
2840,30.222,1907.03,26.25
2841,30.9602,2004.4,26.13
2842,30.9235,1931.92,26.92
2843,30.7858,2012.43,27.08
2844,30.145,2044.81,27.15
2845,29.2377,2013.01,27.72
2846,30.4889,1925.55,26.08
2847,29.6344,2006.26,26.57
2848,28.8817,1994.78,26.16
2849,28.8841,1918.26,25.58
2850,30.0553,2051.42,24.45
2851,28.7205,1992.68,24.44
2852,29.0634,1986.78,23.93
2853,28.1865,2029.8,24.01
2854,29.8576,2102.54,23.4
2855,29.6244,2059.13,22.77
2856,29.045,2019.24,22.54
2857,32.2701,1964.55,22.83
2858,30.6186,2012.5,22.98
2859,31.7248,1904.51,23.31
2860,30.5976,2048.49,22.83
2861,32.8412,2145.77,24.31
2862,32.049,2165.29,25.13
2863,30.4663,2099.19,25.24
2864,30.7445,1969.17,24.92
2865,29.8148,2133.0,26.01
2866,30.3388,2047.92,26.59
2867,32.1716,1989.51,26.86
2868,28.0502,2125.45,27.0
2869,27.8508,2162.67,27.0
2870,28.5167,2068.52,27.24
2871,28.6385,2089.02,26.55
2872,28.7321,2140.18,25.93
2873,27.5198,2129.65,24.19
2874,29.0342,2037.9,24.8
2875,28.504,2063.04,24.55
2876,27.5418,2073.15,24.06
2877,29.2928,2059.03,24.0
2878,29.404,2084.26,23.28
2879,29.5403,2201.46,22.78
2880,28.7254,2118.99,22.42
2881,30.4473,2103.09,23.55
2882,29.962,2288.27,23.8
2883,29.983,2067.74,24.02
2884,31.1956,2101.75,24.79
2885,31.1454,2126.57,24.36
2886,32.2561,2154.88,24.86
2887,31.3167,2161.3,26.25
2888,33.7087,2152.82,25.23
2889,33.1917,2180.81,26.96
2890,30.0237,2133.36,26.18
2891,29.4877,2167.35,26.08
2892,30.5344,2006.55,26.4
2893,29.2977,2143.77,26.46
2894,29.7415,2093.06,26.87
2895,27.7494,2167.82,27.36
2896,29.2562,2184.06,25.92
2897,29.0215,2138.53,25.57
2898,28.3619,2121.56,25.65
2899,29.0036,2197.18,24.23
2900,27.8723,2175.6,23.08
2901,28.6714,2084.19,23.21
2902,28.6394,2205.63,23.16
2903,30.2803,2293.77,22.39
2904,29.053,2172.11,22.55
2905,29.2413,2081.45,22.95
2906,30.2731,2173.27,23.5
2907,32.447,2243.1,23.67
2908,30.8351,2099.3,23.36
2909,31.1891,2135.2,24.29
2910,30.7328,2188.59,24.91
2911,32.1477,2167.34,25.24
2912,30.839,2223.16,26.99
2913,30.3054,2168.2,26.13
2914,31.1041,2107.03,26.79
2915,30.096,2164.58,27.49
2916,29.2884,2175.16,26.88
2917,29.7967,2084.8,27.56
2918,29.6911,2161.78,26.96
2919,29.5874,2136.28,26.42
2920,28.779,2212.16,26.09
2921,29.2623,2093.29,24.67
2922,27.9822,2219.8,25.27
2923,28.8702,2175.61,25.15
2924,27.7023,2098.72,24.39
2925,27.6058,2065.35,22.8
2926,28.8869,2060.45,23.34
2927,29.9912,2135.24,23.13
2928,30.0556,2074.8,23.44
2929,29.9022,2136.84,22.95
2930,29.2501,2185.5,23.13
2931,30.5149,2192.54,23.04
2932,32.2553,2140.36,23.38
2933,32.1159,2058.86,24.8
2934,31.4796,1999.15,25.29
2935,31.603,1951.63,26.4
2936,30.7831,2143.02,25.91
2937,31.4877,2068.12,26.26
2938,31.0472,1995.5,26.52
2939,29.1884,2123.62,26.19
2940,29.3634,1954.23,26.75
2941,31.0447,1954.62,26.8
2942,29.4651,2142.08,26.09
2943,29.7946,1935.78,26.18
2944,28.9578,2036.67,26.82
2945,27.7615,1960.18,24.2
2946,29.0113,2091.18,25.61
2947,29.0382,2014.18,24.9
2948,29.5319,1991.68,23.66
2949,29.6285,1990.71,23.93
2950,28.4432,2059.9,23.32
2951,30.0787,2055.56,22.62
2952,31.2188,1987.03,22.85
2953,29.1769,1931.04,23.77
2954,30.8414,1898.15,23.21
2955,31.0928,1972.81,23.86
2956,30.4661,1977.73,23.63
2957,31.0681,2043.53,24.52
2958,31.8668,2021.91,25.69
2959,32.9802,2006.99,25.21
2960,31.2065,1979.03,25.93
2961,31.1314,1931.05,26.35
2962,30.3474,1950.2,26.84
2963,28.7135,1982.16,25.66
2964,29.8564,1910.87,27.42
2965,28.9178,1914.51,26.64
2966,30.0548,1970.45,26.85
2967,27.6119,1958.89,26.37
2968,27.8302,2005.49,26.46
2969,29.0035,1907.97,25.48
2970,28.3359,1883.76,24.72
2971,28.7601,1922.33,25.07
2972,29.2015,1905.07,23.72
2973,28.3728,2069.91,23.34
2974,29.5419,1892.31,23.32
2975,29.4423,2013.65,22.25
2976,29.4887,1941.28,22.49
2977,30.2262,1901.66,23.15
2978,31.7344,1929.18,23.3
2979,29.9745,1872.7,23.72
2980,33.9848,1994.88,24.49
2981,32.6014,1906.43,23.86
2982,31.0288,1918.38,25.27
2983,31.3217,1990.81,24.79
2984,31.0223,1935.12,25.27
2985,31.223,2003.99,25.94
2986,30.8573,1985.01,26.53
2987,31.4513,1960.17,27.12
2988,31.2236,2045.58,27.04
2989,30.4962,1932.93,27.14
2990,29.1113,1950.14,26.56
2991,29.075,1852.52,26.31
2992,28.1538,1892.88,26.33
2993,28.0589,2050.17,25.05
2994,29.6856,2002.84,24.76
2995,29.0257,1837.54,24.54
2996,27.9573,1978.47,23.31
2997,29.8164,2027.92,23.37
2998,29.393,2090.87,23.67
2999,30.7096,1980.64,22.56
3000,29.57,1969.36,24.21
3001,29.9953,1991.27,22.77
3002,31.0721,2015.87,23.25
3003,31.4154,1939.54,23.39
3004,31.1074,2002.86,23.73
3005,30.0405,1974.08,24.63
3006,32.1996,1951.27,24.64
3007,31.0676,1983.28,26.15
3008,33.4358,1915.8,26.15
3009,30.0993,2049.76,27.26
3010,31.1447,1901.25,26.79
3011,30.2637,1983.18,26.67
3012,30.5365,2023.06,26.69
3013,29.231,2063.76,26.57
3014,30.0512,1964.05,26.79
3015,29.1701,2010.37,26.51
3016,27.6817,1962.92,26.09
3017,27.8744,2039.97,25.23
3018,27.9035,2046.46,25.37
3019,28.9109,1993.4,24.69
3020,29.0382,2028.42,23.69
3021,29.4499,1970.88,22.59
3022,28.6279,2003.8,22.98
3023,29.316,2089.7,22.48
3024,29.808,2016.5,22.44
3025,30.1472,2060.79,23.12
3026,30.9402,2001.25,23.5
3027,32.0761,2116.06,23.58
3028,31.5916,2102.84,23.83
3029,32.6911,2061.11,25.41
3030,31.7098,2099.34,24.79
3031,30.3628,2086.81,26.14
3032,31.8749,1976.04,26.0
3033,30.6722,2102.42,26.23
3034,29.4702,2183.49,27.26
3035,31.1804,1989.36,26.8
3036,29.9784,2067.31,26.93
3037,28.1615,2145.5,27.15
3038,28.25,2119.12,26.99
3039,29.2784,2074.88,26.59
3040,27.9388,2133.53,25.69
3041,29.1172,2046.69,24.94
3042,29.1258,2106.78,24.76
3043,28.4107,2143.4,23.14
3044,29.0841,2058.31,23.63
3045,28.9756,2118.95,22.94
3046,29.4287,2068.9,23.04
3047,31.6183,2134.22,23.7
3048,29.607,2100.58,22.56
3049,30.8278,2094.72,22.3
3050,31.5423,2135.39,23.52
3051,32.2785,2197.75,24.56
3052,31.5176,2154.4,24.55
3053,32.1611,2210.22,23.8
3054,32.0648,2197.92,24.95
3055,31.3085,2117.87,25.78
3056,31.5335,2140.5,25.57
3057,31.1733,2125.58,26.48
3058,30.6211,2219.38,26.54
3059,30.4613,2226.61,26.35
3060,28.1656,2178.47,26.61
3061,30.8646,2123.25,26.71
3062,29.1803,2072.8,26.77
3063,28.6767,2066.84,26.13
3064,29.1317,2267.98,26.27
3065,28.1072,2102.09,26.21
3066,29.1017,2198.82,24.45
3067,28.0582,2134.82,25.19
3068,29.6627,2158.51,24.03
3069,29.8889,2242.66,23.88
3070,29.2708,2194.72,23.42
3071,29.4851,2118.3,23.47
3072,29.4052,2156.91,23.22
3073,29.8068,2162.28,22.81
3074,30.8915,2269.04,23.07
3075,29.4579,1995.61,23.55
3076,31.8228,2097.73,24.16
3077,32.3343,2156.25,23.88
3078,31.6337,2096.67,24.63
3079,31.6774,2155.9,26.36
3080,31.1062,2103.15,25.49
3081,29.6208,2099.44,26.19
3082,31.6518,2094.22,27.1
3083,29.7219,2221.91,26.45
3084,29.0053,2164.74,27.26
3085,30.2279,2113.31,26.85
3086,28.7217,2213.88,25.56
3087,28.5549,2102.42,26.54
3088,28.7053,1936.54,26.64
3089,28.5055,2163.86,24.59
3090,28.6158,2185.8,25.28
3091,29.158,2065.08,25.04
3092,29.2043,2107.7,24.44
3093,28.2982,2154.06,23.1
3094,28.556,2096.24,23.98
3095,28.8795,2153.82,23.03
3096,28.4749,2044.75,23.39
3097,29.9833,2041.0,23.0
3098,29.7238,2102.88,23.02
3099,31.1631,1935.0,23.02
3100,30.998,2115.14,24.27
3101,32.3289,2047.3,24.38
3102,31.3105,2040.6,24.58
3103,31.5064,2062.8,25.27
3104,31.0298,2041.71,25.98
3105,29.8059,2055.73,26.08
3106,30.0489,2035.8,26.72
3107,29.5947,1918.67,26.07
3108,29.8286,1944.98,26.95
3109,29.4063,2032.61,26.5
3110,29.9599,2094.13,27.42
3111,28.3889,2128.49,25.88
3112,28.0385,2045.13,25.1
3113,28.7732,2057.82,25.21
3114,27.2763,1974.47,25.43
3115,30.1108,2006.26,24.59
3116,29.9506,1963.58,24.63
3117,29.7224,1920.89,23.71
3118,28.3309,1852.09,23.43
3119,29.9827,1945.62,23.61
3120,30.0474,1986.54,23.0
3121,29.1598,1936.35,23.29
3122,31.2878,2017.37,23.41
3123,30.5271,1844.48,23.48
3124,30.6657,2067.61,24.93
3125,31.2837,2081.92,24.25
3126,32.1872,2033.59,25.3
3127,31.7128,1926.64,25.29
3128,32.1449,2006.28,26.23
3129,29.3695,1941.28,25.52
3130,30.3573,2085.56,26.67
3131,30.2725,1939.92,26.46
3132,29.4122,1809.89,27.73
3133,29.2586,1930.84,26.31
3134,28.3014,1860.36,27.0
3135,29.9645,1983.15,26.94
3136,29.2672,2083.45,25.92
3137,29.0828,1933.24,25.62
3138,27.701,1978.78,25.23
3139,28.5029,1835.71,25.13
3140,28.6283,1977.85,23.69
3141,27.8862,1955.87,23.44
3142,29.0667,1882.72,24.02
3143,28.971,1890.65,23.03
3144,29.2041,1956.01,22.02
3145,29.6924,1846.63,22.98
3146,30.296,1850.94,23.0
3147,31.4976,1927.4,24.13
3148,32.3615,1941.21,23.0
3149,31.7202,1913.31,24.65
3150,33.9436,1976.76,24.99
3151,30.4115,1908.45,26.03
3152,30.5668,1894.42,26.15
3153,31.3956,1889.51,26.36
3154,31.8702,1884.4,26.62
3155,29.0241,1954.77,26.56
3156,30.4956,1793.84,26.59
3157,28.9022,1881.23,26.92
3158,29.0464,1918.27,27.36
3159,28.4777,1836.54,26.32
3160,28.3025,1869.14,26.92
3161,27.7191,1890.58,25.38
3162,30.3827,1812.99,24.56
3163,28.6238,1985.72,24.1
3164,28.2766,1882.25,25.2
3165,26.467,2071.18,23.46
3166,29.9253,1957.42,23.58
3167,29.8603,1841.45,22.67
3168,28.5527,1953.34,23.59
3169,29.9727,1951.36,23.1
3170,30.6113,1871.85,23.31
3171,31.5578,1898.43,24.0
3172,29.4961,2113.89,24.56
3173,31.255,1860.12,25.28
3174,31.571,2034.29,25.23
3175,29.9871,1984.71,25.2
3176,31.5947,2037.26,25.34
3177,31.006,2030.55,26.49
3178,29.522,1956.93,27.57
3179,30.1057,2089.86,27.28
3180,29.6709,2068.53,27.14
3181,29.4381,1894.06,26.9
3182,28.7571,1935.16,26.68
3183,29.4264,2027.36,26.41
3184,26.938,2044.47,26.2
3185,28.1752,1997.3,25.98
3186,29.0279,2045.6,24.17
3187,28.9336,2021.81,24.25
3188,28.6223,2111.09,24.24
3189,28.4782,2088.74,23.91
3190,29.0387,1996.43,23.27
3191,28.5752,1931.67,23.19
3192,30.6967,2060.06,22.72
3193,30.6586,2028.18,22.98
3194,30.1412,1920.05,23.88
3195,31.3249,2054.91,23.99
3196,29.7775,2109.05,24.09
3197,30.5343,2110.26,24.62
3198,32.403,2089.81,25.0
3199,32.534,2089.25,25.24
3200,30.6853,2085.84,25.8
3201,30.569,2026.26,26.65
3202,30.128,2130.09,26.76
3203,30.0608,1945.97,26.54
3204,29.8164,2141.15,27.87
3205,29.7914,2044.17,26.98
3206,30.0741,2118.75,27.02
3207,28.7187,2090.7,27.0
3208,28.7914,2097.1,25.77
3209,27.5593,2187.34,24.58
3210,26.9993,2143.82,24.78
3211,29.8414,2102.6,24.57
3212,29.2972,2120.23,23.76
3213,28.4165,2076.21,23.94
3214,29.0924,2155.96,23.64
3215,29.4201,2078.67,23.35
3216,31.618,2213.75,23.13
3217,29.7959,2191.95,23.89
3218,31.2271,2237.73,23.2
3219,30.719,2066.66,23.21
3220,32.0238,2144.16,23.33
3221,33.1038,2173.47,23.88
3222,31.9722,2171.15,25.23
3223,30.0284,2166.63,25.22
3224,30.728,2199.11,26.54
3225,31.4191,2141.5,27.12
3226,31.486,2171.68,28.16
3227,30.134,2148.85,27.18
3228,29.3428,2047.87,27.23
3229,28.2773,2223.15,26.53
3230,27.9828,2217.59,26.5
3231,30.5143,2248.07,26.36
3232,28.3088,2184.98,25.99
3233,28.042,2100.81,25.08
3234,28.0248,2132.34,24.54
3235,29.2651,2194.31,24.54
3236,27.9008,2106.14,24.75
3237,29.9596,2173.86,23.73
3238,31.2652,2206.28,23.28
3239,30.0577,2241.23,22.53
3240,28.212,2191.3,22.22
3241,29.5369,2120.01,23.56
3242,30.8665,2072.8,22.53
3243,32.0569,2094.56,23.03
3244,30.8758,2116.28,24.21
3245,31.7277,2237.25,24.94
3246,32.3017,2053.35,25.25
3247,30.5385,2172.55,25.14
3248,31.0704,2136.86,25.55
3249,31.0319,2149.29,26.2
3250,29.17,2202.92,26.84
3251,28.9657,2194.03,26.88
3252,30.355,2221.3,27.94
3253,30.9989,2130.44,26.79
3254,29.9937,2093.55,27.48
3255,28.541,2094.82,26.77
3256,29.0316,2135.58,26.26
3257,28.5783,2150.04,26.22
3258,28.9812,2033.44,24.94
3259,28.9247,2130.55,24.19
3260,27.6371,2132.49,23.71
3261,27.4877,2190.37,23.37
3262,29.7861,2053.94,23.33
3263,30.3775,2181.52,23.42
3264,29.5879,2198.22,22.54
3265,30.2056,2074.22,23.01
3266,31.1643,2005.99,24.03
3267,31.3607,2075.9,23.33
3268,30.6298,2035.17,24.05
3269,31.7664,2059.16,23.86
3270,31.3483,2168.35,25.99
3271,30.6738,1971.59,24.89
3272,31.059,2089.44,25.65
3273,31.2393,1928.73,26.92
3274,31.3175,2109.5,25.92
3275,31.0793,2000.7,26.34
3276,29.3137,2023.91,27.61
3277,29.5517,2081.54,25.84
3278,28.6436,2087.67,27.15
3279,29.6788,2030.26,25.93
3280,29.0792,1977.7,25.23
3281,28.6115,2053.59,25.61
3282,27.5787,1967.54,24.1
3283,29.6656,1956.7,24.24
3284,28.1092,2018.5,23.98
3285,28.3027,2009.22,23.21
3286,29.3109,2072.14,23.65
3287,30.1666,2124.04,22.85
3288,30.2398,2009.85,23.93
3289,29.8241,2130.99,22.14
3290,30.239,2037.66,22.09
3291,31.2547,1952.15,22.79
3292,31.5381,1942.11,24.13
3293,31.4018,1895.8,24.66
3294,30.9055,1875.15,25.12
3295,30.8676,2092.45,24.88
3296,30.4933,1890.45,26.66
3297,32.0155,1992.69,26.28
3298,29.8326,1956.71,27.63
3299,30.851,1986.33,26.4
3300,29.7008,1878.72,26.49
3301,28.2912,2018.01,27.55
3302,30.1359,1920.82,26.56
3303,28.2263,2006.8,26.5
3304,29.0654,1939.61,26.41
3305,28.3953,2028.15,26.08
3306,29.0167,2080.13,24.92
3307,27.7905,1899.14,24.85
3308,28.9294,1943.77,23.66
3309,30.0987,2007.66,22.64
3310,28.7836,1874.79,23.38
3311,31.2374,1989.26,22.7
3312,30.4597,1880.08,23.19
3313,28.3966,1870.24,23.18
3314,31.1982,1860.74,22.68
3315,30.6649,1966.33,23.42
3316,31.9721,1996.55,24.36
3317,32.4611,1954.92,25.73
3318,31.8565,1983.43,24.26
3319,30.5192,1925.34,25.24
3320,30.844,1983.77,25.72
3321,32.1554,1916.74,27.9
3322,30.2862,1880.91,26.93
3323,30.5928,1966.5,26.58
3324,29.8117,1901.14,26.81
3325,27.7508,1988.21,26.9
3326,28.3049,1910.88,27.81
3327,29.6289,1942.16,26.64
3328,28.587,1873.22,25.87
3329,29.4434,1885.52,25.38
3330,26.9708,1822.55,25.34
3331,28.3923,1953.39,24.29
3332,29.9741,1930.28,24.68
3333,29.9569,2027.13,23.07
3334,29.5508,1924.98,22.24
3335,30.3314,1889.46,22.43
3336,31.7182,1813.41,22.83
3337,30.2577,1857.2,23.48
3338,31.2562,1913.61,23.23
3339,30.2622,1917.16,23.55
3340,31.4338,1944.96,24.1
3341,30.7419,1917.24,24.25
3342,31.8323,1951.99,25.37
3343,31.2496,1972.5,25.93
3344,32.8838,1941.41,25.45
3345,30.3138,2039.02,26.83
3346,32.1089,2037.96,27.64
3347,29.9345,1900.86,26.62
3348,29.9016,1998.34,27.14
3349,30.2655,2126.64,27.23
3350,27.6135,1913.17,26.98
3351,30.3246,2072.95,26.53
3352,26.9955,2077.65,26.14
3353,29.2073,1994.37,25.9
3354,28.5939,1979.91,24.53
3355,28.8336,2023.44,24.98
3356,29.3437,1954.46,23.95
3357,29.055,2006.86,24.01
3358,29.8597,2045.13,22.89
3359,30.2298,2029.13,23.44
3360,30.9784,2011.43,23.76
3361,30.9355,2005.18,22.74
3362,31.7564,2097.67,24.2
3363,30.585,2030.18,24.96
3364,30.7185,2008.25,23.66
3365,30.6853,1997.63,24.44
3366,30.7669,2091.53,24.52
3367,30.7723,2122.62,25.66
3368,31.0725,1996.68,25.4
3369,29.0972,2106.43,27.49
3370,29.7155,2082.89,26.41
3371,30.4259,2174.1,26.33
3372,30.5557,2115.42,27.41
3373,28.9093,2100.54,27.28
3374,28.6713,2109.7,26.88
3375,28.7582,2073.72,26.02
3376,28.7812,2100.38,26.44
3377,28.6836,2119.51,26.2
3378,28.4492,2127.01,25.49
3379,29.3468,2085.1,24.88
3380,28.124,2194.3,25.05
3381,29.0872,2086.02,23.47
3382,29.998,2021.36,23.41
3383,30.9284,2075.0,23.05
3384,31.6692,2216.2,23.08
3385,30.612,2094.93,22.73
3386,29.847,2120.23,23.35
3387,33.4502,2187.65,22.58
3388,28.9032,2179.5,22.96
3389,32.0815,2133.11,24.85
3390,31.8776,2198.97,25.03
3391,32.3091,2214.81,25.31
3392,31.3778,2100.27,26.15
3393,31.4833,2181.73,26.12
3394,31.373,2195.44,26.25
3395,30.5927,2183.62,26.35
3396,30.2949,2176.85,26.81
3397,29.4988,2199.53,27.28
3398,29.7942,2136.51,26.61
3399,29.6619,2149.27,25.66
3400,28.9541,2275.79,25.41
3401,27.2443,2308.99,25.49
3402,27.8312,2218.95,25.39
3403,28.79,2129.4,24.04
3404,28.0459,2242.86,24.51
3405,30.9131,2119.58,23.11
3406,29.3928,2177.59,23.19
3407,30.5515,2193.11,22.91
3408,30.5424,2136.78,23.0
3409,30.5953,2145.43,22.72
3410,30.4497,2056.97,23.16
3411,31.0746,2139.46,23.06
3412,31.2697,2124.16,24.65
3413,31.3181,2134.67,24.32
3414,32.9696,2232.7,25.19
3415,30.0438,2119.13,25.23
3416,29.3224,2199.51,26.29
3417,30.0776,2107.1,26.27
3418,29.4901,2147.14,26.86
3419,30.9911,2003.44,27.14
3420,28.9674,2154.05,26.66
3421,29.7109,2183.62,26.51
3422,29.8485,2059.32,26.5
3423,29.4491,2313.07,26.06
3424,29.6539,2090.87,25.57
3425,28.558,2037.72,26.59
3426,28.7411,2088.4,24.85
3427,29.0917,2044.63,24.18
3428,27.9151,2109.24,24.54
3429,28.6029,2010.91,23.31
3430,28.3803,2123.32,23.6
3431,28.8064,2070.75,23.04
3432,30.0534,2192.52,21.95
3433,31.5786,2100.34,22.48
3434,31.9246,2076.39,23.66
3435,30.3905,2124.06,23.55
3436,32.3775,2071.12,23.89
3437,29.8076,1992.04,24.12
3438,31.5369,2076.91,24.99
3439,32.2831,1978.82,26.2
3440,30.3469,2109.35,26.58
3441,31.9717,2070.54,26.29
3442,31.2253,1958.27,26.68
3443,29.7637,2054.04,27.7
3444,29.2512,2042.43,27.53
3445,30.675,2153.78,27.6
3446,29.5491,2014.43,26.78
3447,30.1098,1951.6,26.26
3448,29.2441,1981.15,25.93
3449,29.9528,2006.95,25.51
3450,27.8149,2046.99,24.59
3451,28.5835,1982.68,24.3
3452,28.0447,1945.16,23.62
3453,29.5917,1892.8,23.62
3454,30.6137,1969.83,24.17
3455,29.0632,2016.78,23.05
3456,29.7945,1988.79,22.47
3457,30.6545,1953.9,23.58
3458,29.4224,1974.95,23.3
3459,31.3382,2024.99,23.72
3460,31.2193,1998.06,23.88
3461,32.2504,1981.22,24.74
3462,32.1181,2042.09,24.37
3463,30.5335,2016.98,25.25
3464,32.5663,2006.87,25.72
3465,31.7554,1833.16,26.31
3466,31.6006,1946.71,27.49
3467,32.5473,1961.69,27.41
3468,30.3313,2079.44,27.18
3469,30.1687,1953.48,26.71
3470,30.0292,2046.46,27.04
3471,28.9699,1928.25,26.67
3472,28.1034,1985.91,25.62
3473,28.7259,1996.93,24.92
3474,28.2051,2011.68,24.09
3475,28.4573,1904.93,24.24
3476,29.3563,1886.7,24.77
3477,29.1463,1864.66,22.55
3478,29.0278,1960.64,22.5
3479,29.3952,1998.82,23.18
3480,30.9137,1918.11,23.15
3481,30.2665,1925.51,23.62
3482,30.1412,1899.98,22.68
3483,30.0584,1847.2,22.82
3484,31.1008,1892.73,23.46
3485,31.5847,1861.16,23.89
3486,32.2157,1848.59,24.57
3487,32.6336,1964.59,25.28
3488,30.7851,1911.08,26.42
3489,31.8843,1912.49,25.67
3490,32.3339,1892.67,26.82
3491,30.7297,1886.37,27.44
3492,29.3621,1845.39,27.11
3493,29.4125,2016.28,27.61
3494,29.9003,1990.13,27.02
3495,27.6287,1835.49,25.73
3496,29.2139,1886.04,25.82
3497,28.6031,1972.94,26.41
3498,27.8287,1882.93,24.38
3499,29.7032,1964.46,24.24
3500,28.1194,1877.41,24.34
3501,30.5683,1987.18,24.11
3502,29.3392,1983.05,22.74
3503,29.8465,2071.18,23.45
3504,28.8026,1921.69,23.32
3505,29.3952,1840.02,23.57
3506,29.1511,1981.67,23.98
3507,30.7328,1981.89,23.78
3508,32.3693,1978.34,24.43
3509,30.9417,1904.26,23.98
3510,31.7248,1937.51,25.79
3511,32.0725,2030.43,25.07
3512,30.5449,1991.23,25.58
3513,31.575,2006.62,25.74
3514,30.9789,2021.72,26.58
3515,31.0308,2054.37,26.85
3516,29.6379,1996.75,26.9
3517,29.9738,1925.52,26.48
3518,29.8728,2008.95,26.75
3519,28.682,2020.32,26.1
3520,28.6899,1962.81,25.22
3521,29.2269,2116.29,25.62
3522,28.8756,2015.59,24.66
3523,27.7993,2031.88,24.81
3524,28.4697,2061.89,23.1
3525,28.9254,2131.39,24.0
3526,28.4444,2006.17,24.0
3527,28.868,1963.05,23.35
3528,29.6835,1992.92,22.83
3529,29.3732,2000.9,23.34
3530,31.2337,1989.98,23.03
3531,31.3135,2048.7,24.5
3532,32.3367,1969.3,23.67
3533,32.1234,2015.25,25.16
3534,31.3906,2065.52,24.4
3535,30.9147,2082.21,25.74
3536,30.5504,2124.76,25.93
3537,30.0784,2090.62,26.98
3538,30.8519,2027.52,27.05
3539,30.0699,2051.08,26.99
3540,32.1131,2145.99,27.37
3541,30.3558,2223.03,27.37
3542,29.2624,2174.53,26.28
3543,29.413,2028.87,26.52
3544,26.9891,2151.7,26.09
3545,29.1033,2077.55,26.03
3546,29.6069,2069.04,24.8
3547,29.1438,2077.53,25.15
3548,28.592,2189.87,24.7
3549,28.7852,2087.34,23.42
3550,29.9279,2166.58,23.64
3551,29.6902,2093.58,22.59
3552,28.5475,2075.34,23.1
3553,31.7055,2107.31,22.98
3554,31.2026,2256.68,23.26
3555,30.8733,2066.17,24.06
3556,32.1036,2162.94,23.89
3557,31.7308,2154.81,25.07
3558,33.3853,2076.6,24.15
3559,31.9751,2049.16,25.4
3560,29.6536,2231.69,26.99
3561,29.9974,2154.99,26.29
3562,31.1632,2281.17,27.33
3563,30.0096,2188.57,27.83
3564,29.0697,2245.57,27.22
3565,30.3309,2218.47,26.72
3566,29.5876,2217.59,26.93
3567,27.664,2094.48,26.27
3568,28.4788,2333.52,25.71
3569,28.9806,2155.84,25.61
3570,28.2357,2261.03,24.7
3571,28.3439,2112.25,24.71
3572,30.1344,2172.68,22.8
3573,28.5651,2093.12,23.69
3574,29.4415,2091.05,23.03
3575,28.8028,2238.13,22.38
3576,30.7979,2145.27,22.45
3577,30.2641,2221.18,22.58
3578,29.787,2192.01,23.26
3579,32.694,2141.2,23.29
3580,32.1612,2066.48,24.32
3581,31.2255,2069.04,24.56
3582,30.828,2109.23,24.6
3583,29.5801,2212.36,23.96
3584,31.703,2181.58,26.9
3585,30.7312,2214.44,25.56
3586,29.9228,2190.68,26.2
3587,29.8412,2105.94,26.79
3588,29.202,2254.91,27.28
3589,29.9471,2135.77,27.69
3590,28.9485,2104.15,26.75
3591,27.8823,2126.32,25.95
3592,29.8715,2298.31,25.83
3593,28.4251,2129.58,25.93
3594,28.9826,2128.95,25.32
3595,28.2004,2146.38,24.65
3596,27.6201,2058.88,23.71
3597,28.9737,2051.75,23.81
3598,28.8628,2103.39,22.27
3599,31.4696,2125.99,23.24
3600,31.3634,2177.86,23.47
3601,32.5992,2098.95,24.01
3602,30.7857,2014.16,22.97
3603,30.2481,2135.87,23.6
3604,30.5678,2074.75,23.18
3605,30.5286,2068.31,25.26
3606,30.7968,1917.57,24.99
3607,30.7795,2108.19,26.18
3608,31.8723,2135.06,26.64
3609,32.4059,2032.51,25.53
3610,30.1543,2029.07,26.81
3611,30.579,2168.24,26.05
3612,28.843,2052.38,27.22
3613,28.7192,1975.51,25.83
3614,30.4422,2018.04,26.36
3615,29.0064,2083.81,26.89
3616,29.6775,1935.04,25.65
3617,27.2196,1991.25,26.03
3618,28.4408,2106.31,24.33
3619,27.8442,1969.49,24.81
3620,27.4203,2151.25,24.06
3621,28.4026,1907.63,24.03
3622,28.7649,2071.0,23.42
3623,29.798,1998.45,23.55
3624,31.9494,2003.18,22.79
3625,32.4645,1997.22,23.14
3626,30.7842,2086.52,23.92
3627,30.8629,1989.89,22.92
3628,30.1924,1981.73,24.54
3629,31.689,1857.68,24.54
3630,31.6502,2034.33,25.33
3631,31.312,1824.76,25.13
3632,31.7033,1910.95,25.54
3633,30.9096,1892.16,26.19
3634,30.8209,1910.94,26.77
3635,28.7109,2019.1,26.09
3636,29.7529,1793.68,26.67
3637,29.0747,1784.87,26.45
3638,30.6661,2027.89,26.6
3639,29.357,2058.79,26.34
3640,28.6658,1976.09,25.28
3641,28.7603,1945.29,25.49
3642,29.8493,2004.8,24.84
3643,29.1507,1817.25,24.24
3644,29.3038,1921.19,23.61
3645,28.7877,1887.61,23.6
3646,28.4041,1922.89,23.37
3647,31.5235,1941.51,22.56
3648,30.6779,1983.01,22.37
3649,30.6189,1890.87,22.81
3650,31.4516,1957.7,23.84
3651,30.757,1847.76,23.75
3652,29.6738,1862.13,24.27
3653,31.7031,1908.31,23.93
3654,31.7313,1831.39,24.56
3655,31.6203,1970.08,25.61
3656,32.1701,1972.51,26.94
3657,30.5804,1936.62,25.77
3658,32.2199,1851.37,26.71
3659,31.1131,1900.88,26.91
3660,30.8691,2021.28,27.35
3661,31.0202,1849.13,26.34
3662,29.7326,1863.25,26.8
3663,27.8315,1897.11,27.01
3664,29.7513,1999.74,26.18
3665,28.0392,1866.51,25.21
3666,28.2808,2001.69,25.17
3667,29.2075,1931.04,24.77
3668,28.7255,1927.96,24.53
3669,29.1965,1890.52,23.2
3670,29.6999,1942.77,22.99
3671,28.6347,2030.01,22.1
3672,29.8029,1943.08,23.28
3673,30.322,2041.81,22.23
3674,32.0438,1943.44,22.81
3675,30.5778,1908.57,23.88
3676,32.3729,1872.47,23.43
3677,32.1385,2049.3,24.04
3678,31.3548,2062.76,25.42
3679,31.0529,2035.3,25.33
3680,30.9732,2015.5,25.37
3681,30.4432,2014.61,27.02
3682,30.7118,1936.4,26.93
3683,31.0674,2005.07,27.72
3684,30.5377,1971.58,27.62
3685,29.49,2038.08,27.28
3686,29.3461,2012.09,26.1
3687,29.4259,1984.95,26.78
3688,27.7914,1967.82,26.6
3689,28.7514,2019.1,25.21
3690,27.3372,2106.94,25.21
3691,28.3551,1929.61,24.79
3692,27.5011,1982.47,24.65
3693,28.4659,2027.28,23.78
3694,28.8346,2004.88,23.56
3695,29.3714,2009.95,23.46
3696,30.8394,1953.86,22.16
3697,30.0619,2149.49,22.23
3698,31.5447,2025.54,23.26
3699,31.6833,2001.61,23.27
3700,30.7681,2008.2,23.97
3701,31.5214,2002.62,24.37
3702,31.4679,2010.99,24.17
3703,30.9311,2007.04,24.62
3704,31.2925,2130.5,25.79
3705,29.3906,2116.69,26.52
3706,31.0155,2124.24,26.72
3707,31.352,2043.25,27.37
3708,30.2489,2075.3,27.66
3709,29.7301,2112.6,26.55
3710,28.0849,2187.74,26.16
3711,29.6084,2013.39,27.2
3712,29.1896,2118.44,26.21
3713,29.5276,2143.7,24.9
3714,29.551,2167.56,25.47
3715,28.1187,2082.49,24.98
3716,28.5635,2181.2,23.69
3717,30.0692,2193.17,23.57
3718,27.9641,2219.17,23.66
3719,29.8694,2054.44,24.16
3720,29.283,2139.86,23.21
3721,29.7431,2253.25,22.44
3722,31.3898,2143.71,23.03
3723,30.9861,2098.28,23.91
3724,31.4416,2151.34,24.9
3725,32.402,2128.39,25.65
3726,32.3809,2247.78,24.73
3727,31.8356,2243.09,25.34
3728,31.7109,2280.11,26.1
3729,31.789,2108.77,26.52
3730,29.9907,2192.84,27.11
3731,29.2375,2194.78,26.98
3732,29.9782,2059.24,25.93
3733,30.1634,2216.38,26.73
3734,30.2484,2141.78,27.08
3735,29.0066,2168.86,26.79
3736,29.5892,2072.8,25.83
3737,28.8668,2216.88,25.24
3738,27.431,2128.33,25.44
3739,28.8226,2190.78,24.61
3740,29.6423,2096.15,24.16
3741,28.4593,2074.13,23.92
3742,29.5966,2016.73,22.47
3743,29.2913,2159.58,23.32
3744,29.8502,2121.08,23.5
3745,30.1707,2123.83,22.56
3746,30.83,2165.11,23.55
3747,30.0801,2115.05,22.45
3748,32.0563,2087.76,23.3
3749,32.3005,2188.76,24.65
3750,32.3242,2132.24,25.48
3751,30.714,2124.76,25.69
3752,31.8234,2111.48,26.44
3753,31.8497,2163.56,25.97
3754,31.0971,2248.09,25.75
3755,29.7596,2169.25,26.28
3756,29.598,2143.36,27.07
3757,30.7429,2208.62,27.43
3758,29.1562,2102.6,27.19
3759,28.3722,1999.65,26.2
3760,28.0801,2125.95,26.09
3761,28.0549,2177.19,25.42
3762,28.9625,2142.03,25.53
3763,26.9466,2133.38,24.74
3764,27.599,2151.02,24.43
3765,27.7037,2134.12,23.73
3766,29.7915,2122.31,23.69
3767,28.7779,2139.21,22.8
3768,28.5044,2049.13,23.47
3769,30.203,2074.79,22.93
3770,31.0192,2063.17,24.16
3771,30.5474,2140.75,23.55
3772,30.8332,2111.49,23.8
3773,32.4255,2169.41,23.7
3774,32.6662,2081.67,23.45
3775,31.7043,2033.54,25.5
3776,30.926,2120.51,25.85
3777,31.5666,2032.07,27.51
3778,30.8453,1899.92,26.57
3779,30.3514,2012.4,26.83
3780,30.8807,2036.05,26.74
3781,28.5049,2071.15,26.72
3782,29.3474,2037.4,26.81
3783,29.0261,2046.46,26.03
3784,30.7207,2131.94,24.71
3785,28.1384,1961.54,26.38
3786,29.126,1974.83,24.61
3787,28.7053,2003.88,24.2
3788,28.6217,2024.56,24.24
3789,29.0864,1985.57,22.41
3790,30.6717,2046.07,22.37
3791,29.8093,1980.07,22.93
3792,29.1656,1960.31,23.51
3793,29.697,2059.25,22.66
3794,31.8229,1862.74,22.75
3795,31.0411,2112.5,23.7
3796,31.969,1996.71,24.42
3797,30.7103,1955.88,23.97
3798,31.1915,1866.88,24.68
3799,30.1739,2033.09,25.17
3800,36.9251,1912.87,26.3
3801,34.4843,1944.1,26.25
3802,35.7579,2021.27,26.69
3803,34.255,2077.42,27.02
3804,34.6159,1915.56,27.47
3805,34.2808,1973.08,26.49
3806,33.3969,2060.7,27.06
3807,33.0988,1937.93,25.78
3808,32.8302,1929.73,25.97
3809,33.7771,2071.45,24.93
3810,34.1853,1961.59,25.02
3811,31.3587,1927.8,24.83
3812,33.1018,1959.12,24.52
3813,32.9377,2020.98,23.47
3814,34.1388,1909.1,23.82
3815,34.5178,1865.22,23.8
3816,34.7259,1896.87,22.82
3817,35.918,1964.18,23.34
3818,34.7051,1954.71,22.63
3819,35.3904,2014.51,23.25
3820,37.471,2023.08,25.5
3821,35.1716,1881.07,24.43
3822,37.4382,1931.68,24.75
3823,36.7882,1841.95,24.78
3824,30.5624,1854.24,26.07
3825,30.8761,1849.46,25.52
3826,30.9869,1926.1,26.83
3827,30.4327,1935.45,26.96
3828,30.9587,1887.39,26.74
3829,29.5711,1876.34,26.89
3830,28.4998,1886.98,26.85
3831,29.4258,1893.32,25.92
3832,27.4713,1934.15,25.4
3833,26.4309,1868.77,25.49
3834,28.5459,1923.01,24.17
3835,27.9434,1915.38,24.73
3836,29.1928,1957.98,23.77
3837,28.5099,1882.04,25.13
3838,28.5806,1921.76,23.18
3839,28.6261,1962.74,23.68
3840,30.1868,2026.27,23.43
3841,30.8007,1846.49,23.48
3842,30.0352,1973.61,23.69
3843,30.2904,1936.84,23.08
3844,31.6899,1952.66,23.68
3845,31.9354,1929.36,24.11
3846,30.595,1970.53,23.77
3847,32.4402,2077.4,26.42
3848,31.5012,1975.91,25.87
3849,30.9169,1955.67,26.8
3850,31.1224,1994.85,27.1
3851,29.6048,1945.71,26.85
3852,30.7127,1941.88,26.68
3853,30.9589,2094.0,26.6
3854,28.181,1994.63,26.54
3855,28.1016,1976.23,27.17
3856,28.7648,2015.98,26.24
3857,27.0663,2093.98,24.51
3858,28.2646,2064.04,25.25
3859,28.0419,2028.81,24.8
3860,29.3103,2025.52,24.08
3861,30.6603,1976.5,24.28
3862,30.6171,2064.7,22.89
3863,29.1227,2007.96,23.03
3864,28.863,1996.43,22.93
3865,31.5497,2106.64,23.18
3866,30.6088,2123.23,23.07
3867,30.5184,2117.63,23.78
3868,30.3054,1971.96,23.82
3869,30.7311,2001.24,24.14
3870,31.6002,2050.7,25.67
3871,31.7052,2075.25,25.49
3872,31.8048,2080.31,26.26
3873,31.4824,2121.25,26.41
3874,31.7177,2028.72,27.05
3875,30.8642,2121.25,26.33
3876,29.5669,2120.5,26.45
3877,30.0754,2156.14,26.47
3878,29.9785,2049.92,26.57
3879,27.6883,2166.8,26.28
3880,29.3394,2264.67,26.72
3881,28.7875,2103.51,24.97
3882,28.1091,2109.34,24.95
3883,28.3024,2054.31,24.29
3884,28.7125,2073.93,23.93
3885,29.2458,2267.96,23.81
3886,29.8165,2037.14,23.66
3887,29.1124,2185.1,23.08
3888,30.9557,2220.32,23.98
3889,30.9029,2087.87,23.71
3890,30.7771,2109.74,23.14
3891,31.2687,2122.07,24.04
3892,30.4554,2165.79,23.73
3893,32.2718,2293.6,24.22
3894,32.4988,2117.51,24.64
3895,30.6294,2149.59,25.07
3896,31.8466,2229.61,26.06
3897,32.123,2262.89,25.54
3898,29.9042,2156.29,26.95
3899,30.0088,2198.96,27.44
3900,30.4007,2032.81,27.37
3901,30.4397,2226.25,27.44
3902,27.4704,2209.82,26.9
3903,28.8026,2182.72,26.47
3904,28.3693,2240.06,25.23
3905,27.6139,2173.77,24.48
3906,29.0291,2211.37,25.01
3907,28.3256,2115.35,24.59
3908,26.4551,2205.91,25.04
3909,29.1428,2187.15,24.27
3910,29.918,2208.3,23.29
3911,29.2969,2058.87,22.65
3912,29.5218,2071.73,22.0
3913,29.7799,2133.36,23.42
3914,30.8259,2100.36,23.61
3915,30.232,2169.7,23.66
3916,31.9249,2242.35,24.76
3917,31.422,2256.07,23.62
3918,31.2495,2217.19,24.23
3919,30.5833,2254.16,25.47
3920,30.8497,2027.28,25.48
3921,28.8195,2077.08,25.9
3922,31.0448,2142.38,26.08
3923,30.934,2252.64,26.12
3924,29.5168,2145.39,26.8
3925,31.1086,2101.79,26.41
3926,29.3249,2113.67,26.52
3927,29.2547,2123.99,27.06
3928,27.8856,2075.22,26.44
3929,27.9475,2128.44,24.93
3930,28.332,2039.83,24.22
3931,29.9118,2135.5,24.7
3932,28.4397,2122.06,24.31
3933,28.5886,2092.06,23.81
3934,29.4252,2063.15,22.68
3935,30.3737,2087.69,22.69
3936,29.9873,2174.94,21.8
3937,29.7674,2041.05,22.81
3938,30.7712,2127.87,24.08
3939,30.6648,2093.49,22.52
3940,31.2616,2012.06,22.62
3941,31.9124,2032.37,24.61
3942,31.5475,2108.04,25.25
3943,32.0726,2076.87,25.09
3944,31.6955,1995.38,25.76
3945,30.8602,2053.06,26.79
3946,30.3803,2063.21,26.36
3947,31.2731,1965.04,27.12
3948,31.2704,2032.2,27.2
3949,28.8928,2071.16,25.73
3950,29.1968,1995.71,26.67
3951,29.0039,1963.99,27.23
3952,27.2325,1960.3,25.4
3953,28.542,2020.33,25.32
3954,28.4904,1903.62,24.66
3955,29.4224,2041.63,25.54
3956,29.3146,1962.99,24.17
3957,29.972,1960.63,23.27
3958,29.4633,2119.32,22.97
3959,30.6241,2012.94,23.57
3960,28.8972,2076.64,23.7
3961,30.6326,2002.83,22.16
3962,30.4165,2026.69,24.77
3963,29.8999,1999.59,23.7
3964,31.706,2023.38,24.72
3965,31.1341,2049.72,25.2
3966,31.4237,1850.24,25.66
3967,30.5721,1939.5,25.41
3968,30.2522,2038.09,26.04
3969,32.8249,1967.88,26.57
3970,30.894,1899.94,27.07
3971,29.7701,1999.11,27.27
3972,28.6656,1987.45,27.07
3973,29.2125,1961.99,27.03
3974,28.9699,2007.53,27.2
3975,27.8615,1924.69,27.0
3976,28.724,1904.62,25.84
3977,28.1315,1997.77,25.17
3978,29.0021,1983.02,24.74
3979,28.3874,1906.72,25.33
3980,28.9453,1944.0,23.86
3981,29.2949,1985.24,23.68
3982,29.2534,1907.67,23.55
3983,29.6168,1857.08,23.07
3984,31.4077,1799.3,23.24
3985,30.9852,1900.72,23.07
3986,32.13,1991.19,22.63
3987,30.3105,1911.41,23.69
3988,30.332,1935.71,24.74
3989,31.7426,1939.28,24.43
3990,31.5056,1906.61,24.99
3991,30.7275,1972.08,24.92
3992,30.4317,1959.32,25.85
3993,31.6136,1837.75,26.04
3994,31.1076,1913.85,27.38
3995,29.2026,1914.41,26.99
3996,31.2245,1985.7,27.25
3997,30.557,1965.64,26.57
3998,29.65,1906.16,27.77
3999,28.3463,2064.8,25.99
4000,27.0583,1926.44,25.98
4001,29.7116,1945.19,25.67
4002,29.8612,1956.32,24.69
4003,28.0851,2026.62,24.02
4004,29.4561,2047.19,23.73
4005,29.3684,2056.07,23.63
4006,30.0273,2036.81,23.17
4007,29.9111,1979.23,23.16
4008,30.2204,2082.04,22.79
4009,30.2552,1884.58,22.97
4010,30.4072,1918.37,22.84
4011,29.9161,2035.53,23.33
4012,29.5403,1843.08,24.12
4013,32.5483,2018.29,23.21
4014,32.3432,1989.81,24.8
4015,32.4548,1966.16,25.2
4016,30.6451,1946.34,25.5
4017,30.1081,1961.74,27.23
4018,30.7719,1986.92,26.62
4019,30.8475,2085.52,27.36
4020,28.6242,2061.47,27.72
4021,27.9846,1984.22,27.14
4022,29.187,2022.55,26.81
4023,28.4877,2064.99,26.67
4024,29.5097,1976.32,26.04
4025,27.6159,2027.5,26.19
4026,30.0602,2137.72,24.8
4027,29.594,2071.62,24.22
4028,29.1291,1991.38,23.6
4029,28.9645,2045.49,24.26
4030,29.3616,1992.89,24.47
4031,29.4709,2028.57,22.93
4032,30.1199,1876.31,23.3
4033,30.2688,1986.45,23.72
4034,30.6468,2054.68,23.77
4035,30.7943,1980.37,23.03
4036,30.6856,1982.48,24.53
4037,31.984,1996.55,23.72
4038,31.3965,2060.5,25.38
4039,31.3036,2020.58,25.49
4040,29.8394,2070.89,25.5
4041,30.3285,2136.84,26.45
4042,32.333,2119.7,26.13
4043,30.324,2038.53,26.56
4044,29.2405,2094.6,27.78
4045,30.1539,2106.95,26.11
4046,27.2905,2099.28,26.33
4047,28.0481,2160.62,26.06
4048,29.1229,2056.22,25.78
4049,29.3991,2100.25,26.4
4050,28.1781,2103.29,24.43
4051,29.0189,2162.11,24.59
4052,27.3039,2197.44,23.99
4053,27.7866,2139.29,24.61
4054,30.8415,2180.96,23.67
4055,28.1875,2154.48,23.45
4056,31.3882,2244.61,23.92
4057,30.3905,2027.38,22.96
4058,31.0431,2179.51,22.92
4059,30.0817,2125.34,23.56
4060,30.3403,2185.4,24.55
4061,30.43,2239.71,24.57
4062,31.755,2199.17,25.54
4063,31.0368,2304.99,26.4
4064,30.1031,2112.94,26.06
4065,30.8159,2207.35,26.92
4066,31.0347,2193.35,27.01
4067,29.4772,2185.79,27.18
4068,29.9627,2139.34,27.24
4069,30.1122,2185.47,27.16
4070,27.4587,2157.39,26.31
4071,28.9395,2165.83,26.88
4072,29.903,2117.03,26.0
4073,28.5356,2157.51,26.44
4074,28.3411,2268.52,24.38
4075,28.3529,2153.47,24.35
4076,27.7808,2179.72,24.54
4077,28.8321,2242.52,24.03
4078,30.4883,2172.91,22.33
4079,29.6841,2121.84,22.82
4080,30.4662,2100.0,23.3
4081,30.0303,2189.31,22.44
4082,30.1199,2058.75,22.42
4083,31.427,2156.4,23.21
4084,30.5248,2135.26,24.92
4085,30.4586,2109.8,24.03
4086,31.064,2114.5,25.62
4087,29.7178,2276.06,25.64
4088,30.7754,2107.29,25.84
4089,30.7295,2106.64,26.16
4090,31.3908,2151.94,26.55
4091,31.9601,2111.8,27.87
4092,29.8898,2112.34,27.51
4093,28.757,2042.07,27.08
4094,29.1718,2154.11,27.38
4095,29.0882,2056.27,26.13
4096,28.8164,2153.53,25.05
4097,29.8563,1985.18,25.65
4098,29.2034,2121.03,25.45
4099,29.1799,2191.24,23.42
4100,28.7504,2086.11,24.6
4101,29.5503,2130.71,24.0
4102,28.5723,2059.15,24.07
4103,29.6771,2134.83,22.81
4104,31.0216,2145.58,23.77
4105,31.8773,2130.77,23.02
4106,30.6725,1956.07,24.23
4107,31.7068,2055.21,23.4
4108,30.0278,2166.72,23.94
4109,31.1301,2104.55,23.41
4110,32.3322,2118.96,24.97
4111,33.8503,2013.17,25.52
4112,31.1443,2173.54,26.14
4113,32.1875,1988.56,26.57
4114,30.4783,1982.08,26.05
4115,30.1881,2058.79,26.83
4116,30.3658,2053.75,27.27
4117,30.1803,2007.17,27.43
4118,28.733,2083.5,25.78
4119,29.2983,2057.04,26.44
4120,29.2821,2007.83,25.46
4121,28.5458,1901.3,25.81
4122,26.6848,2082.66,25.34
4123,28.2564,1948.66,24.12
4124,29.0173,1937.16,23.74
4125,28.4181,2084.5,23.11
4126,31.1202,1980.82,23.59
4127,29.6428,1967.1,23.48
4128,30.4662,1961.13,23.05
4129,31.5829,2071.32,22.96
4130,29.2083,1998.74,24.18
4131,31.7341,1972.02,23.98
4132,29.1776,1883.39,24.31
4133,32.2256,1934.76,24.5
4134,31.6403,1963.02,25.36
4135,30.8603,2042.25,24.81
4136,31.6663,1907.49,26.07
4137,32.6777,1979.26,26.14
4138,31.3433,2001.66,27.23
4139,32.2654,1840.96,26.49
4140,30.7918,1945.09,27.23
4141,29.0489,1952.02,26.12
4142,29.8207,1862.83,26.41
4143,30.3473,1932.05,26.53
4144,28.031,1875.45,25.4
4145,30.1138,1944.63,26.06
4146,28.2299,1982.8,25.26
4147,29.2613,1986.7,24.68
4148,29.0517,1974.85,23.8
4149,28.401,1952.01,23.72
4150,28.157,1932.09,22.14
4151,29.7317,1930.61,23.57
4152,29.5447,1936.38,22.92
4153,29.8188,1993.55,23.27
4154,31.081,1940.65,24.06
4155,31.7391,1872.89,23.24
4156,30.4569,1891.35,24.31
4157,31.0793,1918.69,25.25
4158,31.7241,1928.47,24.47
4159,32.6311,1952.45,25.45
4160,30.6652,1938.42,25.25
4161,30.2953,1936.91,27.29
4162,31.3411,1874.27,26.87
4163,30.6229,1917.31,26.86
4164,29.7231,1907.41,27.53
4165,29.0053,1987.99,27.01
4166,30.787,2065.82,26.65
4167,29.0,1876.01,26.33
4168,30.1141,1909.96,26.1
4169,28.6185,1895.33,25.6
4170,28.6536,1895.98,25.34
4171,30.5601,1880.03,23.8
4172,29.8133,1909.78,24.3
4173,28.7224,1945.17,23.0
4174,28.0921,1902.72,23.93
4175,29.791,1845.16,22.96
4176,29.3516,1876.55,22.51
4177,30.2891,2019.04,23.48
4178,30.1029,1864.76,24.0
4179,31.7044,2064.1,23.99
4180,32.1858,1983.44,24.45
4181,31.9107,2088.36,24.47
4182,33.5786,2245.3,24.78
4183,32.0165,1993.39,25.14
4184,31.1545,1976.65,26.2
4185,30.6859,2067.69,26.54
4186,31.4524,1979.83,27.14
4187,30.307,2042.97,27.17
4188,29.2344,2013.85,26.43
4189,29.0614,1983.31,26.78
4190,29.301,1913.3,27.18
4191,28.7953,2004.8,26.7
4192,28.7294,1967.85,25.98
4193,29.1371,2008.36,25.56
4194,27.9416,2088.42,25.01
4195,28.93,2007.04,24.75
4196,29.4109,2120.21,24.63
4197,29.8808,1941.63,24.18
4198,27.7385,2051.24,23.83
4199,28.7425,1915.1,22.67
4200,30.3065,1986.89,23.46
4201,31.8721,2016.43,23.17
4202,30.0962,2087.83,22.63
4203,32.019,2113.0,23.86
4204,30.903,2069.39,24.06
4205,29.6499,2043.29,23.83
4206,31.4671,2050.44,24.28
4207,31.7048,2049.32,24.37
4208,31.6415,2083.33,25.7
4209,31.1588,2035.32,26.45
4210,30.511,2023.84,26.78
4211,30.1553,2026.84,26.58
4212,30.8921,2075.88,26.72
4213,28.5892,2224.61,28.28
4214,27.3619,2077.91,27.66
4215,28.6243,2001.27,26.65
4216,28.5184,2110.98,24.27
4217,28.8384,2146.21,25.39
4218,28.061,2131.65,24.55
4219,29.175,2131.91,24.15
4220,27.5388,2218.32,24.92
4221,29.4482,2124.15,23.74
4222,28.8727,2070.14,22.53
4223,30.3754,2170.94,22.96
4224,29.4959,2062.74,23.42
4225,29.6694,2175.76,23.46
4226,30.8411,2217.81,23.43
4227,30.4386,2218.55,23.74
4228,31.858,2065.09,23.67
4229,32.2926,2144.62,24.94
4230,31.1113,2204.0,25.05
4231,32.8464,2203.2,26.41
4232,29.952,2087.85,26.34
4233,30.3604,2089.03,26.31
4234,31.024,2176.54,26.48
4235,28.3346,2160.13,27.34
4236,28.9521,2293.33,26.86
4237,29.2478,2193.73,26.98
4238,29.5123,2175.92,26.29
4239,29.7284,2077.67,26.94
4240,28.4354,2144.02,25.18
4241,28.3115,2039.04,25.27
4242,28.9679,2198.26,23.92
4243,27.4666,2148.31,25.74
4244,28.3189,2225.16,22.99
4245,29.4254,2205.88,23.84
4246,29.1913,2274.46,23.2
4247,31.4618,2122.25,23.43
4248,29.2042,2077.17,22.83
4249,29.2671,2198.8,23.46
4250,31.0676,2124.0,22.95
4251,29.9932,2175.92,23.21
4252,31.5469,2138.08,23.06
4253,30.5624,2198.53,24.42
4254,31.5904,2174.16,25.16
4255,31.9878,2192.92,24.98
4256,31.1834,2054.36,25.75
4257,31.3191,2186.22,26.43
4258,29.6132,2149.84,27.31
4259,31.2523,2211.41,26.51
4260,31.7755,2138.39,26.76
4261,30.3489,2034.15,26.5
4262,30.732,2145.46,25.84
4263,28.881,2093.1,27.25
4264,29.0833,2174.33,26.43
4265,29.602,2081.66,25.26
4266,27.648,2079.82,24.75
4267,28.2626,2158.62,23.92
4268,28.2511,2155.8,23.44
4269,29.3672,2100.29,23.46
4270,29.4297,2141.45,22.89
4271,28.854,2087.14,22.22
4272,29.7604,2094.18,23.08
4273,30.1353,2107.09,22.75
4274,31.3434,2207.67,23.14
4275,31.6977,2115.16,23.51
4276,30.3079,2076.07,23.92
4277,31.0399,2073.3,24.17
4278,30.6038,1889.53,24.96
4279,32.1488,2054.53,25.13
4280,32.9261,2058.84,25.22
4281,30.2891,2113.82,26.17
4282,30.5129,1951.37,26.05
4283,30.4428,2061.48,26.99
4284,28.9439,2011.37,26.79
4285,30.7506,2160.06,26.01
4286,28.8063,2122.52,25.91
4287,29.5759,2045.39,26.72
4288,29.2925,2032.98,25.87
4289,27.9385,1996.26,25.06
4290,29.8294,2058.32,24.65
4291,29.0124,1905.24,23.77
4292,29.5094,2086.23,23.63
4293,27.8366,1942.31,23.47
4294,29.3213,1940.93,23.65
4295,28.6006,2042.51,22.96
4296,32.0467,1983.61,23.18
4297,30.5025,2047.35,21.62
4298,30.1884,2011.23,23.52
4299,29.653,1982.26,23.55
4300,32.971,1956.0,24.03
4301,32.4481,2079.39,24.21
4302,30.4691,1989.48,25.0
4303,31.6026,1978.09,25.31
4304,30.8154,1940.66,25.69
4305,32.092,1946.94,27.12
4306,30.9307,2039.8,27.09
4307,28.914,1997.17,26.57
4308,30.4727,1930.03,25.78
4309,30.6349,1985.47,26.57
4310,29.5155,1982.69,27.25
4311,30.0013,1880.27,26.79
4312,27.346,1855.41,26.35
4313,29.3248,1902.63,24.51
4314,27.0575,1936.3,25.35
4315,29.1567,1958.44,24.43
4316,27.8509,1927.73,24.09
4317,28.428,1976.71,24.07
4318,29.11,2029.33,22.43
4319,31.2763,1903.0,21.93
4320,30.6015,1979.13,23.78
4321,31.4189,1942.57,23.26
4322,30.6226,1965.0,22.88
4323,30.0166,1922.05,23.66
4324,30.4334,2078.82,24.43
4325,30.0273,1970.52,24.49
4326,32.6492,1994.07,24.75
4327,31.1595,1933.04,25.13
4328,32.2387,2006.59,25.99
4329,30.1079,1892.15,26.32
4330,30.9435,1945.5,26.53
4331,29.2958,2002.21,26.53
4332,30.2693,1868.88,26.97
4333,29.8094,1875.15,26.77
4334,28.5685,1987.19,27.09
4335,30.581,1831.56,26.41
4336,29.1547,1891.98,27.04
4337,29.0987,2066.27,25.51
4338,28.4395,1988.8,25.49
4339,28.663,1831.44,23.43
4340,29.7008,1889.98,25.58
4341,29.7894,1916.04,24.0
4342,29.1434,1989.08,23.68
4343,30.0248,1825.19,23.43
4344,30.4995,1999.68,23.32
4345,29.9565,1910.62,23.17
4346,30.7832,1968.8,23.84
4347,31.6953,1914.5,24.1
4348,31.2101,1939.64,23.13
4349,30.1702,1970.39,23.85
4350,31.2247,1944.3,25.24
4351,32.0969,1978.16,25.68
4352,31.4101,2040.16,25.59
4353,30.2064,2085.56,25.95
4354,31.1205,1975.84,27.17
4355,28.4932,2007.25,26.33
4356,30.6837,1922.77,28.08
4357,28.723,1887.43,27.29
4358,29.6975,2095.1,27.05
4359,29.0667,2109.39,26.67
4360,29.8236,1921.03,26.11
4361,28.4372,1884.95,25.44
4362,28.4478,1968.53,25.57
4363,29.1337,2073.68,25.23
4364,29.0181,1980.57,24.07
4365,28.1404,2085.22,23.77
4366,28.5201,2034.45,23.82
4367,29.6346,2037.98,22.61
4368,29.9139,2008.19,22.79
4369,31.8025,2016.91,22.87
4370,31.4153,1965.38,23.08
4371,31.2457,2039.98,24.89
4372,30.8584,2157.74,24.14
4373,30.6756,2008.05,23.95
4374,31.5812,2191.35,25.26
4375,30.9311,1993.05,26.13
4376,31.25,2042.75,25.49
4377,30.9274,2161.89,26.64
4378,30.8387,1964.49,26.61
4379,30.337,2128.37,28.31
4380,30.2449,2065.24,27.36
4381,29.6885,1945.24,26.88
4382,29.3104,2131.74,26.45
4383,27.6271,2093.04,26.41
4384,28.5336,2058.32,26.36
4385,28.9323,2155.48,26.08
4386,27.7786,2134.4,24.76
4387,27.9382,2097.96,23.96
4388,28.8835,2142.69,23.51
4389,26.47,2139.44,23.78
4390,30.1044,2161.16,23.03
4391,29.3937,2102.06,23.65
4392,28.6146,2093.14,22.89
4393,30.6614,2096.47,23.15
4394,30.6663,2122.29,23.22
4395,30.2626,2098.19,23.72
4396,31.2986,2091.39,23.44
4397,31.4953,2125.34,24.2
4398,31.9892,2113.16,24.41
4399,31.9532,2098.48,25.69
4400,31.0471,2199.45,26.65
4401,30.0789,2074.56,26.06
4402,30.8334,2118.16,26.93
4403,30.9284,2193.04,26.75
4404,30.4078,2067.91,27.17
4405,30.33,2159.58,26.97
4406,29.9737,2130.07,26.34
4407,29.559,2115.39,26.75
4408,27.6183,2055.76,25.61
4409,27.8386,2028.79,25.09
4410,28.574,2090.8,25.56
4411,27.451,2175.5,25.03
4412,30.1081,2039.92,23.35
4413,28.6203,2054.48,23.63
4414,28.6703,2058.89,23.86
4415,29.1657,2281.08,23.59
4416,29.3837,2158.47,23.76
4417,29.9849,2141.5,23.77
4418,30.1678,2063.04,23.1
4419,29.5133,2155.0,22.59
4420,30.5547,2179.63,23.59
4421,33.4475,2197.81,24.32
4422,31.5377,2124.56,24.64
4423,33.3614,2216.59,24.57
4424,30.7398,2118.02,26.22
4425,29.8225,2169.23,26.32
4426,30.2232,2156.57,26.83
4427,31.8758,2069.87,26.68
4428,30.8091,2171.61,26.91
4429,28.4305,2203.44,27.36
4430,29.8042,2121.46,27.14
4431,29.3639,2206.06,26.02
4432,29.4627,2207.07,25.89
4433,29.0245,2080.86,26.05
4434,28.9431,2104.47,24.79
4435,28.1387,2095.82,23.88
4436,28.526,2042.42,23.61
4437,27.6398,2074.82,23.48
4438,28.793,1998.9,23.79
4439,29.4594,2163.79,23.61
4440,30.906,2048.51,23.4
4441,30.5583,2108.47,22.83
4442,31.2619,2051.75,24.03
4443,31.6404,2096.73,23.61
4444,30.6128,2088.29,22.89
4445,30.8255,2102.35,24.65
4446,29.9406,2166.33,24.69
4447,31.7731,2077.43,26.09
4448,31.3853,2028.68,26.98
4449,30.813,2028.83,26.3
4450,30.513,1976.04,27.57
4451,29.8167,2120.3,27.07
4452,30.0754,1947.67,27.03
4453,29.7077,2052.42,28.31
4454,28.9746,2198.39,26.57
4455,28.7786,2026.19,26.23
4456,28.5279,2002.63,24.82
4457,27.2595,1938.48,25.22
4458,29.7026,1968.32,25.19
4459,29.1523,1907.75,24.81
4460,29.9175,2025.35,23.47
4461,27.8102,2014.37,23.41
4462,29.4587,2009.17,23.85
4463,29.7813,2011.07,22.49
4464,29.2953,1930.75,23.15
4465,31.0147,1984.38,23.64
4466,30.4493,2076.14,23.84
4467,30.2631,1928.94,23.82
4468,30.9561,2009.27,24.3
4469,30.4722,1919.72,24.56
4470,31.2756,1944.11,24.25
4471,30.9154,1911.13,25.48
4472,30.6378,1903.54,26.28
4473,31.0938,1908.54,26.9
4474,31.7259,1962.72,26.59
4475,31.3232,1835.51,26.91
4476,30.2905,1938.51,26.81
4477,30.7468,1924.01,26.5
4478,28.2565,2027.44,26.54
4479,28.8513,2048.08,26.35
4480,28.9647,1890.28,26.16
4481,28.6434,1993.98,25.92
4482,30.0894,1847.19,25.2
4483,26.7712,1855.67,24.52
4484,27.9873,1964.27,24.16
4485,30.4728,1879.75,23.7
4486,29.2645,2021.71,23.3
4487,29.3262,1959.94,23.47
4488,29.6516,1895.45,22.88
4489,31.2319,1946.54,23.65
4490,31.7927,1967.67,23.62
4491,31.5589,2121.57,23.36
4492,31.0434,1855.1,24.32
4493,31.3361,1952.75,23.65
4494,31.0445,1873.44,25.44
4495,30.8726,1922.8,24.71
4496,31.3934,1860.19,26.09
4497,31.544,2005.49,26.09
4498,31.6653,1865.52,26.54
4499,31.1455,1931.55,26.9
4500,30.2342,1836.74,27.98
4501,28.8122,1892.25,27.45
4502,29.0318,1873.42,26.31
4503,28.2302,1916.22,26.13
4504,28.8838,1894.83,25.99
4505,27.3569,1982.13,25.48
4506,28.9229,1900.43,25.5
4507,28.0462,1891.16,24.54
4508,27.4937,1954.0,24.53
4509,30.2013,1857.05,23.77
4510,29.9717,2003.64,23.83
4511,29.7317,1916.37,23.44
4512,30.3946,1901.06,22.94
4513,30.7943,2071.54,22.78
4514,30.0467,2022.11,23.26
4515,31.7582,1924.82,23.92
4516,30.0115,1870.78,23.99
4517,30.4083,1946.57,24.45
4518,32.3417,1995.79,24.4
4519,32.6958,1945.66,25.87
4520,30.5377,1918.89,25.58
4521,30.47,1903.94,27.06
4522,31.3529,2020.71,26.39
4523,30.5796,1938.72,27.4
4524,29.0102,2100.56,26.51
4525,31.2581,1927.83,27.29
4526,29.2197,1959.35,27.06
4527,30.8362,2020.96,25.84
4528,28.9643,1987.18,26.53
4529,29.9976,2043.38,24.94
4530,28.0437,1987.74,24.94
4531,28.0946,1955.96,23.71
4532,27.6448,2005.08,24.79
4533,29.7693,1912.89,23.2
4534,28.9448,2075.39,23.41
4535,29.5646,1968.96,21.88
4536,29.9777,2035.62,22.1
4537,29.9585,2035.6,23.01
4538,30.1618,1971.57,22.75
4539,31.8629,2059.22,23.83
4540,30.028,1992.1,23.86
4541,31.3406,1934.43,24.79
4542,32.7675,2072.82,25.47
4543,30.5612,2060.71,24.93
4544,30.1835,2144.8,26.1
4545,30.8023,2041.72,26.38
4546,28.6988,2104.41,26.85
4547,29.4118,2144.8,27.63
4548,29.5912,2142.76,26.53
4549,27.9624,2100.9,27.07
4550,29.6951,2080.72,26.41
4551,29.1244,2156.36,26.14
4552,28.743,2118.06,27.07
4553,28.1224,2103.77,25.74
4554,29.1115,2168.22,24.87
4555,28.0342,2088.22,25.12
4556,26.9157,2060.59,24.47
4557,28.79,2165.3,22.54
4558,29.4119,2182.1,23.32
4559,28.0082,2105.18,23.31
4560,29.8429,2242.4,22.73
4561,30.324,2080.31,22.96
4562,30.8249,2087.92,23.67
4563,31.0144,2179.75,23.7
4564,31.2904,2137.09,24.65
4565,32.8262,2094.87,24.7
4566,31.019,2162.72,25.35
4567,31.1289,2047.67,24.71
4568,31.8269,2146.27,26.07
4569,31.8247,2131.54,26.29
4570,30.7859,2179.35,26.13
4571,31.3824,2194.57,27.39
4572,30.3876,2235.85,26.51
4573,29.0429,2178.86,26.96
4574,29.9732,2168.79,26.06
4575,29.4554,2228.7,26.65
4576,29.8526,2107.77,25.82
4577,27.7952,2072.63,24.86
4578,29.2146,2117.46,24.81
4579,27.8134,2083.61,24.76
4580,28.1646,2083.16,24.28
4581,29.4421,2119.85,23.6
4582,29.6972,2204.43,22.8
4583,30.4474,2193.81,22.16
4584,30.033,2131.83,22.59
4585,30.6679,2211.16,24.45
4586,29.6163,2127.86,22.55
4587,30.1427,2108.62,23.28
4588,31.4774,2197.64,24.55
4589,32.0149,2092.18,24.27
4590,31.2533,2173.0,24.81
4591,31.332,2187.62,25.72
4592,30.7097,2218.33,25.35
4593,30.3696,2140.49,25.84
4594,31.1778,2155.38,27.09
4595,30.6056,2111.42,27.02
4596,30.3243,2167.68,25.77
4597,28.9766,2111.4,27.23
4598,30.2969,2145.73,27.56
4599,28.3939,2093.29,26.76
4600,28.5248,2082.56,25.71
4601,26.9322,2088.2,25.69
4602,28.2041,2095.83,25.2
4603,28.5798,2061.55,25.51
4604,28.4597,2138.89,23.91
4605,30.0333,2085.13,23.37
4606,29.1307,2181.82,22.8
4607,27.2615,1981.84,22.65
4608,29.3633,2060.3,23.45
4609,31.1443,2048.15,23.17
4610,30.8722,2151.54,23.96
4611,31.8357,2101.04,23.1
4612,31.8099,1976.91,24.03
4613,31.3519,2067.27,24.66
4614,31.9924,2097.05,25.4
4615,31.7869,2069.61,25.54
4616,31.0512,2091.17,26.41
4617,30.3054,1995.93,26.01
4618,30.6147,2021.22,26.67
4619,30.8567,1970.62,27.26
4620,30.4226,2001.58,26.32
4621,30.9915,2066.59,26.85
4622,29.2916,2000.79,25.74
4623,30.1788,1969.85,26.16
4624,30.2752,2075.18,26.12
4625,29.2889,1998.17,25.48
4626,28.347,2040.39,24.49
4627,28.25,2004.7,24.58
4628,28.5914,2012.79,23.71
4629,29.7025,1933.02,22.4
4630,29.4515,1977.7,24.29
4631,30.7809,1986.23,23.08
4632,30.0588,1954.19,22.58
4633,30.6282,1999.24,23.74
4634,30.7442,1976.47,23.79
4635,31.4881,1947.59,22.83
4636,32.1932,1937.07,24.15
4637,29.868,2055.3,24.57
4638,31.6332,1862.59,25.37
4639,30.7785,1811.31,25.45
4640,30.6461,1953.24,26.14
4641,32.6717,1983.71,27.1
4642,31.0656,1936.16,27.25
4643,29.232,1947.93,26.41
4644,29.3,2082.0,25.75
4645,30.0006,2009.44,26.48
4646,29.2233,1941.75,26.68
4647,29.2824,1963.84,26.32
4648,28.6721,1913.46,25.25
4649,28.5427,1887.01,24.72
4650,28.1601,1823.48,25.09
4651,27.9301,1886.4,24.85
4652,28.7556,1856.35,23.71
4653,29.7452,1939.79,23.97
4654,29.4212,1931.84,23.33
4655,29.1244,1984.95,23.29
4656,31.1186,1931.22,22.09
4657,28.9397,1837.34,22.78
4658,30.0928,1819.6,24.0
4659,31.668,1918.88,23.29
4660,32.6255,1873.55,24.15
4661,31.6596,1907.63,25.0
4662,30.5204,1940.39,25.47
4663,31.352,1915.37,25.47
4664,29.8245,1894.42,25.9
4665,31.3137,2023.3,26.71
4666,30.5246,1806.09,26.9
4667,29.6343,1906.2,27.42
4668,30.6035,1985.35,27.13
4669,29.5993,1860.42,27.31
4670,29.8691,1960.6,25.84
4671,27.4781,1962.66,27.1
4672,29.2175,1882.47,26.41
4673,29.2276,1969.56,25.19
4674,27.4235,1833.44,25.0
4675,28.8678,2047.96,24.17
4676,28.7295,2008.94,24.1
4677,28.918,1917.0,23.43
4678,30.0735,1923.44,22.93
4679,30.0612,1978.57,22.83
4680,29.6468,1997.95,23.06
4681,31.0408,1919.45,22.34
4682,28.9786,1837.28,23.14
4683,30.4441,2017.97,23.55
4684,31.1795,1943.23,24.13
4685,32.0203,1945.41,24.17
4686,30.8758,1899.45,24.26
4687,31.7401,1995.91,24.97
4688,32.1856,1896.82,26.54
4689,29.8192,2029.68,26.26
4690,30.0179,1958.82,25.96
4691,30.2821,1807.34,26.39
4692,30.6787,2043.44,27.04
4693,30.8874,2083.8,27.16
4694,28.6539,2019.44,27.54
4695,29.1214,1896.06,27.39
4696,28.1091,2028.62,26.36
4697,29.833,2133.12,25.96
4698,28.4318,2072.2,25.45
4699,27.4818,2051.06,25.41
4700,28.4431,2021.25,24.27
4701,29.6719,2022.3,23.43
4702,29.7241,2047.0,23.13
4703,29.2163,2088.9,23.58
4704,28.8728,1981.48,22.83
4705,30.139,2029.14,23.59
4706,29.7103,2115.53,23.22
4707,32.0168,2074.32,23.75
4708,32.4769,2255.08,24.45
4709,31.8406,1945.54,24.41
4710,31.1918,2141.75,25.63
4711,30.7581,2063.32,25.46
4712,31.9018,1860.73,25.53
4713,31.3015,2034.91,26.32
4714,31.5007,2125.98,26.33
4715,28.6669,2106.09,26.06
4716,30.3329,2041.85,27.22
4717,30.9162,2031.82,26.23
4718,29.6556,2127.72,26.16
4719,28.4621,2080.22,26.46
4720,29.5013,2009.75,26.39
4721,28.1858,2171.35,25.97
4722,28.3297,2111.23,24.9
4723,30.1396,2111.59,23.39
4724,28.669,2034.57,24.65
4725,28.5715,2153.07,23.43
4726,28.2656,2102.35,23.19
4727,29.1018,2063.14,23.32
4728,30.0141,2111.17,22.54
4729,31.2504,2156.92,22.59
4730,29.9175,2326.68,23.42
4731,31.3709,2183.87,24.08
4732,31.427,2030.7,23.19
4733,31.1318,2040.03,24.46
4734,31.1879,2193.59,24.47
4735,32.1558,2268.54,25.63
4736,31.0435,2066.38,25.38
4737,30.3943,2082.3,26.13
4738,30.8784,2277.99,27.2
4739,31.6717,2109.65,27.34
4740,28.9636,2160.83,26.91
4741,28.2467,2233.91,27.47
4742,29.8807,2029.9,26.62
4743,28.5439,2253.16,25.89
4744,28.4157,2135.8,25.69
4745,28.3632,2293.75,25.17
4746,28.4034,2204.12,24.83
4747,29.0238,2101.32,24.5
4748,28.8224,2213.64,23.38
4749,29.9334,2235.9,23.47
4750,28.8843,2145.38,22.95
4751,30.6239,2229.36,24.41
4752,29.1953,2167.8,22.51
4753,29.0593,2223.69,23.1
4754,30.0684,2040.85,22.96
4755,30.3731,2135.57,23.74
4756,30.1146,2103.13,22.97
4757,31.4655,2212.15,24.95
4758,31.4451,2257.64,25.1
4759,32.3347,2075.73,25.83
4760,30.9053,2237.52,25.78
4761,30.7786,2150.36,26.87
4762,31.9422,2051.79,27.1
4763,29.0237,2161.99,27.34
4764,30.9732,2250.79,26.69
4765,29.2694,2066.73,27.52
4766,28.3869,2210.34,26.52
4767,29.7376,2049.26,26.65
4768,28.402,2168.43,26.67
4769,28.3848,2063.75,25.83
4770,29.6394,2136.88,23.38
4771,29.698,2091.84,24.9
4772,29.2051,2089.92,24.48
4773,29.2919,2022.1,24.41
4774,29.6495,2069.37,22.96
4775,30.4511,1997.55,22.85
4776,30.1244,2188.7,23.73
4777,29.021,2101.59,23.21
4778,31.2089,2029.17,24.24
4779,32.3273,2138.01,23.59
4780,30.9874,2039.21,23.77
4781,32.5131,1890.02,24.53
4782,32.296,1956.35,25.02
4783,31.2326,2065.19,26.53
4784,30.7139,2153.43,26.45
4785,30.8813,2040.13,26.65
4786,29.7558,2049.6,25.92
4787,30.6606,2076.19,27.53
4788,29.9979,1951.02,27.45
4789,28.4452,2043.86,28.01
4790,29.4554,2076.48,27.01
4791,29.6594,2014.37,27.51
4792,28.5944,2042.21,25.67
4793,27.5064,2033.09,25.17
4794,29.3791,2014.4,24.44
4795,28.8547,1980.62,24.8
4796,28.671,2015.86,24.28
4797,29.8171,1894.71,23.9
4798,29.8767,1995.8,23.86
4799,30.0979,2101.06,23.06
4800,31.4228,2112.12,22.83
4801,30.5686,2049.58,22.81
4802,28.9875,1966.95,23.5
4803,31.508,2035.64,23.62
4804,31.2639,2051.22,23.67
4805,31.6381,1974.55,24.78
4806,32.5214,1864.78,25.93
4807,32.0268,2035.99,25.65
4808,31.2907,2018.81,26.8
4809,31.1398,2034.33,26.61
4810,30.8753,1941.4,26.23
4811,31.2072,1924.97,26.97
4812,31.1065,1853.23,26.66
4813,28.4289,1863.58,26.97
4814,28.4363,1856.96,27.06
4815,28.7777,2034.17,26.32
4816,27.6853,1857.32,26.28
4817,29.9453,1958.08,25.95
4818,29.361,1963.34,24.67
4819,29.5012,1905.64,23.65
4820,28.8349,2021.8,24.36
4821,29.6105,1979.96,23.58
4822,27.6625,1859.76,23.26
4823,31.0016,1955.48,22.28
4824,27.9619,1893.1,22.49
4825,30.7695,1913.71,22.72
4826,30.664,1821.57,23.02
4827,31.0263,1913.87,24.12
4828,31.8856,1993.83,24.91
4829,31.4856,1994.99,23.74
4830,32.48,1827.21,25.41
4831,30.9974,1927.4,25.39
4832,30.6577,1902.7,26.22
4833,30.5422,2002.03,26.95
4834,30.1692,1868.35,26.86
4835,30.0774,1936.34,26.07
4836,29.0565,1906.0,27.32
4837,30.6585,1761.56,25.95
4838,29.7085,1997.85,26.14
4839,29.15,1899.83,26.99
4840,28.2772,2014.77,25.26
4841,29.7716,1893.22,25.25
4842,28.4409,1882.82,24.57
4843,27.5653,1946.54,24.91
4844,27.7398,1940.78,24.42
4845,29.6913,1821.88,23.34
4846,30.4272,2008.45,22.69
4847,28.9536,1841.19,23.72
4848,30.5546,1864.95,23.02
4849,31.641,1892.57,22.7
4850,31.1558,1963.79,22.37
4851,31.9857,1885.22,22.98
4852,30.3962,2059.23,23.62
4853,31.9009,1884.94,24.2
4854,32.0007,2020.36,24.88
4855,31.5095,2027.08,25.29
4856,30.0892,1962.94,25.28
4857,31.9234,1988.04,27.41
4858,31.11,2066.68,26.91
4859,29.7261,1983.45,26.83
4860,30.6404,2047.41,26.97
4861,29.717,2008.64,27.07
4862,28.2091,1877.93,26.68
4863,27.5637,1935.44,26.37
4864,29.587,2059.21,26.05
4865,29.9815,1971.9,25.2
4866,27.7452,1939.43,24.3
4867,27.9798,1986.37,25.02
4868,28.5106,2018.46,23.77
4869,29.4546,2091.84,23.75
4870,29.8678,2043.37,24.05
4871,31.7946,2057.54,23.23
4872,30.4065,2059.33,23.11
4873,31.0822,2073.09,22.26
4874,29.5,2065.32,23.45
4875,28.9903,2064.6,24.05
4876,30.6289,1969.23,23.77
4877,29.4942,2037.82,24.02
4878,32.1035,2100.87,25.31
4879,32.6134,2154.02,25.26
4880,31.5054,2039.56,25.47
4881,30.2688,2103.62,26.4
4882,30.0273,2036.72,26.11
4883,31.2139,1989.19,26.11
4884,31.0509,2100.54,27.26
4885,30.5411,2055.8,26.71
4886,28.0845,2064.65,25.88
4887,28.4732,2178.63,26.2
4888,28.1429,2003.01,25.69
4889,29.7034,2106.23,25.25
4890,29.0872,2082.85,25.18
4891,27.4742,2116.56,24.94
4892,30.004,2141.5,24.43
4893,28.3872,2097.21,23.77
4894,28.7774,2111.7,23.66
4895,29.755,2045.62,23.66
4896,29.5638,2035.84,23.3
4897,29.3698,2091.97,22.51
4898,31.9726,2102.55,22.21
4899,31.6217,2249.45,24.22
4900,30.8256,2227.87,24.53
4901,32.8654,2174.92,24.52
4902,31.711,2144.86,24.73
4903,30.8151,2126.75,26.08
4904,30.1352,2128.6,25.76
4905,30.5449,2138.91,26.96
4906,30.1386,2175.84,26.75
4907,30.8383,2160.84,27.2
4908,29.3605,2104.84,27.39
4909,28.6919,2104.47,26.71
4910,29.765,2148.0,26.52
4911,28.0992,2227.28,25.35
4912,27.9723,2267.21,25.99
4913,29.182,2141.48,25.09
4914,27.6969,2204.03,25.32
4915,28.3183,2161.24,24.52
4916,29.5022,2253.37,23.0
4917,30.364,2236.31,23.74
4918,28.7055,2092.97,22.55
4919,30.1547,2223.97,22.73
4920,29.6829,2188.89,22.53
4921,30.2064,2215.58,23.19
4922,29.4133,2189.66,23.45
4923,32.0286,2250.38,23.74
4924,31.3722,2210.62,24.47
4925,30.6283,2143.59,24.86
4926,31.2416,2107.96,25.55
4927,33.5021,2057.04,25.82
4928,31.8837,2213.52,25.98
4929,30.5902,2200.21,26.64
4930,31.5882,2043.6,26.96
4931,29.7406,2196.51,26.63
4932,30.6658,2157.01,26.15
4933,30.3445,2050.11,27.05
4934,29.3554,2105.85,26.59
4935,28.7243,2163.89,25.95
4936,30.3176,2138.11,26.23
4937,27.4312,2082.98,24.88
4938,29.7563,2094.83,25.44
4939,27.2284,2167.04,24.71
4940,28.7302,2054.25,24.52
4941,28.7981,2050.61,24.34
4942,30.2571,2233.51,23.19
4943,28.5563,2038.99,23.47
4944,29.7526,2192.46,22.52
4945,28.9999,2034.96,22.85
4946,30.2644,1969.27,23.43
4947,31.0454,2012.99,23.61
4948,31.4511,2052.61,24.68
4949,32.6519,2007.83,25.41
4950,30.5021,2125.6,25.6
4951,31.3086,1986.18,25.18
4952,32.6638,1940.79,25.38
4953,29.8747,2019.15,26.5
4954,29.7764,1979.4,26.99
4955,29.8114,2172.42,26.28
4956,30.4391,2136.0,26.64
4957,29.3253,2100.14,26.18
4958,30.1176,2074.51,26.61
4959,29.158,2077.53,26.98
4960,27.6911,1964.29,26.18
4961,28.5476,2007.32,25.05
4962,27.7203,2004.92,24.88
4963,27.6591,2160.5,23.83
4964,29.4366,2126.26,24.29
4965,29.5776,1863.17,24.43
4966,29.4102,2018.02,23.92
4967,29.7372,2027.96,23.35
4968,30.7873,2058.83,22.76
4969,30.7187,2065.45,22.25
4970,32.2188,2019.34,23.15
4971,30.4467,1991.59,23.2
4972,31.6277,1898.19,24.13
4973,31.7127,2051.14,24.85
4974,30.7563,1959.59,24.76
4975,31.8526,1951.11,25.39
4976,31.0572,1964.28,25.95
4977,31.0227,1894.69,25.61
4978,31.0356,1972.68,25.96
4979,30.2608,1993.68,26.54
4980,30.0226,1915.25,26.62
4981,28.3658,1966.32,26.2
4982,29.6767,1888.16,25.89
4983,28.1363,2011.86,26.16
4984,28.6144,1991.02,26.23
4985,27.7637,1905.83,25.09
4986,27.2275,1871.66,24.06
4987,29.3348,1880.16,25.01
4988,31.3796,1890.75,24.55
4989,28.8175,2039.38,23.11
4990,30.1267,1859.67,22.66
4991,29.9537,1866.31,23.47
4992,29.9623,1872.27,23.73
4993,31.6443,1915.39,23.27
4994,30.758,1936.14,23.76
4995,31.8777,2015.72,23.42
4996,32.8631,1851.37,23.95
4997,30.8527,1957.76,25.43
4998,32.7025,1934.4,25.31
4999,30.4313,1872.74,26.03
5000,30.2542,1869.99,26.53
5001,30.9349,2000.27,26.59
5002,31.2043,1905.67,26.69
5003,30.588,1797.27,26.93
5004,29.3527,1950.82,26.25
5005,30.16,2016.88,27.26
5006,28.7326,1949.4,25.76
5007,28.3299,1947.92,26.64
5008,28.7481,1906.37,26.21
5009,29.3077,1891.38,23.98
5010,28.7579,1985.95,25.33
5011,29.2952,1963.97,23.68
5012,29.082,1910.72,24.07
5013,27.3332,1970.98,23.5
5014,28.9853,1876.38,23.2
5015,28.8356,2020.24,22.86
5016,29.5017,1988.28,23.88
5017,30.7908,1889.06,23.75
5018,30.4231,2133.72,23.88
5019,31.5526,1954.49,23.85
5020,30.2597,1941.06,23.83
5021,30.8354,1949.28,24.11
5022,31.5294,1991.51,23.23
5023,31.1492,1904.43,25.01
5024,31.479,2042.31,25.73
5025,32.1759,1967.6,26.93
5026,30.3064,1945.71,27.3
5027,28.9777,1956.84,26.22
5028,29.5267,2064.16,26.13
5029,30.3696,2023.45,27.37
5030,30.9939,1891.39,25.89
5031,28.5972,2041.84,26.13
5032,29.5168,1967.94,25.07
5033,28.7507,2073.7,26.3
5034,28.8584,1907.13,25.05
5035,28.3477,2081.06,23.4
5036,28.3681,2015.81,23.85
5037,29.8276,2109.96,24.42
5038,29.0835,2025.24,22.32
5039,29.5728,1977.19,22.84
5040,29.8142,1915.54,23.16
5041,31.4886,2044.6,23.13
5042,30.273,2059.78,22.25
5043,31.4982,2038.26,23.54
5044,31.3667,2197.43,23.39
5045,31.4107,2092.71,24.21
5046,32.7079,1885.65,23.84
5047,32.2793,2103.32,25.96
5048,30.4906,2141.39,25.83
5049,31.3586,2037.5,26.16
5050,29.5046,2149.82,26.67
5051,30.9891,2111.8,26.6
5052,29.421,2200.42,26.89
5053,28.9215,2035.31,27.18
5054,29.2158,2139.19,26.21
5055,28.3147,2131.82,26.9
5056,27.7165,2163.66,25.6
5057,28.6435,2180.37,25.76
5058,27.0892,2203.23,24.42
5059,28.264,2214.29,24.12
5060,28.2881,2167.58,24.64
5061,28.6957,2116.55,23.13
5062,30.1854,2074.97,22.5
5063,28.6884,2091.69,22.74
5064,30.8038,2064.11,21.85
5065,30.5941,2162.58,23.53
5066,30.4351,2082.66,22.89
5067,31.0487,2130.76,23.17
5068,32.6741,2171.42,24.32
5069,31.9499,2074.84,24.69
5070,30.4126,2185.59,25.34
5071,32.7887,2142.78,25.34
5072,30.008,2214.34,25.89
5073,32.2345,2181.53,26.8
5074,30.8786,2032.76,27.1
5075,31.1403,2140.69,27.32
5076,30.1678,2178.2,26.47
5077,28.3998,2215.83,27.08
5078,29.8505,2169.0,25.79
5079,28.7728,2145.21,27.38
5080,28.623,2180.33,25.26
5081,29.3809,2227.03,24.65
5082,29.8697,2102.15,26.29
5083,28.2121,2235.95,24.85
5084,27.5565,2184.05,23.43
5085,29.0148,2171.46,23.56
5086,27.5971,2069.34,23.26
5087,29.1397,2106.95,22.77
5088,30.9201,2237.15,22.17
5089,30.7761,2213.46,23.17
5090,31.3601,2191.63,23.71
5091,32.0731,2074.92,23.86
5092,32.3745,2150.97,23.28
5093,31.6258,2085.63,24.48
5094,32.1922,2213.41,25.24
5095,31.4775,2246.94,25.8
5096,31.1463,2271.23,25.8
5097,31.4538,2196.29,27.15
5098,30.3311,2142.09,27.77
5099,30.0395,2138.37,26.65
5100,30.6603,2243.39,26.5
5101,30.8379,2136.58,26.78
5102,28.9778,2068.62,27.01
5103,29.8893,2202.68,26.26
5104,29.7497,2120.7,26.57
5105,29.3996,2139.22,25.22
5106,28.7908,2117.98,24.84
5107,27.8083,2143.25,24.25
5108,30.1888,2196.39,24.69
5109,28.6041,2122.53,23.56
5110,29.5915,2139.5,23.0
5111,28.2444,2078.89,22.66
5112,29.673,1989.21,23.15
5113,29.5782,2076.84,23.54
5114,30.0081,2107.82,22.99
5115,31.6757,2070.35,23.04
5116,31.4552,1999.71,24.13
5117,32.1327,2149.4,23.89
5118,31.4697,1988.88,25.18
5119,30.0468,2030.97,25.67
5120,30.268,2067.17,25.58
5121,30.649,2016.37,26.18
5122,30.055,2111.66,26.23
5123,30.791,1965.09,26.39
5124,28.3293,2001.48,27.16
5125,28.7093,1994.79,26.7
5126,29.6066,1981.61,26.56
5127,29.8451,2051.6,27.11
5128,29.7538,2058.56,26.09
5129,27.8345,1978.4,25.72
5130,28.728,1981.94,25.17
5131,28.1001,1971.64,24.88
5132,28.8432,2015.66,23.59
5133,29.7242,2027.5,23.32
5134,29.0026,1984.58,23.24
5135,29.8761,2146.71,23.88
5136,31.7294,2019.29,22.57
5137,30.8725,2027.64,23.44
5138,30.7703,2034.03,23.27
5139,31.5865,1999.92,23.97
5140,31.9846,1984.3,24.54
5141,29.5306,2043.51,24.81
5142,31.1894,2022.04,24.53
5143,32.7329,2031.27,25.23
5144,30.7165,1949.87,25.28
5145,31.185,1981.56,26.62
5146,29.4896,1985.21,26.57
5147,29.3936,1894.96,26.95
5148,29.2334,1847.96,27.23
5149,29.8503,2037.36,26.63
5150,29.0554,1931.22,27.17
5151,28.7467,2044.98,26.25
5152,28.5503,1980.5,26.53
5153,28.1035,1889.2,24.95
5154,28.4516,1839.55,25.44
5155,28.9798,1885.67,24.34
5156,29.4334,1933.9,24.39
5157,28.1088,1956.05,23.72
5158,30.251,1934.68,23.68
5159,28.8993,1969.82,23.13
5160,30.0959,1958.57,22.91
5161,29.229,1977.99,23.54
5162,30.31,1966.47,23.43
5163,28.9824,1948.77,24.09
5164,30.4036,1858.07,23.75
5165,30.4819,2053.94,24.33
5166,32.1254,1951.84,25.27
5167,31.3558,1924.34,25.79
5168,32.3015,1952.86,25.77
5169,30.5615,1818.53,26.46
5170,29.9961,1939.74,26.1
5171,31.1739,1761.99,26.86
5172,30.1344,1932.27,26.64
5173,30.4111,1978.2,26.31
5174,28.9086,1983.78,27.33
5175,29.0181,1816.05,27.21
5176,29.1008,1964.01,26.29
5177,28.9825,2026.48,24.73
5178,28.9783,1884.13,25.03
5179,27.6147,1961.98,23.92
5180,29.2656,1893.08,23.59
5181,30.6625,1916.17,23.84
5182,29.6829,1929.25,22.39
5183,30.4263,1868.47,22.89
5184,30.2734,1969.66,22.62
5185,28.9346,1960.41,22.27
5186,30.5848,2034.66,23.33
5187,30.8667,1999.22,23.73
5188,31.4058,1988.2,23.63
5189,30.9196,1928.9,24.34
5190,30.2842,1906.83,25.67
5191,31.2282,2061.72,25.24
5192,30.8765,1996.1,26.57
5193,31.66,1947.72,27.16
5194,31.4736,2054.29,27.0
5195,30.5216,1949.17,26.76
5196,31.6498,2052.35,27.34
5197,29.4628,1904.34,27.1
5198,28.8246,2031.76,26.52
5199,30.6259,2045.79,25.29
5200,29.0557,1962.09,21.4
5201,28.1133,1914.08,20.49
5202,28.417,2115.61,19.87
5203,28.3833,2029.52,19.46
5204,27.9471,2027.49,19.07
5205,30.3443,2081.52,18.4
5206,29.0912,2110.62,18.88
5207,30.3413,2066.25,17.88
5208,29.3933,2077.36,16.96
5209,30.8814,2024.15,17.56
5210,31.8466,2027.57,17.92
5211,31.3267,1976.52,18.3
5212,32.3383,2104.47,19.05
5213,31.585,1967.55,18.74
5214,32.0025,2108.3,19.8
5215,31.3662,2072.62,19.88
5216,31.3898,2101.72,20.72
5217,30.9112,2097.13,20.82
5218,30.563,2015.34,21.32
5219,30.9702,2076.25,21.8
5220,30.3666,2209.84,21.7
5221,30.3078,2164.58,21.19
5222,29.5676,2170.84,21.59
5223,30.1625,2179.83,21.57
5224,29.0393,2047.85,21.08
5225,28.2793,2094.18,20.48
5226,28.3714,2105.73,19.7
5227,27.9572,2168.8,19.14
5228,28.0163,2169.82,19.22
5229,30.1417,2063.01,19.25
5230,30.2453,2102.63,18.47
5231,30.4932,2193.64,17.45
5232,28.5561,1991.68,17.29
5233,30.2095,2127.16,18.46
5234,30.6396,2038.01,17.93
5235,31.5925,2127.56,18.45
5236,30.7994,2102.68,18.85
5237,32.2125,2178.89,19.25
5238,30.9435,2015.21,19.75
5239,32.7163,2144.55,21.05
5240,33.3664,2014.73,21.39
5241,30.3846,2110.88,21.79
5242,30.3887,2102.0,21.44
5243,30.6604,2062.82,22.02
5244,30.2981,2151.25,22.09
5245,29.8161,2165.68,22.41
5246,29.5525,2177.53,21.11
5247,28.7147,2256.83,21.27
5248,28.3541,2192.33,20.97
5249,28.6278,2232.03,20.86
5250,29.1985,2117.09,20.49
5251,27.6775,2186.43,20.1
5252,28.0092,2256.2,19.39
5253,28.0735,2153.02,18.89
5254,28.8189,2171.67,18.99
5255,30.0529,2131.96,17.96
5256,30.1061,2194.02,17.77
5257,29.8325,2074.84,18.36
5258,30.8895,2170.18,18.79
5259,31.4556,2152.94,18.3
5260,30.8579,2126.74,19.01
5261,31.3402,2135.66,19.74
5262,31.3439,2185.07,20.47
5263,29.6031,2242.17,20.09
5264,31.8558,2004.36,21.52
5265,31.1881,2124.12,21.28
5266,31.5346,2160.98,21.86
5267,30.5101,2219.14,22.59
5268,30.9491,2191.61,21.3
5269,28.8024,2123.53,22.1
5270,29.7828,2158.28,22.49
5271,28.6364,2002.18,21.38
5272,28.9005,2062.71,21.46
5273,28.923,2018.81,19.72
5274,28.2675,2150.48,20.36
5275,29.098,2095.4,20.39
5276,28.3166,2072.13,19.98
5277,29.2164,2143.65,18.17
5278,29.0342,2077.25,18.16
5279,29.5498,2043.37,18.16
5280,30.694,2053.14,23.71
5281,29.4709,2068.77,22.77
5282,30.0746,2132.76,23.47
5283,31.4145,2067.82,23.11
5284,31.9504,2006.82,23.7
5285,31.1059,2040.71,24.35
5286,32.1343,2009.94,25.35
5287,32.5984,2116.02,26.29
5288,33.021,2063.41,25.92
5289,31.0115,2093.07,26.23
5290,31.6008,1981.21,26.62
5291,30.9248,2133.72,26.94
5292,30.474,1971.08,27.17
5293,29.3606,2065.67,27.7
5294,28.1681,2038.3,26.17
5295,29.1811,2032.08,26.41
5296,28.3315,1931.54,25.39
5297,27.9165,1966.65,25.58
5298,28.2464,1957.07,24.9
5299,29.8151,2043.5,24.94
5300,29.3598,1976.2,24.0
5301,28.531,2045.5,23.27
5302,30.8319,1929.59,23.2
5303,29.4839,1915.61,22.53
5304,29.7482,1912.72,23.17
5305,30.7894,1994.39,23.18
5306,30.7901,2026.99,23.36
5307,31.6935,1918.79,23.7
5308,30.0614,2003.94,23.47
5309,30.2516,1927.99,24.78
5310,32.3707,1918.56,25.07
5311,30.5158,1956.57,26.04
5312,30.467,2026.44,25.99
5313,30.6249,1900.98,26.51
5314,30.9149,1996.66,26.54
5315,30.2866,1979.86,27.26
5316,30.8245,1849.11,27.14
5317,29.2858,1902.69,26.79
5318,26.7647,1867.79,26.2
5319,28.9012,1936.57,26.95
5320,28.2011,1875.24,25.36
5321,28.1326,1912.45,25.82
5322,27.7561,1966.75,24.44
5323,27.5833,1965.12,24.48
5324,29.3811,1856.16,24.21
5325,30.1807,1956.02,23.12
5326,30.5145,2003.27,23.88
5327,28.8162,1922.23,23.17
5328,29.6066,1901.31,23.7
5329,30.06,1768.56,23.62
5330,31.2828,1958.94,23.56
5331,31.9529,1953.53,24.01
5332,31.7811,1838.28,23.76
5333,33.0569,1918.96,24.22
5334,31.4997,1916.37,24.93
5335,31.7983,1982.39,25.45
5336,30.9939,1879.76,26.16
5337,30.2431,1916.91,26.7
5338,30.3592,1836.23,27.47
5339,29.9687,1861.55,27.19
5340,31.2025,1952.43,27.6
5341,28.3644,2051.52,27.1
5342,29.2706,1890.77,25.75
5343,27.9819,1905.66,25.87
5344,29.0407,1962.02,25.08
5345,28.8273,1861.96,24.56
5346,27.8249,1991.06,24.41
5347,29.3355,1964.73,24.4
5348,28.7603,2001.37,23.73
5349,28.7558,1885.88,23.17
5350,28.7073,1942.03,23.58
5351,29.7982,1893.0,22.23
5352,29.4146,1921.79,22.66
5353,30.8571,1917.25,22.74
5354,30.7485,1985.64,23.64
5355,30.4938,1959.92,23.22
5356,31.7288,1857.91,23.88
5357,31.4673,1955.89,25.51
5358,33.2931,1903.29,25.7
5359,30.8784,1997.2,25.01
5360,31.2949,1863.25,25.78
5361,31.4378,1977.17,26.76
5362,30.3034,1915.23,27.04
5363,31.1069,1995.15,27.08
5364,29.8247,1881.64,27.09
5365,30.5586,1952.62,27.08
5366,28.8994,2038.54,25.89
5367,29.233,1986.1,25.83
5368,29.9102,2032.16,26.55
5369,27.984,2072.21,25.52
5370,29.5894,2038.4,23.3
5371,28.1985,2011.92,25.22
5372,28.2182,2147.18,24.21
5373,28.5939,2153.38,23.43
5374,28.218,2091.47,23.09
5375,30.9813,2104.76,23.19
5376,29.8182,1958.68,22.41
5377,29.5854,1975.4,22.96
5378,30.3853,2076.18,23.07
5379,31.4449,2075.98,22.59
5380,31.6508,2110.33,24.12
5381,30.2588,2050.21,24.65
5382,32.9321,2049.92,25.16
5383,31.8943,2087.03,25.51
5384,30.6427,2143.1,26.71
5385,30.9964,2053.86,26.64
5386,30.6045,2120.1,27.47
5387,29.8283,2058.4,26.88
5388,29.3615,2062.71,27.4
5389,31.0232,2078.59,26.05
5390,28.5047,1960.12,25.89
5391,29.2256,2033.87,26.43
5392,28.2833,2097.91,25.8
5393,27.8135,2185.63,25.19
5394,28.7043,2136.46,24.55
5395,28.7155,2208.57,23.85
5396,27.998,2127.67,24.91
5397,29.389,2067.79,23.67
5398,29.3036,2126.07,23.38
5399,29.4135,2126.58,23.56
5400,29.1527,2147.07,23.26
5401,30.1415,2109.15,24.04
5402,28.85,2071.42,23.5
5403,30.7064,2149.04,23.54
5404,32.1172,2266.57,23.92
5405,31.1538,2064.91,24.46
5406,31.5395,2086.64,25.2
5407,31.8816,2117.34,25.8
5408,31.7799,2227.57,26.65
5409,31.1246,2169.37,26.31
5410,30.4562,2189.68,26.94
5411,29.7791,2160.55,27.6
5412,29.5885,2164.08,27.76
5413,29.108,2200.84,27.07
5414,28.3091,2157.53,26.61
5415,30.2987,2117.97,26.3
5416,29.1204,2162.04,26.49
5417,28.4337,2196.93,25.15
5418,29.5263,2183.88,24.37
5419,28.1991,2221.3,24.39
5420,28.2502,2144.78,25.94
5421,30.2603,2108.35,23.28
5422,29.3441,2109.95,23.03
5423,29.9555,2109.78,22.77
5424,30.0885,2149.31,22.98
5425,30.7648,2196.69,22.65
5426,30.9389,2203.33,23.59
5427,30.61,2205.99,24.26
5428,30.6811,2139.27,23.95
5429,32.6161,2107.61,24.58
5430,31.8025,2263.82,24.86
5431,31.9277,2177.74,25.96
5432,31.5176,2101.56,26.14
5433,31.8435,2147.11,26.66
5434,31.4364,2148.9,26.3
5435,29.09,2190.72,27.94
5436,30.0251,2208.67,27.08
5437,30.0568,2083.51,27.06
5438,28.7984,2164.17,27.11
5439,29.4421,2122.77,26.79
5440,27.7889,2211.96,25.9
5441,28.8898,2035.5,25.84
5442,28.4693,2121.23,25.97
5443,28.2807,2093.44,24.12
5444,29.6705,2110.57,23.64
5445,27.5915,2032.29,24.83
5446,29.6611,2032.96,22.46
5447,29.0912,2103.08,24.39
5448,29.616,2025.84,22.82
5449,30.6223,1987.18,22.72
5450,30.6966,2033.2,22.92
5451,32.5516,2022.47,24.1
5452,31.7873,2143.3,23.56
5453,31.7335,2019.91,23.79
5454,31.7316,1988.95,25.76
5455,31.067,2034.43,25.18
5456,33.1088,1949.21,25.83
5457,32.1798,1990.55,26.46
5458,30.162,2001.03,26.41
5459,30.5774,2103.24,26.13
5460,29.569,2046.58,27.0
5461,28.5326,2065.34,27.49
5462,30.6248,2085.25,27.0
5463,27.3918,1990.96,26.39
5464,29.4761,2035.98,25.74
5465,28.8429,2043.24,25.18
5466,26.7901,1928.46,24.93
5467,28.71,1935.97,24.06
5468,28.1162,2016.42,23.98
5469,28.616,1965.22,24.48
5470,28.594,1930.69,23.29
5471,29.6597,2023.65,22.45
5472,30.1532,2018.96,22.9
5473,30.9046,1972.52,23.54
5474,31.2311,2071.12,22.31
5475,31.9356,1949.24,23.75
5476,32.0786,1995.15,23.94
5477,31.2917,1913.77,25.3
5478,32.0494,1975.35,26.25
5479,31.0683,1940.35,25.17
5480,31.7661,2058.88,25.72
5481,31.9776,1939.39,27.01
5482,30.0417,1858.51,27.53
5483,30.9058,1944.89,26.95
5484,29.8267,1833.18,27.97
5485,29.8384,1778.29,27.44
5486,30.1864,1947.7,27.06
5487,28.6572,1934.89,27.11
5488,28.5076,2024.49,26.0
5489,30.2803,1927.59,25.12
5490,26.8929,1833.21,25.48
5491,30.2421,1990.68,23.93
5492,30.4523,2035.99,23.65
5493,27.848,1945.1,23.45
5494,30.7393,2057.45,23.33
5495,29.5307,1903.25,23.55
5496,29.4001,1896.42,21.99
5497,30.6821,1903.31,23.03
5498,29.7714,1942.59,23.39
5499,31.2877,1963.5,23.18
5500,32.2249,1943.68,23.6
5501,31.7165,1873.17,24.2
5502,33.046,1902.08,25.42
5503,31.6242,1889.49,25.2
5504,30.6702,1909.84,25.45
5505,31.9273,1972.91,26.72
5506,30.358,2072.81,26.61
5507,30.3992,1935.52,26.79
5508,30.2569,1899.11,26.91
5509,30.3773,1909.57,26.57
5510,28.2137,2010.44,26.58
5511,29.8965,1954.26,25.46
5512,28.0494,1821.36,26.2
5513,29.7493,1939.64,25.54
5514,27.8594,1959.36,24.57
5515,30.2519,1891.88,24.23
5516,27.9227,1846.36,24.48
5517,28.6554,2020.63,23.14
5518,29.9795,1913.36,23.03
5519,30.5297,1909.16,23.21
5520,29.9437,1878.85,23.15
5521,31.4784,1855.82,23.1
5522,30.8857,1945.49,22.61
5523,31.7825,1935.49,23.98
5524,31.3087,1973.64,24.85
5525,31.7246,1854.66,25.84
5526,31.5667,1973.96,24.99
5527,29.9596,1987.31,24.51
5528,31.2678,2038.33,25.69
5529,30.529,1953.52,26.38
5530,31.9347,1914.85,26.85
5531,29.6307,2154.7,26.6
5532,29.1437,2022.43,27.86
5533,30.1977,1963.14,27.36
5534,28.8167,1921.52,26.57
5535,28.6237,1968.41,26.3
5536,27.9372,1951.61,25.41
5537,28.7032,2093.36,25.82
5538,28.5501,1992.32,24.37
5539,28.2334,2053.21,24.63
5540,28.8863,1975.39,24.24
5541,28.1745,2096.11,22.99
5542,27.8898,2041.21,23.82
5543,28.0306,2140.94,23.55
5544,29.8943,2094.22,22.92
5545,29.9654,1951.62,22.68
5546,30.3905,2031.01,23.75
5547,31.7529,2110.54,23.56
5548,30.8739,1940.99,23.57
5549,32.3589,2049.61,24.18
5550,31.5303,2176.79,25.13
5551,31.8467,2001.91,25.68
5552,31.7829,2055.38,26.26
5553,30.7392,2124.04,26.42
5554,29.8742,2069.11,26.68
5555,27.7545,2160.55,26.97
5556,28.431,2040.16,26.48
5557,29.8595,2161.41,27.17
5558,30.026,2091.1,26.79
5559,27.6629,2020.42,25.9
5560,28.8327,2083.48,26.5
5561,28.228,2179.22,25.47
5562,28.9923,2076.64,24.6
5563,29.0512,2082.97,24.96
5564,28.3854,2140.12,23.92
5565,29.0488,2029.7,23.73
5566,29.5289,2194.64,23.56
5567,29.4446,2098.63,23.22
5568,28.0118,2123.25,23.33
5569,30.3983,2029.23,22.18
5570,30.0747,2162.03,22.96
5571,30.3658,2161.97,24.18
5572,31.1942,2247.37,24.37
5573,31.761,2198.3,24.13
5574,30.3579,2032.42,25.85
5575,31.7356,2173.91,25.72
5576,31.3116,2165.52,26.41
5577,31.6597,2208.93,27.01
5578,30.2394,2239.05,27.29
5579,30.2205,2093.29,27.35
5580,30.0015,2072.53,27.28
5581,28.7984,2171.57,26.81
5582,29.2648,2161.82,27.38
5583,28.3185,2176.68,26.53
5584,28.0649,2207.01,25.49
5585,27.8711,2183.88,25.91
5586,28.3058,2103.07,25.22
5587,28.5086,2201.14,24.38
5588,29.9138,2084.53,24.49
5589,29.3663,2138.79,24.51
5590,29.1422,2113.46,23.41
5591,28.9018,2075.32,23.1
5592,29.2018,2171.3,23.24
5593,31.0374,2056.14,23.17
5594,31.1288,2140.43,23.17
5595,31.5367,2110.27,23.78
5596,31.8746,2130.5,24.12
5597,32.9658,2216.99,24.83
5598,32.5127,2079.83,25.73
5599,32.1582,2126.79,25.65
5600,30.5255,2069.07,25.9
5601,30.1556,2207.37,25.97
5602,31.5714,2200.89,26.59
5603,30.3182,2208.67,26.44
5604,31.8834,2224.95,27.42
5605,29.0359,2227.21,27.43
5606,29.6678,2176.17,27.03
5607,30.4888,2185.52,27.1
5608,28.3442,2067.32,25.02
5609,28.7165,2087.51,25.44
5610,27.9677,2201.02,24.51
5611,28.8356,2192.25,23.72
5612,28.5315,2133.68,25.48
5613,29.0678,2057.91,24.01
5614,28.4517,2130.92,22.26
5615,30.292,2114.79,23.59
5616,30.0019,2294.32,23.21
5617,30.1044,1988.33,23.57
5618,30.2236,2105.35,22.79
5619,31.7652,2036.55,23.86
5620,31.5153,2081.05,23.6
5621,31.5179,1947.6,24.67
5622,32.2232,2088.09,24.54
5623,31.6693,2067.96,25.91
5624,30.4661,2049.92,26.31
5625,30.1998,2072.74,26.34
5626,30.8002,2134.83,26.44
5627,30.2498,2057.1,26.28
5628,29.4676,2079.08,26.52
5629,30.6758,2017.63,27.3
5630,29.9947,2001.14,25.93
5631,29.6801,2148.93,26.48
5632,29.3255,2037.0,26.96
5633,28.9525,2101.38,26.72
5634,28.942,2031.27,24.54
5635,29.3677,1932.63,24.37
5636,27.6897,1955.13,23.63
5637,28.1202,1961.41,23.37
5638,28.3192,1983.92,23.2
5639,28.3138,2045.74,23.64
5640,29.5483,1986.14,22.47
5641,31.7234,2027.4,22.82
5642,28.8757,2116.74,23.68
5643,30.2027,1930.23,23.32
5644,31.6974,2008.72,24.78
5645,31.0894,2002.44,24.53
5646,31.485,1950.28,25.84
5647,31.4059,1826.37,25.09
5648,31.5254,2022.51,25.26
5649,30.7502,1840.56,27.0
5650,30.1343,1926.4,26.93
5651,29.7142,1914.08,26.78
5652,28.5088,1915.35,27.52
5653,28.3128,1973.99,26.85
5654,31.4359,1949.96,26.87
5655,28.8615,1825.11,26.04
5656,30.6611,1840.45,27.25
5657,27.85,1958.65,24.45
5658,28.4857,1878.24,25.12
5659,30.3251,1936.5,25.08
5660,28.8627,1976.51,23.46
5661,29.6996,1862.64,23.86
5662,28.572,2000.78,23.16
5663,30.8438,1917.12,22.75
5664,29.7738,1789.77,22.96
5665,30.7065,1846.39,22.59
5666,30.807,1926.93,23.95
5667,30.4481,1906.77,24.02
5668,31.7833,1884.6,23.95
5669,32.7338,1951.74,25.06
5670,31.5247,1900.83,24.27
5671,30.8838,1891.25,25.41
5672,30.4788,1885.72,25.45
5673,32.3225,1897.91,25.75
5674,32.2271,1953.84,27.06
5675,30.5438,1894.77,26.9
5676,29.304,1901.61,26.42
5677,29.7743,1939.05,27.37
5678,27.5876,1955.12,27.04
5679,29.6174,1905.83,25.63
5680,29.5732,1970.89,25.8
5681,27.1646,1895.63,25.19
5682,27.6971,1942.84,24.65
5683,28.1435,1987.76,24.53
5684,28.7884,1888.26,24.95
5685,28.5135,1980.2,23.77
5686,29.7513,1828.5,22.41
5687,28.6191,1901.53,23.78
5688,30.5863,2015.46,22.51
5689,29.7643,1991.44,23.06
5690,29.6542,1913.62,23.21
5691,30.5118,1950.06,22.67
5692,31.7806,1868.99,24.17
5693,30.7234,1971.9,24.51
5694,33.0882,1991.98,24.73
5695,31.2609,1963.07,25.6
5696,30.8221,1959.9,25.81
5697,31.1213,1862.13,25.85
5698,30.1391,2019.04,26.88
5699,30.8032,1908.6,26.76
5700,30.5514,1991.9,26.54
5701,29.7523,1935.27,27.05
5702,28.5851,2011.91,26.17
5703,28.081,1997.57,26.05
5704,27.4023,1936.9,25.65
5705,27.4664,2126.2,25.28
5706,29.0749,1994.22,24.55
5707,28.5075,2027.27,25.6
5708,27.8853,1966.07,23.71
5709,29.1569,2086.54,23.16
5710,30.9857,2111.72,22.33
5711,30.3864,2066.82,23.19
5712,30.0383,2125.33,22.66
5713,29.4149,2053.5,23.32
5714,30.5994,2047.16,23.82
5715,33.1173,2004.06,24.0
5716,33.0457,2079.23,23.32
5717,32.5364,2101.87,25.01
5718,31.7734,2046.45,25.12
5719,31.1264,2127.92,25.15
5720,31.6741,2141.07,26.38
5721,30.156,2122.24,27.21
5722,31.4205,2098.93,27.35
5723,29.8448,2126.32,27.45
5724,30.6891,2035.13,27.12
5725,28.6559,2116.21,27.16
5726,28.5684,2134.41,26.64
5727,28.9682,2075.17,26.55
5728,29.3705,2097.83,26.98
5729,28.284,2076.9,24.99
5730,26.6182,2063.09,24.52
5731,26.8486,2105.46,24.53
5732,26.0159,2170.47,24.17
5733,29.6977,2196.05,24.25
5734,30.702,2102.12,23.86
5735,30.4611,2111.82,23.07
5736,30.5777,2180.52,24.0
5737,31.4605,2057.57,23.1
5738,31.8687,2188.39,22.82
5739,31.3865,2171.32,23.76
5740,32.2464,2132.44,23.93
5741,31.9691,2088.48,24.27
5742,32.3565,2170.5,24.9
5743,30.0993,2221.03,26.03
5744,31.384,2194.12,25.54
5745,31.5405,2062.53,26.84
5746,29.0715,2158.98,25.4
5747,29.3346,2164.13,26.46
5748,29.8861,2257.15,27.07
5749,29.5719,2123.91,26.72
5750,28.3087,2084.79,26.21
5751,28.5579,2173.77,27.02
5752,28.915,2107.72,25.84
5753,28.9697,2154.39,25.73
5754,29.5651,2197.57,24.42
5755,27.3941,2165.37,24.33
5756,29.6871,2096.84,24.83
5757,28.4819,2191.93,23.56
5758,27.5635,2086.91,23.22
5759,30.2432,2135.7,23.8
5760,30.1599,2133.04,23.21
5761,31.0255,2233.38,22.79
5762,29.7698,2223.16,22.7
5763,30.4024,2324.35,24.04
5764,30.8918,2121.99,24.21
5765,32.0889,2146.72,24.72
5766,30.2286,2167.5,25.66
5767,31.9197,2196.34,25.42
5768,31.0211,2090.81,26.71
5769,31.2037,2183.55,26.11
5770,31.1903,2211.13,26.62
5771,29.6277,2210.15,27.8
5772,30.5981,2148.58,27.34
5773,30.7861,2038.85,26.98
5774,29.5147,2099.53,26.51
5775,29.6429,2190.98,26.61
5776,28.2778,2054.48,25.98
5777,27.093,2082.26,25.36
5778,29.1791,2107.75,24.89
5779,27.7631,2109.77,24.03
5780,28.4566,2109.45,23.26
5781,29.9739,2086.09,23.28
5782,29.3157,2081.7,22.65
5783,30.5393,2115.14,23.25
5784,31.4421,1962.4,22.14
5785,30.8813,1966.29,22.39
5786,30.8401,1987.43,22.57
5787,32.7916,2096.9,23.68
5788,29.9289,2038.54,24.76
5789,31.7485,2038.81,24.91
5790,31.0899,2032.37,25.65
5791,32.8546,2028.02,25.48
5792,31.0344,2007.74,26.36
5793,31.2946,1947.75,26.43
5794,32.0246,2072.9,26.91
5795,30.4948,2133.41,26.16
5796,29.9621,2037.12,26.97
5797,29.1184,2002.23,27.32
5798,28.3329,2045.51,26.41
5799,27.6421,2169.23,27.08
5800,29.0478,2036.66,26.19
5801,27.0753,2008.92,26.16
5802,27.4416,2011.01,24.89
5803,28.5283,2037.59,24.65
5804,28.524,2074.42,23.26
5805,29.4454,2031.11,23.32
5806,28.6204,2036.84,23.18
5807,31.4085,2012.34,23.2
5808,29.9848,1873.47,22.78
5809,30.5313,1946.89,22.61
5810,31.6737,2063.83,23.69
5811,30.8489,2015.74,23.45
5812,31.3497,2014.16,23.35
5813,31.6616,1893.01,24.16
5814,30.9033,1976.04,25.32
5815,30.9873,2036.21,25.38
5816,31.3029,1958.76,25.79
5817,30.8451,2000.32,26.36
5818,30.4922,2073.19,25.49
5819,28.8761,1880.69,26.48
5820,30.0446,1967.97,27.24
5821,27.8651,2018.3,26.88
5822,29.4415,1970.08,26.17
5823,28.9408,1911.56,27.38
5824,28.5896,2049.17,25.33
5825,28.6154,1945.73,25.04
5826,28.8728,1918.95,24.69
5827,27.8696,1982.16,24.07
5828,28.2237,1882.7,23.86
5829,30.0587,1997.16,23.48
5830,28.4504,1850.93,22.62
5831,29.1792,1915.11,22.42
5832,30.1097,1925.85,22.52
5833,30.2881,2067.86,22.83
5834,30.8669,1873.3,23.39
5835,31.2074,2007.79,22.79
5836,30.8671,1862.07,23.44
5837,31.6054,2008.37,24.52
5838,33.1705,1947.1,25.08
5839,31.7541,1717.38,25.51
5840,31.4059,1933.15,26.23
5841,31.038,1875.61,26.26
5842,30.156,1945.27,26.83
5843,31.2859,1933.06,26.77
5844,30.1628,2015.7,26.67
5845,28.4714,1877.64,27.48
5846,29.3266,1847.87,26.64
5847,29.3569,2088.31,26.82
5848,28.2927,1937.72,26.4
5849,28.5806,1876.45,24.87
5850,27.4957,1872.22,25.25
5851,28.5163,2057.92,25.54
5852,28.9476,2043.18,23.84
5853,29.875,1977.28,22.48
5854,29.408,1922.39,22.81
5855,29.0109,1975.83,22.9
5856,29.3806,1903.16,22.75
5857,31.8478,1944.3,22.88
5858,30.7817,2008.86,23.84
5859,30.8693,2029.89,23.96
5860,32.5128,2042.32,24.05
5861,32.6428,1978.68,24.44
5862,32.4307,1932.7,24.94
5863,31.458,1947.4,25.3
5864,30.9411,2029.76,25.45
5865,31.2102,1897.78,26.4
5866,29.0973,1942.61,26.65
5867,30.0415,1941.85,27.69
5868,31.3486,1952.64,26.27
5869,29.364,2098.75,26.55
5870,29.6817,2026.62,26.45
5871,29.5367,2030.82,26.67
5872,26.9095,1897.45,25.76
5873,29.8129,2008.55,24.78
5874,27.2429,2067.36,24.7
5875,27.5776,2116.87,24.59
5876,28.0051,2021.47,23.66
5877,29.7632,1998.77,22.54
5878,30.2618,2008.2,23.26
5879,28.0395,2053.79,22.69
5880,31.0769,2063.86,22.92
5881,30.8303,1984.88,22.45
5882,30.6109,1998.75,23.27
5883,31.6103,2168.93,24.1
5884,30.4385,2108.51,23.95
5885,32.2656,2043.71,24.7
5886,33.0293,2012.73,25.0
5887,30.0507,2128.52,26.25
5888,31.2596,2093.92,26.37
5889,30.5488,2083.72,25.87
5890,30.4165,2051.62,26.39
5891,30.5708,2064.29,26.41
5892,30.607,2046.66,25.98
5893,30.4502,2111.95,26.33
5894,30.3981,2053.62,26.71
5895,28.2001,2052.22,26.25
5896,28.963,2173.93,25.35
5897,29.0448,2089.94,24.67
5898,28.0184,2092.05,24.89
5899,29.5045,2143.85,23.09
5900,29.4828,2137.32,24.67
5901,28.7718,2114.02,24.09
5902,27.9268,2123.44,23.19
5903,31.5371,2077.33,23.66
5904,28.8112,2249.04,23.21
5905,31.7823,2072.23,22.42
5906,30.0577,2129.93,22.37
5907,31.2852,2160.01,23.56
5908,31.6844,2110.84,23.79
5909,30.7917,2170.95,24.53
5910,30.6487,2037.88,24.42
5911,31.7379,2121.44,24.85
5912,31.4081,2215.01,26.05
5913,30.6167,2081.11,26.6
5914,30.6538,2075.57,26.99
5915,29.4229,2354.2,27.39
5916,29.4838,2279.19,27.38
5917,28.6141,2278.74,27.45
5918,29.4357,2087.29,27.15
5919,28.0087,2110.88,25.78
5920,28.5355,2125.54,25.5
5921,29.7143,2190.48,25.01
5922,29.3106,2261.11,24.8
5923,28.7464,2112.73,25.12
5924,29.5699,2245.22,24.0
5925,27.7852,2129.97,23.66
5926,28.0843,2180.49,23.16
5927,28.572,2259.92,23.56
5928,30.1318,2091.73,24.04
5929,29.8784,2196.68,22.71
5930,29.3257,2153.46,23.75
5931,31.7968,2264.68,23.76
5932,31.9071,2152.84,23.74
5933,31.3955,2329.0,25.05
5934,32.8633,2232.02,26.14
5935,31.8961,2106.88,25.56
5936,31.0926,2205.67,26.45
5937,29.8183,2307.39,25.8
5938,30.9276,2164.71,26.97
5939,30.4669,2185.77,26.88
5940,28.728,2130.47,27.33
5941,30.1164,2115.44,26.98
5942,28.7476,2117.4,26.75
5943,28.6679,2125.94,26.25
5944,28.3608,2137.27,26.61
5945,28.2066,2144.57,24.84
5946,28.7271,2121.67,24.9
5947,28.6453,2181.55,23.37
5948,29.5639,2033.39,23.6
5949,28.2623,2065.78,23.37
5950,29.4013,2080.09,24.21
5951,29.6408,2102.4,22.84
5952,29.1249,2085.99,22.94
5953,30.2772,2160.8,23.58
5954,29.9936,2140.51,22.64
5955,30.5624,2064.49,23.89
5956,31.695,2085.97,23.91
5957,31.5641,1905.9,24.14
5958,32.7214,2013.17,25.35
5959,31.0839,2169.94,25.82
5960,31.5365,2095.62,26.5
5961,30.9107,1992.39,26.6
5962,30.2895,2039.51,26.21
5963,29.5968,2046.28,26.81
5964,30.9769,1946.62,27.56
5965,28.4306,2142.16,27.03
5966,30.9347,2056.46,26.41
5967,28.9884,2023.22,25.61
5968,26.906,2038.41,26.15
5969,28.6925,1963.64,25.43
5970,29.1848,1942.72,25.06
5971,28.4432,1988.75,23.86
5972,31.4509,1965.37,23.96
5973,29.0082,2175.35,23.82
5974,28.6759,1999.62,23.32
5975,28.3277,2013.53,22.97
5976,29.471,1910.78,24.06
5977,30.9549,1852.4,21.88
5978,30.4608,2027.9,24.02
5979,30.2145,1984.66,23.48
5980,31.0038,2042.95,23.82
5981,31.1928,2008.3,24.65
5982,31.0801,1882.78,25.64
5983,33.4776,1901.47,24.97
5984,31.4924,1993.21,25.84
5985,32.7916,1972.88,26.72
5986,29.3816,1834.27,27.08
5987,30.264,1930.92,27.25
5988,30.3821,1935.65,26.98
5989,29.7405,1955.77,26.34
5990,28.8916,1912.61,26.2
5991,28.2017,1844.23,26.28
5992,29.0231,1852.83,26.07
5993,28.8192,1933.92,25.53
5994,29.7543,2053.08,24.67
5995,29.2736,1975.81,25.18
5996,28.6481,1954.76,23.9
5997,29.3206,1924.66,22.83
5998,29.0409,1906.38,23.42
5999,29.6734,1941.5,23.79
6000,32.0119,1870.5,23.23
6001,29.4561,1868.61,23.11
6002,29.6453,1891.46,22.93
6003,32.3314,1887.42,23.78
6004,31.0186,1815.84,24.25
6005,30.8751,2002.8,24.16
6006,32.0743,1887.61,24.57
6007,30.9524,1979.21,25.99
6008,30.517,1853.08,26.44
6009,31.2367,1940.29,25.93
6010,31.9545,1924.82,26.55
6011,31.1519,1894.02,28.1
6012,29.6959,1959.65,25.83
6013,29.9317,1874.0,27.3
6014,29.325,1850.64,27.29
6015,27.9847,1846.86,26.24
6016,28.1507,1804.88,25.62
6017,29.174,1801.42,25.99
6018,29.7822,1800.45,25.15
6019,29.6481,1847.89,24.18
6020,29.149,1917.5,24.97
6021,29.314,1994.96,23.89
6022,28.4783,1942.42,23.54
6023,30.4189,2093.54,22.74
6024,30.2527,1866.91,22.76
6025,30.0601,1941.82,22.95
6026,30.2875,1884.67,23.78
6027,30.5364,1903.46,22.95
6028,31.0738,1911.05,23.44
6029,32.0912,2035.45,24.78
6030,32.6478,1929.22,25.63
6031,31.5134,1842.83,25.64
6032,31.116,1936.12,26.14
6033,32.0343,1983.45,26.24
6034,31.1843,1972.06,27.07
6035,29.1946,2103.32,26.68
6036,30.049,1925.37,27.47
6037,31.5065,1994.16,26.86
6038,29.0095,2031.58,26.65
6039,28.318,2048.38,26.14
6040,29.251,2006.13,25.75
6041,29.1008,2028.61,26.04
6042,26.904,1954.97,24.72
6043,27.9921,1962.57,23.57
6044,27.32,2144.78,24.91
6045,29.7685,1991.27,23.15
6046,27.968,2031.44,23.64
6047,29.1026,2074.48,23.33
6048,30.5734,2052.24,23.72
6049,30.2477,2062.9,22.02
6050,31.1437,2048.65,23.62
6051,31.0422,2161.74,23.26
6052,31.1248,1988.67,24.53
6053,30.547,2067.69,23.94
6054,31.2135,2067.93,24.47
6055,31.4721,1997.95,25.31
6056,31.9649,2048.41,26.64
6057,29.4851,2060.58,27.23
6058,31.8494,2114.43,27.37
6059,30.9071,2111.51,27.03
6060,29.2353,2138.22,26.78
6061,30.8803,2116.95,26.43
6062,29.182,2120.47,26.32
6063,27.8928,2167.69,26.79
6064,27.8056,1995.57,25.97
6065,28.9467,2135.92,25.33
6066,28.5366,1989.91,24.62
6067,28.6148,2158.05,25.08
6068,27.8049,2079.35,22.77
6069,28.1665,2148.53,23.43
6070,28.9149,2054.62,23.49
6071,29.4279,2215.8,22.92
6072,30.8574,2111.12,23.18
6073,30.585,2150.54,22.42
6074,31.1859,2144.75,23.54
6075,29.7937,2087.89,24.56
6076,31.3526,2190.78,24.65
6077,31.37,2059.25,24.73
6078,32.635,2104.17,24.9
6079,30.7927,2170.4,25.14
6080,31.413,2125.62,26.65
6081,31.1111,2006.05,26.05
6082,31.5824,2143.69,27.15
6083,31.7698,2095.97,27.15
6084,30.1087,2335.5,26.98
6085,29.8598,2047.24,27.23
6086,28.8763,2196.41,27.1
6087,27.3369,2136.09,26.48
6088,28.2172,2118.18,24.98
6089,28.4596,2266.41,25.3
6090,28.9044,2263.3,25.28
6091,26.8721,2180.8,24.95
6092,28.5448,2267.77,24.28
6093,29.7064,2120.69,24.16
6094,29.2301,2237.01,23.08
6095,29.1259,2068.46,23.3
6096,30.8047,2172.15,22.89
6097,30.9508,2129.74,23.17
6098,29.609,2194.78,23.15
6099,29.5908,2192.48,24.15
6100,31.1295,2197.95,24.23
6101,32.11,2173.68,24.85
6102,30.8612,2176.93,25.6
6103,31.9741,2182.78,26.08
6104,31.6979,2139.03,26.29
6105,29.9235,2132.22,25.62
6106,30.7965,2007.71,26.45
6107,29.4327,2137.12,26.84
6108,29.5646,2163.77,26.87
6109,30.1808,2104.3,27.66
6110,31.5612,2122.29,27.02
6111,29.2849,2115.64,26.85
6112,26.3979,2093.17,25.64
6113,28.7501,2110.52,25.9
6114,28.7381,2040.21,25.36
6115,28.6977,2084.92,24.56
6116,27.9673,2140.97,24.68
6117,29.3015,2112.75,22.84
6118,28.34,2137.15,23.85
6119,28.2176,2108.54,23.09
6120,29.4247,2201.53,22.56
6121,30.2717,2066.66,22.74
6122,30.5938,2133.08,23.21
6123,32.1737,2061.09,24.79
6124,32.1123,2001.24,24.63
6125,30.9143,1986.25,23.94
6126,32.0535,2082.42,24.82
6127,30.8821,2017.91,25.37
6128,32.3308,2082.46,25.89
6129,30.326,2159.75,25.55
6130,32.3587,1941.87,27.19
6131,31.174,2041.09,27.06
6132,30.2605,2018.95,27.37
6133,29.4554,1947.33,26.82
6134,29.0772,2008.6,27.51
6135,28.8194,1991.74,25.78
6136,29.0528,1964.65,25.41
6137,28.1775,2024.37,25.86
6138,27.8968,1965.84,24.66
6139,29.6428,1906.98,24.9
6140,28.6193,1992.03,24.12
6141,27.318,1940.25,23.66
6142,27.9592,2017.79,23.09
6143,30.2729,1897.28,23.24
6144,29.7196,1995.88,21.84
6145,30.7118,1967.55,22.85
6146,30.7387,1975.77,23.21
6147,31.7883,1877.19,24.43
6148,31.3417,2009.59,24.16
6149,31.9914,1949.15,24.45
6150,30.2767,2061.43,25.49
6151,31.4654,1944.8,25.13
6152,30.7285,2041.9,25.31
6153,29.8336,1925.41,25.32
6154,30.5398,2082.93,26.75
6155,31.2772,1842.03,27.46
6156,30.7345,2015.9,27.19
6157,30.1026,1797.02,27.56
6158,28.5841,1973.85,27.08
6159,29.09,2010.96,26.36
6160,27.8737,1871.15,25.2
6161,28.0833,1952.41,26.36
6162,30.1022,1984.86,24.64
6163,27.6289,2010.86,25.05
6164,28.9046,1941.28,23.88
6165,27.4069,1954.38,23.77
6166,28.3224,1888.05,22.9
6167,29.205,1944.87,23.28
6168,29.69,1987.01,23.07
6169,30.6293,1869.67,23.33
6170,29.9604,1945.04,22.86
6171,31.4161,1889.68,24.47
6172,30.7168,1970.8,23.49
6173,31.8998,1946.91,24.22
6174,30.0304,1947.26,24.62
6175,31.099,1994.92,25.77
6176,31.8622,1960.64,26.28
6177,30.9375,1935.04,26.01
6178,29.6465,1868.43,25.43
6179,31.4745,1863.77,26.75
6180,29.5414,1928.87,26.73
6181,30.4668,1941.62,27.51
6182,30.2162,1946.08,27.15
6183,29.3129,2017.81,26.3
6184,28.9285,1898.16,26.0
6185,28.1405,1970.1,25.63
6186,29.0515,2026.8,24.45
6187,27.3934,1938.17,24.56
6188,27.8502,1964.3,23.09
6189,27.9127,1863.35,24.09
6190,28.653,1906.92,22.8
6191,30.7741,1888.31,23.09
6192,28.8099,1931.59,22.82
6193,29.1936,1965.88,22.61
6194,31.1495,1973.27,23.93
6195,31.122,1983.03,23.63
6196,30.3311,1981.03,23.71
6197,30.8293,2021.56,24.7
6198,31.1313,1981.15,25.03
6199,31.7884,1972.9,24.94
6200,31.0848,2033.12,25.94
6201,32.1439,1947.63,27.31
6202,31.1079,1965.38,26.55
6203,30.5213,1963.96,27.31
6204,29.3887,1965.14,26.97
6205,28.3351,2030.72,27.51
6206,28.8621,1983.35,26.66
6207,26.922,2112.95,26.35
6208,28.1972,2025.73,27.35
6209,29.8451,1944.62,25.85
6210,29.3574,1968.46,25.61
6211,28.9535,2064.28,24.37
6212,28.5114,2163.27,24.42
6213,29.7679,2018.57,24.05
6214,29.6341,2063.03,22.19
6215,28.8305,2136.69,22.49
6216,30.6671,2069.67,23.41
6217,30.4553,1994.97,23.02
6218,30.3488,2059.7,22.78
6219,30.915,2095.94,23.3
6220,31.2892,2070.42,23.66
6221,31.0706,2101.74,24.16
6222,31.2351,2129.55,24.95
6223,30.9753,1983.16,25.72
6224,30.6865,2061.79,25.76
6225,31.3873,2141.52,25.63
6226,30.9754,2097.94,27.12
6227,30.8313,2192.54,26.25
6228,28.3608,2188.36,26.54
6229,29.1647,2128.32,26.81
6230,30.9526,2055.83,26.92
6231,28.2685,2242.15,26.19
6232,28.7349,2125.92,25.69
6233,28.3501,2146.67,25.81
6234,28.8798,2105.93,25.03
6235,28.7295,2103.66,23.82
6236,27.4065,2125.78,23.66
6237,29.4421,2097.3,24.13
6238,30.3868,2242.3,23.66
6239,29.0646,1993.48,22.46
6240,30.271,2040.26,22.87
6241,31.3648,2116.24,23.16
6242,31.8885,2006.4,23.03
6243,31.9207,2067.8,23.92
6244,30.9331,2161.48,24.71
6245,32.3973,2122.91,25.31
6246,31.1481,2177.78,25.12
6247,31.1933,2086.22,25.62
6248,31.2286,2143.44,25.51
6249,31.7375,2194.11,26.57
6250,30.6464,2117.45,26.55
6251,29.8926,2099.9,27.34
6252,29.7102,2232.21,26.44
6253,28.9324,2193.18,26.62
6254,28.2956,2177.87,26.56
6255,29.1816,2241.67,26.79
6256,28.84,2180.57,25.23
6257,27.4929,2222.67,26.45
6258,28.4391,2189.46,26.49
6259,27.9381,2129.04,24.23
6260,27.658,2095.4,23.68
6261,28.6245,2184.86,23.82
6262,29.8013,2197.91,23.92
6263,29.7408,2095.53,23.39
6264,32.3689,2055.53,23.32
6265,30.0889,2145.63,23.93
6266,31.2092,2158.81,23.06
6267,31.3839,2155.15,23.99
6268,29.3932,2121.24,22.95
6269,33.02,2171.31,24.11
6270,32.3995,2212.17,24.54
6271,30.44,2147.91,25.49
6272,30.2639,2123.75,25.92
6273,30.6838,2084.8,26.53
6274,30.2035,2141.71,26.22
6275,30.495,2096.58,27.02
6276,30.7854,2195.85,26.72
6277,29.8545,2139.4,27.2
6278,28.8605,2141.04,27.49
6279,28.5355,2169.93,26.76
6280,28.4477,2101.51,25.68
6281,28.9407,2238.51,25.49
6282,27.9393,2201.82,24.78
6283,27.8694,2132.68,23.82
6284,28.3511,2183.69,23.71
6285,29.7086,2103.41,23.79
6286,28.6159,2144.88,23.31
6287,27.591,2070.88,23.38
6288,28.5126,2199.57,22.39
6289,30.5852,2015.63,22.96
6290,30.3978,2115.3,23.75
6291,31.996,2114.28,23.41
6292,29.6731,2100.51,23.43
6293,31.8149,2046.27,24.56
6294,31.2476,2152.32,24.42
6295,31.972,2124.04,25.63
6296,31.0712,2058.22,26.71
6297,32.3241,2007.98,26.71
6298,30.6912,2060.31,28.13
6299,31.778,2243.48,26.65
6300,30.859,1968.71,27.09
6301,28.9637,2113.08,27.34
6302,29.2693,2049.07,25.55
6303,28.1613,2081.52,26.03
6304,29.8298,2014.9,25.84
6305,28.0922,1979.97,26.26
6306,28.3461,1953.97,25.51
6307,29.7056,1966.29,24.16
6308,27.6477,2012.04,24.23
6309,27.2359,2000.56,23.08
6310,27.7347,1958.09,23.24
6311,30.9669,1959.99,23.34
6312,30.9666,1950.75,22.74
6313,30.1653,1958.91,23.14
6314,29.2608,1890.63,23.35
6315,31.9024,1978.39,23.47
6316,30.4556,1902.88,23.8
6317,31.8562,1962.33,24.47
6318,30.3599,2023.0,24.92
6319,32.8105,1995.05,25.41
6320,31.4404,2018.17,26.67
6321,32.3659,1914.82,27.12
6322,30.6094,1933.02,27.2
6323,29.5738,1966.59,27.49
6324,30.5438,1974.67,27.7
6325,30.0168,1874.41,26.44
6326,30.2856,1958.68,25.99
6327,28.3133,1971.28,26.55
6328,28.9793,1952.89,25.77
6329,27.6478,1998.01,25.63
6330,26.1619,1925.3,25.48
6331,26.5695,1956.25,23.97
6332,29.9583,2007.08,24.18
6333,26.9443,1900.13,22.44
6334,29.3875,2068.64,22.83
6335,29.4817,1906.11,22.76
6336,29.766,1960.4,23.79
6337,30.5723,1950.54,23.65
6338,30.8321,1915.77,22.96
6339,30.4299,1970.21,23.95
6340,31.4533,1910.35,24.8
6341,31.9093,1845.23,24.37
6342,30.9961,1947.02,24.54
6343,30.8614,1997.68,24.81
6344,31.0963,1902.28,26.01
6345,30.5456,1961.35,26.41
6346,29.711,1831.16,26.81
6347,28.9314,1878.85,26.63
6348,29.7647,2000.37,26.83
6349,29.1166,1946.77,28.08
6350,30.3799,1946.17,27.42
6351,28.4356,1833.54,26.62
6352,27.8457,1988.26,25.82
6353,28.4018,1812.15,26.43
6354,29.5704,1850.55,25.29
6355,27.4842,1848.41,24.98
6356,29.5408,1927.13,24.59
6357,29.5524,1932.25,23.55
6358,29.9926,1955.24,23.82
6359,29.1816,1918.8,22.67
6360,29.578,2022.66,23.08
6361,29.428,1977.37,22.2
6362,31.2254,1869.43,23.44
6363,30.4007,1907.04,23.18
6364,31.0625,2061.71,23.6
6365,30.7435,1872.74,24.34
6366,31.5728,1879.53,24.59
6367,31.6655,2000.75,26.1
6368,31.8779,1873.36,26.28
6369,31.5638,1976.9,27.19
6370,31.4895,1991.32,26.87
6371,29.8517,1945.96,27.25
6372,30.7839,2034.43,26.92
6373,29.1531,1890.99,27.3
6374,29.7915,1984.19,26.59
6375,30.0052,2009.65,25.61
6376,29.6277,2015.81,25.66
6377,28.2363,2032.84,25.38
6378,27.626,2055.15,24.57
6379,28.5478,2065.74,25.1
6380,30.0244,1992.91,24.24
6381,28.4539,1995.32,23.44
6382,29.0927,2032.21,24.04
6383,30.007,2038.98,22.49
6384,30.7431,2108.84,22.53
6385,30.1116,1987.21,23.32
6386,31.3718,2035.46,23.04
6387,30.902,2037.77,22.72
6388,32.3465,2062.01,23.65
6389,32.4794,2157.46,24.85
6390,31.9389,2006.83,26.15
6391,31.1425,2094.01,25.05
6392,31.1527,2131.22,24.94
6393,31.9345,2135.14,26.17
6394,30.4403,2086.71,26.66
6395,30.9126,2048.51,27.25
6396,29.349,1995.0,27.25
6397,28.5774,2097.87,26.35
6398,28.3186,2125.36,26.32
6399,29.6679,2047.13,25.92
6400,28.0219,2126.64,25.15
6401,28.6709,2138.08,26.78
6402,28.1045,2125.68,25.5
6403,28.832,2081.21,23.89
6404,29.4307,2199.83,24.19
6405,28.4834,2020.72,23.57
6406,29.2202,2176.71,24.2
6407,29.1362,2131.76,22.85
6408,30.3007,2077.91,22.37
6409,29.9466,2153.19,23.05
6410,29.5735,2067.8,23.94
6411,32.2916,2141.41,23.49
6412,31.6934,2053.33,23.78
6413,31.7302,2197.69,24.38
6414,30.9324,2010.27,24.19
6415,31.2704,2090.71,24.84
6416,31.1873,2173.92,25.68
6417,30.2261,2140.21,26.05
6418,31.3257,2174.87,26.81
6419,30.544,2117.29,26.39
6420,30.8285,2062.4,27.35
6421,30.0787,2173.57,26.82
6422,29.4517,2223.57,26.96
6423,27.6534,2188.13,26.24
6424,27.4449,2186.12,25.61
6425,27.9486,2196.44,25.4
6426,30.0274,2116.76,24.89
6427,28.2609,2126.61,24.98
6428,28.6461,2303.33,23.94
6429,30.4342,2164.24,23.71
6430,29.0287,2119.72,24.39
6431,29.6885,2202.16,23.31
6432,30.2963,2189.65,23.03
6433,30.2594,2195.59,22.66
6434,31.3128,2221.75,24.38
6435,30.5862,2100.28,23.81
6436,33.4117,2099.48,24.0
6437,30.9284,2181.86,25.11
6438,31.1061,2117.65,23.58
6439,31.9373,2116.37,25.36
6440,31.872,2167.83,25.76
6441,30.2953,2059.97,25.63
6442,31.1284,2085.96,26.54
6443,30.1064,2020.51,26.97
6444,30.1482,2123.4,27.32
6445,29.4694,2115.36,26.7
6446,28.6979,2128.97,25.75
6447,29.1853,2149.51,25.61
6448,28.5049,2138.11,25.95
6449,28.1019,2104.51,25.87
6450,27.5918,2073.12,25.43
6451,29.0665,2176.02,24.3
6452,28.8093,2160.47,24.04
6453,28.174,2069.19,23.79
6454,29.5143,2174.83,23.67
6455,29.0549,1931.55,22.79
6456,30.9329,2014.05,22.86
6457,31.0261,2012.53,23.46
6458,30.3481,2060.65,24.24
6459,31.0269,2150.92,23.21
6460,31.71,2037.61,23.71
6461,30.8291,1958.28,24.52
6462,31.4411,2070.16,24.97
6463,31.7379,2052.21,24.95
6464,31.9335,1992.64,26.1
6465,32.1985,1991.15,26.27
6466,31.3193,2060.82,26.48
6467,30.7931,2071.98,26.39
6468,31.5546,2013.09,26.43
6469,28.7533,2097.5,26.62
6470,26.9787,2022.85,26.64
6471,28.745,2130.03,25.72
6472,28.8864,1954.01,26.03
6473,27.385,1967.05,25.33
6474,28.6332,2016.88,26.03
6475,27.9359,1984.19,24.63
6476,29.0126,2004.44,23.12
6477,27.947,2025.5,24.03
6478,29.0684,1982.38,24.45
6479,29.5997,2002.16,22.9
6480,30.8928,2082.45,23.5
6481,30.9652,1886.83,22.93
6482,29.9679,2031.98,22.85
6483,29.7639,1960.12,23.44
6484,30.7278,2049.07,24.66
6485,30.45,1964.92,24.06
6486,31.9971,1970.92,24.77
6487,31.0477,2042.07,24.98
6488,31.3887,2028.13,25.88
6489,31.4887,2080.78,26.2
6490,29.5475,1961.93,27.88
6491,29.4986,2024.1,27.17
6492,30.0056,2024.31,26.71
6493,28.699,2022.25,26.86
6494,29.0201,1937.58,26.86
6495,29.2696,1953.72,26.67
6496,29.6343,1990.46,25.2
6497,28.1641,1941.13,25.84
6498,28.783,1896.73,25.08
6499,30.0338,1914.95,24.2
6500,28.1433,1946.92,24.3
6501,28.5684,1902.57,23.69
6502,29.2803,1909.37,23.28
6503,29.5532,2010.7,24.7
6504,30.1521,1855.42,22.89
6505,30.0126,1965.14,23.11
6506,31.8117,1954.57,23.35
6507,30.9678,1852.0,24.39
6508,30.766,1979.12,24.01
6509,31.5314,1863.44,24.19
6510,31.6313,1976.73,25.15
6511,30.6101,1883.56,25.8
6512,31.5197,1929.86,26.43
6513,30.1823,1955.46,26.28
6514,30.3407,1926.35,26.97
6515,29.2664,1914.26,26.78
6516,29.3072,1914.96,28.46
6517,29.2517,2045.57,27.28
6518,27.7622,1927.51,26.92
6519,29.3155,1998.25,26.38
6520,29.2074,1966.58,25.51
6521,29.8112,1908.24,26.14
6522,29.0102,1935.68,24.72
6523,28.8713,1933.3,25.08
6524,27.3973,1941.91,23.71
6525,29.2746,1938.78,23.89
6526,28.6417,1991.2,23.01
6527,28.8898,1933.53,22.93
6528,29.3533,1953.36,22.86
6529,31.504,1860.87,23.08
6530,30.7878,1993.74,23.24
6531,31.5243,1971.11,23.61
6532,31.5139,1926.45,23.97
6533,31.9149,1938.35,24.01
6534,31.7852,2134.72,24.33
6535,31.7891,1985.11,25.15
6536,31.9307,1953.63,26.8
6537,32.143,1935.0,27.11
6538,30.9388,1943.75,28.31
6539,30.7803,2030.12,26.06
6540,29.9323,1951.16,26.26
6541,30.0643,1948.75,26.39
6542,29.5755,2071.86,26.7
6543,27.7237,2068.91,26.4
6544,28.7019,1829.45,25.5
6545,27.9967,1856.53,25.58
6546,27.2672,1946.03,25.55
6547,28.4483,2072.6,24.2
6548,28.5453,2065.11,23.71
6549,30.6047,2075.83,24.46
6550,28.7613,2026.94,23.61
6551,29.3775,2016.32,23.13
6552,29.8533,2022.08,23.05
6553,29.9929,1994.65,23.4
6554,30.6894,2062.06,23.59
6555,30.0194,1976.33,23.9
6556,32.2036,2045.14,24.0
6557,31.8534,2239.58,24.12
6558,32.1129,1993.19,24.64
6559,30.8377,2112.66,24.95
6560,31.4694,2059.13,25.78
6561,30.3235,2022.97,26.11
6562,30.7122,2068.28,26.56
6563,30.4394,2127.51,27.89
6564,29.0666,2038.38,27.42
6565,27.9645,2143.6,27.01
6566,29.1672,2019.22,27.53
6567,29.6199,2026.8,26.59
6568,28.6224,2108.43,26.82
6569,29.5977,2091.6,25.38
6570,29.957,2073.6,25.01
6571,28.2807,2122.9,25.4
6572,27.6027,2122.24,23.53
6573,29.3319,2235.7,24.29
6574,28.6954,2134.78,22.92
6575,28.6934,2175.22,23.3
6576,30.1638,2084.02,23.44
6577,31.3951,2103.58,22.89
6578,30.4791,2052.67,23.52
6579,30.3805,2121.08,24.1
6580,30.9682,2134.92,24.13
6581,31.7607,2125.56,23.85
6582,32.4323,2059.08,25.29
6583,31.7773,2181.2,25.36
6584,30.6589,2172.7,25.41
6585,31.3931,2154.14,27.58
6586,32.1885,2192.28,27.17
6587,31.7978,2132.09,26.68
6588,29.672,2291.09,26.07
6589,30.165,2113.4,26.82
6590,29.0919,2167.55,27.74
6591,28.3658,2110.76,26.52
6592,27.9021,2097.1,25.47
6593,29.7144,2041.16,25.39
6594,27.853,2207.07,25.41
6595,28.3542,2168.33,23.92
6596,29.7624,2226.78,23.8
6597,28.0432,2147.21,23.64
6598,29.487,2171.35,22.72
6599,28.7591,2192.72,23.4
6600,31.162,2088.31,22.95
6601,30.708,2204.05,23.23
6602,30.6088,2113.66,23.46
6603,31.3511,2126.44,23.62
6604,30.3796,2179.61,24.29
6605,30.9569,2080.67,24.83
6606,31.4418,2187.59,25.44
6607,32.2327,2186.95,25.32
6608,31.4661,2090.14,25.59
6609,31.4424,2190.19,26.73
6610,30.3539,2161.42,27.62
6611,30.3266,2157.69,26.65
6612,29.2424,2175.45,27.48
6613,30.1475,2077.36,26.77
6614,29.6315,2081.0,27.43
6615,29.5514,2079.96,25.77
6616,29.8851,2182.69,26.21
6617,28.0841,2060.21,24.91
6618,27.4859,2109.03,24.63
6619,28.9012,2114.53,25.12
6620,28.6317,2064.36,23.96
6621,28.3777,2096.58,23.68
6622,29.0645,2124.26,23.16
6623,29.1575,2029.84,22.74
6624,30.5958,2183.86,22.3
6625,29.2651,2082.9,22.82
6626,30.5402,2025.3,23.25
6627,31.3639,2170.5,23.14
6628,31.6328,2065.24,24.22
6629,32.0461,1962.93,25.16
6630,31.2389,2029.86,25.36
6631,30.6341,2052.69,25.74
6632,31.1596,2094.77,25.91
6633,30.994,2041.3,27.26
6634,30.9163,2161.83,25.9
6635,29.4648,2053.29,27.63
6636,30.1054,2118.61,26.62
6637,29.1276,2102.68,26.44
6638,29.6882,2038.05,26.9
6639,27.8794,2123.69,26.99
6640,28.1619,2089.17,26.66
6641,28.297,2118.38,25.04
6642,30.0074,2018.84,25.04
6643,28.8121,2009.19,23.78
6644,28.8189,2093.97,24.18
6645,28.0023,2038.28,22.75
6646,29.8724,1979.99,23.3
6647,29.2976,2046.88,23.08
6648,30.6704,1910.68,22.38
6649,30.1931,1866.39,23.19
6650,31.2445,1837.13,23.8
6651,30.7742,1965.53,24.25
6652,31.3753,1937.13,23.95
6653,31.4948,1981.93,24.51
6654,29.8511,1956.85,25.18
6655,31.4286,1961.07,25.22
6656,30.2404,1876.85,25.77
6657,31.371,1965.0,25.8
6658,30.8843,1903.55,26.62
6659,28.4008,2038.48,27.04
6660,30.9022,1868.53,26.78
6661,30.7306,1938.17,27.02
6662,29.5573,2011.75,26.96
6663,27.9627,1869.71,27.0
6664,29.1019,1895.96,25.29
6665,28.2195,1918.59,25.75
6666,27.9074,1973.52,24.98
6667,28.9532,1828.49,24.75
6668,30.8966,1854.55,24.38
6669,27.4978,2001.43,23.39
6670,27.9405,1925.23,23.27
6671,29.0141,1922.91,23.01
6672,28.875,2073.3,23.92
6673,31.1803,1915.59,23.43
6674,29.3478,1981.5,22.64
6675,30.6613,2045.3,23.36
6676,31.5862,1915.68,24.15
6677,31.6173,1822.83,23.63
6678,30.7688,1882.34,25.1
6679,32.0401,1963.6,26.27
6680,29.633,1888.5,25.93
6681,32.4285,1976.12,26.79
6682,30.9273,2033.74,27.01
6683,30.5124,1963.93,27.37
6684,30.6207,1917.91,27.99
6685,29.1478,1874.99,26.59
6686,28.9914,1890.27,26.88
6687,29.0702,1956.84,27.4
6688,27.7343,1810.87,26.41
6689,28.9295,1956.65,25.27
6690,29.125,2009.52,25.3
6691,28.1554,1961.13,24.44
6692,27.8455,1863.26,23.4
6693,28.2847,1917.75,22.7
6694,30.5533,1952.49,23.37
6695,27.2974,1982.81,22.83
6696,29.4332,1948.56,23.38
6697,30.3525,2037.21,23.47
6698,30.4806,1936.09,23.19
6699,32.4637,1867.73,23.46
6700,31.6534,1906.74,23.89
6701,31.9327,1994.61,24.72
6702,31.8714,2043.04,24.34
6703,31.5724,2005.67,25.51
6704,33.3228,1904.23,26.41
6705,30.8566,2010.76,26.15
6706,31.3631,2050.12,26.88
6707,30.4645,2065.26,26.91
6708,29.8212,1962.29,26.62
6709,28.6,1875.89,26.38
6710,29.3852,1979.62,26.24
6711,29.5138,2021.12,26.55
6712,28.2774,2018.4,26.8
6713,29.1769,2051.44,25.44
6714,28.2738,2069.11,25.42
6715,27.5106,1983.65,23.65
6716,29.2859,2005.6,24.55
6717,28.6163,2063.57,23.37
6718,31.0197,2014.94,23.92
6719,29.6012,1925.36,23.13
6720,31.3304,2043.01,22.44
6721,31.6395,2137.89,22.89
6722,29.8139,2050.32,23.09
6723,30.7129,2126.8,23.82
6724,31.6382,2067.54,25.22
6725,31.1112,2148.31,24.83
6726,31.6343,2060.73,25.85
6727,31.0993,2044.9,23.86
6728,31.5645,2138.18,25.6
6729,31.394,2079.13,26.59
6730,29.8229,2134.52,26.43
6731,31.1348,2029.87,26.76
6732,30.4628,2108.43,26.37
6733,30.8142,2034.88,26.93
6734,28.2897,2049.83,26.59
6735,30.0829,2042.84,26.19
6736,28.3563,2157.24,25.89
6737,29.3621,2143.93,25.84
6738,27.8818,2181.9,24.4
6739,29.3095,2094.32,24.67
6740,30.352,2048.35,23.2
6741,28.3842,2106.07,23.34
6742,28.2412,2115.15,23.23
6743,30.2727,2094.59,23.11
6744,29.7459,2154.33,22.23
6745,29.3531,2220.89,21.29
6746,30.903,2204.55,22.73
6747,31.0384,2098.16,23.49
6748,31.2106,2113.07,24.32
6749,32.2051,2282.24,24.8
6750,31.3479,2137.35,25.44
6751,32.7873,2155.65,25.56
6752,31.0593,2159.37,26.11
6753,32.0692,2215.74,25.63
6754,31.061,2148.97,26.51
6755,29.3782,2125.96,27.24
6756,29.1011,2158.77,26.81
6757,30.027,2155.34,26.56
6758,29.7369,2104.3,27.12
6759,28.4883,2266.49,27.64
6760,29.1368,2096.12,26.49
6761,28.7549,2172.26,25.43
6762,29.0313,2266.37,25.39
6763,28.7354,2107.15,24.65
6764,28.2242,2160.89,24.52
6765,29.4488,2231.21,23.52
6766,30.7921,2179.7,23.17
6767,29.9242,2056.43,22.3
6768,30.3681,2197.15,22.63
6769,29.5332,2290.74,23.35
6770,30.159,2164.59,22.8
6771,30.7111,2214.84,23.98
6772,31.8063,2032.42,23.86
6773,32.9256,2233.24,23.94
6774,32.7586,2020.29,24.99
6775,32.2925,2123.48,25.02
6776,31.5263,2099.25,26.02
6777,29.9271,2121.1,26.55
6778,30.4484,2101.84,27.49
6779,29.357,2146.74,26.53
6780,31.1218,2160.36,27.03
6781,28.3048,2217.55,27.5
6782,29.1372,2154.28,26.75
6783,30.1955,2085.84,26.59
6784,29.3785,2155.07,26.12
6785,27.7301,2103.5,25.05
6786,28.3834,2022.8,24.66
6787,30.1884,2119.02,24.9
6788,29.2003,2208.55,24.09
6789,29.1012,2140.52,23.86
6790,30.4536,2124.78,23.7
6791,30.2048,2023.92,22.84
6792,30.3996,2114.58,22.3
6793,29.2364,2026.95,22.76
6794,30.8819,2050.06,23.42
6795,31.44,2068.77,23.46
6796,31.5094,2083.73,24.23
6797,31.7867,2053.11,24.72
6798,32.2212,2089.9,25.1
6799,30.5585,2254.89,25.4
6800,31.4427,2028.47,26.1
6801,30.7069,1964.03,26.54
6802,31.7405,2012.5,26.37
6803,30.4202,1941.75,26.54
6804,31.1102,2092.15,26.93
6805,27.8733,2018.08,28.46
6806,30.0697,2055.88,27.23
6807,30.6432,2026.29,26.53
6808,28.7023,2028.51,25.96
6809,29.4283,1979.43,25.7
6810,29.3039,1984.81,24.93
6811,28.9029,1957.29,24.2
6812,27.6293,1994.14,25.26
6813,28.0947,1904.19,22.45
6814,29.8327,2016.91,23.16
6815,29.6051,1994.09,22.64
6816,29.4043,2025.95,23.22
6817,29.982,2050.04,23.01
6818,30.2099,1998.95,23.37
6819,30.809,1980.09,24.41
6820,32.6488,2090.38,24.08
6821,32.1375,1971.81,23.68
6822,30.9217,1960.41,25.38
6823,30.7366,2048.61,25.91
6824,31.5367,1945.79,26.27
6825,31.5396,1991.48,26.41
6826,30.4071,1946.44,26.85
6827,30.4189,1930.78,27.14
6828,31.0221,1927.29,26.96
6829,30.354,2038.46,26.0
6830,27.995,2059.46,26.77
6831,28.7966,1861.08,26.5
6832,28.1378,1850.94,26.14
6833,29.1951,2030.27,25.31
6834,28.2744,1869.68,24.75
6835,27.9093,2001.08,24.96
6836,29.4137,1876.08,23.83
6837,29.4724,1844.42,23.59
6838,29.4127,1925.57,23.97
6839,31.2987,1944.26,23.66
6840,30.8625,1939.92,23.12
6841,30.6066,1967.24,23.11
6842,30.9558,1972.25,23.61
6843,29.9474,1934.03,24.98
6844,30.4239,1896.15,23.44
6845,31.9064,1962.86,23.7
6846,31.3224,1924.22,24.48
6847,32.0993,1929.01,25.55
6848,30.0312,1863.08,26.78
6849,31.0644,1845.72,26.27
6850,31.0971,1980.54,26.67
6851,30.3049,1825.39,26.77
6852,31.4484,1962.13,25.88
6853,28.8762,1942.0,27.6
6854,29.7069,1884.5,26.88
6855,29.2449,1904.98,26.62
6856,27.9818,1807.04,25.56
6857,28.5258,1943.46,24.63
6858,27.4595,1905.47,25.13
6859,28.4686,2039.62,24.44
6860,27.4515,1904.34,23.72
6861,29.8795,1858.4,23.41
6862,29.3267,1872.32,22.83
6863,28.4511,1852.44,22.59
6864,30.0016,1896.98,24.05
6865,29.8939,1958.15,21.56
6866,30.7047,1883.82,22.78
6867,30.2876,1886.89,23.61
6868,31.9377,1969.38,23.76
6869,32.012,1960.7,24.86
6870,31.4854,1956.32,24.46
6871,31.9834,1985.4,25.14
6872,31.2355,1943.64,25.62
6873,30.4311,1955.7,26.12
6874,31.2758,1871.55,26.13
6875,31.0502,1986.55,27.04
6876,31.0479,2017.73,27.29
6877,29.886,2100.79,26.42
6878,29.4848,1858.5,27.34
6879,28.6441,2117.82,25.99
6880,28.5062,1932.52,25.37
6881,27.7618,1932.47,26.07
6882,28.4001,2053.42,24.69
6883,29.891,2040.9,24.72
6884,27.6771,1890.17,23.74
6885,28.4284,2092.4,24.19
6886,29.9805,2049.58,23.94
6887,29.8895,1879.37,23.02
6888,29.7414,2076.5,22.91
6889,30.3645,1974.49,22.2
6890,31.4561,2132.24,22.88
6891,31.166,2138.4,23.04
6892,32.3444,2077.26,22.89
6893,32.6279,2007.1,24.37
6894,32.5213,2029.73,23.92
6895,31.0784,2020.66,25.08
6896,32.9462,2077.58,25.93
6897,31.2668,2127.8,26.63
6898,31.8246,2057.39,26.88
6899,31.4351,2032.06,26.71
6900,30.3393,2691.38,27.4
6901,29.3559,2712.07,26.62
6902,29.0033,2701.52,27.31
6903,29.793,2770.3,26.2
6904,28.9248,2759.2,26.09
6905,29.7645,2705.52,24.8
6906,28.1023,2736.54,25.04
6907,30.0092,2871.66,24.48
6908,28.1322,2715.21,23.28
6909,30.0422,2821.77,23.96
6910,30.2919,2766.63,22.7
6911,28.6408,2711.71,22.83
6912,30.1457,2767.94,22.06
6913,28.5607,2795.29,22.51
6914,30.1904,2702.4,23.03
6915,31.7222,2770.43,23.02
6916,32.2108,2666.76,23.79
6917,31.2175,2806.33,24.92
6918,30.6441,2751.05,25.25
6919,31.7974,2732.31,24.98
6920,32.8439,2732.72,26.27
6921,29.8227,2830.98,26.96
6922,31.3411,2776.29,26.67
6923,31.1382,2854.11,27.23
6924,29.8117,2706.81,26.5
6925,30.1604,2838.57,26.36
6926,28.3176,2726.72,26.68
6927,29.1972,2805.42,26.0
6928,27.5608,2832.84,26.95
6929,28.1919,2886.77,25.33
6930,28.0517,2141.5,24.94
6931,28.5109,2241.28,24.04
6932,29.2244,2108.05,24.7
6933,29.5744,2226.27,23.14
6934,29.0786,2221.38,23.22
6935,29.0893,2183.12,22.54
6936,29.7024,2123.22,23.62
6937,30.5563,2125.97,22.45
6938,31.5594,2135.05,22.65
6939,32.8035,2131.38,23.47
6940,30.7409,2154.54,24.63
6941,31.9602,2105.29,25.69
6942,30.8629,2101.95,24.77
6943,33.126,2090.89,25.56
6944,31.5038,2119.77,25.95
6945,30.9636,2180.41,26.71
6946,30.8702,2182.91,26.38
6947,28.8495,2057.51,27.22
6948,29.8636,2151.35,26.52
6949,30.825,2147.94,27.42
6950,29.0721,2060.46,26.36
6951,30.0908,2144.11,26.42
6952,29.6269,2115.09,27.1
6953,29.1417,2088.94,25.9
6954,28.9689,2097.13,24.9
6955,27.7579,2176.7,23.67
6956,29.5999,2096.56,24.0
6957,28.3403,2045.58,24.45
6958,30.6505,2107.13,22.94
6959,30.0703,2036.5,23.79
6960,30.2341,2068.13,23.39
6961,30.2385,2138.87,23.41
6962,28.7976,2016.25,24.02
6963,31.1239,2214.59,23.22
6964,32.4425,2115.0,23.88
6965,32.3905,2033.17,25.35
6966,31.9636,2073.09,24.25
6967,33.5063,2011.79,25.4
6968,32.1463,2013.3,25.68
6969,32.0632,1959.91,26.51
6970,30.6454,2039.37,27.23
6971,30.8975,1962.6,27.92
6972,31.0511,2104.56,26.71
6973,29.5331,2029.83,26.87
6974,28.6475,1997.59,27.15
6975,28.6269,1980.47,25.77
6976,27.8994,2018.8,26.18
6977,28.4212,2037.82,24.95
6978,27.4903,2019.44,24.66
6979,28.1951,1929.88,25.16
6980,27.5098,1990.41,24.63
6981,28.8313,2054.8,23.62
6982,29.7666,2070.22,23.64
6983,28.091,1944.38,22.83
6984,30.497,2008.29,23.26
6985,30.0681,1934.39,22.83
6986,30.4826,2092.68,22.23
6987,29.7037,2001.13,23.53
6988,32.0675,1981.21,23.58
6989,31.6438,1982.01,24.56
6990,30.7565,2025.97,24.85
6991,32.3155,1928.66,24.94
6992,28.9792,2041.68,26.19
6993,32.6705,1957.96,26.58
6994,31.23,1955.78,26.7
6995,27.6652,1970.69,27.58
6996,30.2191,1911.16,27.18
6997,30.3852,2047.21,26.64
6998,30.3201,2070.88,26.68
6999,28.6085,1916.68,26.28
7000,30.5075,1926.5,26.48
7001,29.2387,1982.99,25.21
7002,29.1564,1914.25,25.08
7003,28.1764,1863.74,23.98
7004,27.8001,1922.35,23.41
7005,28.9325,1910.57,23.36
7006,29.0314,2006.42,23.58
7007,29.1952,1963.8,22.45
7008,30.3385,1949.43,22.65
7009,29.0142,1860.75,23.2
7010,31.2405,1999.02,23.48
7011,30.9456,2105.83,23.26
7012,32.0513,1931.31,23.36
7013,32.6101,2000.4,23.94
7014,30.7201,1980.34,25.37
7015,30.7361,1945.84,25.27
7016,31.6176,1998.41,25.89
7017,30.2107,1907.99,25.93
7018,30.5213,1978.72,26.88
7019,30.6897,2018.41,27.53
7020,31.633,1908.01,27.33
7021,29.4034,2009.36,26.96
7022,29.4704,1984.24,26.7
7023,29.2463,2002.74,26.02
7024,28.9805,1811.86,25.12
7025,27.4696,1978.52,25.72
7026,28.3153,1869.09,24.62
7027,28.9959,1964.7,24.0
7028,28.2502,2063.48,24.15
7029,27.9146,2010.63,23.18
7030,29.8422,1891.32,22.81
7031,28.7413,1986.01,23.05
7032,29.2502,2009.57,22.31
7033,31.4685,1900.02,23.31
7034,29.9017,2027.98,23.68
7035,30.615,1974.83,23.25
7036,30.9634,1904.19,24.57
7037,29.3926,1968.4,24.8
7038,31.2289,2033.72,25.82
7039,31.6035,1980.62,25.61
7040,32.0592,1990.88,25.66
7041,30.6799,2007.09,25.43
7042,30.9653,1993.4,26.22
7043,30.3763,2046.72,27.83
7044,28.6414,1952.03,27.49
7045,29.3938,2013.74,27.87
7046,30.1681,2028.96,26.57
7047,30.4877,1988.23,27.06
7048,28.6825,2019.4,25.48
7049,28.3008,2008.14,25.25
7050,28.56,2072.77,24.38
7051,29.0815,2017.07,25.17
7052,28.6891,2019.98,23.76
7053,29.0684,1969.87,24.15
7054,29.8376,1986.56,23.4
7055,32.2063,2061.05,22.67
7056,28.7094,1953.57,23.34
7057,30.0559,2071.36,22.56
7058,28.972,1947.15,22.89
7059,31.9408,1977.79,23.37
7060,31.8106,2053.88,24.39
7061,31.9346,2095.43,24.15
7062,30.4565,2157.71,25.79
7063,30.9604,2067.04,25.3
7064,30.9488,2175.85,26.43
7065,30.4135,2062.97,26.28
7066,31.3083,2076.14,26.11
7067,30.5145,2122.31,26.83
7068,29.8567,2126.17,26.65
7069,29.689,2115.8,26.48
7070,29.7143,2100.61,26.91
7071,28.1811,2066.16,26.74
7072,27.6234,2109.6,25.98
7073,30.1256,2250.46,25.54
7074,29.3398,2135.78,24.14
7075,27.392,2227.65,24.4
7076,28.2718,2179.82,24.5
7077,28.6532,2254.32,24.13
7078,28.3749,2080.19,23.62
7079,29.1831,2207.08,22.63
7080,32.0086,2184.37,23.28
7081,31.1339,1990.83,22.72
7082,31.3918,2186.22,23.65
7083,31.0165,2105.76,23.33
7084,31.5581,2115.13,23.53
7085,30.262,2133.06,24.31
7086,32.4351,2069.98,24.91
7087,30.6448,2166.54,25.57
7088,31.2088,2171.66,25.9
7089,30.7559,2198.78,26.58
7090,31.2325,2041.82,27.63
7091,29.5306,1994.43,26.51
7092,29.4693,2174.81,26.47
7093,28.9333,2118.6,27.17
7094,28.2192,2178.85,26.88
7095,28.9505,2070.93,25.6
7096,29.9012,2171.29,25.27
7097,29.9224,2135.12,26.04
7098,29.1188,2134.95,25.29
7099,29.2459,2264.25,24.54
7100,27.8512,2191.67,23.83
7101,29.4826,2041.55,23.3
7102,28.6157,2094.56,23.35
7103,29.3608,2093.41,23.92
7104,30.6595,2157.77,22.66
7105,28.9087,2152.21,23.2
7106,30.9019,2138.29,23.57
7107,31.1825,2038.37,23.81
7108,30.12,2151.67,23.96
7109,31.575,2184.79,24.46
7110,32.1588,2182.68,25.09
7111,30.6565,2243.6,25.31
7112,33.5952,2167.2,25.7
7113,31.9787,2148.85,26.91
7114,30.81,2101.76,26.23
7115,29.886,2162.65,26.3
7116,31.0879,2126.33,26.94
7117,30.0627,2135.74,27.37
7118,29.6596,2240.67,26.32
7119,28.8508,2153.32,26.53
7120,28.3826,2186.22,26.06
7121,28.7372,2030.7,24.9
7122,28.5735,2047.47,24.94
7123,28.5523,2077.01,25.63
7124,28.0824,2050.54,23.86
7125,29.2937,2064.0,23.1
7126,30.4905,1977.32,23.56
7127,28.6268,2026.6,23.4
7128,30.1823,2155.78,23.3
7129,30.2634,2052.51,24.05
7130,31.9623,2015.27,22.57
7131,31.1685,2206.45,23.26
7132,30.9439,2034.97,23.81
7133,31.9259,2078.41,25.5
7134,30.45,2049.53,24.97
7135,32.1016,2023.57,25.98
7136,31.4321,2106.46,25.25
7137,32.1825,2002.89,26.5
7138,29.4616,2060.2,25.57
7139,30.4749,1925.59,26.97
7140,29.3909,2115.56,27.23
7141,30.8145,1991.7,28.16
7142,30.6751,2016.87,26.52
7143,28.7212,2047.05,26.53
7144,28.1366,1939.71,25.49
7145,29.717,2104.58,24.9
7146,29.3191,1940.06,24.26
7147,28.9032,2002.31,23.95
7148,28.5703,1927.89,23.87
7149,28.4615,2003.95,24.17
7150,27.7453,1945.71,23.43
7151,29.5904,1957.28,23.15
7152,31.5799,1830.46,22.95
7153,29.6879,1953.74,22.58
7154,30.8985,1971.9,23.12
7155,31.5639,1954.36,23.41
7156,32.0032,2091.94,24.93
7157,30.6442,1972.05,24.58
7158,30.649,2020.7,25.05
7159,30.8697,2009.71,26.53
7160,31.8239,1902.6,26.06
7161,31.3522,1905.76,26.44
7162,29.5359,1977.42,25.99
7163,30.6847,1855.55,27.0
7164,30.3145,1990.49,27.49
7165,29.6862,1999.52,26.94
7166,29.1038,1961.4,26.37
7167,28.5372,1994.9,26.78
7168,28.2717,1989.68,26.16
7169,28.9637,1965.82,25.28
7170,27.2197,1979.2,24.6
7171,29.6153,1958.32,23.45
7172,26.346,1938.12,24.02
7173,28.5978,1958.13,23.79
7174,28.9261,1953.18,23.63
7175,28.9643,1934.24,23.49
7176,30.2553,1854.09,23.39
7177,29.7686,2145.9,22.53
7178,32.0867,1976.11,23.05
7179,31.1764,1943.38,23.56
7180,30.7591,1915.19,24.88
7181,30.8837,1873.2,24.39
7182,31.4355,1843.91,25.33
7183,31.1352,2032.43,25.66
7184,30.8555,1856.02,25.99
7185,30.1169,1910.98,26.2
7186,31.4005,1953.02,26.78
7187,30.62,1991.13,27.02
7188,30.44,1915.19,27.17
7189,28.8896,1964.41,25.86
7190,29.155,2061.69,26.96
7191,26.9845,1964.78,26.45
7192,28.8486,1898.93,25.43
7193,27.3382,2065.66,25.65
7194,28.8439,1959.82,24.78
7195,29.2867,1947.14,25.21
7196,29.2962,1880.72,23.3
7197,28.9489,1914.89,23.86
7198,28.8136,1941.82,23.58
7199,30.6401,1921.79,22.69
7200,30.8644,1924.66,23.25
7201,31.0809,1938.74,22.71
7202,31.9566,2005.45,22.95
7203,31.1408,2044.8,23.8
7204,30.3857,1950.75,24.04
7205,31.8343,1982.71,24.17
7206,32.3256,1869.26,25.5
7207,31.8134,1802.55,25.65
7208,31.083,1968.29,26.63
7209,31.0671,1931.84,26.27
7210,31.066,1999.37,27.34
7211,30.3724,1986.06,27.33
7212,30.4397,2022.11,26.61
7213,29.6881,2020.44,27.16
7214,30.0012,2073.1,26.33
7215,29.5905,2069.66,26.3
7216,29.1156,1968.24,25.4
7217,29.4522,2021.57,25.59
7218,29.1955,2024.62,25.21
7219,28.2522,1856.44,24.74
7220,28.2919,2015.93,24.2
7221,28.522,2014.45,25.32
7222,29.5637,2090.15,23.29
7223,28.3333,1953.46,21.91
7224,28.6859,2056.21,22.81
7225,30.0745,2114.12,22.87
7226,31.6153,1994.11,22.76
7227,31.573,2065.08,23.49
7228,30.3928,2146.41,23.94
7229,30.7144,2067.84,24.6
7230,31.2623,2025.39,24.28
7231,30.5957,2045.94,25.09
7232,30.6046,2054.92,26.14
7233,31.5458,2093.17,26.99
7234,30.675,2048.32,26.69
7235,32.0987,2101.97,27.5
7236,29.854,2117.26,26.99
7237,29.0495,2128.53,25.74
7238,29.2294,2037.63,27.57
7239,28.8965,2117.69,26.55
7240,28.4828,2018.84,25.89
7241,28.6032,2130.63,25.47
7242,29.4359,2253.58,24.27
7243,28.7523,2083.98,24.03
7244,28.2591,2114.61,23.96
7245,28.8616,2108.36,23.85
7246,29.0879,2180.64,22.95
7247,27.5119,2064.07,23.56
7248,30.1875,2100.2,22.56
7249,31.0973,2050.57,23.52
7250,31.402,2219.62,23.2
7251,31.3316,2271.06,23.28
7252,31.9307,2112.81,24.07
7253,31.5937,2074.0,24.46
7254,30.3159,2093.16,24.38
7255,31.9808,2079.95,25.61
7256,31.2205,2085.5,26.5
7257,30.5386,2199.59,25.97
7258,30.9398,2129.9,26.12
7259,31.1641,2134.71,27.59
7260,30.4228,2181.3,27.19
7261,30.0248,2164.68,26.73
7262,28.2511,2112.62,26.54
7263,29.2432,2200.98,26.68
7264,29.0155,2136.76,25.83
7265,27.4346,2195.28,24.98
7266,28.3563,2211.17,24.21
7267,29.2451,2243.15,24.42
7268,29.5132,2260.19,24.94
7269,30.1818,2163.82,22.72
7270,28.1831,2209.39,23.73
7271,28.8881,2119.71,23.19
7272,30.9508,2190.06,23.08
7273,31.5135,2093.53,23.16
7274,30.7533,2035.33,23.86
7275,31.5402,2182.4,22.44
7276,30.8749,2179.69,23.6
7277,31.6027,2185.78,24.22
7278,31.2556,2129.37,25.43
7279,30.4444,2233.88,25.19
7280,30.2307,2161.49,26.8
7281,31.3368,2159.28,25.44
7282,29.8493,2144.96,26.39
7283,31.4092,2241.51,26.99
7284,28.9587,2126.43,26.71
7285,28.5698,2047.56,27.07
7286,30.0948,1970.88,26.25
7287,28.4041,2172.83,26.26
7288,29.4791,2000.17,26.34
7289,27.5977,2123.78,25.12
7290,28.5927,2149.56,24.6
7291,28.9,2175.33,24.4
7292,28.1233,2107.84,23.05
7293,27.7267,2061.38,23.6
7294,29.9875,2095.78,22.73
7295,29.6789,2106.35,23.45
7296,30.8664,2035.92,23.56
7297,31.2578,2023.75,23.72
7298,30.3305,2032.58,22.77
7299,30.3817,2018.86,23.04
7300,30.5651,2065.88,23.8
7301,33.9626,2159.23,24.98
7302,30.4683,2064.12,25.55
7303,31.229,1968.27,25.76
7304,31.7755,2168.3,25.96
7305,29.9307,2024.72,26.9
7306,31.1151,2059.81,26.8
7307,29.8426,2098.07,27.01
7308,29.7612,2109.82,26.52
7309,29.7547,2142.14,26.22
7310,28.497,1992.55,27.43
7311,28.7391,2040.84,25.33
7312,27.8416,2043.2,26.14
7313,29.6508,2059.54,25.71
7314,29.3239,1977.85,25.4
7315,28.7945,1974.9,24.37
7316,29.9583,1953.53,24.0
7317,28.1385,2020.74,23.41
7318,28.412,1970.92,22.89
7319,29.2615,1989.62,23.3
7320,29.138,2061.75,23.12
7321,29.3977,1912.48,22.69
7322,29.8857,1969.67,23.09
7323,32.2483,2013.44,23.43
7324,31.4872,1973.49,23.5
7325,31.2553,2005.6,24.38
7326,31.2815,1949.41,26.49
7327,30.7728,1938.84,25.63
7328,30.5612,2058.04,26.36
7329,30.933,1931.65,25.83
7330,31.1458,1998.93,26.46
7331,31.0044,1907.85,27.28
7332,30.9896,1988.66,26.83
7333,29.4418,1951.34,27.33
7334,30.0194,1965.14,26.12
7335,28.4503,1950.39,25.65
7336,28.6394,2014.07,25.55
7337,28.6152,2001.88,25.18
7338,28.7256,2007.76,24.45
7339,27.9678,1913.47,24.26
7340,28.1863,1998.5,24.16
7341,27.9386,1934.76,23.45
7342,28.6196,1951.34,23.17
7343,28.4998,1932.4,23.81
7344,29.6675,1811.83,23.3
7345,30.783,1950.02,23.28
7346,31.1276,1826.59,23.0
7347,31.9875,1958.23,23.46
7348,31.1794,2020.81,24.02
7349,32.4584,1895.69,24.28
7350,32.0551,1973.2,25.09
7351,33.9087,1922.51,25.95
7352,31.5177,1801.97,26.85
7353,30.7511,1973.74,26.71
7354,30.1413,1911.78,27.35
7355,30.8281,1922.3,26.2
7356,30.6593,2024.34,27.17
7357,30.2723,1918.68,27.07
7358,29.0886,1952.87,27.16
7359,28.102,2057.25,26.72
7360,29.247,1817.13,26.11
7361,27.6292,1984.52,25.61
7362,28.4621,1886.37,25.49
7363,28.7163,2033.28,24.04
7364,29.257,1912.21,24.02
7365,26.7426,1977.26,23.56
7366,29.9791,2020.16,23.51
7367,29.6783,1930.5,23.39
7368,29.2023,1981.48,22.56
7369,31.0509,2001.48,23.36
7370,30.3083,1976.71,23.72
7371,30.354,2023.33,23.61
7372,30.8983,1971.69,25.31
7373,31.1812,1893.4,23.89
7374,31.5053,1886.04,25.15
7375,31.8672,1881.95,25.91
7376,29.9408,1880.58,25.54
7377,30.7833,2026.76,26.95
7378,30.6045,2053.76,27.06
7379,30.2114,2020.85,27.1
7380,30.6584,1990.88,27.21
7381,30.3216,1995.44,27.38
7382,29.8479,2096.24,26.52
7383,28.8563,1989.66,25.98
7384,28.6277,1931.29,26.07
7385,28.2392,2006.66,25.6
7386,28.6293,2043.49,24.3
7387,28.2233,2057.87,24.53
7388,27.6325,1985.73,24.01
7389,27.9724,2033.76,22.57
7390,29.3106,1991.47,22.96
7391,28.9956,2042.9,22.82
7392,29.902,2124.94,22.58
7393,30.4429,2185.7,23.47
7394,30.5575,2014.81,22.54
7395,31.8123,2037.16,23.14
7396,32.9897,2057.52,24.09
7397,31.8256,2016.93,24.14
7398,33.143,1997.45,25.33
7399,30.7335,2115.8,25.7
7400,31.4671,2135.79,26.27
7401,30.1001,2083.49,26.04
7402,30.5099,2033.95,27.08
7403,30.2691,2014.3,26.58
7404,29.7412,2117.52,27.79
7405,29.0671,2070.05,26.33
7406,30.1712,2042.69,26.49
7407,28.6563,2086.08,26.24
7408,27.4738,2042.3,26.1
7409,29.1345,2194.24,25.59
7410,29.3284,2235.54,26.12
7411,29.1638,2139.98,24.77
7412,29.0679,2182.5,23.53
7413,26.9193,2148.87,23.65
7414,28.8279,2118.94,23.59
7415,29.5022,2111.92,22.04
7416,29.2918,2084.77,23.43
7417,31.3648,2233.61,23.54
7418,31.0462,2050.65,23.07
7419,30.6477,2114.49,23.23
7420,31.0398,2152.36,23.66
7421,31.1091,2127.44,24.38
7422,31.9323,2191.8,24.67
7423,31.0277,2185.32,25.62
7424,31.1869,2211.87,26.93
7425,29.6064,2235.32,26.11
7426,30.9895,2157.52,26.86
7427,29.1563,2125.24,26.72
7428,30.3621,2237.61,26.61
7429,30.7408,2212.68,27.1
7430,29.6213,2172.99,26.82
7431,27.015,2156.3,26.17
7432,29.1239,2101.54,26.17
7433,27.5359,2234.85,24.59
7434,27.6328,2207.89,26.07
7435,29.1947,2143.18,25.98
7436,29.0213,2088.69,24.1
7437,29.7577,2123.12,23.33
7438,29.1576,2123.44,22.73
7439,29.3278,2018.83,22.72
7440,29.1747,2201.12,22.38
7441,29.7358,2158.37,22.71
7442,31.1509,1992.51,23.08
7443,29.0723,2061.67,23.84
7444,30.8474,2048.08,23.93
7445,31.4942,2174.09,25.38
7446,33.6001,2200.16,25.27
7447,31.3122,2105.52,24.39
7448,33.0446,2223.25,25.33
7449,32.1744,2095.24,25.32
7450,32.1906,2248.03,27.04
7451,30.4945,2126.53,27.18
7452,29.8454,2036.37,27.39
7453,30.715,2101.46,27.09
7454,29.2659,2209.92,26.74
7455,30.2386,2093.32,26.34
7456,29.3533,2176.06,27.17
7457,27.5925,2102.99,25.74
7458,27.6771,2004.86,25.96
7459,28.7618,2185.47,24.41
7460,28.5678,2093.67,23.81
7461,30.2596,2048.2,23.39
7462,29.5445,2046.07,23.03
7463,28.7912,2188.9,23.01
7464,28.551,2093.34,22.26
7465,29.8323,2014.26,23.16
7466,30.2526,2082.8,23.7
7467,31.4993,2034.34,24.81
7468,31.4203,1936.91,24.76
7469,31.0069,2117.96,24.35
7470,31.9431,2057.07,23.53
7471,30.7024,2010.97,24.44
7472,32.2693,2069.13,26.28
7473,32.3474,1991.3,25.86
7474,29.6377,2075.28,27.12
7475,30.7759,2043.53,26.0
7476,29.2273,2073.94,27.67
7477,29.7235,1997.08,26.76
7478,28.3595,2002.58,26.91
7479,30.2222,1981.27,26.75
7480,29.7124,2002.93,25.75
7481,28.0675,2024.1,25.37
7482,28.6599,2096.63,24.21
7483,27.9429,1956.91,24.62
7484,27.5266,1998.31,24.22
7485,28.2722,2010.74,23.02
7486,29.1732,1978.43,23.27
7487,30.2715,1956.69,23.42
7488,30.9031,2022.5,22.3
7489,29.7717,1971.93,23.11
7490,29.9952,1924.13,23.15
7491,30.2019,1931.4,22.99
7492,32.0773,1946.95,23.63
7493,30.2956,1963.77,24.61
7494,31.7765,1978.48,24.14
7495,33.0216,1953.35,25.93
7496,32.2663,2018.69,26.3
7497,30.8843,1924.29,26.28
7498,30.9226,1966.39,26.51
7499,28.7292,1912.99,27.06
7500,29.8662,1964.77,26.38
7501,30.0923,1897.07,26.75
7502,29.0956,2030.8,27.11
7503,28.7655,1941.95,26.73
7504,28.9157,1874.13,25.78
7505,28.4817,1971.15,25.73
7506,28.8115,2004.29,24.54
7507,27.8609,1971.34,24.99
7508,29.6463,2033.55,24.3
7509,28.5113,1853.04,23.78
7510,29.4328,1898.3,22.95
7511,29.8696,1845.55,22.57
7512,29.3666,1935.07,22.85
7513,30.8796,1838.5,23.16
7514,29.4061,1911.8,23.21
7515,30.7671,1867.23,24.56
7516,30.7938,1947.0,24.56
7517,30.8396,1952.21,23.72
7518,32.5496,1885.66,24.01
7519,29.3368,1900.53,26.21
7520,31.5299,1967.52,26.5
7521,31.4829,1928.23,26.31
7522,31.5595,1902.54,26.93
7523,30.6453,1927.48,26.76
7524,30.4934,2024.59,27.38
7525,29.5889,1950.15,27.67
7526,28.224,1958.13,26.89
7527,29.5709,1918.05,25.73
7528,30.0041,1869.27,25.57
7529,28.8661,1845.8,25.6
7530,28.2712,1936.94,25.2
7531,29.2954,1976.03,23.62
7532,28.6124,2039.58,24.02
7533,29.8321,1878.35,24.16
7534,30.4085,1990.05,24.0
7535,30.1615,1924.14,23.35
7536,29.4955,1846.26,22.46
7537,30.478,1969.35,23.2
7538,31.1974,1983.8,22.63
7539,31.8285,1911.47,23.51
7540,31.1731,1966.72,24.66
7541,32.7976,2081.65,25.09
7542,31.7444,1978.73,24.69
7543,31.2957,2060.83,25.89
7544,30.6602,1927.34,25.81
7545,32.027,1930.09,26.84
7546,30.1383,1866.42,27.75
7547,29.5373,1916.41,27.04
7548,31.6931,2016.57,28.03
7549,30.7371,1953.02,27.47
7550,29.8385,1987.59,26.59
7551,29.0041,1908.56,26.24
7552,27.9063,1994.23,26.3
7553,29.3142,2000.08,24.78
7554,29.4751,2005.16,24.29
7555,28.9777,1940.51,24.51
7556,27.4439,2019.59,24.58
7557,29.5063,2085.94,24.34
7558,29.4135,2066.62,22.9
7559,29.8589,2086.33,23.37
7560,29.3282,2032.81,23.55
7561,29.7275,2046.29,22.99
7562,32.3056,2063.39,23.11
7563,30.9544,2027.75,23.71
7564,30.2203,2071.52,23.67
7565,31.7677,2148.73,24.82
7566,30.4028,1880.9,24.58
7567,31.2001,2066.27,26.24
7568,30.0447,2034.41,25.55
7569,30.647,2109.85,26.14
7570,30.5397,2167.27,27.05
7571,30.0162,2155.39,25.8
7572,29.9507,2160.24,26.46
7573,29.9481,2182.07,27.22
7574,30.6898,2067.53,26.08
7575,29.9598,2112.69,26.22
7576,29.5196,1997.92,25.55
7577,29.2489,2042.85,25.56
7578,28.8154,2059.54,24.93
7579,28.4827,2139.34,24.06
7580,30.3033,2128.6,23.88
7581,29.172,1994.25,23.94
7582,28.6739,2122.42,23.32
7583,29.4425,2195.08,22.88
7584,30.6686,2033.99,22.84
7585,30.2367,2230.75,23.18
7586,30.2663,2088.28,23.21
7587,28.6211,2189.68,23.55
7588,30.4018,2051.01,23.96
7589,31.7343,2038.25,24.01
7590,31.5213,2105.58,24.66
7591,30.6352,2119.13,25.47
7592,31.9649,2201.61,25.59
7593,30.3953,2115.92,26.51
7594,32.0451,2214.16,26.9
7595,30.052,2072.68,26.36
7596,29.3047,2145.02,26.17
7597,29.9334,2184.75,26.83
7598,28.8835,2062.08,26.76
7599,29.7947,2206.62,25.72
7600,29.9555,2077.56,25.96
7601,28.4349,2171.57,25.29
7602,28.6763,2160.45,25.57
7603,28.1435,2202.22,24.81
7604,28.3917,2149.28,23.89
7605,28.97,2113.5,23.95
7606,29.2298,2202.03,23.03
7607,30.7169,2176.05,22.81
7608,30.3977,2095.85,22.52
7609,29.361,2196.15,23.22
7610,30.0539,2190.69,23.63
7611,31.51,2074.26,23.25
7612,32.4405,2152.01,24.86
7613,32.6514,2128.08,24.47
7614,30.0209,2188.12,24.16
7615,31.6415,1998.34,25.54
7616,32.5419,2193.55,26.0
7617,31.5359,2095.29,25.88
7618,30.6919,2146.17,27.31
7619,31.4537,2046.01,26.14
7620,31.1361,2194.14,26.78
7621,31.2003,2183.99,26.76
7622,29.6182,2240.21,27.06
7623,28.385,2048.63,26.73
7624,28.7178,2160.87,26.89
7625,28.1013,2050.49,25.38
7626,28.4642,2186.77,25.56
7627,28.1692,2018.04,24.03
7628,26.6734,2109.41,23.79
7629,29.9575,2169.24,22.85
7630,30.9522,1977.89,23.34
7631,28.3459,2090.77,23.29
7632,28.5263,2094.96,23.11
7633,30.564,2058.37,24.09
7634,29.981,2104.8,24.16
7635,30.1772,2126.52,23.47
7636,30.4275,2133.66,23.56
7637,31.1774,2132.28,23.92
7638,31.6705,2060.63,24.78
7639,30.5335,1977.99,25.5
7640,32.0713,2137.14,26.17
7641,30.5185,2061.13,26.89
7642,30.9603,2118.03,26.93
7643,30.2001,2075.51,27.71
7644,27.7554,2119.68,27.15
7645,30.4031,2002.47,27.39
7646,28.9249,2186.04,27.35
7647,30.1244,2014.27,27.11
7648,28.5404,2013.79,26.13
7649,27.9922,2132.05,25.44
7650,26.7667,2110.23,25.35
7651,28.8893,2107.91,24.53
7652,28.4529,1936.89,23.99
7653,28.6856,2028.38,24.47
7654,28.4514,2049.95,23.32
7655,29.2564,1973.6,22.62
7656,30.726,2016.79,23.1
7657,31.8086,1934.95,24.24
7658,30.8611,1983.53,23.11
7659,31.0595,1936.52,24.08
7660,33.044,1992.58,23.36
7661,32.3519,1917.9,25.16
7662,31.0682,1951.13,25.11
7663,30.7237,1974.0,24.73
7664,30.9399,1877.82,26.4
7665,32.1154,1924.46,26.21
7666,31.2538,1899.87,26.6
7667,29.7232,2052.25,26.64
7668,29.007,1952.16,27.27
7669,29.2653,1913.71,27.05
7670,30.9098,1942.4,26.58
7671,30.2825,1920.53,27.4
7672,28.7664,1914.72,25.84
7673,28.7637,1834.24,26.11
7674,27.7847,1958.13,25.03
7675,27.8341,1757.43,24.15
7676,29.125,2002.52,24.3
7677,28.0652,1986.26,23.64
7678,28.7518,1981.65,23.11
7679,30.314,1984.52,23.06
7680,28.6247,1839.75,23.16
7681,30.4465,1898.06,23.36
7682,30.5204,1892.92,22.35
7683,32.2396,2004.78,23.69
7684,31.8913,1927.57,24.01
7685,32.3431,1925.03,24.68
7686,31.1835,1917.81,25.56
7687,31.0997,1875.89,25.38
7688,30.8137,1907.36,26.51
7689,31.1344,1921.2,25.98
7690,32.848,1885.72,25.8
7691,29.8973,1959.81,27.48
7692,29.1472,1808.36,26.67
7693,29.0822,1879.22,26.12
7694,28.7504,1875.46,26.45
7695,28.3803,1782.93,26.21
7696,28.2996,1898.81,25.89
7697,29.4509,1969.16,24.93
7698,28.458,2026.74,24.63
7699,27.8211,1942.45,24.99
7700,27.0537,1873.09,24.62
7701,28.4444,1930.83,23.66
7702,29.3798,1894.36,23.19
7703,29.4598,2022.72,23.23
7704,28.6145,1904.04,22.63
7705,27.6775,1825.3,21.57
7706,30.1299,1954.91,24.13
7707,31.5341,1845.18,24.21
7708,31.7681,1913.03,23.5
7709,33.3274,1921.44,24.54
7710,32.625,1974.26,24.56
7711,30.7168,2002.84,26.01
7712,32.3523,2016.15,25.46
7713,30.0835,2003.3,26.86
7714,31.9242,1958.86,25.84
7715,30.7936,1982.9,26.66
7716,30.8107,2079.62,26.93
7717,29.6707,2141.0,27.1
7718,29.3369,1970.91,27.25
7719,27.8332,2045.19,26.74
7720,27.7213,2029.54,25.55
7721,28.2778,2083.69,25.19
7722,28.1805,2049.57,24.96
7723,28.6911,2050.01,24.36
7724,28.0908,1978.22,23.58
7725,29.7105,2066.72,23.09
7726,29.6264,1985.28,23.5
7727,29.8563,2089.24,23.12
7728,29.2969,2106.29,21.91
7729,29.928,2022.7,24.23
7730,30.5792,2001.41,23.76
7731,31.2518,2217.55,24.1
7732,31.3687,2086.2,24.77
7733,32.4581,2013.54,24.03
7734,32.186,2008.32,25.34
7735,32.3472,1988.34,25.25
7736,30.1304,2107.05,26.55
7737,31.5111,2121.73,27.93
7738,31.0919,2044.82,27.16
7739,31.3807,2044.61,26.4
7740,29.5762,2111.72,26.15
7741,29.5095,2078.42,27.09
7742,29.9703,2148.94,26.83
7743,29.4611,2074.19,26.58
7744,27.5291,2164.37,25.82
7745,29.4321,2049.14,26.31
7746,28.3427,2185.68,25.71
7747,28.5202,2137.24,24.37
7748,28.9388,2216.71,24.05
7749,30.0931,2075.38,23.68
7750,30.6589,2160.33,23.33
7751,29.118,2170.15,23.47
7752,28.8594,2219.57,23.6
7753,30.94,2167.5,22.96
7754,30.5098,2121.19,24.29
7755,31.3213,2150.33,23.63
7756,32.4239,2044.61,23.81
7757,31.7516,2062.0,24.22
7758,31.5837,2043.53,24.83
7759,32.6525,2099.11,25.92
7760,31.464,2075.47,26.1
7761,29.7648,2093.92,25.73
7762,30.4815,2159.58,26.76
7763,30.948,2058.7,26.78
7764,29.7651,2226.0,26.73
7765,27.8654,2129.77,26.42
7766,28.352,2216.14,26.29
7767,27.9663,2192.55,25.99
7768,30.2695,2163.24,26.41
7769,29.1839,2110.49,25.82
7770,29.5472,2197.81,25.4
7771,26.6391,2172.16,25.26
7772,28.0485,2205.6,24.25
7773,30.0415,2187.56,23.28
7774,28.8398,2186.61,23.41
7775,29.4195,2187.49,22.6
7776,30.6712,2200.01,22.33
7777,29.7353,2183.09,24.95
7778,30.5025,2190.07,22.56
7779,30.6668,2157.11,23.28
7780,32.5083,2183.81,24.23
7781,32.0148,2133.68,24.63
7782,32.4556,2114.53,24.46
7783,31.1003,2069.5,25.13
7784,31.8463,2112.98,26.17
7785,30.1813,2092.54,26.39
7786,30.3174,2129.46,26.46
7787,30.1828,2151.1,27.03
7788,30.5492,2141.46,26.79
7789,29.4872,2058.89,27.61
7790,29.2666,2099.3,26.33
7791,29.4728,2082.67,26.13
7792,28.3389,2115.13,26.69
7793,30.3689,2116.9,25.44
7794,28.3946,2169.48,25.24
7795,27.438,2134.84,24.07
7796,28.7584,2004.85,23.27
7797,28.7605,2116.44,23.1
7798,30.9677,2122.38,22.99
7799,29.1222,2100.38,22.44
7800,30.641,2148.32,22.68
7801,28.6345,2150.08,23.04
7802,31.2496,2126.28,23.58
7803,31.8333,2051.49,24.59
7804,30.9361,2046.08,24.11
7805,33.1556,2037.01,23.97
7806,31.4071,2091.09,24.38
7807,31.7768,2163.97,24.83
7808,30.4494,2095.93,25.93
7809,30.2647,2136.22,26.65
7810,31.0577,2025.7,25.93
7811,28.7261,2033.85,27.02
7812,30.2854,2061.92,26.52
7813,29.8593,2097.3,26.75
7814,30.0747,2040.93,26.09
7815,29.1118,2047.58,26.39
7816,28.7412,2091.84,25.32
7817,26.9974,1947.48,25.59
7818,28.0576,2105.5,25.4
7819,27.3314,1971.16,25.78
7820,28.4401,1894.73,24.34
7821,29.1562,1993.14,22.76
7822,29.3388,2070.54,24.0
7823,31.1765,2057.6,24.14
7824,29.2595,1878.01,22.92
7825,30.5346,2024.37,22.36
7826,30.2217,2057.08,23.09
7827,31.1536,1959.56,23.7
7828,30.9547,1937.7,24.23
7829,32.0853,1948.15,23.96
7830,32.7492,1950.88,25.45
7831,30.1509,1927.9,25.68
7832,31.152,1990.95,24.94
7833,31.5603,1964.95,26.39
7834,27.9788,1871.2,26.62
7835,28.4922,1965.53,27.51
7836,30.7504,2063.47,26.58
7837,30.1548,1889.78,26.17
7838,28.4631,1850.65,26.03
7839,29.0558,1859.5,26.51
7840,26.9437,1969.92,25.49
7841,28.987,1880.12,26.05
7842,29.6914,2026.29,24.36
7843,29.0055,1886.95,24.89
7844,29.158,1912.59,24.11
7845,29.0838,1889.69,22.86
7846,29.2751,1852.01,23.67
7847,29.3811,1774.87,23.08
7848,30.7456,1844.11,22.89
7849,31.6309,1853.57,22.17
7850,30.9127,1852.75,23.16
7851,30.5255,1927.25,24.13
7852,31.7182,1904.5,23.26
7853,30.4436,2012.89,24.24
7854,33.7531,2043.49,24.47
7855,31.9308,1913.69,26.12
7856,32.5315,1912.52,26.52
7857,31.9378,2010.11,26.1
7858,30.2382,1915.57,26.72
7859,31.3519,1903.71,26.35
7860,30.275,1858.33,26.97
7861,28.7818,1972.57,28.16
7862,30.2376,2019.19,25.94
7863,29.5274,1936.93,27.17
7864,30.3806,1834.78,26.39
7865,29.1791,1930.3,24.43
7866,28.4371,2099.52,24.76
7867,29.9463,1994.54,24.84
7868,29.4546,2012.63,23.77
7869,28.3434,1947.15,23.51
7870,30.1599,1936.24,22.98
7871,29.6256,2014.51,23.57
7872,29.7491,1914.18,23.54
7873,31.1708,1841.36,23.93
7874,30.1723,1939.78,23.14
7875,31.3397,1986.02,22.49
7876,31.5899,1827.85,24.88
7877,31.5188,2077.9,23.46
7878,31.5853,1902.95,25.11
7879,31.6236,2010.33,24.11
7880,31.979,1975.56,25.84
7881,31.7012,1865.47,26.38
7882,30.7989,1978.96,26.92
7883,30.6522,2052.38,26.65
7884,29.2884,1945.91,27.1
7885,31.113,2019.32,26.83
7886,29.9411,2015.83,26.73
7887,28.7501,1932.77,27.03
7888,28.697,1968.64,26.51
7889,28.4678,2020.98,24.93
7890,29.0125,1986.37,24.38
7891,28.0967,1963.12,23.52
7892,27.3297,2039.81,24.95
7893,28.359,2041.51,23.7
7894,28.3805,2105.68,23.45
7895,29.1955,2099.1,23.11
7896,30.9663,2186.06,23.1
7897,30.0378,1972.65,23.33
7898,30.7645,2105.31,23.47
7899,30.6236,2005.63,23.26
7900,32.36,2051.97,24.38
7901,32.2227,1984.56,23.48
7902,31.7256,2066.17,25.43
7903,31.0561,2125.09,25.63
7904,31.2941,2060.86,24.64
7905,30.1195,2122.5,26.56
7906,32.9469,2132.48,26.01
7907,30.5013,2099.03,26.3
7908,29.6996,2110.71,26.34
7909,29.1213,2053.39,27.54
7910,29.5568,2019.97,27.56
7911,29.4254,2135.73,26.45
7912,28.2932,2110.01,26.68
7913,29.5679,2015.41,24.86
7914,28.2254,2085.61,24.84
7915,27.3835,2135.18,24.36
7916,27.3446,2086.39,24.41
7917,29.1107,2142.76,23.25
7918,29.2697,2080.62,22.94
7919,28.6013,2070.95,23.29
7920,31.159,2206.74,21.92
7921,29.3939,2161.75,23.48
7922,30.7151,2045.11,23.57
7923,30.2677,2223.55,23.33
7924,32.8138,2133.02,23.01
7925,33.111,2038.61,24.95
7926,32.5621,2105.32,24.96
7927,30.4677,2126.7,26.05
7928,31.6913,2089.46,26.65
7929,31.5469,2080.22,26.26
7930,31.1025,2170.6,27.35
7931,29.7707,2178.02,27.58
7932,31.5406,2185.27,27.28
7933,30.0823,2164.73,27.43
7934,29.2625,2110.83,26.24
7935,27.9006,2047.91,26.71
7936,28.9396,2232.98,25.91
7937,29.8839,2118.38,24.65
7938,29.4775,2155.89,24.27
7939,27.2928,2164.1,24.4
7940,27.6037,2183.98,25.09
7941,29.3284,2108.68,22.94
7942,28.4643,2066.18,23.53
7943,29.0409,2180.23,23.4
7944,29.6731,2177.62,23.0
7945,30.0718,2229.54,23.5
7946,29.8842,2188.4,22.29
7947,30.3369,2192.27,24.11
7948,30.1453,2191.8,24.11
7949,31.8749,2211.9,24.0
7950,30.9858,2114.55,25.17
7951,31.02,2228.16,25.33
7952,32.6459,2172.51,25.01
7953,32.7797,2096.1,26.55
7954,29.6399,2152.79,25.7
7955,29.4589,2077.29,27.3
7956,29.721,2216.97,27.29
7957,30.086,2123.36,26.76
7958,28.6008,2150.57,26.75
7959,29.2679,2217.45,26.19
7960,28.8758,2114.05,25.97
7961,27.1095,2112.66,25.7
7962,28.439,2077.51,25.01
7963,28.0133,2147.71,24.61
7964,28.8206,2175.03,23.48
7965,28.2778,2086.69,23.4
7966,29.4168,2172.14,22.48
7967,28.786,2158.77,23.22
7968,29.8716,2095.2,23.15
7969,28.9765,1990.71,22.76
7970,32.3854,1932.51,23.68
7971,31.0331,2042.16,23.24
7972,31.0745,2104.39,24.72
7973,32.2164,2138.72,24.71
7974,31.0028,2028.04,24.81
7975,29.4829,2067.26,25.76
7976,31.8931,2046.92,26.02
7977,31.0063,1921.51,25.93
7978,31.2007,2087.12,26.18
7979,28.7958,2053.98,26.96
7980,29.4529,2093.48,26.49
7981,28.7443,2051.42,26.62
7982,27.6995,1962.23,26.77
7983,28.5053,2031.36,26.62
7984,29.1816,2078.3,25.41
7985,28.9422,2094.75,26.49
7986,27.873,1959.51,25.2
7987,28.2044,2011.47,24.73
7988,27.7979,2005.32,23.51
7989,27.6588,2089.82,24.09
7990,30.4435,2040.12,22.4
7991,30.6986,2017.47,22.87
7992,30.3452,1981.88,23.46
7993,30.111,2078.83,23.7
7994,28.2349,1963.26,22.81
7995,31.5932,2054.27,23.44
7996,31.9748,1903.56,23.02
7997,31.1715,2037.87,24.48
7998,31.8301,1933.84,24.6
7999,31.7506,1912.99,25.72
