clock_hour,q_feed_available_m3_h,c_feed_mg_l,temp_c
0,31.3344,2115.01,22.78
1,30.9781,2047.29,23.58
2,30.5888,2085.83,23.71
3,30.9399,2052.2,23.61
4,32.0319,1992.85,22.99
5,32.3772,2055.1,24.6
6,29.404,1965.42,23.92
7,30.3887,2037.81,25.51
8,31.667,2077.66,27.15
9,31.1423,2057.07,26.63
10,31.5928,2075.68,26.44
11,31.6875,2144.75,26.6
12,28.7995,2071.3,26.96
13,29.3895,2046.88,27.07
14,30.2052,2071.61,26.9
15,29.6288,2098.31,27.17
16,28.3673,2100.05,26.81
17,28.3515,2070.08,25.41
18,29.2549,2167.92,25.79
19,27.9381,2084.46,25.0
20,28.8675,2122.67,23.53
21,30.0663,2149.16,24.54
22,28.0587,2156.64,23.79
23,28.4311,2025.81,22.17
24,30.7927,2164.66,22.67
25,29.6816,2144.08,23.36
26,30.4571,2104.1,23.58
27,29.8329,2223.43,24.06
28,31.0178,2126.7,24.06
29,31.9608,2082.24,23.82
30,32.0514,2172.6,25.32
31,32.0547,2178.63,24.64
32,30.1546,2166.96,25.42
33,30.7176,2031.41,26.0
34,30.202,2140.98,26.45
35,30.2877,2056.96,26.94
36,30.9157,2168.03,27.24
37,29.8735,2245.42,26.72
38,29.1406,2105.89,26.94
39,29.0827,2225.87,26.41
40,29.4761,2147.66,26.7
41,28.5558,2265.1,25.52
42,28.9724,2252.2,25.5
43,28.2371,2187.26,23.66
44,28.7297,2102.22,23.96
45,28.6747,2130.49,24.29
46,29.897,2058.14,23.09
47,29.6544,2121.03,23.39
48,28.9449,2043.05,22.68
49,29.5244,2247.96,23.16
50,30.4492,2209.89,22.3
51,31.1796,2189.08,23.99
52,32.751,2117.77,25.09
53,31.8909,2088.02,25.28
54,31.0686,2156.12,25.29
55,32.1905,2249.98,25.9
56,32.2581,2100.63,26.45
57,31.075,2116.48,26.02
58,31.5627,2109.17,26.32
59,29.4408,2144.15,27.16
60,31.4113,2165.96,26.95
61,28.9975,2033.99,27.45
62,29.4589,2076.53,26.7
63,27.7506,2044.3,25.64
64,29.0721,2034.53,25.99
65,29.0984,2107.24,26.03
66,26.5905,2168.86,25.96
67,28.5451,2036.22,24.83
68,28.2634,2167.47,24.64
69,29.3193,2101.38,23.81
70,28.0248,2061.81,23.64
71,31.1498,2106.64,22.58
72,29.8834,2159.56,23.0
73,30.1457,1977.12,23.1
74,30.0223,2023.47,23.14
75,31.8668,2048.28,23.63
76,32.5763,2117.22,23.7
77,30.4167,1916.32,25.3
78,31.0933,2037.96,25.2
79,32.1947,2056.62,26.1
80,31.6952,2104.44,25.44
81,30.4228,2051.05,25.92
82,30.9492,2043.8,26.6
83,31.1851,2120.18,26.97
84,29.2813,1968.08,26.84
85,30.04,2055.68,26.28
86,30.1157,1930.3,27.29
87,29.0134,2051.54,26.53
88,28.1926,1883.29,25.7
89,29.0247,1898.13,25.89
90,28.1333,1981.06,25.7
91,30.4698,2033.02,24.67
92,27.8978,2048.97,23.9
93,29.1995,1959.02,23.24
94,30.3695,2123.48,23.2
95,29.2538,1871.84,23.41
96,29.0182,2029.78,23.69
97,29.5056,1961.86,23.41
98,30.0717,1941.73,23.21
99,30.6242,1958.57,23.84
100,31.3688,1964.57,23.8
101,31.532,2032.82,24.42
102,32.052,1912.88,24.88
103,31.8254,1911.78,24.71
104,30.0106,1920.26,25.83
105,31.9632,1973.27,27.16
106,30.186,2006.17,26.89
107,29.0825,2059.69,27.36
108,30.321,1801.05,26.06
109,29.4958,1846.25,27.68
110,28.7541,1861.16,27.56
111,28.5357,1955.09,26.64
112,29.4359,1966.28,26.21
113,28.5346,1867.22,26.47
114,28.3617,1985.51,25.31
115,28.7251,1908.42,24.15
116,27.6556,1881.55,24.35
117,29.0044,1881.99,24.48
118,29.0521,1870.63,24.12
119,30.2608,1914.0,23.74
120,30.0877,1929.9,23.71
121,31.9038,1897.82,22.72
122,31.2222,2031.12,23.78
123,31.2074,1863.66,24.29
124,30.7961,2052.53,23.34
125,30.5599,1910.21,24.03
126,30.7384,2046.27,24.98
127,32.8711,1978.2,24.93
128,31.7421,2003.24,25.78
129,30.7721,1967.97,26.61
130,31.7754,1811.04,26.37
131,28.7472,1908.22,26.15
132,29.2922,1891.81,27.23
133,29.449,2031.48,26.75
134,27.1657,1955.34,27.04
135,30.24,1966.51,26.05
136,29.8793,1833.24,24.37
137,28.147,1910.07,24.7
138,28.5356,1943.83,25.43
139,28.3989,1951.98,24.61
140,29.7436,1942.42,24.1
141,29.6489,1989.14,23.93
142,29.2922,2016.8,22.77
143,31.5797,1851.55,23.21
144,29.2447,1863.5,23.0
145,30.0786,1934.03,22.71
146,31.1656,1946.5,22.93
147,31.3593,1938.01,22.79
148,31.8524,1932.65,24.18
149,31.4074,1858.84,23.19
150,32.3752,1962.92,25.29
151,32.2173,1955.86,25.77
152,32.0677,1941.98,26.6
153,31.2722,1915.58,26.31
154,31.6366,2110.06,27.55
155,29.9111,1943.54,27.12
156,31.2835,1942.23,27.09
157,29.9656,2016.72,27.26
158,29.7724,2028.31,26.6
159,27.782,1979.69,26.67
160,27.5689,2090.02,26.03
161,27.5382,2049.96,26.44
162,29.6414,1916.76,25.32
163,28.2576,2081.13,24.8
164,27.9951,2045.67,24.15
165,29.0843,2114.87,24.52
166,27.2415,1934.62,22.84
167,31.7714,2068.51,22.29
168,31.3115,1992.37,23.0
169,30.3398,2051.59,23.03
170,30.5691,2112.95,23.51
171,31.519,2047.85,23.91
172,31.6437,2060.08,24.0
173,31.7162,2118.65,24.04
174,31.4271,2128.07,24.59
175,31.9571,2083.85,25.58
176,31.4885,2037.73,26.03
177,30.7549,2126.5,26.74
178,30.2897,2101.96,27.14
179,31.2497,2194.98,26.82
180,30.0585,2024.74,26.53
181,29.5572,2000.88,26.88
182,28.6201,2158.38,27.03
183,28.5628,2124.19,26.28
184,28.5546,2128.05,26.49
185,28.3589,2150.2,25.07
186,28.771,2048.67,24.82
187,28.6831,2097.23,24.46
188,28.6241,2075.02,24.08
189,28.733,2168.61,23.48
190,29.1036,2054.19,23.09
191,30.4439,2126.06,23.23
192,29.9293,2086.73,23.33
193,31.8647,2145.64,23.24
194,31.6366,2184.78,23.64
195,30.2481,2171.78,23.41
196,30.4706,2155.84,24.23
197,33.2122,2091.22,24.97
198,30.6857,2116.59,25.16
199,29.6299,2140.29,25.18
200,32.1555,2182.06,25.82
201,32.7448,2124.56,26.74
202,30.5324,2110.5,27.0
203,30.6442,2239.06,26.94
204,29.659,2036.29,27.68
205,30.4091,2112.04,27.35
206,30.1215,2198.04,27.24
207,26.2748,2106.47,25.82
208,29.1131,2175.44,26.03
209,27.76,2080.46,25.14
210,29.395,2207.31,24.8
211,27.5524,2110.76,24.34
212,28.9405,2152.92,24.95
213,28.7926,2231.57,23.11
214,28.6804,2264.48,23.06
215,28.5053,2115.64,23.61
216,28.9081,2172.02,23.85
217,30.0043,2237.26,23.32
218,30.2297,2187.14,23.9
219,32.5564,2268.54,23.45
220,31.1663,2202.49,24.74
221,31.963,2224.97,24.22
222,30.6824,2213.11,24.86
223,30.6696,2092.66,24.87
224,30.6808,2254.69,26.15
225,31.3159,2174.97,26.82
226,30.3458,2177.97,26.3
227,29.7032,1993.94,26.88
228,30.2885,2087.2,27.2
229,29.0793,2225.77,26.88
230,28.7494,2074.7,26.05
231,27.8616,2060.8,26.69
232,28.2471,2088.48,25.32
233,27.935,2240.99,25.42
234,27.7068,2112.97,26.16
235,28.7993,2264.48,25.03
236,28.4082,2047.65,23.32
237,29.1439,2180.32,23.51
238,30.259,2202.22,23.5
239,30.433,2004.48,22.73
240,28.5507,2127.26,21.89
241,30.4789,2122.43,23.13
242,30.127,2076.99,23.32
243,30.9344,2153.24,23.51
244,32.0867,2071.29,23.39
245,31.7035,2084.46,24.82
246,31.3698,2110.98,24.22
247,31.3,2104.63,26.11
248,31.3036,2084.28,26.21
249,29.8876,2136.76,26.38
250,30.6279,1927.55,26.68
251,31.2947,2110.6,25.68
252,29.3777,2130.15,26.84
253,29.6073,2154.18,27.4
254,30.1879,2057.57,26.59
255,30.5075,2002.83,27.13
256,27.0034,1940.1,26.68
257,28.2475,2028.36,25.19
258,27.7198,2007.29,24.16
259,27.9923,1978.93,24.47
260,29.7362,1912.82,24.23
261,28.9538,1927.1,23.81
262,29.1836,1972.08,22.97
263,28.8639,1990.06,23.7
264,31.0054,2022.97,23.24
265,29.875,2039.64,22.72
266,30.5384,1976.77,22.8
267,31.3708,1956.61,23.81
268,30.9945,1957.41,24.55
269,31.5874,1937.43,24.63
270,31.3457,1947.67,24.71
271,31.2739,2018.16,25.6
272,30.2808,1924.76,25.84
273,30.8527,1976.28,26.16
274,32.6869,1982.04,27.53
275,30.045,1963.34,27.46
276,29.5966,1910.95,27.45
277,29.7369,1880.11,26.97
278,29.2996,1950.34,27.05
279,28.1533,1917.21,26.54
280,28.1725,2027.08,25.78
281,27.9105,1912.58,25.96
282,28.4469,1934.0,24.83
283,27.3315,1888.35,25.31
284,28.9725,1937.68,23.63
285,28.6017,1888.43,23.87
286,29.3113,2009.56,23.36
287,29.4876,1832.54,22.39
288,30.0282,1957.61,23.53
289,29.3097,1816.15,22.93
290,31.4045,1869.82,24.2
291,31.2663,1998.88,22.8
292,30.4528,1802.31,24.26
293,30.7597,1907.05,24.69
294,29.6178,1894.3,25.0
295,31.2134,1926.11,26.08
296,31.077,1916.27,25.96
297,31.3765,1944.49,26.0
298,28.0134,1880.12,26.8
299,28.0431,1886.51,27.36
300,30.7447,1956.2,26.37
301,30.3139,1909.07,27.41
302,29.3666,1865.8,26.85
303,27.7063,1904.23,26.22
304,28.5488,1862.25,26.4
305,30.0216,1866.48,25.59
306,28.6339,1927.85,24.97
307,28.2582,1923.55,24.58
308,28.2255,1803.47,24.01
309,27.6185,1858.52,23.1
310,29.4325,1893.79,24.49
311,31.5515,1960.65,21.77
312,29.4241,1936.82,21.27
313,30.1184,1943.39,24.11
314,31.1993,1960.86,22.62
315,29.8454,2013.14,23.61
316,31.8005,2016.24,23.75
317,31.4536,2077.64,24.86
318,30.4733,1989.93,26.01
319,31.479,1966.25,25.42
320,32.7288,2026.69,25.73
321,30.6562,1929.31,27.41
322,29.5439,1954.46,26.9
323,30.9947,1984.24,26.43
324,29.2418,2019.97,26.71
325,30.4635,2139.61,27.18
326,28.9891,2042.34,26.86
327,29.9705,2039.51,26.01
328,28.5747,2015.94,26.72
329,27.9423,2016.61,24.23
330,28.7179,2103.29,24.5
331,28.3635,1916.13,23.62
332,27.7637,2041.77,25.25
333,28.8235,2030.93,23.69
334,28.2561,1948.77,22.68
335,28.3187,2081.3,22.84
336,30.1164,1987.71,23.0
337,30.4217,2106.79,23.26
338,31.9845,2052.86,23.74
339,30.196,2011.91,23.99
340,31.295,2126.28,23.84
341,30.6422,2139.28,24.22
342,32.1826,2092.53,23.87
343,32.0798,2097.33,26.08
344,31.5563,1978.78,25.77
345,32.6279,2140.88,25.98
346,31.8549,2136.77,26.36
347,29.9794,2209.48,26.34
348,30.5127,2082.0,26.25
349,29.3501,2130.43,27.22
350,29.3116,2109.33,26.78
351,28.0902,2136.19,27.23
352,28.6689,2188.96,26.98
353,29.8981,2084.36,25.3
354,27.91,2161.44,25.34
355,27.2462,2052.44,24.98
356,28.3773,2088.17,24.59
357,28.8743,2171.54,22.95
358,29.3261,2023.35,23.72
359,29.0744,2130.11,22.1
360,29.5879,2156.51,22.16
361,31.7878,2237.42,23.18
362,31.2351,2240.14,23.27
363,31.0836,2127.43,22.42
364,30.9842,2086.74,23.18
365,29.9704,2070.26,24.17
366,33.0914,2158.39,24.43
367,30.923,2177.9,25.24
368,30.9287,2118.19,26.34
369,32.4563,2149.95,25.71
370,31.371,2143.18,27.07
371,30.7934,2191.36,26.91
372,28.7627,2050.25,27.27
373,29.8953,2112.48,26.44
374,28.6792,2139.71,26.96
375,30.6765,2267.14,25.99
376,28.8034,2192.15,26.07
377,29.2189,2122.02,25.93
378,28.5425,2111.87,23.95
379,29.6413,2238.08,24.86
380,28.9053,2164.04,24.19
381,27.9252,2234.76,24.25
382,27.4326,2084.25,23.42
383,29.7305,2111.12,23.8
384,29.3106,2202.94,23.63
385,32.0241,2286.17,23.0
386,31.6186,2165.45,23.74
387,31.1969,2174.19,23.47
388,32.1947,2125.58,23.95
389,30.9235,2223.09,23.95
390,29.2662,2074.17,24.45
391,30.9236,2147.56,25.73
392,31.5587,2128.61,26.02
393,29.5483,2055.55,27.05
394,30.6599,2171.18,26.2
395,30.942,2113.23,27.35
396,29.0358,2120.92,27.78
397,29.7302,2105.93,26.49
398,29.8053,2130.8,26.33
399,28.775,2079.91,26.42
400,30.4189,2052.15,25.82
401,27.7925,2118.57,24.78
402,28.7302,2178.26,26.06
403,28.4352,2076.03,23.9
404,28.9808,2051.4,24.03
405,28.6394,2020.12,23.84
406,29.9262,2091.37,24.42
407,30.2094,2203.16,23.66
408,28.8491,2199.65,22.2
409,29.6895,2125.65,22.33
410,29.8911,2011.49,22.84
411,31.2365,2203.24,24.11
412,31.5759,2161.5,24.14
413,32.315,2039.29,23.93
414,32.3237,2123.47,25.27
415,31.9174,2059.83,25.38
416,31.5388,1980.05,26.42
417,31.4051,2049.0,26.79
418,31.7877,2087.04,26.48
419,29.3444,1978.93,27.17
420,29.5451,2007.45,26.38
421,28.4748,1974.34,26.54
422,31.7059,1941.63,26.91
423,29.2778,2093.98,26.75
424,28.2611,2025.11,26.41
425,27.0806,1997.24,26.17
426,27.5462,2147.06,25.04
427,28.1799,2043.26,25.66
428,29.8327,2069.47,24.16
429,30.1507,1983.11,23.41
430,30.267,1940.46,23.0
431,29.4938,2090.24,23.51
432,29.2008,1971.75,24.22
433,31.8192,1972.72,22.84
434,31.2755,1881.45,23.25
435,31.0563,1976.84,23.59
436,31.036,2068.46,23.51
437,32.1764,1979.01,24.71
438,30.8613,2036.16,25.82
439,30.8857,1965.43,25.95
440,30.9892,1983.65,25.7
441,32.2722,1960.01,26.35
442,30.7828,1952.42,26.39
443,30.9962,1893.9,26.77
444,31.3354,1888.44,27.2
445,29.1744,1919.32,27.1
446,28.5287,1973.77,26.76
447,27.6741,1984.52,27.03
448,27.508,1908.69,26.45
449,29.3698,1991.98,25.43
450,28.8863,1926.34,25.41
451,29.8414,1969.71,23.78
452,28.219,1888.65,24.59
453,27.7125,1897.18,22.98
454,28.4455,1872.85,23.4
455,30.2874,1885.37,23.54
456,29.45,1909.7,22.84
457,29.7541,1886.17,22.98
458,29.8759,1912.46,23.13
459,31.3424,1808.78,23.13
460,31.9308,1847.85,23.53
461,31.4332,1962.09,24.94
462,30.4301,1902.01,24.56
463,30.5524,1938.5,25.63
464,32.2953,1799.43,26.54
465,31.3052,1945.56,26.54
466,30.4101,1891.48,26.93
467,29.356,1878.54,26.3
468,30.1358,1881.62,27.21
469,30.9264,1989.62,26.42
470,28.637,1907.67,26.73
471,28.6576,1840.14,26.5
472,28.7048,1939.19,25.46
473,27.5258,1876.24,25.01
474,29.4751,1882.52,25.39
475,29.4567,1948.67,24.4
476,26.8381,1953.84,24.42
477,29.3338,1959.47,22.74
478,27.3944,1945.26,23.53
479,29.8154,1902.25,22.45
480,30.9493,1967.88,23.81
481,30.7456,1926.58,23.53
482,30.5158,1934.14,23.3
483,32.141,1898.31,23.69
484,31.121,1990.99,23.92
485,30.3916,1980.49,23.94
486,31.5103,1929.5,25.52
487,30.8771,1954.45,25.96
488,30.9544,1980.01,26.03
489,33.9216,2013.47,26.98
490,30.6862,2005.34,25.99
491,28.9802,2031.79,26.73
492,30.1705,1967.55,25.96
493,28.6745,1998.38,26.84
494,30.9116,1992.19,26.38
495,27.5511,2029.01,26.29
496,29.0352,2032.55,25.69
497,29.0722,1962.82,25.86
498,28.9343,1994.59,24.71
499,28.598,1911.28,23.94
500,27.3831,2069.41,24.33
501,29.0825,1970.29,22.45
502,29.3461,2109.06,22.77
503,30.9967,2165.31,22.78
504,31.0731,2073.74,22.85
505,30.7401,1976.05,22.7
506,31.6646,2087.82,23.98
507,29.763,2071.93,23.99
508,30.9125,2138.59,24.94
509,32.6005,2169.09,23.52
510,32.6851,2154.84,24.79
511,32.2194,2136.98,25.9
512,30.8869,2107.34,25.43
513,31.0007,2096.61,27.21
514,30.3238,2043.17,26.82
515,28.674,2072.25,25.28
516,30.1552,2145.47,26.44
517,29.7777,2105.03,27.24
518,29.4575,2055.66,27.65
519,28.675,2147.73,26.47
520,28.3406,2039.41,26.05
521,27.8724,2175.25,25.86
522,27.9412,2071.79,24.64
523,28.0254,2143.62,24.01
524,27.7053,2139.79,22.76
525,29.6331,2106.32,23.23
526,30.3996,2117.73,23.26
527,30.3875,2157.03,23.1
528,30.02,2132.77,23.51
529,29.2778,2159.7,22.97
530,30.3349,2161.68,23.65
531,31.0049,2177.67,24.49
532,30.9998,2203.28,23.79
533,31.2613,2163.55,24.99
534,31.085,2219.55,25.16
535,31.7332,2160.73,25.61
536,31.8438,2108.97,26.09
537,30.5678,2147.63,26.63
538,32.3419,2049.23,26.85
539,31.1588,2172.66,27.06
540,30.5159,2254.77,27.21
541,30.1933,2164.59,26.32
542,28.4436,2091.32,26.97
543,29.3421,2119.97,26.15
544,28.5759,2184.45,25.71
545,28.3278,2067.98,25.72
546,28.884,2149.02,24.64
547,28.5296,2117.83,23.94
548,29.9439,2173.81,24.88
549,30.2592,2266.43,22.83
550,30.4443,2223.38,23.7
551,29.303,2145.36,23.61
552,31.0588,2178.76,22.79
553,30.4553,2090.21,23.33
554,31.3945,2267.27,23.1
555,30.7726,2163.13,23.04
556,32.7369,2232.53,24.44
557,32.2561,2199.76,24.02
558,31.0974,2049.03,24.71
559,32.4548,2089.44,25.17
560,30.9318,2264.8,26.38
561,30.6968,2184.01,26.14
562,31.3938,2107.19,25.95
563,29.5565,2136.9,27.53
564,29.488,2267.21,26.09
565,29.6399,2150.73,27.39
566,29.2309,2160.35,27.43
567,30.3852,2086.96,26.72
568,28.6873,2146.33,25.66
569,29.4854,2179.17,24.63
570,27.7152,2125.29,25.25
571,28.3315,2178.26,24.28
572,29.687,2182.97,24.93
573,27.7812,2175.52,23.01
574,29.6667,2075.84,22.73
575,29.0197,2095.95,23.18
576,28.9348,2025.65,22.44
577,29.2235,2140.42,22.34
578,30.9104,2080.4,22.46
579,29.7187,2119.39,22.81
580,30.9646,2115.16,23.99
581,32.5987,1885.78,25.28
582,32.2873,2099.49,24.02
583,31.664,2010.85,25.29
584,31.1399,2116.57,26.39
585,31.0175,2126.86,26.8
586,31.5193,2022.86,26.76
587,29.6838,2101.76,26.93
588,31.6939,2033.57,27.12
589,29.9557,1997.12,27.19
590,28.8789,2076.63,25.15
591,28.1811,2057.29,25.94
592,29.4439,1925.29,25.73
593,28.6503,2051.29,24.77
594,28.1273,1906.46,24.87
595,27.2261,1893.78,23.77
596,30.0302,2141.05,23.43
597,29.9671,1951.24,23.18
598,29.5664,2042.46,23.15
599,28.6283,2083.57,22.37
600,30.4466,2059.3,23.2
601,30.9559,1964.46,22.75
602,30.4203,2063.69,23.85
603,31.5305,1947.95,23.23
604,31.6299,1833.85,24.03
605,32.1228,2001.53,24.65
606,32.1163,2010.82,24.37
607,30.1897,2023.42,26.46
608,30.7654,1862.26,25.48
609,30.0998,1951.64,26.45
610,31.4137,1852.44,25.72
611,29.5041,1882.81,26.83
612,29.336,1944.11,26.45
613,29.426,1824.86,27.34
614,28.5129,1860.86,26.99
615,28.4556,1944.63,26.71
616,30.0258,2006.86,25.78
617,27.8395,2015.07,24.71
618,28.7497,1867.44,24.86
619,28.2971,1964.78,24.02
620,30.0966,1925.01,24.03
621,30.151,1807.59,24.0
622,30.1321,1982.79,23.76
623,28.8423,1979.41,23.03
624,29.6632,1842.04,23.87
625,30.0024,1985.5,23.32
626,29.3778,1911.51,22.9
627,31.6954,1943.34,23.87
628,31.4311,1880.8,24.18
629,32.0586,1837.38,23.08
630,31.9081,1958.52,24.64
631,31.0696,1846.92,25.52
632,30.1978,1846.1,25.94
633,30.6826,2000.16,26.94
634,30.6986,1977.61,27.47
635,29.493,1912.89,26.0
636,29.1238,2009.82,27.36
637,31.1717,1936.74,26.32
638,30.4401,1858.79,26.0
639,28.9962,1921.26,26.85
640,30.6134,1981.89,26.01
641,29.3641,1958.58,25.52
642,28.2238,2002.79,24.7
643,28.3541,1968.64,23.76
644,28.7554,1980.15,24.47
645,28.8938,1923.66,24.48
646,30.7768,2132.33,22.94
647,29.4081,1923.3,22.58
648,30.05,1919.78,22.89
649,29.5654,1867.24,23.07
650,31.2532,1892.15,22.98
651,31.2203,1987.88,23.36
652,32.0918,1930.53,23.72
653,30.0843,2188.15,25.07
654,30.6064,2013.37,24.66
655,31.1363,1917.28,23.95
656,30.1931,1911.78,26.0
657,29.3106,2039.23,26.42
658,29.7564,2008.58,25.84
659,31.2538,2053.34,27.36
660,30.0325,1920.44,27.56
661,30.958,2045.44,26.56
662,28.2049,1908.15,26.94
663,29.5869,1887.99,26.33
664,28.8027,1894.08,25.8
665,28.2423,2084.39,26.11
666,27.3049,2016.8,25.49
667,28.1447,2042.98,24.39
668,28.9408,1873.77,23.83
669,29.3772,2043.85,23.27
670,30.3489,2104.88,23.13
671,28.912,2039.31,23.31
672,30.5084,2112.55,23.63
673,30.9369,2010.15,22.58
674,30.9389,1998.35,23.49
675,30.3967,2172.4,23.62
676,31.6444,2029.09,23.8
677,31.6365,2005.65,24.88
678,30.893,2060.44,24.83
679,30.4581,2122.67,25.28
680,31.6173,2098.87,25.42
681,30.789,1996.45,25.97
682,31.5261,2099.64,26.59
683,30.1858,2091.21,27.08
684,29.2522,2033.91,27.55
685,29.0563,2089.44,27.43
686,30.2537,2152.72,26.18
687,28.2714,2063.67,25.96
688,27.1879,2198.84,25.87
689,28.0709,2107.22,24.86
690,28.4608,2115.09,24.97
691,28.8733,2100.86,24.34
692,29.1668,2183.93,23.93
693,28.2909,2157.8,24.39
694,29.3347,2016.64,22.8
695,30.6009,2121.5,23.46
696,30.4199,2079.34,22.82
697,29.3636,2082.99,23.66
698,29.0256,2183.05,23.54
699,30.4868,2169.79,23.6
700,30.4748,2223.32,23.73
701,32.4035,2131.07,24.76
702,32.158,2078.16,25.61
703,31.2828,2205.43,25.47
704,29.7538,2253.56,25.62
705,30.4911,2132.86,26.91
706,30.5505,2190.72,26.34
707,30.5704,2027.35,26.51
708,31.0411,2131.09,26.58
709,29.1495,2111.65,27.31
710,28.976,2259.84,26.31
711,28.5556,2095.93,27.56
712,29.7443,2108.09,25.4
713,28.737,2204.07,25.62
714,28.3552,2225.18,24.53
715,27.8745,2102.45,25.34
716,28.3118,2107.99,24.65
717,29.7487,2129.59,23.8
718,30.0993,2113.18,23.43
719,29.9008,2195.98,22.6
720,30.6549,2197.91,22.68
721,28.6625,2225.92,23.42
722,31.3027,2115.71,23.58
723,31.0237,2147.06,23.87
724,30.5532,2199.46,23.58
725,31.1182,2113.23,24.48
726,32.3031,2143.64,24.59
727,31.5948,2143.61,26.52
728,31.5327,2154.16,25.92
729,32.0561,2223.53,26.61
730,30.3721,2120.83,26.34
731,30.0187,2211.39,26.04
732,29.0142,2264.33,27.31
733,26.6735,2072.02,27.34
734,30.5232,2025.46,26.65
735,29.0454,2081.08,26.76
736,28.8602,2228.04,26.12
737,28.7892,2204.69,25.75
738,28.5396,2079.52,25.94
739,29.1493,2091.16,24.83
740,29.2031,2133.66,24.41
741,28.9759,2046.1,23.03
742,29.3013,2087.32,23.15
743,29.5023,2126.66,23.01
744,29.6694,2087.88,22.86
745,30.0551,2081.96,22.99
746,30.1549,2070.74,23.25
747,30.8348,2032.81,23.19
748,32.6446,2038.18,23.89
749,31.7107,2006.63,24.75
750,31.2255,2068.65,25.16
751,32.1365,2074.56,25.46
752,31.7711,2097.17,26.2
753,31.1421,2088.62,24.99
754,30.9454,2063.55,26.95
755,32.0498,2099.56,25.9
756,32.0444,1970.07,27.68
757,29.7745,2037.8,27.2
758,29.166,2070.15,26.6
759,29.483,2030.55,26.61
760,27.9984,2022.93,25.87
761,28.8303,2002.77,25.86
762,29.725,1984.43,24.14
763,29.9187,2080.35,24.93
764,28.4238,2049.34,24.45
765,29.8969,1957.48,23.04
766,29.3317,2008.59,23.82
767,29.509,1998.83,23.12
768,28.4583,2074.25,23.3
769,30.1703,1886.8,22.09
770,30.9554,1973.97,24.08
771,30.6908,2020.42,23.62
772,31.2732,2038.04,24.29
773,32.6813,2081.45,24.23
774,32.92,1924.05,25.2
775,30.7452,1918.47,25.3
776,30.6609,2088.82,25.9
777,30.3346,2039.47,26.4
778,30.5142,1921.26,26.89
779,29.6393,2015.74,27.71
780,28.669,1865.17,26.92
781,27.5653,1968.7,26.43
782,28.4099,1904.35,26.69
783,29.4699,1989.72,26.32
784,29.5869,1838.77,25.95
785,30.4258,1838.86,25.41
786,28.6093,1921.0,24.42
787,28.4551,1920.96,24.45
788,29.0889,1973.13,24.0
789,27.8801,1953.24,23.58
790,29.666,1888.49,23.37
791,30.3985,1920.32,23.33
792,30.0194,1952.08,22.44
793,30.3267,1914.69,23.77
794,31.3608,1898.02,23.74
795,31.1761,1833.07,24.11
796,30.9877,1908.02,25.11
797,31.968,1913.69,25.02
798,32.3392,1854.33,25.02
799,31.4002,1911.56,26.13
800,31.1561,1953.08,26.46
801,30.5442,1974.71,26.76
802,30.4416,1780.52,26.92
803,30.7503,1954.76,27.13
804,28.8752,1898.66,26.23
805,29.5065,1817.87,27.47
806,28.6169,2003.29,26.78
807,29.0435,1844.46,26.62
808,30.0642,1899.19,25.93
809,28.8096,1840.87,26.93
810,29.2209,1938.67,25.54
811,28.3944,1968.52,24.26
812,27.4581,2038.78,23.64
813,29.3418,1921.77,24.05
814,28.2426,1921.29,23.2
815,30.3634,1854.87,22.79
816,29.2668,1984.5,23.41
817,29.4716,1953.71,22.19
818,30.7009,1910.06,22.56
819,30.4501,1920.74,23.66
820,31.3809,1944.14,23.87
821,31.9798,1917.09,24.27
822,32.5209,1889.12,25.39
823,31.1953,1892.49,24.98
824,30.8784,2038.07,25.92
825,31.3588,1941.07,27.9
826,30.0587,1964.73,26.59
827,30.4719,1981.89,27.08
828,29.9182,2064.5,26.69
829,30.151,1992.88,27.65
830,30.0025,2042.98,25.46
831,28.3725,2088.7,26.54
832,28.303,1990.22,26.28
833,28.3585,2025.3,26.17
834,30.0852,1985.11,25.36
835,28.0129,2011.34,24.36
836,29.3969,2095.52,24.65
837,29.3445,2033.21,23.94
838,30.4124,2003.52,24.22
839,30.8836,2043.88,22.37
840,30.2199,1968.66,22.19
841,30.3199,1988.98,22.63
842,32.1469,2034.08,22.67
843,30.2007,2091.23,23.35
844,32.1393,2137.3,23.88
845,31.3225,2031.98,24.53
846,32.2321,2049.72,24.15
847,31.2713,2151.35,26.14
848,30.6898,2137.81,25.36
849,32.7613,2129.21,26.76
850,30.1795,2092.99,27.07
851,31.8877,2211.09,26.33
852,29.8937,2034.89,25.48
853,30.2851,1953.37,26.81
854,30.0825,2029.93,26.81
855,28.8341,2115.89,25.63
856,29.058,2108.09,26.17
857,27.9558,2045.04,25.49
858,29.244,2155.46,24.46
859,28.7377,2158.29,24.34
860,28.0175,2185.08,23.92
861,28.7812,2117.81,23.9
862,30.1624,2043.46,23.31
863,27.6529,2031.61,23.36
864,30.743,2017.11,23.79
865,29.3669,2173.16,23.52
866,31.0708,2080.05,22.97
867,30.8108,2175.63,24.15
868,31.8812,2023.24,24.75
869,31.336,2159.74,24.39
870,31.8577,2221.74,24.83
871,31.5481,2251.55,24.99
872,30.1978,2154.53,26.24
873,30.5533,2113.68,25.72
874,31.1628,2072.84,26.56
875,29.5127,2157.6,28.02
876,28.7353,2133.17,27.11
877,30.7287,2172.32,27.1
878,29.8229,2163.26,26.87
879,29.1055,2240.12,25.57
880,29.4471,2161.97,26.31
881,28.6817,2187.31,26.11
882,28.0933,2075.78,24.97
883,27.5218,2043.82,23.53
884,28.3312,2199.01,24.05
885,28.6419,2126.31,23.45
886,28.9748,2195.62,22.52
887,30.3815,2129.67,23.26
888,30.1178,2037.01,22.63
889,30.4982,2134.03,23.41
890,31.1386,2115.03,24.28
891,31.5739,2164.24,23.36
892,31.9761,2196.74,24.7
893,31.5797,2266.84,24.3
894,31.7463,2215.4,25.22
895,32.4646,2153.98,25.76
896,31.2369,2184.11,26.0
897,31.5776,2097.88,26.26
898,30.3426,2196.23,27.23
899,31.3785,2081.88,26.37
900,29.5137,2186.05,27.58
901,31.0393,2173.85,27.38
902,28.7519,2142.84,27.14
903,28.13,2123.06,25.93
904,29.787,2133.82,25.37
905,28.8128,2203.09,24.76
906,29.5084,2172.73,24.92
907,28.6334,2031.99,24.67
908,27.5033,2182.65,24.67
909,29.8998,2074.0,23.72
910,30.3899,2125.35,23.95
911,30.0601,2207.81,22.78
912,30.3097,2080.72,23.54
913,29.8106,2143.45,23.43
914,29.8782,2059.94,22.74
915,30.3472,2066.99,23.14
916,30.2654,2122.18,22.37
917,32.115,2156.49,24.53
918,31.6864,2021.56,24.96
919,31.849,2126.55,25.54
920,31.0318,2091.97,26.17
921,31.0906,2113.96,25.35
922,30.3455,2022.76,26.8
923,31.896,2132.68,27.32
924,29.775,1960.74,27.12
925,28.9642,1966.89,26.89
926,29.9791,2002.02,25.96
927,28.5524,1976.63,26.62
928,27.8897,2019.97,25.79
929,29.1342,2017.77,26.06
930,27.8355,1957.7,25.35
931,29.0893,1975.86,24.38
932,29.0451,1904.79,22.77
933,29.3057,1965.63,23.08
934,30.6272,1919.82,23.35
935,29.862,2022.05,23.46
936,30.7581,1976.85,23.01
937,30.3994,1971.38,23.23
938,31.7861,1875.12,23.38
939,31.2075,2124.3,23.08
940,30.4438,1981.86,24.04
941,30.2267,2015.57,23.63
942,31.4342,2024.72,25.63
943,31.5135,2073.93,26.19
944,32.4258,1899.34,25.99
945,30.6801,1988.99,26.2
946,30.9204,1939.66,27.02
947,29.847,1939.77,27.0
948,31.7002,2015.29,27.26
949,29.3365,1947.83,25.99
950,29.1596,1937.19,26.8
951,27.9976,2011.07,26.47
952,29.7828,1935.54,26.46
953,27.6273,1855.86,26.5
954,28.5082,1894.49,24.63
955,28.6928,1864.53,24.54
956,28.543,1987.97,23.94
957,29.0096,1967.79,23.57
958,30.097,1765.83,23.65
959,30.7313,1989.29,22.75
960,30.8487,1906.09,23.07
961,30.9575,1950.58,22.86
962,31.8891,1967.58,24.16
963,31.134,1896.69,23.39
964,30.9664,1999.91,24.11
965,32.4081,2006.54,25.27
966,30.5701,1849.31,24.67
967,30.2048,1966.63,25.79
968,31.7695,1953.61,25.56
969,32.5039,1954.3,25.88
970,30.2024,1914.24,26.93
971,30.4219,1994.42,27.61
972,28.9936,1940.49,27.63
973,29.6339,1903.55,26.96
974,28.5529,2034.03,27.07
975,29.5284,1955.14,25.97
976,28.4081,1868.02,25.7
977,28.0947,2050.88,25.38
978,30.0623,1870.41,25.06
979,28.1402,1844.55,23.64
980,27.8479,1903.54,24.22
981,28.7712,2030.93,23.36
982,29.9463,2015.55,23.34
983,31.4087,1940.44,22.1
984,30.2756,1937.67,23.04
985,29.4039,2010.84,23.23
986,30.4105,2061.34,22.8
987,30.8295,2004.67,23.84
988,32.7882,1939.41,24.53
989,31.8822,1905.95,23.57
990,31.8906,2012.1,24.79
991,30.4717,2039.8,25.33
992,32.4106,1911.14,26.54
993,30.8388,1980.98,26.81
994,31.3529,1986.14,25.55
995,30.5836,2039.05,27.63
996,29.2808,1979.41,26.74
997,28.8355,1968.52,27.65
998,29.1845,2085.19,27.02
999,29.3909,1986.69,26.36
1000,29.8142,1889.44,25.54
1001,28.6757,1995.06,25.48
1002,28.1536,1957.32,24.5
1003,28.0117,2066.39,24.16
1004,28.9051,2063.53,24.65
1005,28.9359,2023.0,23.19
1006,29.3355,1988.99,22.87
1007,30.0849,2076.36,22.99
1008,30.6927,1865.13,23.0
1009,30.7906,2023.51,22.81
1010,31.6477,2020.73,23.0
1011,32.0587,2082.72,24.33
1012,30.6231,2103.51,24.25
1013,30.977,2077.07,23.95
1014,31.1528,2040.28,24.37
1015,30.8057,2042.55,24.88
1016,31.7454,2135.09,25.4
1017,31.6822,2157.8,25.92
1018,30.4324,2079.99,26.32
1019,30.8843,2107.21,27.13
1020,31.1392,2123.41,26.84
1021,29.0226,2062.11,26.76
1022,28.6859,1979.56,26.89
1023,28.683,2062.61,26.13
1024,28.2156,2075.67,25.86
1025,28.011,2038.28,25.2
1026,28.0082,2144.38,25.09
1027,29.7873,2062.57,25.08
1028,29.1304,2179.91,24.61
1029,29.7863,2103.06,22.83
1030,29.7323,2135.22,23.71
1031,28.9569,2174.01,23.23
1032,29.0329,2149.62,23.67
1033,29.0844,2204.29,24.5
1034,29.0502,2159.49,23.42
1035,29.7219,2183.85,24.19
1036,31.5126,2047.6,23.57
1037,31.5873,2115.3,24.35
1038,31.3879,2113.79,25.52
1039,31.4218,2202.51,26.16
1040,31.0902,2207.66,26.21
1041,30.1908,2161.64,26.24
1042,31.5193,2097.35,26.32
1043,30.4062,2188.67,27.17
1044,30.2068,2152.42,27.11
1045,28.52,2150.65,26.64
1046,28.2049,2151.83,27.7
1047,29.6062,2156.97,26.05
1048,29.1678,2235.26,25.28
1049,29.3387,2196.39,26.54
1050,28.376,2196.99,24.17
1051,27.3858,2108.02,24.54
1052,28.6849,2050.59,24.25
1053,29.8667,2170.08,23.49
1054,29.6582,2134.06,22.83
1055,29.626,2192.71,22.6
1056,28.5403,2147.86,22.8
1057,30.6012,2117.29,23.24
1058,31.1883,2140.73,22.66
1059,30.6969,2224.98,23.05
1060,31.108,2232.64,24.26
1061,30.6783,2150.3,25.32
1062,31.2345,2009.79,24.79
1063,31.2117,2101.07,25.6
1064,30.8939,2167.31,25.16
1065,30.5458,2020.15,25.34
1066,29.7565,2112.43,25.97
1067,30.5597,2121.95,27.24
1068,29.3063,2127.53,26.82
1069,31.1074,2170.09,26.88
1070,28.1844,1993.98,27.34
1071,28.2001,2185.92,25.87
1072,28.6665,2024.49,25.12
1073,28.2345,2159.22,25.6
1074,28.4038,2054.68,24.57
1075,26.3434,2044.63,25.42
1076,27.1844,2039.34,24.23
1077,29.4278,1980.78,24.36
1078,29.172,2126.91,22.85
1079,29.1163,2217.37,23.0
1080,29.8514,2069.1,22.74
1081,30.7275,2130.33,23.03
1082,30.992,2061.29,24.01
1083,31.0246,2171.55,23.89
1084,30.4819,2178.09,24.13
1085,33.2503,2025.47,23.31
1086,30.4286,2104.25,26.42
1087,30.7279,2050.62,25.48
1088,29.8688,2027.8,25.44
1089,30.56,1989.34,27.32
1090,29.2061,2122.93,26.69
1091,29.5933,2033.65,27.08
1092,30.2798,1987.14,26.88
1093,29.3507,1971.72,26.18
1094,28.8543,2165.82,26.43
1095,28.1978,2080.28,26.31
1096,28.9773,1942.3,25.06
1097,28.4732,2065.95,26.24
1098,28.2709,2043.42,25.0
1099,28.0926,2068.63,24.67
1100,29.1565,1901.0,24.91
1101,27.6653,2014.09,23.11
1102,30.0851,2004.69,23.06
1103,29.3124,1942.95,23.82
1104,28.9732,2129.15,22.78
1105,31.2817,1992.87,22.51
1106,30.8573,1954.89,23.19
1107,31.1182,1941.24,23.96
1108,31.2314,2042.98,23.96
1109,30.4497,1986.72,24.11
1110,32.1072,1951.87,25.36
1111,30.8361,1917.82,25.02
1112,29.3552,1976.35,26.51
1113,30.3322,1930.42,27.12
1114,30.1916,1990.37,26.89
1115,31.0507,1997.03,27.53
1116,29.2347,2028.14,28.1
1117,28.7442,1892.01,26.4
1118,29.6082,1875.35,26.8
1119,30.182,1910.6,26.29
1120,29.1077,1920.91,26.29
1121,28.7939,1851.26,25.42
1122,28.5564,1959.49,24.95
1123,28.06,2030.96,25.38
1124,28.5295,1995.63,24.14
1125,30.2701,1888.62,22.99
1126,29.7303,1907.98,22.53
1127,29.6123,1849.72,23.12
1128,29.0808,1986.41,23.14
1129,30.1489,1874.75,23.44
1130,30.7712,1969.72,23.61
1131,31.7701,2029.35,22.97
1132,31.6316,1845.37,23.02
1133,31.339,1902.39,24.42
1134,31.5509,1897.05,24.47
1135,32.1544,1930.35,25.3
1136,31.2029,1904.35,25.23
1137,30.3414,1880.21,26.31
1138,28.9888,1890.69,26.9
1139,30.853,1924.04,26.43
1140,30.2483,1943.23,27.86
1141,29.7688,1949.26,27.18
1142,28.5398,1897.64,27.68
1143,29.6644,1869.09,26.27
1144,27.2735,1925.39,25.63
1145,28.5978,1833.56,25.39
1146,28.2712,1955.31,25.56
1147,28.7543,1942.02,23.55
1148,28.416,2021.92,24.1
1149,28.9571,1974.84,23.73
1150,28.568,1932.14,23.07
1151,29.4826,1876.02,22.69
1152,29.0572,1813.67,22.77
1153,30.1309,2009.38,22.97
1154,30.2228,1781.57,22.95
1155,31.3943,1915.94,23.32
1156,32.0115,2034.48,23.99
1157,29.9224,1961.1,24.22
1158,30.7672,2023.21,24.76
1159,29.978,1972.94,25.12
1160,30.4135,1995.0,25.46
1161,30.2706,1944.43,27.11
1162,31.9099,2065.76,26.1
1163,30.2524,1960.99,26.65
1164,29.2346,1893.2,27.33
1165,28.2695,2031.17,27.14
1166,30.515,1926.91,27.25
1167,29.1671,1868.28,25.96
1168,28.4166,1972.77,25.59
1169,28.4112,2028.34,26.22
1170,28.759,1919.56,24.6
1171,29.017,1974.15,23.74
1172,30.1832,2029.49,25.25
1173,27.9242,2019.35,23.01
1174,29.9667,1977.1,22.65
1175,30.2391,2073.89,22.88
1176,28.1863,2088.31,23.05
1177,29.8107,2061.71,23.25
1178,31.4497,2128.99,22.51
1179,31.3292,1973.54,23.03
1180,30.7087,2041.27,24.08
1181,32.6599,2050.55,24.29
1182,32.1301,2107.66,25.65
1183,30.664,2040.0,24.81
1184,30.2355,1972.62,26.16
1185,31.7044,2009.72,26.53
1186,30.6341,2079.0,27.21
1187,30.5097,2059.7,26.59
1188,30.3751,1997.38,27.21
1189,30.3599,2197.99,26.23
1190,29.8802,2090.68,26.99
1191,30.3163,2039.87,26.81
1192,27.7319,2162.18,26.21
1193,28.864,2125.14,25.15
1194,28.5022,2115.75,25.51
1195,28.7024,2146.74,24.81
1196,28.8621,2128.76,23.41
1197,29.2027,2075.43,22.71
1198,30.0033,2176.21,23.53
1199,29.6833,2174.51,23.46
1200,28.4738,2155.36,21.77
1201,29.4421,2248.54,23.47
1202,30.5824,2119.7,23.36
1203,32.2765,2205.78,23.66
1204,29.9641,2181.47,23.48
1205,32.5144,2159.21,24.1
1206,31.4247,2087.64,23.83
1207,31.5791,2161.29,25.98
1208,30.5779,2169.97,25.91
1209,32.5082,2022.06,25.89
1210,31.9931,2124.23,26.22
1211,31.429,2192.7,26.72
1212,30.1843,2156.76,27.73
1213,27.8708,2066.74,26.54
1214,29.4404,2085.02,27.03
1215,29.8843,2239.05,26.8
1216,29.1503,2122.51,25.28
1217,29.3051,2157.11,26.75
1218,29.0012,2169.57,24.7
1219,27.9154,2039.57,24.82
1220,28.8638,2218.34,24.4
1221,29.2071,2106.81,23.29
1222,28.5608,2201.77,23.61
1223,29.4269,2238.26,23.02
1224,30.4638,2129.33,23.04
1225,30.5811,2185.38,22.29
1226,29.9016,2199.91,23.39
1227,31.1906,2160.7,23.7
1228,32.5064,2087.28,24.43
1229,30.5684,2113.25,25.15
1230,31.3302,2078.96,25.74
1231,32.5571,2091.06,25.48
1232,31.3353,2222.36,25.47
1233,31.3379,2240.19,26.24
1234,31.5271,2176.82,26.99
1235,31.345,2087.25,26.29
1236,30.3759,2228.97,27.94
1237,29.8282,2111.55,26.71
1238,30.0443,2172.82,27.29
1239,30.2697,2078.11,27.22
1240,28.7716,2147.14,26.95
1241,27.6241,2065.53,25.43
1242,28.638,2088.93,25.21
1243,28.7889,2047.8,24.27
1244,29.3033,2181.03,24.08
1245,27.4905,2175.8,23.24
1246,28.7644,2007.44,23.52
1247,28.8014,2095.4,23.72
1248,28.3304,2103.35,22.39
1249,29.9946,2162.84,22.87
1250,31.1117,2076.9,23.98
1251,30.6509,2065.85,23.73
1252,32.1747,2132.19,24.49
1253,30.5257,2057.57,24.75
1254,33.1422,2076.35,24.58
1255,31.8294,1926.84,26.75
1256,31.2747,1997.94,27.22
1257,30.3578,2031.27,26.68
1258,30.5757,2011.47,27.15
1259,30.9329,2011.63,26.81
1260,29.6861,2059.95,26.98
1261,30.9827,2023.65,27.94
1262,29.2389,2071.7,25.85
1263,28.8864,2186.26,26.19
1264,30.2423,2066.85,26.04
1265,27.0548,2043.15,25.47
1266,28.3853,1986.69,24.85
1267,28.3676,2029.57,24.94
1268,28.5698,2035.94,23.55
1269,30.3228,1863.66,23.85
1270,29.7278,2042.98,22.64
1271,29.2384,2036.01,23.31
1272,29.8861,2011.63,22.49
1273,30.9517,1974.77,22.92
1274,31.7082,1966.4,23.39
1275,29.9955,1905.95,24.47
1276,31.7644,2027.36,24.06
1277,30.5601,1931.61,24.53
1278,30.5273,1986.76,25.76
1279,31.0816,2014.46,25.36
1280,31.5197,1918.39,27.09
1281,31.9151,1938.3,26.5
1282,31.7732,1964.87,26.69
1283,30.586,2022.36,27.17
1284,30.1585,2003.91,27.74
1285,33.1335,1820.61,27.65
1286,28.9876,1976.34,26.05
1287,29.1575,1922.13,26.96
1288,28.5917,1855.02,25.79
1289,28.4951,1947.57,24.72
1290,27.0731,1878.43,25.97
1291,28.4069,1964.53,23.96
1292,28.4303,1983.88,24.39
1293,27.0183,1815.15,23.17
1294,27.9476,1914.91,22.83
1295,28.9978,1965.59,23.2
1296,29.6794,1927.5,23.88
1297,30.4411,1920.18,22.68
1298,30.8605,1835.11,23.9
1299,30.3514,1954.01,22.93
1300,31.8467,1953.28,23.82
1301,32.6945,1912.21,24.57
1302,32.2346,1880.92,24.41
1303,32.4911,1868.85,26.16
1304,33.2287,1857.84,25.71
1305,31.4909,1972.58,25.91
1306,30.9278,1865.5,27.23
1307,30.7806,1930.3,26.34
1308,28.8061,1814.61,27.21
1309,29.5414,1968.51,27.49
1310,28.0618,1916.01,26.74
1311,29.4082,1990.97,26.47
1312,29.0569,1882.87,26.49
1313,30.8025,1991.23,24.75
1314,29.6467,2042.66,24.86
1315,28.2131,1884.76,24.5
1316,29.0536,1887.58,23.92
1317,29.775,1965.35,23.9
1318,29.3106,1922.33,23.54
1319,30.2814,1896.44,22.28
1320,30.6462,1941.91,22.5
1321,30.4168,1973.84,22.62
1322,29.9573,1902.83,23.32
1323,31.4081,1964.73,22.71
1324,32.0366,1999.0,23.75
1325,32.6926,2008.08,24.61
1326,31.2822,1881.62,25.26
1327,30.6905,1932.4,25.71
1328,30.6239,1991.01,25.88
1329,31.3435,2058.48,26.5
1330,31.8112,2003.01,26.44
1331,31.434,2016.88,27.18
1332,30.4119,2029.56,27.77
1333,29.1185,2025.93,26.87
1334,29.3702,2000.57,26.82
1335,27.7132,2063.34,27.12
1336,28.4899,2048.11,25.37
1337,30.5921,2052.98,25.53
1338,27.391,2011.66,25.4
1339,28.3249,2036.67,24.41
1340,28.2826,2106.74,23.72
1341,28.0656,2135.89,23.47
1342,28.3922,2135.13,24.05
1343,28.6952,2027.77,22.73
1344,29.672,2049.02,23.46
1345,30.6654,2076.46,23.03
1346,30.7733,1949.12,22.62
1347,31.1597,2021.17,22.88
1348,30.6005,2122.4,24.24
1349,31.6199,2033.84,23.85
1350,30.3226,2152.55,25.47
1351,31.3183,2041.97,25.61
1352,30.7268,1977.51,25.73
1353,30.5139,2196.45,27.61
1354,29.9679,2028.97,26.1
1355,29.2906,1939.76,27.24
1356,29.3011,2065.88,27.3
1357,28.6401,2080.7,26.8
1358,29.7941,2080.96,25.92
1359,28.7448,2229.65,26.39
1360,28.6094,2143.14,26.45
1361,27.0958,2092.27,25.34
1362,29.195,2215.47,24.74
1363,28.1902,2141.43,24.21
1364,29.7135,2056.64,23.99
1365,29.0946,2179.2,24.13
1366,29.8101,2113.35,23.03
1367,30.2283,2204.81,23.86
1368,29.7655,2254.02,23.47
1369,30.1988,2130.32,22.79
1370,32.0315,2117.77,22.88
1371,31.141,2126.35,23.04
1372,32.5184,2184.62,24.19
1373,31.447,2201.31,24.59
1374,31.6327,2000.72,25.34
1375,31.1903,2146.51,26.01
1376,30.6066,2108.77,26.01
1377,29.7325,2074.67,25.7
1378,30.8204,2103.56,27.08
1379,30.9403,2097.25,26.86
1380,28.3974,2131.05,27.05
1381,29.993,2208.13,26.7
1382,29.5183,2177.9,26.97
1383,29.2976,2179.23,26.3
1384,29.4403,2164.45,25.75
1385,30.0858,2202.57,25.56
1386,28.6892,2205.41,24.12
1387,27.96,2114.72,24.64
1388,30.2678,2085.1,24.79
1389,30.0193,2168.02,22.8
1390,29.818,2213.43,23.48
1391,29.2699,2224.13,23.83
1392,29.4496,2014.58,22.26
1393,29.6565,2101.23,22.79
1394,31.8655,2190.45,23.54
1395,31.3351,2142.18,23.66
1396,30.3788,2030.7,24.43
1397,32.5716,2172.17,23.89
1398,30.5962,2073.0,26.03
1399,30.7726,2048.68,25.13
1400,32.0304,2154.43,26.64
1401,31.6293,2218.9,26.48
1402,31.3057,2074.93,27.4
1403,30.688,2109.96,25.86
1404,29.8596,2146.34,26.85
1405,29.3955,2211.61,26.44
1406,28.5341,2047.16,26.43
1407,28.0546,2196.17,26.71
1408,29.0298,2175.69,26.66
1409,28.3886,2157.85,25.19
1410,26.5666,2217.79,24.63
1411,28.5496,2111.36,24.54
1412,29.0428,2190.12,23.84
1413,27.871,2160.44,23.64
1414,28.4793,2085.27,23.19
1415,29.3269,2077.53,22.27
1416,30.8904,2076.1,22.34
1417,29.9385,2005.22,23.66
1418,30.6848,2074.85,23.3
1419,31.0808,1982.56,23.6
1420,30.9728,1963.86,24.32
1421,33.2162,2156.29,24.68
1422,31.7779,1989.97,25.32
1423,30.3472,2011.04,25.79
1424,32.466,2082.56,24.76
1425,30.5023,2052.78,26.27
1426,30.5778,2108.43,25.99
1427,30.8406,2147.04,27.13
1428,30.0516,2037.94,26.8
1429,30.5891,2091.07,26.46
1430,28.8126,2019.34,26.0
1431,27.9769,1956.41,27.28
1432,28.0235,1983.77,25.35
1433,27.2568,1934.39,24.99
1434,27.9595,1942.99,25.66
1435,28.1568,1942.66,24.53
1436,29.5185,1959.19,24.06
1437,29.8183,1951.91,22.75
1438,29.2021,2001.17,22.74
1439,29.7555,2055.05,23.54
1440,30.0522,2000.34,23.79
1441,31.1717,1991.25,22.37
1442,29.8121,2003.4,22.68
1443,30.1115,2032.62,22.85
1444,31.5797,1886.54,24.84
1445,30.4132,1956.62,24.35
1446,30.4906,1940.99,25.1
1447,30.6323,2051.99,25.8
1448,30.0179,2037.63,26.38
1449,30.4107,1859.91,25.95
1450,29.5542,2000.69,26.6
1451,29.7835,1905.43,26.87
1452,31.5356,2046.61,26.96
1453,29.5269,2053.24,26.87
1454,29.4347,1948.88,26.84
1455,29.5439,1954.73,26.63
1456,28.2164,1973.78,25.25
1457,28.7303,1923.05,24.92
1458,29.5235,2079.44,25.06
1459,29.7497,1966.18,23.84
1460,28.1976,1945.69,24.08
1461,29.1588,1867.78,24.17
1462,29.0742,1915.33,23.03
1463,28.9157,1927.26,23.52
1464,30.0908,1959.39,22.83
1465,30.6398,1985.33,23.22
1466,32.2983,1852.15,23.79
1467,30.578,1885.57,23.87
1468,30.9435,1881.04,23.88
1469,31.3238,1906.59,24.42
1470,31.9858,1821.56,25.42
1471,30.6815,2049.94,26.27
1472,31.202,2010.42,25.59
1473,30.6249,1808.17,27.17
1474,30.0158,1894.83,27.08
1475,31.744,1879.77,26.7
1476,29.9704,1921.79,27.92
1477,29.7333,1953.48,26.7
1478,29.2044,1895.12,27.26
1479,30.5344,1903.36,26.83
1480,28.759,1908.27,25.4
1481,27.4127,1900.2,24.26
1482,28.8352,1915.21,24.73
1483,29.7535,1753.64,24.65
1484,28.6748,1883.35,24.49
1485,29.496,1956.62,23.72
1486,29.9858,1969.54,23.05
1487,28.3333,2023.56,23.8
1488,30.1909,2038.57,23.72
1489,30.3454,2039.92,23.6
1490,32.2107,1867.58,22.88
1491,29.1185,1918.02,23.37
1492,33.0965,1907.9,23.01
1493,31.5867,1978.11,24.61
1494,31.5277,1967.17,25.63
1495,29.1258,1931.27,25.16
1496,29.5959,1911.08,25.77
1497,30.0594,1945.79,26.69
1498,29.9307,2032.97,26.18
1499,31.5315,1900.75,27.58
1500,29.26,2642.03,26.72
1501,29.763,2743.78,27.23
1502,29.155,2704.83,26.48
1503,27.7826,2813.29,27.19
1504,27.264,2712.57,25.63
1505,28.8284,2872.73,25.2
1506,28.5393,2698.25,24.34
1507,27.6409,2686.42,24.55
1508,29.1919,2709.69,24.58
1509,28.4719,2717.37,24.3
1510,29.7051,2671.36,23.85
1511,29.2909,2729.81,23.56
1512,30.2667,2733.27,22.3
1513,29.689,2736.57,22.89
1514,31.4802,2746.53,22.4
1515,30.6698,2744.59,23.22
1516,31.5049,2752.17,24.53
1517,31.18,2713.28,24.36
1518,31.1697,2702.23,25.83
1519,32.2804,2795.07,25.5
1520,30.6128,2830.88,25.63
1521,31.1833,2684.66,26.25
1522,30.2494,2729.32,26.37
1523,30.9572,2781.14,26.8
1524,31.1167,2840.76,26.67
1525,29.1906,2852.38,26.85
1526,30.2354,2699.99,25.84
1527,27.993,2825.97,26.35
1528,27.8019,2850.86,26.3
1529,28.5142,2770.81,26.04
1530,28.683,2849.26,25.49
1531,28.8715,2764.63,24.31
1532,28.158,2798.1,24.54
1533,28.4279,2856.8,23.05
1534,30.4838,2821.74,22.98
1535,29.7792,2773.99,23.38
1536,30.1031,2821.54,22.75
1537,29.3309,2934.48,23.73
1538,29.2375,2844.4,23.94
1539,29.5465,2965.03,23.35
1540,30.418,2140.77,24.81
1541,30.934,2070.6,24.59
1542,31.1867,2149.53,25.67
1543,31.1189,2071.23,24.64
1544,31.433,2182.11,26.07
1545,32.3876,2167.63,26.09
1546,30.7859,2120.59,27.52
1547,29.0163,2160.49,26.82
1548,31.3529,2131.43,26.28
1549,29.3906,2190.07,27.57
1550,31.2179,2239.21,26.9
1551,29.3098,2091.4,26.39
1552,28.3882,2014.82,25.75
1553,27.8583,2075.37,25.31
1554,28.347,2194.9,24.77
1555,30.135,2168.73,24.01
1556,28.038,2178.51,23.94
1557,29.0221,2158.48,22.92
1558,29.2724,2095.62,23.61
1559,30.2483,2139.76,22.66
1560,31.7044,2098.95,23.19
1561,30.4322,2198.01,23.9
1562,29.766,2164.58,22.0
1563,30.1055,2169.84,24.23
1564,30.7284,2096.17,24.03
1565,32.3242,2099.2,23.46
1566,29.8786,2101.51,24.82
1567,31.4661,2177.59,25.67
1568,30.0878,2104.6,25.87
1569,30.3713,2162.16,26.67
1570,31.161,2201.05,26.54
1571,31.4945,2101.16,26.39
1572,29.7234,2164.51,26.6
1573,29.0662,2145.93,27.8
1574,28.7721,2141.0,27.62
1575,28.8188,2156.47,26.28
1576,28.9143,2128.22,26.03
1577,27.3806,2252.35,26.14
1578,28.8005,1969.2,25.22
1579,29.9722,2129.56,24.76
1580,27.9293,1964.44,24.15
1581,27.9609,2098.19,23.34
1582,29.5699,2021.83,23.39
1583,29.6169,2166.36,22.86
1584,28.9287,2073.83,23.48
1585,30.5814,2015.9,22.17
1586,30.266,2091.31,23.33
1587,31.6485,2083.72,24.32
1588,31.0532,2035.64,25.06
1589,31.7973,2001.1,24.11
1590,31.6774,2114.78,25.62
1591,32.17,2065.67,25.8
1592,31.9999,2120.93,26.16
1593,29.4382,2108.26,26.05
1594,30.9797,2184.46,25.96
1595,31.1898,1957.18,27.59
1596,31.9752,2015.63,27.13
1597,29.5575,2078.05,26.51
1598,30.4907,2109.6,26.4
1599,26.9028,2028.6,25.7
1600,29.526,2033.08,26.21
1601,27.5037,2058.38,25.46
1602,29.2467,2001.73,25.65
1603,28.3689,2068.66,24.35
1604,29.4318,2066.69,24.76
1605,28.894,2074.94,23.6
1606,28.8039,2027.46,23.61
1607,31.7949,1958.27,23.26
1608,29.6333,1907.97,23.04
1609,28.6466,2019.33,23.28
1610,30.4873,2031.85,23.54
1611,30.8098,1997.17,24.03
1612,30.4914,1882.61,23.39
1613,30.359,1882.16,23.68
1614,31.6411,2054.13,25.38
1615,30.9158,1949.87,25.29
1616,31.9213,2005.35,26.49
1617,30.2508,1875.77,26.7
1618,31.7992,1994.01,26.62
1619,30.0128,1949.04,27.33
1620,30.8614,1915.88,26.41
1621,30.2922,1819.4,26.63
1622,29.4929,1898.41,26.71
1623,28.6411,1880.31,26.25
1624,27.5013,1920.7,25.94
1625,28.1699,1896.88,25.02
1626,28.5167,1920.33,25.05
1627,28.6559,1968.79,23.9
1628,28.8662,1961.06,23.65
1629,28.4142,1995.68,22.47
1630,28.0524,1955.06,23.01
1631,28.8629,1936.05,23.36
1632,30.3948,1885.08,23.58
1633,30.9181,1980.64,23.09
1634,30.6181,1922.45,23.68
1635,32.3283,1984.63,23.34
1636,31.2757,1989.58,24.16
1637,32.8751,1967.17,24.51
1638,32.2842,1903.23,24.22
1639,32.0238,1951.25,26.18
1640,31.0409,1887.92,25.72
1641,30.4981,1860.74,26.77
1642,30.7633,1751.97,26.66
1643,30.4284,1937.34,26.96
1644,28.5497,1930.37,27.29
1645,29.2714,2027.09,26.58
1646,28.1296,1867.94,26.86
1647,28.3139,1869.66,26.7
1648,28.2006,1895.19,25.82
1649,28.839,1984.76,24.67
1650,28.1415,1944.1,24.12
1651,29.2947,1965.57,24.22
1652,28.9476,1897.67,24.18
1653,30.2385,1900.07,23.35
1654,28.1404,1935.68,23.09
1655,30.2862,1874.27,22.11
1656,28.6239,1940.52,21.67
1657,30.1182,2007.06,23.38
1658,30.1222,1900.26,24.3
1659,31.7621,1913.85,23.26
1660,31.8136,1992.85,23.89
1661,30.1943,1883.61,24.79
1662,29.8433,1986.03,25.83
1663,31.0401,2009.07,25.81
1664,31.0306,1882.67,25.44
1665,30.6971,2019.18,26.11
1666,30.115,2113.81,26.77
1667,32.6043,2089.72,26.76
1668,30.1659,1948.38,26.91
1669,29.6085,2072.21,25.55
1670,30.6654,2010.91,26.83
1671,29.3837,1922.8,26.33
1672,29.3958,2125.18,26.23
1673,28.821,1974.68,25.6
1674,28.0304,1978.39,25.16
1675,26.417,2074.66,24.02
1676,30.0388,1955.19,24.21
1677,29.6809,1988.78,22.82
1678,29.2504,2025.5,22.8
1679,31.0897,2086.01,23.52
1680,30.4248,1957.71,22.65
1681,30.939,2030.88,23.47
1682,31.3223,1990.96,23.84
1683,32.9493,2030.11,23.68
1684,30.9106,2115.39,24.34
1685,31.8831,2025.47,24.04
1686,32.2829,2028.91,25.23
1687,31.1745,2053.31,24.58
1688,32.1573,2153.67,25.23
1689,32.5817,2187.11,27.15
1690,29.8249,2001.85,27.52
1691,30.0454,2110.57,27.13
1692,31.2659,2076.29,27.61
1693,28.7028,2015.24,27.15
1694,28.1953,2185.66,26.78
1695,29.0279,2114.39,25.57
1696,28.8523,2132.93,26.43
1697,29.3703,2052.88,25.71
1698,29.3297,2112.48,24.15
1699,28.8894,2037.04,24.21
1700,27.3818,2075.3,23.7
1701,28.2969,2174.7,24.13
1702,28.611,2137.31,23.52
1703,30.5986,2065.82,22.51
1704,29.2346,2090.04,23.05
1705,31.2626,2148.27,22.57
1706,30.9189,2137.23,23.55
1707,31.0817,2156.78,24.16
1708,30.3423,2141.59,24.85
1709,32.1098,2145.03,24.57
1710,32.7025,2194.73,25.02
1711,29.7849,2032.35,26.13
1712,30.747,2090.67,25.09
1713,31.6644,2130.97,26.33
1714,32.0896,2241.68,26.56
1715,31.2697,2220.7,28.59
1716,29.163,2247.58,27.11
1717,29.9731,2081.87,27.02
1718,29.6052,2319.61,26.79
1719,28.7237,2159.63,26.7
1720,29.4991,2229.95,25.31
1721,29.6767,2156.69,25.61
1722,28.8782,2123.09,24.72
1723,28.9042,2202.95,23.61
1724,29.7795,2018.79,24.85
1725,30.1406,2116.27,23.23
1726,27.8563,2195.06,23.83
1727,30.3755,2154.99,24.61
1728,30.3273,2049.87,22.38
1729,29.3626,2169.59,22.82
1730,31.2031,2196.05,23.47
1731,31.5814,2194.24,24.12
1732,29.8807,2167.64,24.68
1733,32.0549,2229.3,25.01
1734,31.7636,2141.26,25.84
1735,31.5302,2190.52,25.64
1736,31.0048,2199.51,26.43
1737,32.02,2177.86,26.1
1738,30.5033,2177.59,26.66
1739,30.7487,2133.24,27.64
1740,29.9505,2076.15,26.6
1741,30.2009,2008.09,27.85
1742,28.7021,2140.28,27.22
1743,29.5316,2115.77,26.91
1744,29.6388,1983.58,26.68
1745,28.5281,2131.75,25.46
1746,27.5784,2130.25,24.75
1747,28.776,2124.62,24.36
1748,29.5153,2063.71,23.49
1749,28.8853,2105.75,24.13
1750,28.052,2118.19,23.45
1751,30.902,2100.03,23.49
1752,29.7487,2074.01,22.87
1753,30.5967,2052.93,22.33
1754,30.8809,2104.13,23.57
1755,30.5155,1922.58,23.65
1756,32.2807,2021.29,24.25
1757,31.9514,2136.93,23.94
1758,31.195,2016.95,25.76
1759,32.1028,2060.95,25.98
1760,30.506,2190.48,25.6
1761,32.1748,2125.81,26.53
1762,30.2979,2005.45,26.87
1763,30.9123,1993.39,26.94
1764,28.6636,2072.82,27.3
1765,29.1298,2112.76,26.46
1766,29.8595,2013.9,27.09
1767,29.3396,2059.21,26.1
1768,29.9241,2041.5,26.75
1769,29.2915,2108.23,25.32
1770,27.3507,2032.03,25.21
1771,28.3478,1971.78,24.57
1772,28.0042,1893.83,24.34
1773,28.8988,1962.55,24.06
1774,29.3824,1937.3,23.08
1775,28.6307,1875.26,23.61
1776,29.937,1928.15,23.27
1777,30.6092,1860.83,23.24
1778,30.7062,2020.69,23.11
1779,31.1506,2068.37,23.94
1780,30.3757,1957.87,23.32
1781,31.3092,1858.03,24.26
1782,31.8696,2014.32,25.0
1783,31.372,1882.74,24.68
1784,31.5392,2010.2,26.05
1785,32.7103,1950.13,27.2
1786,31.6872,1989.38,26.8
1787,30.5584,1900.68,26.78
1788,28.8073,1934.62,26.95
1789,29.0909,1915.39,26.85
1790,28.3387,2050.79,26.55
1791,28.5881,1866.49,25.62
1792,28.7903,1946.77,26.1
1793,28.0512,1999.75,26.27
1794,28.8196,1933.27,25.19
1795,29.3072,1892.45,24.73
1796,29.0905,1900.16,24.22
1797,28.6083,1896.71,24.2
1798,29.9447,1923.23,22.32
1799,29.1659,1866.16,23.76
1800,30.336,1929.41,22.69
1801,29.5544,1885.93,23.84
1802,31.0939,1922.47,23.12
1803,31.0052,1868.77,22.53
1804,31.9528,1981.27,23.98
1805,31.4393,1944.42,24.68
1806,31.9009,1964.43,25.08
1807,30.326,1912.55,25.32
1808,31.6157,1954.27,25.32
1809,31.6681,1854.5,26.78
1810,30.1843,2003.47,26.64
1811,31.0332,1937.96,26.69
1812,31.0003,1965.95,27.22
1813,30.9823,2071.81,27.13
1814,30.1063,1979.36,27.38
1815,28.2207,1915.41,26.39
1816,27.7173,1890.67,25.35
1817,27.4695,1909.27,24.71
1818,29.1576,1911.55,25.5
1819,27.5988,1898.02,24.71
1820,27.2138,1896.53,24.12
1821,28.1663,1971.29,24.08
1822,29.2856,1979.25,23.39
1823,28.2457,2036.21,23.14
1824,31.1732,1891.86,23.44
1825,30.6257,1967.43,23.14
1826,31.7355,1944.14,23.12
1827,32.1616,1987.12,23.33
1828,31.0031,1960.34,25.01
1829,31.713,1879.22,24.29
1830,31.6955,2007.25,25.07
1831,30.8891,2028.65,25.3
1832,32.5071,1998.76,25.64
1833,32.1715,2005.08,26.01
1834,30.5004,1961.24,26.17
1835,29.7405,1866.32,26.92
1836,28.8156,1943.24,26.83
1837,29.9141,2007.36,26.67
1838,28.9189,1972.95,26.8
1839,27.5084,2002.17,26.73
1840,29.7101,2023.51,26.38
1841,29.5656,2114.3,26.24
1842,29.0331,1962.44,24.48
1843,29.6883,2071.99,23.93
1844,28.5236,2030.03,24.78
1845,27.5188,2101.15,23.11
1846,29.4506,1980.34,23.61
1847,28.7768,2073.75,23.02
1848,29.4602,1945.35,22.51
1849,28.9933,2137.42,23.26
1850,30.0649,2047.15,22.85
1851,31.1852,2050.77,23.98
1852,31.016,2020.71,23.52
1853,31.3875,2010.96,24.46
1854,31.55,2119.5,25.33
1855,32.4192,2013.06,25.42
1856,31.8675,2044.92,26.94
1857,32.159,2152.18,26.15
1858,28.7592,2058.75,26.33
1859,29.3136,2081.0,25.69
1860,31.2861,2147.69,26.68
1861,28.8207,2072.7,27.47
1862,28.2938,2074.57,27.43
1863,27.9671,2043.06,26.56
1864,28.4482,2073.91,25.67
1865,29.3493,1974.79,25.26
1866,26.8099,2097.82,24.98
1867,29.4501,2051.46,23.58
1868,27.8246,2162.14,24.13
1869,30.0402,2153.68,23.68
1870,27.7802,2196.65,24.16
1871,30.1853,2205.44,23.27
1872,31.0149,2095.66,23.08
1873,30.5244,2123.15,23.04
1874,31.7724,2136.94,23.41
1875,32.6138,2219.18,23.96
1876,31.2024,2124.0,24.15
1877,31.0798,2242.27,25.11
1878,30.9918,2148.86,25.33
1879,32.064,2164.45,24.89
1880,31.0353,2139.16,25.92
1881,30.1059,2193.42,26.33
1882,31.605,2164.06,25.85
1883,29.3319,2164.34,26.88
1884,29.5858,2184.88,26.34
1885,30.1158,2146.37,25.89
1886,30.9095,2204.64,27.31
1887,28.916,2148.31,25.64
1888,27.6356,2194.1,25.84
1889,29.0911,2068.42,26.62
1890,28.551,2117.21,25.62
1891,28.2401,2244.16,24.67
1892,28.5474,2183.18,24.61
1893,28.5479,2152.26,23.6
1894,30.2371,2085.7,23.44
1895,29.4435,2228.65,23.4
1896,30.6788,2185.99,23.99
1897,29.6445,2177.56,22.68
1898,31.3058,2018.88,22.72
1899,31.7986,2222.14,23.23
1900,31.9963,2137.96,23.21
1901,31.2183,2145.68,24.42
1902,32.077,2112.44,25.18
1903,31.9331,2187.98,25.45
1904,30.3955,2049.73,26.35
1905,31.7683,2192.53,25.83
1906,30.5029,2105.4,26.14
1907,29.1674,2136.37,26.51
1908,28.155,2192.29,27.89
1909,28.7338,2074.11,26.55
1910,29.7954,2066.66,26.78
1911,28.5074,2245.46,26.01
1912,28.6096,2130.66,26.27
1913,28.3724,2030.1,25.51
1914,29.2701,1991.99,24.24
1915,27.3067,2152.38,24.47
1916,28.3276,2142.65,24.33
1917,29.8566,2111.15,23.44
1918,28.8892,2079.93,23.69
1919,28.6217,2117.69,22.32
1920,28.911,2119.79,23.53
1921,29.5626,2198.57,22.64
1922,30.2397,2100.72,22.54
1923,30.5722,2092.73,23.77
1924,30.7163,2053.6,23.41
1925,30.373,2047.35,24.23
1926,31.5147,2012.61,24.86
1927,32.0229,2024.84,25.28
1928,30.6902,2167.79,25.26
1929,30.9887,1933.26,26.14
1930,29.2747,2056.62,26.17
1931,31.3906,2048.01,26.98
1932,27.9834,2118.77,27.27
1933,28.9736,2103.82,27.28
1934,28.9983,1948.78,26.4
1935,29.7284,2003.02,25.87
1936,28.0673,1917.43,25.58
1937,29.9538,2022.27,24.75
1938,28.681,2047.0,25.38
1939,28.151,1954.57,23.92
1940,28.9071,1894.33,24.51
1941,28.8103,2021.02,23.8
1942,29.0916,1883.55,23.86
1943,29.8649,1886.43,23.26
1944,29.5087,2013.86,22.95
1945,29.8145,2000.96,22.83
1946,30.7422,1887.31,23.81
1947,33.0252,1948.57,23.37
1948,31.6022,2027.88,23.8
1949,31.6974,1971.96,24.84
1950,31.7493,1957.29,25.09
1951,33.0923,2033.77,25.62
1952,31.7716,2000.85,25.68
1953,30.9628,1917.12,26.23
1954,30.1553,1939.65,27.68
1955,31.687,1963.37,27.01
1956,29.988,1979.26,27.06
1957,30.1642,1915.53,26.74
1958,28.5776,1874.53,26.27
1959,28.641,1979.01,26.35
1960,29.9183,1884.55,25.94
1961,28.8253,1962.25,25.24
1962,29.2128,1873.33,25.66
1963,27.3467,1944.83,23.5
1964,29.4929,2010.59,23.78
1965,28.4101,1966.81,23.09
1966,28.9554,1933.27,23.16
1967,29.3174,1952.95,22.79
1968,30.3131,1871.39,23.04
1969,29.9807,1845.72,23.04
1970,29.7064,1970.47,23.23
1971,31.8746,1954.43,23.34
1972,30.9167,1969.75,24.53
1973,30.2206,1935.89,23.97
1974,33.7091,1907.12,25.51
1975,31.117,2016.56,25.45
1976,29.6811,1954.18,26.08
1977,30.6138,1876.97,27.06
1978,30.8684,1879.72,27.23
1979,30.509,1875.24,27.11
1980,29.6239,1921.74,26.82
1981,30.5156,1950.83,26.5
1982,30.2833,1988.68,26.71
1983,27.6606,1861.1,25.36
1984,28.9729,1867.06,25.33
1985,28.4641,1901.6,24.57
1986,28.6962,1961.64,24.89
1987,28.9955,1945.65,24.28
1988,27.8686,1869.23,24.2
1989,28.3955,1927.68,23.52
1990,29.96,1984.49,23.66
1991,29.6287,2024.59,22.8
1992,29.3291,1871.76,23.02
1993,32.253,1940.75,23.53
1994,30.1979,1857.97,23.59
1995,30.0497,1948.76,23.49
1996,31.4715,1956.28,23.88
1997,29.9792,1916.85,24.68
1998,30.2727,1969.05,25.31
1999,32.4422,2038.73,25.04
2000,31.3391,1920.42,26.82
2001,30.5606,2019.8,26.98
2002,32.0056,2064.06,27.03
2003,30.7778,1970.61,26.38
2004,31.0879,2118.32,26.99
2005,29.2225,1990.62,26.92
2006,28.63,1968.72,26.65
2007,28.6682,1896.26,26.56
2008,27.9149,1999.37,25.69
2009,27.601,1880.78,26.31
2010,28.4149,2009.77,24.49
2011,28.3898,2048.36,24.57
2012,27.8061,2061.57,23.62
2013,28.4273,2044.35,22.77
2014,29.7627,2031.65,23.28
2015,29.6143,2167.58,22.29
2016,30.5863,2119.63,22.78
2017,29.6707,1998.97,23.56
2018,29.7871,1989.36,23.33
2019,31.5374,2057.88,23.78
2020,30.8545,2104.9,23.97
2021,30.8359,2078.03,24.83
2022,31.5705,2074.36,24.59
2023,32.0561,1992.2,26.3
2024,30.5812,1996.7,25.23
2025,31.8125,2074.13,25.7
2026,32.1072,1985.57,26.7
2027,30.4525,2105.36,27.85
2028,31.2604,2083.58,27.27
2029,28.2708,2013.43,27.53
2030,28.5949,2056.93,26.7
2031,28.8991,2056.07,26.78
2032,28.8103,2156.5,26.01
2033,28.2109,2160.38,25.36
2034,30.2851,2136.59,24.78
2035,29.3088,2006.42,24.96
2036,27.5047,2068.98,23.79
2037,29.9776,2054.49,24.3
2038,29.8242,2013.23,23.29
2039,30.053,2244.66,22.95
2040,29.6296,2077.4,22.77
2041,29.1365,2163.8,22.86
2042,31.9932,2057.51,23.0
2043,30.7917,2144.14,23.4
2044,32.901,2122.39,23.48
2045,32.9664,2147.4,25.13
2046,32.3993,2227.55,25.28
2047,31.1999,2235.08,24.75
2048,33.061,2097.21,26.11
2049,31.6531,2103.91,25.93
2050,29.5938,2229.89,26.99
2051,30.807,2285.68,27.65
2052,31.0049,2138.79,27.65
2053,28.9319,2241.05,26.87
2054,29.5561,2135.25,27.25
2055,28.1195,2281.66,26.12
2056,29.471,2219.28,26.39
2057,27.8853,2205.48,24.94
2058,28.0632,2136.7,24.9
2059,29.0041,2229.08,24.45
2060,28.3163,2142.92,22.7
2061,29.1411,2153.79,23.27
2062,29.0264,2235.25,23.2
2063,30.5379,2132.32,23.94
2064,30.7293,2216.6,22.91
2065,29.2492,2141.35,23.43
2066,30.296,2233.19,23.28
2067,30.0343,2106.14,23.68
2068,30.3804,2043.14,23.15
2069,31.1753,2186.23,24.71
2070,31.4973,2234.92,25.15
2071,32.3,2175.39,25.39
2072,30.561,2141.56,26.35
2073,31.4416,2119.56,26.13
2074,30.9635,2241.03,27.39
2075,29.8355,2132.09,26.74
2076,30.0879,2191.42,26.57
2077,29.7583,2058.69,27.17
2078,28.8973,2186.31,26.93
2079,28.6755,2172.52,26.66
2080,28.667,2067.32,26.07
2081,28.9748,2215.8,25.2
2082,29.2777,2104.77,25.18
2083,29.6357,1998.42,24.75
2084,27.5996,2073.44,24.22
2085,28.6553,2115.05,22.48
2086,29.9857,2092.38,23.49
2087,30.0205,2211.76,23.91
2088,29.9806,2166.33,22.07
2089,31.9219,1994.57,23.56
2090,30.3718,2092.44,23.35
2091,32.9572,2136.94,24.59
2092,32.9154,2044.55,23.78
2093,31.8084,2038.61,25.45
2094,31.8765,1925.0,23.98
2095,31.71,2166.23,23.88
2096,30.7355,2073.68,26.44
2097,31.4958,1950.61,25.9
2098,29.6472,2023.04,26.89
2099,29.0696,2049.37,26.77
2100,29.2009,2019.95,26.15
2101,31.3046,2023.03,27.02
2102,30.668,2162.61,26.52
2103,29.2361,2023.03,26.82
2104,28.5518,2002.0,25.36
2105,29.7319,2000.23,25.28
2106,29.7516,1993.68,24.27
2107,28.1065,1992.01,23.55
2108,28.6636,2086.44,23.15
2109,28.1073,1961.51,24.1
2110,30.3474,1927.25,23.66
2111,30.5948,1942.88,22.28
2112,29.3551,2006.94,23.05
2113,29.5129,1951.53,23.41
2114,32.8792,1921.54,22.85
2115,31.4279,1896.75,23.59
2116,30.1786,1885.19,24.1
2117,30.9152,2048.07,24.67
2118,30.4666,1941.13,24.86
2119,32.1739,1837.13,25.45
2120,29.5842,1900.71,26.01
2121,30.1176,1977.17,26.27
2122,31.8798,1927.05,27.41
2123,30.1877,2026.42,27.31
2124,29.119,1864.21,27.31
2125,27.8731,1879.14,26.51
2126,28.772,1935.4,26.75
2127,29.0957,1927.59,26.41
2128,29.891,2007.7,25.4
2129,28.4574,1987.13,24.83
2130,27.5516,1866.55,24.36
2131,28.8502,1845.99,24.76
2132,28.6482,1933.8,25.42
2133,27.8464,2028.98,23.14
2134,29.6238,2016.45,24.2
2135,30.8015,2015.28,22.16
2136,30.0927,1921.13,22.8
2137,29.995,1868.75,22.75
2138,29.2275,1950.44,23.23
2139,30.4514,1853.33,22.98
2140,32.0567,2035.47,24.28
2141,30.2472,2056.18,24.68
2142,31.7934,1840.04,25.41
2143,30.5601,1903.88,25.57
2144,30.2611,2038.1,26.83
2145,29.4693,1952.64,27.12
2146,31.036,2014.57,27.43
2147,31.213,1937.78,25.8
2148,29.5241,1901.64,26.7
2149,28.9378,2007.46,27.23
2150,28.5063,1989.11,26.55
2151,28.8292,1916.97,26.72
2152,29.3303,2044.37,25.6
2153,28.8441,1872.34,25.3
2154,29.1932,1958.09,25.54
2155,28.5482,1924.94,24.6
2156,28.7372,2030.88,23.74
2157,27.8838,1959.35,24.43
2158,28.7171,1931.35,23.48
2159,30.2997,1979.25,22.86
2160,29.1025,1948.83,23.22
2161,30.3364,1934.01,24.01
2162,30.3911,1948.28,22.34
2163,33.005,2015.09,23.95
2164,30.7606,2064.45,24.07
2165,31.5685,1920.79,24.53
2166,31.4923,1936.27,25.06
2167,31.5821,1982.1,25.28
2168,31.2299,2020.84,25.63
2169,31.0638,2011.16,25.78
2170,31.3812,2044.67,27.12
2171,30.551,2091.29,26.1
2172,30.935,1864.22,26.27
2173,29.8854,1915.39,26.81
2174,27.7552,1950.79,26.78
2175,29.6829,1865.43,26.8
2176,28.7988,1925.51,25.44
2177,28.5515,2084.52,25.42
2178,28.1026,1988.88,24.41
2179,28.8094,2023.19,23.24
2180,27.7984,1988.09,23.75
2181,29.9755,1858.58,23.39
2182,28.1579,2086.67,22.92
2183,30.658,2012.39,23.01
2184,30.328,1956.94,23.04
2185,30.9038,2102.56,23.62
2186,30.5394,2171.26,24.17
2187,30.5176,2030.49,23.04
2188,31.5136,2115.23,23.55
2189,32.172,2091.19,24.44
2190,30.7784,2067.54,26.32
2191,32.1494,2161.26,25.94
2192,30.9461,2076.27,26.11
2193,30.5243,2110.49,26.48
2194,30.5627,2162.37,27.46
2195,31.3813,2112.42,26.52
2196,29.6526,2144.42,27.45
2197,29.6245,2056.83,26.21
2198,29.3228,2122.92,26.43
2199,29.2062,2029.85,26.34
2200,29.2881,2066.67,24.97
2201,29.0618,2095.95,25.9
2202,29.6618,2149.66,25.16
2203,28.7471,2159.17,24.28
2204,29.2452,2069.46,22.56
2205,28.8323,2026.75,23.81
2206,28.349,2182.34,22.15
2207,29.9562,2156.13,22.53
2208,30.3402,2070.37,22.8
2209,30.6548,2090.72,22.77
2210,30.2061,2231.7,24.72
2211,30.55,2200.42,23.27
2212,31.3625,2054.16,24.7
2213,30.9858,2201.82,24.07
2214,32.8425,2159.46,24.61
2215,31.9163,2213.14,26.25
2216,30.5535,2172.53,26.42
2217,30.5623,1983.65,25.63
2218,29.7819,2116.43,27.4
2219,30.2337,2087.81,27.33
2220,31.3494,2238.12,27.93
2221,30.5047,2123.72,27.44
2222,28.7724,2187.18,26.99
2223,28.769,2244.97,26.89
2224,28.9179,2146.62,25.51
2225,28.3938,2137.05,25.07
2226,27.1664,2177.36,25.73
2227,28.0058,2224.48,24.6
2228,29.7766,2164.64,24.78
2229,27.873,2239.8,23.45
2230,29.4323,2138.36,22.59
2231,28.4609,2184.29,23.01
2232,30.2763,2125.73,23.59
2233,30.2996,2229.03,22.96
2234,31.5522,2164.83,23.02
2235,30.6023,2113.0,23.36
2236,32.7193,2143.66,23.86
2237,32.0583,2133.07,25.3
2238,32.8735,2086.3,25.1
2239,31.54,2267.79,26.07
2240,31.4091,2074.33,25.33
2241,30.781,2114.57,24.86
2242,29.194,2125.19,26.75
2243,30.5328,2165.06,27.97
2244,29.2155,2035.16,27.91
2245,29.5118,2132.03,27.13
2246,27.6038,2057.52,27.29
2247,27.7341,2008.52,26.04
2248,29.3292,2148.37,25.55
2249,28.2825,1987.62,25.8
2250,27.7152,2129.72,24.99
2251,28.7974,2141.25,24.1
2252,28.5103,2149.97,24.09
2253,29.5289,2114.08,24.13
2254,29.794,2112.89,23.74
2255,30.6655,2068.4,22.91
2256,30.0876,2125.32,21.68
2257,31.3054,2176.74,23.26
2258,31.2678,2049.24,22.76
2259,32.067,2046.23,23.13
2260,31.3236,2132.75,24.64
2261,31.8693,2095.07,24.51
2262,29.8755,2015.31,24.99
2263,31.6879,2006.9,25.34
2264,30.4653,2132.2,26.11
2265,30.9717,2061.36,27.1
2266,32.2617,2050.35,27.11
2267,27.8536,2091.1,27.02
2268,29.9877,2011.33,27.72
2269,29.8216,2011.82,27.53
2270,28.1577,1978.19,26.54
2271,29.4415,1952.9,26.07
2272,30.0556,2027.69,25.44
2273,27.3398,2050.51,25.95
2274,28.7415,2125.4,24.97
2275,28.6644,1941.21,24.63
2276,29.6331,2017.86,24.2
2277,29.3244,1912.97,23.03
2278,28.4678,2033.58,22.91
2279,29.1153,1956.72,23.17
2280,30.7466,2002.5,22.75
2281,30.7894,2050.36,22.91
2282,28.9676,1988.13,24.06
2283,30.067,2024.51,23.04
2284,32.134,1957.02,23.08
2285,31.0091,2016.35,24.57
2286,30.8784,1946.22,25.1
2287,30.8929,1987.27,25.31
2288,30.8211,1900.16,26.9
2289,30.9929,1985.0,26.62
2290,31.4827,1957.66,26.5
2291,29.5938,1976.55,27.33
2292,30.7262,1978.12,27.96
2293,29.8125,2031.66,26.61
2294,29.6376,1968.33,26.85
2295,27.5917,1916.84,26.82
2296,28.6761,1946.71,24.87
2297,27.9905,2043.73,26.14
2298,27.7464,1986.96,26.03
2299,28.5871,1910.91,23.33
2300,28.6968,1917.81,23.44
2301,28.418,1862.92,23.97
2302,28.7748,1934.29,22.6
2303,29.1545,1899.01,23.86
2304,30.9176,1957.22,22.66
2305,30.8936,1837.59,22.77
2306,30.3618,1884.25,23.29
2307,32.788,1911.22,23.84
2308,31.6277,1986.34,23.68
2309,32.0696,1916.67,24.12
2310,31.4929,1843.98,24.74
2311,31.0874,1933.08,24.63
2312,29.5893,1974.94,25.48
2313,31.4312,1848.04,26.77
2314,31.389,1944.03,26.64
2315,30.1196,1925.6,27.54
2316,30.6628,1908.67,27.41
2317,28.5359,1996.16,27.83
2318,29.9932,2005.04,26.48
2319,28.0142,1937.22,26.49
2320,28.1715,1954.01,25.64
2321,30.2175,1934.18,25.32
2322,28.6524,2059.71,24.68
2323,27.9809,1912.2,24.63
2324,29.3661,1998.36,23.51
2325,29.2469,1967.04,23.23
2326,29.6491,1998.38,22.54
2327,30.2834,1961.17,23.34
2328,29.9713,1987.87,22.38
2329,29.8744,1913.37,22.46
2330,30.3566,2016.22,23.26
2331,29.9701,1957.52,23.72
2332,31.4358,1845.05,23.24
2333,29.7193,1849.78,24.5
2334,31.9255,2036.82,24.63
2335,31.3151,1912.32,26.07
2336,32.0058,1945.08,25.62
2337,32.4668,2120.4,26.06
2338,30.8032,1934.82,27.29
2339,30.4924,2042.27,27.58
2340,28.7331,2005.22,27.59
2341,28.5855,1942.83,26.63
2342,29.3228,1964.65,26.13
2343,30.5915,1981.37,26.99
2344,28.7498,2073.99,25.65
2345,29.112,1959.97,25.18
2346,28.0524,2005.5,25.44
2347,29.9492,2019.98,23.84
2348,28.7404,1917.23,23.77
2349,28.9839,2098.76,23.17
2350,29.5165,2076.43,23.64
2351,30.7043,1955.74,23.18
2352,29.9607,2021.51,23.22
2353,30.2992,2085.78,23.89
2354,29.923,2092.85,22.07
2355,30.1463,2070.94,23.54
2356,31.2045,2030.83,23.66
2357,32.4996,2151.55,24.65
2358,31.7093,2183.81,25.61
2359,31.5429,2200.25,25.19
2360,31.8464,2098.86,25.51
2361,31.2748,2139.27,26.21
2362,31.2519,2102.85,26.67
2363,30.7222,2029.69,27.34
2364,30.8678,2082.87,28.38
2365,29.5066,2043.87,26.95
2366,28.5762,2040.23,26.16
2367,28.9289,2022.61,26.49
2368,29.0308,2035.22,25.92
2369,28.5901,2071.01,25.6
2370,27.3438,2165.72,24.74
2371,29.1518,2084.1,24.45
2372,28.1095,2050.56,24.44
2373,29.9863,2207.82,24.2
2374,28.7448,2114.19,23.54
2375,30.0846,2136.28,23.83
2376,32.1214,2239.14,23.72
2377,29.3648,2118.58,23.76
2378,30.8292,2099.44,23.19
2379,30.8817,2161.87,23.95
2380,32.096,2046.47,24.37
2381,32.0632,2108.13,25.34
2382,32.6078,2263.22,25.43
2383,32.5444,2101.64,25.43
2384,32.6801,2125.77,25.93
2385,31.4799,2213.69,25.85
2386,30.9668,2057.77,27.42
2387,30.8444,2195.83,27.02
2388,29.6664,2097.22,27.45
2389,30.1262,2109.0,26.18
2390,30.398,2194.42,26.69
2391,29.8947,2154.37,26.43
2392,27.4473,2243.22,26.0
2393,29.0659,2174.33,25.85
2394,27.6687,2125.49,24.91
2395,27.559,2284.69,24.04
2396,28.5918,2179.22,24.46
2397,29.5639,2209.81,23.55
2398,29.0498,2180.49,23.24
2399,27.9138,2251.2,23.12
2400,29.0726,2113.43,22.83
2401,30.3002,2166.57,23.73
2402,31.467,2060.07,23.61
2403,31.7829,2170.69,23.76
2404,31.7269,2068.68,23.81
2405,32.4985,2096.74,25.17
2406,33.2541,2238.88,25.2
2407,32.356,2187.17,25.99
2408,31.4742,2184.42,25.53
2409,32.5651,2100.9,26.19
2410,30.0636,2073.42,26.54
2411,28.9783,2073.63,26.37
2412,30.8234,2049.19,26.85
2413,30.2613,2241.79,27.24
2414,29.1744,2266.27,26.76
2415,26.9547,2096.94,26.02
2416,29.0173,2126.12,25.53
2417,27.2865,2115.13,25.3
2418,27.4268,2118.94,25.1
2419,28.2975,2128.94,24.87
2420,29.9423,2049.41,24.97
2421,29.0783,2027.79,22.36
2422,30.5322,2077.47,22.77
2423,29.7859,2213.72,22.63
2424,29.1494,2065.75,22.62
2425,29.5391,2077.13,23.45
2426,31.6207,2065.17,23.56
2427,31.5064,2080.68,23.89
2428,31.6425,2142.24,24.93
2429,31.1042,2044.31,25.38
2430,30.7412,2114.05,24.5
2431,31.1682,2078.92,25.9
2432,31.0588,2115.68,26.25
2433,32.6891,2052.3,26.5
2434,31.8892,2096.15,26.83
2435,28.4194,1969.69,27.07
2436,29.9359,2077.72,27.22
2437,30.7523,2000.07,27.16
2438,29.7805,2109.74,26.68
2439,30.0019,1972.98,25.84
2440,26.5537,2070.62,26.49
2441,28.1393,2009.49,25.45
2442,29.2889,1947.04,24.3
2443,29.0569,1908.08,24.89
2444,29.6836,1974.4,23.3
2445,29.7319,2023.49,23.28
2446,30.0668,2044.7,23.58
2447,29.2627,1996.02,22.84
2448,28.7012,2004.79,22.3
2449,30.386,2035.48,24.27
2450,30.5753,1876.02,23.21
2451,30.5371,1947.97,24.02
2452,31.3829,1971.01,23.87
2453,30.7838,2026.14,24.97
2454,32.2415,1971.05,24.87
2455,30.9895,1925.46,25.56
2456,32.0834,1986.22,26.16
2457,30.3741,1934.95,25.88
2458,30.7824,2013.03,25.37
2459,30.7051,1936.25,25.94
2460,29.2964,2054.21,26.93
2461,28.896,1978.29,26.9
2462,28.8984,1945.06,26.08
2463,30.0993,1913.06,25.75
2464,28.9671,1997.04,26.29
2465,27.4479,2033.2,24.12
2466,29.1256,1871.62,26.42
2467,28.8631,1869.01,24.51
2468,28.5172,2002.62,24.48
2469,29.8184,1873.31,24.22
2470,28.8021,1924.42,22.19
2471,29.4342,1998.31,23.5
2472,30.5308,1870.64,23.43
2473,31.5511,1942.59,23.29
2474,30.7582,1957.41,23.69
2475,31.5711,1837.72,23.81
2476,30.8198,2008.02,23.85
2477,32.5671,2013.27,24.38
2478,32.0298,1857.16,24.58
2479,31.8852,1916.08,25.11
2480,30.2933,2036.58,26.18
2481,29.9734,1958.19,26.41
2482,29.8868,1915.17,26.84
2483,28.958,1952.32,27.2
2484,28.5028,1825.94,26.99
2485,28.7512,2069.04,27.36
2486,27.9366,1922.14,26.69
2487,28.9243,1874.92,25.95
2488,29.7106,1926.76,26.35
2489,28.6075,1828.01,25.3
2490,28.4793,1925.45,24.93
2491,28.1676,1862.56,25.07
2492,30.0536,1964.11,23.8
2493,29.0773,1960.0,23.82
2494,29.1855,1877.74,23.32
2495,30.0656,1908.57,22.62
2496,31.2389,1838.8,23.58
2497,30.7699,2005.64,23.22
2498,31.8134,1928.61,22.87
2499,30.8811,1993.38,23.12
2500,30.7564,1869.86,23.44
2501,29.1151,2022.19,24.59
2502,32.9833,1914.35,25.02
2503,30.8886,1977.56,25.06
2504,31.3091,1930.04,26.02
2505,30.9712,2021.6,26.3
2506,30.6985,1897.26,26.73
2507,30.1144,1913.1,26.71
2508,30.4286,2009.28,26.57
2509,30.8912,2040.59,26.67
2510,30.0373,2064.86,26.71
2511,28.7162,1857.22,26.43
2512,27.995,2042.75,25.85
2513,27.5372,2042.66,25.29
2514,27.9314,2012.67,24.85
2515,28.6729,2010.06,23.41
2516,28.9681,2046.79,24.46
2517,27.8901,1988.5,23.27
2518,28.8633,2051.46,22.44
2519,30.1033,2046.94,22.88
2520,30.7661,1984.07,23.08
2521,30.882,2116.81,23.02
2522,29.0879,1981.11,24.13
2523,30.2321,2097.67,23.43
2524,30.668,2032.89,23.47
2525,31.6034,1985.05,23.9
2526,32.951,2103.71,25.03
2527,31.9344,2015.55,26.02
2528,31.5688,1962.92,25.66
2529,30.2041,2158.97,25.82
2530,32.3391,2115.43,26.47
2531,30.6214,2090.46,27.2
2532,31.3148,2061.54,27.33
2533,29.8436,2039.54,26.39
2534,29.1965,2069.94,26.61
2535,28.8835,2230.85,26.21
2536,28.2279,2085.19,25.61
2537,29.2896,2078.74,25.85
2538,29.2956,2122.54,24.88
2539,29.2028,2122.66,24.95
2540,28.1617,2128.05,25.38
2541,29.756,2175.41,23.19
2542,29.1533,2073.88,23.1
2543,30.0711,2157.75,22.34
2544,28.825,2053.84,22.42
2545,29.3078,2122.04,23.87
2546,32.0338,2064.05,24.08
2547,30.8566,2029.04,23.25
2548,31.6638,2154.56,24.17
2549,31.2253,2214.71,24.66
2550,32.3533,2226.35,24.96
2551,32.0005,2177.88,25.42
2552,31.9581,2167.55,26.86
2553,30.3144,2174.49,26.09
2554,30.1481,2045.7,26.58
2555,29.4234,2177.75,26.32
2556,29.9566,2171.2,26.16
2557,28.2797,2168.24,27.21
2558,28.8178,2196.1,26.3
2559,29.1699,2116.26,27.08
2560,29.4733,2310.8,25.39
2561,27.8035,2188.86,26.0
2562,30.0377,2287.06,25.22
2563,28.9743,2214.0,24.21
2564,29.6183,2056.58,23.91
2565,28.0154,2225.75,23.52
2566,29.2745,2182.59,22.06
2567,30.2787,2038.64,23.71
2568,29.8318,2144.72,22.89
2569,29.4289,2239.28,23.44
2570,30.513,2218.99,23.53
2571,33.8651,2132.9,23.62
2572,31.3246,2072.98,24.16
2573,31.5896,2112.14,24.35
2574,30.6871,2137.44,24.47
2575,30.5391,2091.31,25.01
2576,31.2795,2080.22,26.4
2577,30.2303,2215.39,25.39
2578,30.4224,2160.07,27.29
2579,31.3748,2091.29,26.09
2580,29.3772,2088.85,27.93
2581,29.7164,2154.12,26.25
2582,31.2294,2024.87,27.28
2583,30.0823,2074.66,26.64
2584,26.7412,2066.11,26.48
2585,29.5786,2168.16,25.39
2586,28.1694,2021.95,24.06
2587,27.8098,2090.89,24.15
2588,28.8222,2132.56,23.58
2589,27.6338,1980.87,23.37
2590,29.6606,1953.44,23.41
2591,30.0969,2063.87,23.08
2592,30.05,2058.56,22.69
2593,31.5772,2175.53,22.77
2594,31.0617,2111.16,23.14
2595,29.6935,2172.78,23.29
2596,30.192,2157.1,22.82
2597,31.4714,2087.7,25.05
2598,31.9261,1926.7,25.28
2599,32.3754,2050.78,25.67
2600,32.1972,2125.52,25.85
2601,32.7478,2080.79,27.17
2602,28.8866,2124.61,26.35
2603,29.6553,2065.7,27.84
2604,30.4996,2033.28,26.94
2605,28.7604,2078.14,27.38
2606,29.4066,1982.23,26.65
2607,28.3995,2043.18,26.33
2608,30.2752,2104.69,26.78
2609,28.793,2072.66,24.87
2610,28.4785,1932.55,25.03
2611,29.2163,1968.08,23.33
2612,29.25,2009.1,23.11
2613,29.4985,2030.89,23.61
2614,28.4229,1980.3,23.18
2615,28.9799,2122.6,23.26
2616,29.6712,1985.99,22.6
2617,31.5025,1951.63,22.78
2618,31.5938,1944.04,24.56
2619,30.6392,1999.07,22.78
2620,31.1038,1991.5,24.44
2621,31.0521,1999.68,24.13
2622,32.4935,1964.0,24.98
2623,31.7102,1949.4,26.08
2624,31.6649,1967.89,26.23
2625,31.6438,1967.82,25.86
2626,30.3446,1931.0,26.51
2627,30.693,2024.34,27.58
2628,29.8223,1887.73,26.62
2629,27.9353,1992.93,27.63
2630,28.8216,1911.25,27.53
2631,28.3787,1956.19,26.65
2632,28.5134,2025.21,26.15
2633,28.8306,2002.27,24.69
2634,30.1281,1948.12,24.71
2635,28.4428,1796.37,24.82
2636,30.2145,1914.51,24.94
2637,28.2417,1860.5,23.58
2638,29.5783,1997.43,23.22
2639,30.3586,1808.04,22.4
2640,29.2414,1991.35,22.5
2641,29.3964,2071.45,22.41
2642,32.1883,1976.98,23.35
2643,28.6774,1847.67,23.48
2644,30.2177,1917.59,23.94
2645,30.5565,1796.85,24.5
2646,30.3916,1987.61,25.1
2647,31.8652,1958.11,25.76
2648,31.7571,1871.7,25.6
2649,31.0116,1914.46,27.67
2650,31.2665,1938.45,26.47
2651,29.33,1864.94,27.04
2652,29.1423,1892.56,26.35
2653,28.35,2032.52,27.37
2654,29.1293,1943.09,26.87
2655,28.7482,1887.0,27.31
2656,28.6426,1845.36,26.22
2657,28.2876,1954.88,25.84
2658,27.9748,1838.2,24.53
2659,29.5071,1908.76,24.33
2660,29.7822,1980.5,23.6
2661,28.6789,1950.06,23.05
2662,30.2816,2051.57,24.33
2663,29.4883,1984.66,23.69
2664,30.7727,1828.39,22.96
2665,29.8009,1970.53,23.25
2666,31.812,1972.37,23.55
2667,31.8475,1934.36,23.86
2668,32.8209,2054.61,24.09
2669,30.4679,1912.28,24.78
2670,31.2559,1974.39,24.71
2671,31.8078,2008.77,26.17
2672,31.5489,1984.93,26.77
2673,31.4169,1844.02,26.59
2674,31.089,2090.27,26.53
2675,30.4116,1982.96,26.5
2676,29.1034,2178.12,27.76
2677,29.9958,2074.15,27.21
2678,29.0733,1986.77,27.19
2679,29.3562,1917.25,26.2
2680,28.5876,1974.11,25.09
2681,29.1102,2019.12,25.51
2682,28.4357,1910.23,25.19
2683,29.7874,2076.71,24.75
2684,28.1283,2073.41,24.7
2685,28.9066,2017.0,22.46
2686,29.6724,2020.61,22.71
2687,30.7238,1974.74,23.36
2688,29.8305,2139.63,23.48
2689,31.0749,1987.24,22.72
2690,30.5931,2060.78,23.56
2691,31.0104,2046.49,23.45
2692,32.9766,2038.32,24.11
2693,30.9778,2034.52,24.46
2694,31.3142,1958.53,25.55
2695,32.1639,1995.75,25.6
2696,31.6296,2053.94,25.33
2697,30.5947,2061.95,27.17
2698,30.8982,2078.11,27.55
2699,30.4092,2091.36,26.65
2700,29.0193,2164.41,26.74
2701,30.927,2107.71,27.58
2702,29.1347,2196.31,26.71
2703,28.3714,2101.2,26.83
2704,27.5629,2160.97,26.33
2705,29.0216,2148.05,25.9
2706,28.1392,2041.62,24.18
2707,28.5803,2159.21,23.77
2708,28.2914,2052.23,24.0
2709,29.6156,2052.53,23.23
2710,29.7801,2129.63,22.51
2711,31.0119,2124.24,23.57
2712,31.7486,2105.13,23.13
2713,29.8712,1999.93,24.45
2714,30.773,2224.59,23.66
2715,31.3423,2178.69,23.06
2716,32.0277,2172.43,24.83
2717,32.464,2106.78,24.17
2718,31.0643,2174.73,25.01
2719,30.2424,2129.76,26.11
2720,31.1781,2178.34,25.76
2721,30.5373,2180.69,26.4
2722,31.0058,2084.21,26.86
2723,30.2046,2152.49,26.87
2724,29.5662,2184.27,27.67
2725,29.1482,2258.45,26.56
2726,29.2104,2061.28,27.03
2727,30.486,2162.87,26.57
2728,29.0969,2265.23,25.51
2729,29.1236,2202.38,25.6
2730,29.1631,2187.38,25.4
2731,28.9224,2108.94,24.63
2732,28.1763,2126.04,24.46
2733,28.5785,2161.54,23.59
2734,27.6548,2257.55,22.61
2735,30.0119,2126.43,23.64
2736,29.4764,2136.22,23.25
2737,30.4489,2092.23,22.87
2738,29.0045,2137.43,22.65
2739,30.1567,2118.23,24.02
2740,31.7016,2130.32,24.23
2741,31.0687,2082.34,24.34
2742,30.7883,2087.92,25.34
2743,30.9651,2187.68,25.3
2744,30.8519,2176.97,26.33
2745,30.9966,2204.41,25.95
2746,31.2357,2185.96,25.26
2747,30.4926,2087.1,27.24
2748,30.4783,2132.34,26.91
2749,29.1698,2126.26,26.68
2750,29.4662,2122.95,26.76
2751,28.5382,2157.96,27.08
2752,28.501,2115.1,26.43
2753,29.1097,2144.82,26.03
2754,28.1835,2195.58,24.46
2755,28.6008,2084.79,24.17
2756,27.365,2044.74,24.1
2757,29.7036,1988.06,23.06
2758,29.3329,2089.86,23.4
2759,30.6149,2143.15,23.17
2760,31.1704,2117.3,22.49
2761,29.452,2068.95,23.53
2762,31.0348,2069.98,24.03
2763,30.8684,2076.74,22.88
2764,32.0948,2191.74,23.95
2765,32.0528,1978.45,25.23
2766,32.3163,2143.2,24.55
2767,30.416,2044.03,24.95
2768,31.9276,2036.55,25.14
2769,30.0825,1990.94,25.61
2770,30.8076,2125.83,26.61
2771,30.4894,2063.28,27.04
2772,31.246,2066.86,27.35
2773,30.2259,2004.04,26.25
2774,29.5397,1979.48,27.03
2775,28.447,2116.03,26.14
2776,28.2299,1939.88,26.46
2777,28.7901,1938.25,25.45
2778,28.117,1907.69,25.76
2779,27.0666,1971.09,23.74
2780,29.5881,1953.14,24.39
2781,28.6893,2044.73,23.63
2782,28.2827,1916.27,23.81
2783,30.3346,1978.23,23.15
2784,30.2131,2120.37,22.63
2785,31.1379,1918.32,22.26
2786,29.1524,1985.08,23.1
2787,30.6106,1958.06,24.26
2788,31.7022,1970.29,23.35
2789,32.8433,1954.34,24.87
2790,32.4945,1976.4,25.68
2791,30.9994,1959.8,25.32
2792,30.1756,2032.95,26.52
2793,32.3188,1978.12,27.07
2794,30.1729,1915.15,25.84
2795,30.0431,1881.81,27.44
2796,29.9705,2012.81,27.09
2797,29.7788,1862.91,25.79
2798,28.7526,2025.13,27.28
2799,27.682,1775.93,26.04
2800,28.5252,1855.01,26.46
2801,29.7597,1945.4,25.52
2802,27.4936,1924.09,24.25
2803,29.5756,1972.76,24.83
2804,28.8797,2042.03,25.01
2805,28.5733,1971.04,23.35
2806,30.3281,1926.88,23.42
2807,30.4022,1769.31,23.02
2808,30.7937,1914.25,23.72
2809,32.7284,1989.46,23.3
2810,29.5023,1888.03,23.08
2811,30.7272,1778.53,23.72
2812,32.5925,2025.13,23.91
2813,30.7742,1880.02,23.74
2814,31.9031,1904.77,24.33
2815,32.4782,1942.71,25.27
2816,30.7289,1864.25,25.28
2817,31.4351,1964.53,26.79
2818,31.278,1979.63,26.39
2819,29.5947,1911.37,27.05
2820,29.4659,1848.32,27.71
2821,28.7359,1852.87,26.29
2822,29.9201,2035.55,27.38
2823,28.1771,1839.31,26.79
2824,27.6928,1929.64,26.0
2825,27.8381,1976.48,25.68
2826,28.2172,1947.48,24.83
2827,28.9065,1972.27,24.28
2828,28.774,1986.52,24.26
2829,29.4788,1838.81,23.42
2830,30.104,1880.32,22.75
2831,29.7213,1934.18,23.33
2832,30.1327,1859.84,22.94
2833,30.066,1967.53,22.91
2834,30.1222,1916.84,23.89
2835,31.1168,2023.76,24.3
2836,32.7034,1881.04,24.31
2837,31.777,2001.32,24.95
2838,30.9269,1974.79,24.95
2839,31.5953,1891.71,24.93
2840,30.6601,1925.58,25.62
2841,31.401,1954.21,26.02
2842,30.2304,1969.42,27.11
2843,29.0665,2003.14,27.84
2844,30.6011,2008.05,27.02
2845,28.1909,2005.8,27.51
2846,30.2848,1892.26,26.12
2847,29.5768,2007.44,26.19
2848,28.5064,1940.36,25.76
2849,28.0713,1978.31,25.01
2850,28.9724,2041.48,25.63
2851,28.364,1974.2,24.29
2852,28.8171,1882.0,23.54
2853,28.4766,1952.29,23.46
2854,29.4771,2005.85,23.52
2855,30.2995,2088.49,23.48
2856,30.0269,2079.25,23.34
2857,30.2315,2057.31,23.55
2858,31.6806,2220.45,24.53
2859,31.0351,2052.84,23.62
2860,30.8593,2034.54,24.36
2861,32.3019,2107.05,25.42
2862,31.2428,2022.83,25.76
2863,30.1513,2087.77,26.45
2864,31.1738,1994.49,26.28
2865,30.9722,2098.35,25.82
2866,29.2313,2046.59,26.82
2867,29.4792,1969.83,27.03
2868,29.8585,2056.53,26.87
2869,28.6882,2095.29,28.08
2870,30.315,2150.63,26.76
2871,27.9735,2118.19,26.85
2872,27.133,2101.6,26.36
2873,27.4894,2033.74,25.01
2874,27.4647,2127.77,24.78
2875,28.8397,2151.41,24.85
2876,28.9448,2135.65,23.09
2877,29.0402,2215.04,23.81
2878,30.2346,2111.45,23.71
2879,29.4795,2169.21,22.95
2880,29.3303,2123.32,23.17
2881,31.424,2154.03,22.63
2882,30.8183,2189.81,23.11
2883,31.0693,2253.3,22.78
2884,31.968,2122.45,24.13
2885,33.067,2206.73,23.97
2886,30.7821,2177.83,24.17
2887,30.6115,2188.82,26.43
2888,30.921,2102.93,26.26
2889,31.5459,2170.77,26.95
2890,29.0975,2116.47,26.33
2891,29.4325,2173.81,26.52
2892,29.9541,2151.49,26.04
2893,30.0274,2033.41,27.48
2894,29.187,2131.05,26.76
2895,29.2986,2228.41,25.81
2896,28.8908,2178.8,26.48
2897,28.5281,2103.45,25.27
2898,29.7717,2158.0,25.84
2899,29.0083,2114.47,23.84
2900,28.4381,2083.88,23.52
2901,29.0423,2107.12,23.46
2902,28.028,2149.86,23.37
2903,30.0263,2205.48,22.02
2904,29.7648,2072.86,24.02
2905,29.8358,2088.0,23.38
2906,31.3347,2236.9,23.05
2907,30.5063,2272.65,24.46
2908,30.5791,2140.05,23.67
2909,31.2069,2092.19,24.7
2910,31.3981,2188.69,24.76
2911,32.0617,2091.57,25.72
2912,31.5952,2161.39,26.93
2913,31.6463,2168.97,26.96
2914,31.5787,2190.02,26.86
2915,30.9781,2093.33,26.54
2916,29.9897,2133.83,26.89
2917,30.7759,2142.11,26.99
2918,29.9824,2105.5,27.02
2919,30.0966,2146.41,26.72
2920,29.504,2143.26,26.59
2921,27.9456,2156.69,25.33
2922,28.6505,2180.16,25.77
2923,28.6032,2122.71,23.97
2924,30.0055,2126.8,23.99
2925,29.4076,2196.43,23.18
2926,28.0794,2047.7,23.81
2927,29.4059,2203.31,22.46
2928,29.2768,2084.8,22.25
2929,29.6236,2045.72,23.34
2930,31.1934,1949.03,23.27
2931,30.2027,2201.22,23.14
2932,31.139,2197.91,23.81
2933,30.4773,2084.7,24.3
2934,32.3905,1968.59,24.58
2935,29.6682,2103.88,24.45
2936,31.3286,2103.3,26.73
2937,31.2385,2022.68,26.18
2938,31.6781,2050.14,27.26
2939,31.6611,2185.86,28.6
2940,29.5781,2110.65,26.83
2941,31.5847,1928.05,27.77
2942,29.1542,1950.44,26.85
2943,28.8687,2149.59,26.3
2944,28.5009,2122.36,24.66
2945,27.8093,2039.73,25.66
2946,29.1031,2009.61,24.98
2947,27.8676,2148.36,24.0
2948,28.733,2094.61,23.98
2949,28.1712,1984.75,22.51
2950,30.1499,2010.03,23.93
2951,28.818,1984.68,23.19
2952,30.4323,1976.68,22.32
2953,29.1696,1968.52,23.43
2954,29.7485,2137.86,23.2
2955,31.7695,1972.94,24.35
2956,31.8067,2057.35,24.16
2957,31.1914,2087.48,24.13
2958,30.6913,2059.06,25.24
2959,32.6982,1925.02,25.24
2960,31.6059,2092.87,26.05
2961,30.0883,1941.58,26.87
2962,31.354,1881.72,27.49
2963,30.1123,1976.2,27.04
2964,30.2981,2014.63,27.04
2965,29.5911,1898.63,27.47
2966,28.7132,1972.19,27.69
2967,28.0661,1781.11,26.2
2968,29.5195,1969.88,25.31
2969,28.2999,1872.55,25.41
2970,29.1165,1905.75,25.11
2971,28.9224,1920.9,24.8
2972,28.7245,1906.21,24.4
2973,28.6989,2008.82,23.44
2974,29.8773,1994.13,23.26
2975,29.1406,2002.31,23.15
2976,31.281,2020.79,22.95
2977,31.508,1996.28,23.16
2978,31.2778,1860.69,22.57
2979,30.7976,1822.48,22.92
2980,31.4622,1928.19,24.86
2981,30.8279,1899.88,24.39
2982,31.716,1881.87,25.61
2983,31.309,2008.51,25.76
2984,31.9042,1888.63,25.55
2985,31.6746,1994.57,26.55
2986,31.0235,1920.07,27.02
2987,30.0206,1869.29,26.45
2988,30.014,1910.18,26.25
2989,31.239,1899.46,26.73
2990,28.8464,1866.89,26.91
2991,28.7128,1940.66,26.73
2992,28.5189,1936.08,25.73
2993,27.5639,1824.3,25.65
2994,28.0548,1877.75,25.33
2995,28.8543,1933.48,23.82
2996,28.6239,1954.84,23.61
2997,30.0174,1957.97,23.8
2998,30.2502,1927.47,24.15
2999,29.3544,2051.42,23.03
3000,28.0939,1870.83,22.94
3001,30.4862,2031.5,23.3
3002,29.3988,2028.25,22.74
3003,31.1493,1927.84,23.74
3004,32.0702,1853.23,22.97
3005,31.1643,2003.57,24.64
3006,31.5561,1935.7,25.04
3007,30.9977,2011.91,25.71
3008,31.1661,1895.19,25.59
3009,29.9478,1910.86,26.85
3010,30.4129,1960.59,26.43
3011,30.7519,1944.5,26.93
3012,29.3461,2001.65,26.42
3013,29.9561,1895.11,27.13
3014,29.0856,2002.27,27.41
3015,29.8411,1951.72,25.88
3016,28.324,2104.82,26.52
3017,27.9233,1976.02,26.42
3018,29.886,2041.01,24.9
3019,28.0198,1951.82,24.9
3020,27.7079,2048.58,23.03
3021,28.2546,1993.19,23.21
3022,29.4349,2095.65,23.26
3023,28.9271,2017.96,23.52
3024,28.8768,2043.42,22.58
3025,31.3061,2108.57,23.58
3026,30.6568,2031.89,23.11
3027,30.4091,2039.76,23.61
3028,30.8357,2128.91,23.94
3029,31.9983,2059.13,24.23
3030,33.9361,1972.65,25.52
3031,30.9599,2055.0,25.0
3032,31.9359,2040.71,25.31
3033,30.2196,2050.72,26.48
3034,31.5808,2118.38,25.55
3035,30.6923,2076.97,26.81
3036,30.5679,2132.1,27.28
3037,30.3394,2091.94,27.74
3038,29.4357,2160.55,27.33
3039,27.636,2032.87,26.0
3040,29.2289,2104.52,25.74
3041,27.8252,2042.99,24.83
3042,27.896,2074.03,24.62
3043,27.7145,2056.98,24.4
3044,28.1984,2064.81,23.46
3045,28.6226,2090.78,23.64
3046,29.9042,2143.16,23.23
3047,29.8397,2098.76,22.4
3048,31.5415,2102.52,22.37
3049,30.3141,2150.09,23.31
3050,31.4234,2256.31,23.09
3051,31.2511,2043.35,23.25
3052,30.9088,2140.47,23.78
3053,32.0844,2079.55,24.45
3054,31.1218,2183.42,24.95
3055,29.263,2129.33,24.74
3056,30.4991,2057.72,26.99
3057,29.9202,2205.94,26.34
3058,31.0809,2063.5,27.2
3059,29.88,2227.36,26.76
3060,29.3538,2073.69,26.43
3061,30.4873,2167.05,27.21
3062,28.7289,2178.87,26.65
3063,28.833,2088.65,27.3
3064,28.7275,2092.12,25.95
3065,28.6511,2156.9,25.77
3066,28.9337,2129.97,25.43
3067,29.6616,2101.88,24.37
3068,28.4793,2246.91,24.23
3069,30.1633,2194.24,23.77
3070,29.5127,2038.96,23.43
3071,31.0602,2150.19,22.63
3072,30.7613,2077.94,23.39
3073,29.8211,2052.78,23.42
3074,31.6404,2091.05,22.65
3075,30.8505,2119.55,21.8
3076,31.7551,2263.51,24.41
3077,31.7807,2058.35,23.82
3078,32.2696,2184.62,25.2
3079,31.7509,2087.92,25.3
3080,30.7186,2116.43,25.35
3081,30.5822,2129.05,26.3
3082,30.6336,2161.8,27.69
3083,30.9231,2140.23,26.93
3084,29.9213,2249.65,25.63
3085,29.0652,2077.9,27.22
3086,29.1219,2164.1,26.41
3087,29.87,2089.14,26.0
3088,30.7631,2127.98,26.53
3089,28.6346,2036.49,25.32
3090,29.8891,1954.75,24.58
3091,28.2849,2133.35,24.66
3092,30.0254,2002.38,23.77
3093,27.8167,2177.66,23.66
3094,29.3031,2187.12,22.88
3095,29.9587,2047.24,24.1
3096,29.05,2070.93,24.2
3097,29.8118,2035.27,23.39
3098,29.6741,1972.07,23.19
3099,31.9029,1953.71,22.74
3100,32.1955,2045.37,23.92
3101,30.6617,2013.92,25.05
3102,33.089,1995.61,24.29
3103,31.0705,2134.21,25.35
3104,30.4982,2015.23,26.5
3105,31.0677,2091.13,26.21
3106,30.5024,1985.34,27.5
3107,30.5746,2111.68,27.97
3108,30.7751,1887.95,25.88
3109,28.807,2004.08,26.52
3110,29.9063,2134.77,26.88
3111,27.808,2085.84,26.78
3112,28.3534,1954.76,25.69
3113,28.1602,1924.52,24.77
3114,27.0857,2039.03,25.39
3115,28.2989,2067.97,24.31
3116,28.8729,2002.32,23.89
3117,30.0714,1895.36,23.66
3118,29.4344,2030.71,22.66
3119,30.5843,2037.13,23.47
3120,28.9664,1950.63,22.97
3121,30.8466,1868.08,23.14
3122,31.2764,1915.92,22.18
3123,31.3957,1961.42,23.7
3124,31.1751,2009.49,24.27
3125,30.8256,1990.76,23.76
3126,32.4304,1925.41,25.19
3127,31.48,1954.6,25.72
3128,33.1207,1911.63,25.78
3129,31.5223,1891.82,25.96
3130,30.9112,1955.35,26.57
3131,30.5962,2004.74,27.3
3132,30.2112,1965.15,26.46
3133,29.7231,1949.63,26.96
3134,28.3902,2057.89,27.22
3135,28.1483,1918.28,25.87
3136,29.8206,1958.21,25.54
3137,28.8868,1951.13,25.24
3138,29.4499,1894.42,24.59
3139,28.5482,2037.62,24.71
3140,28.418,1891.64,24.16
3141,27.9345,1935.46,23.71
3142,29.9905,1984.85,22.5
3143,29.1513,1983.43,22.56
3144,31.0344,1912.51,22.82
3145,30.2507,1860.54,22.56
3146,30.4502,1873.63,24.06
3147,30.8916,1900.1,23.7
3148,31.6049,1944.87,23.98
3149,31.265,2047.49,24.91
3150,31.316,1897.87,23.67
3151,31.7848,1859.32,25.63
3152,30.1842,1935.32,25.47
3153,30.2883,1832.7,26.96
3154,31.4195,1908.04,26.36
3155,30.2545,1879.79,26.69
3156,29.6271,1836.68,26.79
3157,28.62,1769.06,26.92
3158,29.5353,1953.49,27.3
3159,29.3437,2034.81,26.41
3160,28.6926,1844.65,26.74
3161,28.2846,1803.07,25.73
3162,28.2148,1896.69,25.38
3163,27.8427,2123.43,24.26
3164,28.4776,1892.2,24.49
3165,27.9011,1906.02,23.0
3166,29.6079,2053.01,23.53
3167,30.5662,1967.33,23.36
3168,29.9296,1904.46,21.64
3169,29.4546,1866.6,23.11
3170,30.3208,1872.58,22.78
3171,31.9684,1964.06,22.77
3172,32.5463,1977.65,24.39
3173,30.9499,2001.09,24.9
3174,31.0498,2041.32,25.15
3175,31.2929,2061.89,25.36
3176,31.3242,2145.72,26.23
3177,29.9608,1974.93,25.48
3178,29.888,2021.39,26.78
3179,29.9836,1908.67,27.15
3180,29.7706,1991.46,26.9
3181,30.0208,2130.68,26.44
3182,28.3813,1994.2,26.6
3183,29.0011,1991.62,27.07
3184,29.1187,2003.49,25.59
3185,28.3143,2017.92,25.81
3186,28.3089,2037.07,24.33
3187,28.9005,2091.53,24.17
3188,30.7634,1993.97,23.28
3189,30.1092,2043.06,24.19
3190,29.8156,1988.73,23.43
3191,30.2391,2144.17,23.01
3192,29.5359,2076.9,22.55
3193,31.2733,2004.93,22.88
3194,31.1954,2011.48,23.74
3195,31.7255,2094.26,23.43
3196,32.5002,2059.96,24.2
3197,31.4599,1973.78,24.74
3198,31.646,1992.53,24.51
3199,30.6093,2036.08,25.79
3200,31.2479,2228.8,25.43
3201,30.5798,2061.87,26.09
3202,29.9138,2107.03,25.77
3203,30.9389,2074.14,27.43
3204,30.4557,2175.55,27.04
3205,28.8112,2096.85,27.09
3206,29.2354,2142.51,26.88
3207,29.1021,2194.01,26.98
3208,28.3624,2073.21,26.23
3209,28.8054,2126.14,25.31
3210,28.6066,1948.73,26.01
3211,28.5386,2149.6,24.73
3212,29.0014,2028.3,23.27
3213,27.8995,1935.34,22.52
3214,29.0369,2091.57,22.81
3215,30.8263,2205.76,23.33
3216,29.5755,1969.61,23.37
3217,32.461,2006.73,22.98
3218,31.1992,2131.82,22.99
3219,30.1569,2161.54,23.38
3220,29.8848,2200.34,23.69
3221,31.4625,2123.68,23.6
3222,31.2347,2077.62,24.43
3223,31.3029,2153.28,25.28
3224,30.5831,2171.03,26.04
3225,30.9574,2200.05,26.11
3226,29.3559,2078.69,26.73
3227,30.123,2102.06,27.36
3228,30.8382,2196.41,27.26
3229,31.7842,2262.27,26.91
3230,30.0374,2155.4,26.15
3231,29.4929,2188.34,26.19
3232,28.5031,2156.35,26.09
3233,29.4904,2204.57,25.18
3234,28.0997,2154.43,24.32
3235,28.8468,2187.38,23.96
3236,28.54,2143.82,23.62
3237,27.6781,2222.77,24.71
3238,29.3352,2067.26,23.1
3239,28.4413,2235.17,22.92
3240,29.6354,2157.56,22.36
3241,30.7914,2095.58,22.57
3242,31.618,2126.54,23.52
3243,31.7796,2046.19,22.98
3244,30.9772,2181.15,24.37
3245,31.2505,2195.49,25.21
3246,31.5775,2130.97,24.9
3247,31.8569,2209.41,25.53
3248,31.0134,2147.12,26.12
3249,30.9741,2042.17,26.95
3250,32.5274,2026.55,26.97
3251,29.6055,2153.29,27.12
3252,30.9376,2153.22,27.4
3253,28.2795,2111.44,27.85
3254,28.6812,2241.52,26.39
3255,29.8293,2143.59,26.37
3256,29.6131,2223.98,24.97
3257,27.8336,2151.72,25.36
3258,26.9962,2146.92,25.21
3259,29.7156,2114.67,24.99
3260,28.3734,2050.96,23.7
3261,29.5414,2114.8,23.62
3262,30.0002,2116.85,23.31
3263,28.5973,2164.52,23.28
3264,30.8762,2052.67,21.99
3265,29.9614,2096.85,23.17
3266,29.7475,2133.29,22.74
3267,31.6824,2064.72,23.4
3268,30.2997,2044.92,24.44
3269,30.384,2037.64,25.02
3270,31.2596,2080.94,25.27
3271,33.1822,2066.13,26.23
3272,31.0168,2106.37,25.01
3273,31.1813,2073.83,25.91
3274,29.9243,1939.48,26.35
3275,32.7206,1967.52,27.65
3276,31.0799,2115.81,26.86
3277,29.7594,2072.78,27.77
3278,29.3989,2053.52,27.11
3279,30.1659,2076.9,25.95
3280,27.6461,1919.38,25.96
3281,27.6421,2071.27,25.08
3282,28.7399,2046.28,24.74
3283,28.4369,2000.16,24.25
3284,29.0948,2020.73,23.77
3285,28.6961,2004.15,23.61
3286,30.1457,2093.7,22.98
3287,29.0367,1965.91,21.82
3288,29.3002,2028.7,22.78
3289,29.6117,1930.32,22.73
3290,30.6668,2018.13,23.83
3291,31.8711,1899.23,24.56
3292,30.626,1949.38,24.02
3293,32.4366,1884.76,24.74
3294,31.2509,1884.16,25.29
3295,32.3198,2033.36,26.19
3296,30.9165,1886.28,25.93
3297,32.2948,1999.93,26.98
3298,31.492,2014.2,26.59
3299,30.5083,1939.39,26.2
3300,29.4611,1999.03,27.02
3301,30.3867,1971.09,26.62
3302,29.6566,1929.65,26.09
3303,27.8674,1865.03,26.2
3304,28.2799,1946.96,26.55
3305,27.8916,1961.33,25.8
3306,28.3458,1965.15,25.35
3307,27.0475,1903.82,23.64
3308,28.2702,1934.67,23.08
3309,28.4202,1886.86,22.41
3310,29.3743,1863.88,23.57
3311,30.8086,1907.65,21.79
3312,29.8061,2013.36,23.55
3313,29.3763,1856.6,22.57
3314,30.6463,1920.05,23.6
3315,30.4144,1751.38,24.36
3316,30.0606,1898.89,25.08
3317,31.289,1827.48,25.51
3318,29.6295,1915.07,24.96
3319,30.6188,1811.43,25.38
3320,31.9618,1959.36,26.0
3321,31.2834,1876.95,26.01
3322,30.5182,1865.8,26.52
3323,30.1536,1882.39,27.39
3324,30.0867,1895.36,26.14
3325,29.4349,1893.05,27.87
3326,29.4076,1943.37,27.48
3327,27.675,1874.24,26.52
3328,28.0917,1903.33,25.54
3329,27.6366,1958.01,25.1
3330,29.8345,1897.86,24.91
3331,29.5759,1997.57,24.43
3332,29.2276,1954.94,24.29
3333,28.5326,1906.47,23.23
3334,29.1825,2034.68,23.24
3335,29.1385,1914.23,23.37
3336,29.9009,1923.02,22.64
3337,29.5335,2121.79,22.88
3338,30.7903,1925.89,22.02
3339,30.1167,1964.92,23.25
3340,30.3638,1868.48,23.71
3341,29.9928,1970.38,24.38
3342,30.1713,1976.4,25.24
3343,31.3258,2148.49,25.54
3344,31.808,1876.86,25.38
3345,30.7904,1952.04,25.59
3346,30.2711,1918.39,26.8
3347,30.4049,1914.29,25.64
3348,30.3924,1955.57,27.53
3349,30.0712,1904.08,25.82
3350,29.7005,1964.03,26.0
3351,28.5489,2213.56,27.43
3352,28.7203,2035.6,25.92
3353,29.1751,1942.17,25.24
3354,28.9302,2011.92,25.16
3355,27.7235,2126.67,24.24
3356,28.2417,2043.39,23.89
3357,29.5373,2166.96,23.88
3358,28.6617,2129.19,23.24
3359,29.2049,2037.59,22.45
3360,30.2687,1978.01,22.62
3361,30.9935,2037.34,22.83
3362,30.1338,2023.45,23.47
3363,32.2828,2071.17,23.41
3364,30.0881,2085.53,24.83
3365,30.7442,1974.53,24.69
3366,32.9208,1989.58,25.01
3367,31.2655,2080.86,25.46
3368,31.9106,2148.07,25.69
3369,31.3492,2060.82,26.45
3370,30.8919,2111.71,26.4
3371,31.905,2070.21,27.14
3372,31.4201,2095.24,26.69
3373,29.2013,2139.82,26.48
3374,29.4552,2049.2,26.3
3375,28.2585,2043.76,26.54
3376,30.1773,2173.64,25.65
3377,28.3449,2161.11,25.45
3378,27.7227,2138.81,24.69
3379,28.8978,2061.64,24.28
3380,29.8736,2108.35,23.89
3381,28.7007,2110.41,23.46
3382,27.8421,2098.41,22.43
3383,30.3411,2125.83,23.07
3384,29.7329,2127.08,22.59
3385,29.5096,2099.86,24.09
3386,30.2675,2138.58,24.05
3387,30.6367,2155.92,23.85
3388,29.8322,2173.1,24.08
3389,31.333,2099.24,25.0
3390,31.2268,2059.73,24.51
3391,31.3203,2148.33,25.61
3392,32.8243,2166.62,25.48
3393,32.3065,2117.86,26.06
3394,31.1748,2210.56,26.4
3395,31.2783,2067.88,27.31
3396,29.1449,2034.09,28.07
3397,28.9963,2185.67,27.39
3398,29.5787,2182.4,26.39
3399,29.5357,2122.41,25.81
3400,28.6262,2133.34,25.91
3401,27.5198,1979.13,25.74
3402,27.6505,2177.21,25.18
3403,29.4015,2094.62,24.82
3404,28.9527,2112.65,24.33
3405,28.6369,2201.22,23.33
3406,28.8753,1998.58,23.24
3407,29.0867,2149.51,22.49
3408,30.8593,2165.17,22.93
3409,31.1025,2211.98,22.62
3410,29.1744,2152.23,23.13
3411,31.0245,2102.68,23.15
3412,31.6314,2169.86,24.65
3413,30.8209,2224.31,23.55
3414,30.4086,2120.75,25.31
3415,31.6286,2113.5,25.69
3416,31.901,2119.19,25.78
3417,30.745,2166.79,26.45
3418,31.0207,2058.39,25.83
3419,30.7545,2098.27,26.27
3420,29.6339,2089.37,27.02
3421,29.7091,2123.67,26.94
3422,28.3984,2086.67,26.31
3423,29.4749,2018.88,26.57
3424,29.3779,2137.89,26.24
3425,27.8762,2193.9,25.91
3426,29.1517,2086.17,25.86
3427,27.534,2123.49,24.44
3428,29.4767,1994.93,24.03
3429,28.8332,2081.6,23.03
3430,29.2411,2054.42,22.88
3431,29.0447,2119.83,23.02
3432,30.1743,2111.76,23.09
3433,30.0192,2147.44,23.09
3434,30.2832,1986.2,23.82
3435,31.808,2145.11,22.61
3436,32.671,2091.95,24.24
3437,32.4518,1991.89,24.21
3438,31.2892,2080.24,25.31
3439,32.7598,2021.64,25.42
3440,30.7638,2039.07,26.26
3441,28.2402,2014.82,26.35
3442,29.7654,1973.15,26.46
3443,31.5046,2029.82,26.7
3444,30.0145,2017.96,26.63
3445,28.1551,2062.48,26.48
3446,29.8335,2090.34,26.94
3447,30.6015,2093.53,26.61
3448,29.8805,2037.17,25.12
3449,27.511,2041.7,25.68
3450,28.3359,2011.82,24.34
3451,29.4686,2046.16,24.43
3452,28.0237,1947.2,23.73
3453,29.302,1997.3,23.13
3454,29.8322,1963.78,23.57
3455,28.5281,2008.08,23.44
3456,31.1531,2003.71,23.13
3457,29.7951,1895.87,23.51
3458,31.4685,2013.56,23.56
3459,30.724,1984.23,24.57
3460,32.2977,2003.8,24.17
3461,32.1401,1989.52,23.75
3462,32.7793,2005.87,25.86
3463,31.6197,1983.54,25.71
3464,32.3003,1890.67,26.77
3465,29.843,1890.21,27.08
3466,30.385,1988.27,26.66
3467,28.8113,2011.99,26.01
3468,29.6853,2074.82,27.17
3469,31.7836,2018.77,27.7
3470,28.9075,1981.52,26.51
3471,29.5511,1882.41,26.49
3472,29.1626,1916.25,25.44
3473,29.9287,1810.23,25.69
3474,27.9019,1889.43,25.22
3475,27.9632,1979.07,25.14
3476,29.134,1896.77,23.46
3477,29.0301,1937.54,23.71
3478,28.9989,1907.49,24.01
3479,29.1547,1959.38,22.33
3480,29.9615,1967.8,23.86
3481,29.9113,1801.03,23.33
3482,29.739,1899.09,23.44
3483,31.4299,1887.69,23.48
3484,31.3348,1942.64,24.23
3485,32.3714,1934.49,24.77
3486,33.2223,1925.76,24.83
3487,30.9967,1977.11,24.85
3488,32.7645,1886.68,26.16
3489,31.5835,1966.98,27.7
3490,31.3968,1963.23,25.61
3491,31.3557,1885.59,27.28
3492,29.832,1801.82,27.2
3493,28.6154,1885.18,25.77
3494,28.18,1926.43,26.41
3495,29.2562,1906.55,26.91
3496,28.1837,1991.58,25.92
3497,26.789,1990.61,26.02
3498,28.6779,1902.89,24.19
3499,28.4161,1982.04,26.2
3500,28.7955,1905.45,23.03
3501,29.747,2014.18,23.62
3502,29.1739,1905.26,23.05
3503,29.3182,1984.26,22.6
3504,29.6317,1980.62,22.66
3505,30.7088,1880.83,23.37
3506,30.2206,1911.75,24.31
3507,31.5082,1951.23,23.36
3508,32.0706,1923.8,24.27
3509,31.4703,1897.77,24.49
3510,29.5074,2055.06,25.24
3511,31.9621,1973.21,26.17
3512,31.1701,2004.02,26.5
3513,31.4379,1995.57,26.37
3514,31.2987,1944.67,26.78
3515,32.2551,2055.27,26.56
3516,29.9844,1934.26,27.68
3517,29.6058,2049.91,26.81
3518,28.0386,1921.02,27.41
3519,28.391,1999.69,25.77
3520,29.4122,2133.2,26.07
3521,29.7483,1923.35,26.67
3522,28.5242,2076.29,24.71
3523,29.6896,1965.33,24.05
3524,29.4068,1967.56,23.14
3525,27.4988,2126.8,22.91
3526,29.7319,1988.79,23.44
3527,29.6177,1975.53,22.87
3528,29.6003,2061.39,23.4
3529,30.7602,2120.09,22.9
3530,30.4535,2118.55,22.54
3531,30.0207,2008.23,23.82
3532,29.9209,1999.98,23.6
3533,31.5147,1989.41,25.69
3534,31.2725,2050.77,25.08
3535,31.3908,2097.83,26.01
3536,33.3205,2156.17,26.07
3537,29.5924,2180.97,25.78
3538,30.8467,2071.24,26.58
3539,31.0721,2065.31,27.42
3540,29.5233,2177.06,26.7
3541,29.2307,2124.81,27.06
3542,29.418,2095.8,26.22
3543,27.5919,2089.01,26.85
3544,29.2943,2039.73,27.15
3545,29.118,2146.66,24.86
3546,28.8711,2021.14,25.62
3547,28.4019,2094.75,23.89
3548,28.977,2125.17,23.93
3549,29.1296,2222.22,23.4
3550,29.8027,2189.46,23.39
3551,29.5651,2121.1,23.7
3552,30.1627,2069.44,22.94
3553,30.3664,2145.33,22.72
3554,30.4807,2054.53,23.42
3555,29.9713,2190.95,23.41
3556,30.7861,2160.9,24.31
3557,32.4839,2155.06,24.05
3558,31.1662,2086.99,25.53
3559,32.3247,2126.68,25.98
3560,31.1814,2023.4,25.43
3561,31.6846,2178.0,25.77
3562,29.8949,2153.71,26.01
3563,30.0397,2171.31,27.17
3564,30.6899,2041.31,27.11
3565,29.1536,2111.69,26.55
3566,29.0254,2165.36,27.18
3567,28.822,2250.1,26.66
3568,29.0071,2167.53,26.74
3569,27.6012,2130.54,25.29
3570,26.8227,2118.32,24.9
3571,28.942,2275.58,25.17
3572,30.172,2119.97,24.04
3573,28.6904,2127.59,22.8
3574,29.3129,2060.04,24.13
3575,29.6181,2159.04,23.03
3576,28.9208,2182.65,23.24
3577,28.7384,2131.79,23.26
3578,30.0606,2138.31,23.73
3579,31.3263,2230.74,23.08
3580,32.2409,2128.96,23.98
3581,30.7319,2172.02,25.22
3582,30.9136,2151.59,24.3
3583,31.9529,2178.63,25.84
3584,32.6391,2128.37,26.14
3585,29.5312,2176.2,26.07
3586,29.5159,2143.52,26.85
3587,30.9152,2011.39,26.83
3588,30.6395,2211.83,27.17
3589,29.1925,2071.01,27.19
3590,28.2294,2129.52,26.58
3591,28.9075,2110.92,26.24
3592,28.7635,2168.48,26.69
3593,29.7559,2208.35,24.18
3594,30.5912,2127.02,24.95
3595,28.8713,2139.13,24.24
3596,28.739,2107.91,23.05
3597,27.6035,2122.51,24.42
3598,28.8867,2171.08,23.7
3599,29.3996,2210.27,22.62
3600,29.6658,2013.24,22.33
3601,30.9962,2112.09,22.99
3602,29.3588,2079.75,22.84
3603,31.8128,2111.63,23.46
3604,31.5141,2104.54,25.0
3605,31.0828,2156.76,25.56
3606,31.239,2011.03,25.05
3607,31.5268,2039.4,26.5
3608,31.7093,2119.66,24.98
3609,31.367,2121.2,25.54
3610,30.8837,1996.09,27.41
3611,29.5838,2019.22,26.9
3612,29.7546,1985.48,27.41
3613,29.5672,2045.14,27.65
3614,28.9145,2088.58,26.91
3615,28.3367,2046.88,26.28
3616,28.3719,2017.61,26.85
3617,28.2614,2016.69,26.78
3618,29.3247,2016.65,24.43
3619,28.2116,1965.25,23.9
3620,27.4714,1987.04,23.29
3621,28.312,1922.62,23.11
3622,28.9913,1991.89,23.88
3623,31.753,1965.29,22.63
3624,30.3138,1980.74,23.05
3625,30.6637,2083.53,22.48
3626,28.0021,2011.66,22.75
3627,30.0247,2004.51,22.89
3628,33.0249,1913.06,23.8
3629,31.9431,1998.51,24.54
3630,32.3037,2041.93,25.33
3631,31.2557,1927.39,24.87
3632,30.9575,1935.25,25.64
3633,32.0653,1842.44,26.08
3634,30.6348,2023.66,27.57
3635,30.3161,1976.45,26.5
3636,29.8297,1929.02,27.6
3637,30.4247,2131.13,26.97
3638,27.6865,1966.56,26.69
3639,31.0991,1931.46,26.89
3640,28.2837,2012.94,26.38
3641,30.3139,1946.43,26.5
3642,29.5316,1894.88,25.48
3643,28.0706,1957.44,24.06
3644,28.1267,1943.63,23.05
3645,29.3067,1936.46,23.99
3646,28.8937,1890.22,24.36
3647,30.9137,2073.91,23.77
3648,31.2729,1916.52,22.58
3649,29.4548,1901.01,22.8
3650,29.345,2098.7,23.7
3651,31.0113,1891.49,24.07
3652,30.4235,1996.14,23.96
3653,32.0355,1912.48,24.22
3654,30.4055,1963.48,25.09
3655,32.3769,1861.62,24.73
3656,31.4716,1882.89,25.27
3657,28.8432,2038.74,26.1
3658,29.8527,1869.91,26.31
3659,30.1114,1836.49,27.33
3660,31.208,2036.22,27.21
3661,31.1436,1860.24,27.55
3662,30.4464,1915.77,27.09
3663,29.3661,1949.05,26.69
3664,28.5948,2039.51,27.17
3665,29.1395,1884.39,25.73
3666,28.5669,1919.19,24.88
3667,29.1605,1947.21,24.84
3668,27.6627,1862.77,24.87
3669,27.5582,1953.51,23.96
3670,28.7769,1978.51,22.96
3671,30.7709,1933.14,23.22
3672,30.6634,1939.66,22.63
3673,29.0943,1901.67,22.64
3674,29.7867,1977.09,23.09
3675,29.9255,1977.96,23.62
3676,29.5661,1950.63,24.59
3677,31.5548,1880.78,23.95
3678,32.4261,1824.39,24.83
3679,31.9539,1999.86,25.25
3680,31.2328,2065.67,26.03
3681,31.7956,1872.72,26.25
3682,31.3566,2021.01,26.46
3683,30.4148,1939.82,26.37
3684,30.26,2027.89,27.09
3685,30.7337,1865.14,26.54
3686,28.8193,1964.29,28.29
3687,28.4794,2012.82,27.05
3688,29.8226,1995.8,25.53
3689,28.7768,2047.83,25.98
3690,29.3501,2101.33,25.34
3691,28.5457,2078.37,24.88
3692,28.4943,2048.43,23.54
3693,29.8309,2027.03,23.7
3694,28.8817,2050.34,22.73
3695,30.0778,1987.67,23.33
3696,31.0604,2152.75,23.39
3697,31.2413,2030.01,23.24
3698,29.9202,2015.1,23.1
3699,31.5812,2153.12,24.14
3700,30.8417,2025.51,24.3
3701,31.754,2078.79,24.15
3702,31.7632,2096.55,24.3
3703,31.3674,2047.86,25.76
3704,31.059,2033.17,26.24
3705,30.2511,2094.74,26.69
3706,31.2956,2027.36,26.07
3707,30.9018,2152.12,26.09
3708,29.4845,2121.29,26.83
3709,28.1036,2039.31,26.2
3710,28.7606,1987.25,26.39
3711,29.2276,2018.01,26.17
3712,27.9916,2053.36,26.43
3713,29.205,2019.5,26.09
3714,27.0134,2072.68,24.63
3715,27.9409,2130.3,24.78
3716,28.2857,2146.92,23.44
3717,28.6364,2219.5,23.35
3718,29.2012,2133.28,23.48
3719,28.3363,2042.78,23.1
3720,29.2725,2122.95,22.87
3721,31.423,2135.22,23.88
3722,30.4964,2075.23,24.14
3723,32.2483,2245.98,24.37
3724,30.6932,2169.58,23.76
3725,31.3283,2212.8,24.64
3726,31.7337,2190.42,25.31
3727,32.1529,2254.42,25.16
3728,30.3198,2131.59,25.92
3729,31.6545,2094.68,25.21
3730,30.65,2147.2,26.93
3731,28.5997,2198.42,26.51
3732,29.9394,2155.49,27.15
3733,30.2251,2194.08,27.63
3734,29.3479,2169.52,25.76
3735,29.2129,2207.04,26.97
3736,28.3837,2036.07,26.97
3737,27.5673,2042.0,26.39
3738,28.8676,2169.83,25.31
3739,28.8232,2130.55,24.71
3740,28.8199,2170.13,24.39
3741,29.0861,2074.62,24.08
3742,29.9176,2165.54,23.44
3743,29.1256,2186.2,22.73
3744,29.804,2110.51,22.42
3745,30.1627,2134.07,24.09
3746,30.9826,2134.52,23.29
3747,31.8593,2046.57,22.89
3748,31.5266,2202.37,24.49
3749,31.5261,2156.98,24.7
3750,31.4666,2146.75,25.58
3751,32.0954,2175.18,25.99
3752,30.9636,2226.3,26.43
3753,31.0259,2113.02,26.43
3754,30.782,2117.97,26.94
3755,29.5033,2063.95,27.38
3756,28.7514,2072.21,27.35
3757,31.155,2101.74,26.6
3758,28.6944,2129.99,26.74
3759,27.8262,2229.6,26.66
3760,28.7805,2193.24,25.77
3761,27.5354,2156.28,25.33
3762,28.6915,2138.52,25.23
3763,28.4128,2079.64,24.74
3764,29.7305,2106.78,22.46
3765,30.4956,2015.55,23.8
3766,28.6451,1999.07,23.19
3767,29.1172,2162.11,23.11
3768,29.4462,2104.36,23.24
3769,30.2335,2036.17,22.85
3770,31.5327,1999.24,23.31
3771,30.8912,1971.17,23.29
3772,31.6374,2139.89,24.15
3773,31.267,2060.69,24.83
3774,31.6218,2044.62,25.03
3775,31.0755,2126.66,25.72
3776,33.1246,2200.7,25.48
3777,30.7359,2010.86,26.04
3778,31.5463,1993.58,26.81
3779,30.0341,1971.64,26.76
3780,30.9372,2009.56,27.51
3781,27.7604,2123.26,27.46
3782,29.5253,2035.07,27.33
3783,30.5081,2039.65,26.38
3784,28.1665,2125.36,25.58
3785,29.0777,1969.87,25.78
3786,27.0305,2106.69,24.9
3787,27.6825,2026.54,24.93
3788,29.2306,2029.26,23.6
3789,28.3421,1992.75,23.39
3790,28.6017,2066.38,23.41
3791,29.843,1951.97,22.62
3792,30.2606,2036.57,22.63
3793,29.7675,2021.51,23.34
3794,31.3659,2034.84,23.28
3795,30.9609,1855.8,22.96
3796,31.6442,1893.89,24.27
3797,30.6816,1966.95,25.19
3798,32.0158,1979.81,24.77
3799,32.1716,2044.88,25.05
3800,34.9173,2033.67,26.34
3801,35.5668,1949.27,26.46
3802,34.5575,1939.77,26.77
3803,35.7543,1864.23,26.76
3804,34.4643,1928.28,27.68
3805,33.7773,2006.08,27.56
3806,35.1728,2000.92,26.69
3807,32.8244,1917.2,26.57
3808,33.4217,1999.37,25.54
3809,33.293,1964.12,25.72
3810,31.917,2014.76,24.69
3811,33.689,1921.73,24.52
3812,32.4216,1933.69,23.97
3813,32.6626,1934.34,22.95
3814,34.4391,1835.48,24.55
3815,34.4048,1957.44,23.72
3816,34.2704,2017.84,23.48
3817,34.6249,1887.05,23.23
3818,34.4684,1901.98,23.67
3819,34.8375,1806.38,23.63
3820,35.9368,1872.61,23.14
3821,36.5776,2059.73,24.54
3822,36.0761,1934.49,26.13
3823,35.8881,1896.8,25.72
3824,31.5168,1884.25,25.55
3825,31.3277,1867.42,26.88
3826,30.5563,1976.54,26.38
3827,29.5397,2005.64,27.59
3828,31.3654,1908.41,26.86
3829,28.2736,1857.46,27.3
3830,28.5969,1986.58,26.08
3831,29.3697,1907.42,25.67
3832,27.7117,1838.69,25.66
3833,29.2841,1828.18,25.31
3834,29.4888,1986.24,24.35
3835,29.7647,1977.6,24.2
3836,29.2818,1982.35,24.3
3837,28.1521,1894.5,23.83
3838,28.1094,1945.24,23.71
3839,28.6174,1963.49,23.3
3840,30.232,1885.89,22.83
3841,29.9903,1916.69,23.03
3842,30.2604,1863.93,23.69
3843,32.7312,2005.52,23.36
3844,31.4218,1889.44,24.05
3845,30.8898,1988.51,24.84
3846,30.3569,1897.11,25.23
3847,31.5322,1913.17,26.36
3848,30.9216,2038.91,26.8
3849,31.6489,1958.11,25.58
3850,30.2726,2069.89,25.77
3851,32.0896,2006.15,27.52
3852,29.7381,1975.09,26.85
3853,29.5097,2029.22,26.85
3854,28.4725,1914.22,26.89
3855,30.1531,2029.56,27.21
3856,27.4614,2077.83,26.27
3857,29.0541,2012.55,25.67
3858,30.6918,2050.39,25.01
3859,28.2541,2116.29,23.95
3860,27.5102,2034.69,24.44
3861,29.3517,2109.18,24.22
3862,30.0217,1981.67,23.63
3863,29.0325,2059.34,23.62
3864,30.5581,1994.16,23.08
3865,30.3486,2069.89,24.14
3866,30.0881,2101.81,22.74
3867,31.9049,2072.85,23.42
3868,30.5069,2083.54,24.3
3869,31.5241,2035.69,24.17
3870,31.3522,2129.5,24.57
3871,31.4762,2019.41,25.47
3872,31.9634,2089.59,26.49
3873,30.5605,2058.03,25.97
3874,32.1139,1942.9,26.58
3875,31.1789,2070.53,27.12
3876,30.6344,2026.95,26.59
3877,28.1767,2118.88,28.15
3878,28.972,2033.64,26.0
3879,28.2162,2097.29,27.02
3880,30.1128,2031.12,25.93
3881,30.6094,2231.08,25.12
3882,29.7861,2182.35,25.24
3883,28.8668,2159.96,24.74
3884,29.3884,2002.12,23.72
3885,30.066,2155.69,23.21
3886,29.6971,2136.83,23.12
3887,28.4385,2124.32,22.64
3888,30.3844,2148.54,23.03
3889,30.8527,2165.16,22.87
3890,30.7168,2010.01,22.92
3891,31.8013,2218.8,23.66
3892,31.7499,2129.8,24.77
3893,32.3918,2126.38,24.38
3894,30.6788,2112.78,25.77
3895,32.3073,2108.69,25.71
3896,30.5808,2126.54,25.45
3897,31.3198,2262.86,26.47
3898,30.0769,2132.06,26.81
3899,30.2892,2183.48,25.89
3900,28.4092,2110.51,26.47
3901,29.474,2118.62,26.64
3902,28.7336,2197.39,26.31
3903,29.169,2213.02,26.36
3904,28.8039,2178.46,26.24
3905,28.4981,2184.46,25.59
3906,27.6797,2182.47,24.31
3907,28.9008,2155.11,24.07
3908,27.9617,2123.7,24.84
3909,29.0278,2245.78,24.68
3910,28.5641,2156.27,24.09
3911,30.3494,2096.18,23.1
3912,28.9137,2082.8,22.46
3913,31.775,2129.66,23.09
3914,31.229,2253.42,22.94
3915,30.9883,2229.24,23.33
3916,31.778,2208.13,24.61
3917,31.3078,2175.0,24.17
3918,31.5984,2032.4,24.39
3919,30.9155,2124.52,25.23
3920,31.0671,2131.64,26.49
3921,29.9308,2155.05,26.61
3922,31.907,2180.56,26.77
3923,30.507,2154.07,27.77
3924,30.4326,2082.07,26.71
3925,30.4875,2159.46,27.49
3926,28.402,2008.54,26.83
3927,29.1226,2134.29,26.13
3928,27.4701,2141.16,27.06
3929,29.025,2128.43,25.52
3930,28.3245,2243.81,24.41
3931,29.5398,2136.74,24.4
3932,28.6027,2113.32,23.94
3933,28.6203,2161.59,23.37
3934,29.602,2114.55,22.94
3935,29.3185,2101.79,23.98
3936,30.0201,2242.92,23.11
3937,30.3501,2138.53,23.09
3938,30.8184,2022.64,22.93
3939,31.0678,2111.06,23.81
3940,32.414,2059.14,24.0
3941,31.9985,1964.48,23.92
3942,31.8884,2027.28,25.45
3943,30.7128,2138.63,25.52
3944,31.2766,2161.61,26.24
3945,29.7198,1998.79,26.51
3946,29.514,2006.24,26.14
3947,31.9212,2008.01,27.31
3948,30.3277,1992.62,28.01
3949,30.9243,1992.85,26.96
3950,30.399,2096.27,26.7
3951,29.6025,1980.72,25.69
3952,29.6427,2039.05,25.46
3953,29.0406,2034.13,24.77
3954,29.2812,2054.72,25.58
3955,28.3888,2094.07,25.12
3956,27.5756,1987.74,24.14
3957,28.5775,1992.57,23.75
3958,30.2754,2005.12,24.26
3959,31.2824,1930.48,22.75
3960,30.3382,2044.45,23.0
3961,31.5658,1955.06,23.98
3962,31.5615,1904.11,23.22
3963,30.3505,1983.3,22.93
3964,30.7759,1942.83,23.05
3965,30.2986,1929.96,24.72
3966,31.4334,2012.17,25.62
3967,31.7921,1891.85,25.57
3968,32.4481,1962.36,25.19
3969,31.4829,1981.12,25.46
3970,30.1942,1944.77,26.94
3971,31.6631,1872.49,26.28
3972,29.5148,1831.52,26.74
3973,31.1245,1928.41,27.93
3974,28.3564,1994.21,26.07
3975,28.859,1981.24,26.14
3976,28.8345,1924.98,27.14
3977,28.7242,1969.73,25.93
3978,29.524,1840.71,24.6
3979,27.3772,1915.22,23.74
3980,28.1627,2025.12,23.67
3981,29.1845,1909.37,23.64
3982,30.2706,1969.39,22.93
3983,30.4187,1884.6,23.12
3984,29.557,1907.22,23.16
3985,30.8227,1901.16,23.03
3986,30.4346,1934.16,22.66
3987,32.7882,1826.61,24.02
3988,29.0697,1931.02,23.91
3989,30.4425,1973.6,24.44
3990,32.0577,1850.19,23.81
3991,30.5292,1859.69,25.29
3992,29.6214,1936.58,26.64
3993,32.0545,1908.12,25.51
3994,31.0056,2011.46,27.09
3995,31.1767,1980.94,27.3
3996,31.903,1867.21,27.7
3997,29.5081,1923.47,27.89
3998,29.8179,1962.38,26.95
3999,28.1294,1936.23,26.68
4000,28.9346,1979.15,25.59
4001,27.9045,1884.88,25.38
4002,28.9305,1914.34,24.9
4003,28.664,1973.91,24.0
4004,27.3789,1943.31,23.62
4005,28.19,1955.06,23.35
4006,31.075,1975.38,22.5
4007,28.7618,1922.49,23.42
4008,28.7562,1921.11,22.81
4009,30.0965,2025.37,23.29
4010,30.7319,1920.45,24.08
4011,31.0939,1997.5,23.66
4012,31.4623,1931.79,23.58
4013,31.5369,1932.42,25.13
4014,30.9808,1918.8,26.13
4015,30.7692,2010.75,25.97
4016,30.8058,1881.34,26.07
4017,31.43,2007.28,26.75
4018,29.4901,1995.83,27.07
4019,31.6362,2014.29,26.92
4020,30.2755,1957.72,27.41
4021,30.4306,1960.19,26.75
4022,27.3461,1952.52,26.3
4023,28.5898,1890.36,25.56
4024,29.3697,2065.72,26.28
4025,28.8894,1953.47,25.07
4026,28.8117,2093.08,24.82
4027,27.9967,2104.35,24.26
4028,28.3235,1939.76,23.99
4029,29.2709,2016.85,23.99
4030,29.9591,2045.85,22.85
4031,30.01,2063.36,22.87
4032,30.2988,2079.58,23.18
4033,29.5181,2111.84,22.48
4034,31.7149,2069.94,23.52
4035,30.2015,2048.24,23.41
4036,31.3126,2107.38,23.95
4037,31.1161,2044.43,24.69
4038,31.1643,2068.29,24.96
4039,32.5857,1980.55,25.09
4040,31.7408,1963.4,26.2
4041,30.2312,2107.28,27.0
4042,30.4595,2005.01,27.09
4043,29.5889,2033.0,27.45
4044,30.0078,2015.37,27.39
4045,28.84,2195.58,26.49
4046,28.0346,2123.59,26.73
4047,28.1762,2114.14,26.65
4048,26.506,2131.47,26.46
4049,29.1564,2152.49,26.04
4050,28.8816,2240.18,25.01
4051,27.9851,2149.73,23.77
4052,28.0617,2186.66,23.69
4053,28.0428,2117.01,23.79
4054,29.237,2130.33,23.1
4055,29.9627,2112.11,22.45
4056,28.9404,2052.42,23.22
4057,29.3705,2126.02,23.66
4058,31.3101,2159.21,24.19
4059,30.7882,2064.42,23.05
4060,32.4132,2111.11,24.18
4061,32.0263,2231.51,24.55
4062,30.0875,2071.77,25.21
4063,30.5931,2140.04,26.12
4064,31.8875,2163.69,25.99
4065,29.9048,2212.2,26.99
4066,29.9916,2177.41,26.58
4067,30.7023,2102.82,27.19
4068,31.0184,2242.45,27.01
4069,28.5568,2233.52,27.34
4070,29.6568,2214.11,26.72
4071,28.6401,2093.58,27.96
4072,26.6181,2166.09,25.47
4073,29.1853,2106.4,25.96
4074,28.2229,2220.6,24.54
4075,28.4545,2150.64,24.38
4076,29.383,2244.51,24.34
4077,29.52,2131.78,23.91
4078,28.5737,2140.4,23.91
4079,28.7716,2246.93,22.24
4080,30.683,2193.11,22.76
4081,32.0893,2179.95,24.7
4082,30.5334,2145.77,23.75
4083,31.5915,2188.12,24.19
4084,31.1165,2162.75,24.12
4085,31.4623,2257.67,24.38
4086,31.7904,2067.15,26.22
4087,30.7361,2096.71,24.72
4088,29.9416,2187.0,25.5
4089,31.7255,2145.32,26.92
4090,31.0516,2132.21,26.42
4091,30.9547,2140.67,27.26
4092,31.1279,2183.79,26.71
4093,28.1809,2107.11,27.49
4094,29.4877,2128.91,27.19
4095,29.1514,2086.76,27.08
4096,28.9548,2064.57,25.52
4097,27.2442,2154.45,25.63
4098,29.4238,2128.42,23.49
4099,28.6123,2103.79,23.76
4100,29.2743,2164.18,23.85
4101,28.8734,2066.07,24.16
4102,30.0209,2099.86,24.27
4103,30.2651,1997.01,23.2
4104,29.6167,2156.05,23.34
4105,29.4689,2068.58,23.42
4106,31.5639,2112.79,23.44
4107,29.7091,2196.36,23.62
4108,30.6128,2065.38,24.03
4109,31.2981,2022.65,24.77
4110,32.0841,2097.55,25.95
4111,32.1039,1982.16,24.98
4112,30.9661,2155.23,25.81
4113,29.5584,2095.05,26.63
4114,29.9333,2060.66,27.1
4115,31.4873,2024.39,28.03
4116,30.1288,2032.06,26.96
4117,29.5136,2037.59,26.59
4118,28.8909,2037.22,26.61
4119,28.2137,1933.11,26.4
4120,28.2139,2019.63,25.31
4121,28.8332,2087.03,25.33
4122,28.514,1934.33,25.99
4123,28.4343,1997.07,24.23
4124,29.0877,2032.2,23.64
4125,29.4334,1952.29,23.47
4126,28.4189,1984.82,22.9
4127,29.0689,2001.97,23.69
4128,30.8474,2014.42,22.76
4129,30.1029,2054.66,22.91
4130,30.2927,2015.12,23.89
4131,30.3822,1933.87,22.9
4132,29.6876,2030.85,23.74
4133,31.9596,1995.9,24.3
4134,30.5458,1954.22,25.0
4135,31.535,2029.85,26.19
4136,30.4915,2008.7,26.52
4137,31.5452,2103.33,26.2
4138,30.0061,2042.89,26.25
4139,30.0876,1930.08,26.72
4140,30.3334,1962.97,26.8
4141,30.0805,1887.77,27.68
4142,29.4513,1931.06,25.81
4143,27.8979,1909.89,26.45
4144,28.4211,1925.21,25.47
4145,27.5544,1943.31,25.3
4146,27.9813,1932.94,24.53
4147,28.8021,1987.45,24.77
4148,27.4533,1912.4,24.34
4149,28.3147,2011.06,23.76
4150,28.7824,2028.32,23.21
4151,28.9127,1878.53,23.73
4152,31.0765,1895.17,23.05
4153,29.3995,1820.57,23.77
4154,29.9727,1921.15,23.55
4155,30.6996,1835.16,24.67
4156,30.5193,1922.48,24.14
4157,31.9494,1920.33,24.5
4158,31.6379,1935.43,25.43
4159,31.7616,1891.8,25.77
4160,32.5191,1893.25,26.85
4161,31.0198,1906.92,26.24
4162,30.7889,1964.62,26.73
4163,30.343,1861.65,26.34
4164,30.9991,1820.81,27.73
4165,28.3715,1936.89,28.31
4166,29.257,1889.55,26.84
4167,29.9372,1895.87,26.67
4168,27.1567,2004.28,26.04
4169,28.5228,1888.59,25.37
4170,29.176,1866.5,24.05
4171,28.0314,1977.4,24.25
4172,26.8328,2026.96,24.12
4173,29.8404,1830.63,23.96
4174,28.8583,1922.94,23.2
4175,29.6629,1872.11,23.91
4176,29.1065,1953.44,23.74
4177,32.2627,1957.93,23.24
4178,32.3203,1994.32,23.38
4179,30.4672,1968.4,24.04
4180,31.5982,1957.06,23.35
4181,31.7829,1951.72,24.18
4182,31.0505,1963.95,26.69
4183,31.4343,1987.23,25.64
4184,30.8704,1975.09,25.8
4185,31.4356,1986.06,26.01
4186,29.8025,1965.97,26.49
4187,29.7418,2185.91,27.44
4188,30.4329,2035.24,26.71
4189,27.8427,1994.74,27.44
4190,29.2975,1997.94,27.28
4191,28.5168,2067.63,26.6
4192,27.7881,2005.58,26.23
4193,28.9327,2104.39,25.77
4194,29.2682,2014.8,25.31
4195,28.4103,1965.18,24.41
4196,28.132,2027.97,24.38
4197,28.4158,2064.55,23.39
4198,30.6487,2129.91,22.81
4199,28.898,2041.14,22.93
4200,30.7304,2068.92,21.96
4201,31.0055,2011.5,22.24
4202,30.5737,2074.56,23.67
4203,30.4067,2135.19,23.8
4204,31.7575,2048.11,23.55
4205,31.7225,2115.52,23.85
4206,31.9715,2164.1,24.92
4207,31.1521,2131.5,25.44
4208,30.5425,2146.28,25.47
4209,32.3417,1990.56,26.75
4210,31.5557,2039.44,27.74
4211,29.71,2142.55,27.35
4212,29.0939,2029.18,27.55
4213,29.96,2048.2,27.01
4214,28.9974,1991.2,26.5
4215,29.2627,2044.49,26.84
4216,28.6709,2209.09,26.82
4217,29.1205,2192.28,25.3
4218,29.5093,2083.78,24.8
4219,29.1795,2144.96,24.86
4220,28.6491,2023.21,24.04
4221,28.7244,2125.68,23.14
4222,29.4356,2171.25,23.11
4223,30.6339,2244.79,22.97
4224,28.1223,2140.52,22.96
4225,28.9711,2179.61,22.72
4226,30.5267,2195.69,23.19
4227,31.0797,2173.87,23.9
4228,31.4206,2258.11,24.91
4229,31.964,2199.32,24.63
4230,32.58,2164.68,24.85
4231,31.1928,2135.28,25.61
4232,30.4648,2125.56,26.54
4233,30.6579,2138.46,26.26
4234,30.7788,2068.35,26.41
4235,30.5105,2114.1,26.83
4236,29.5758,2132.45,28.08
4237,30.0437,2185.93,25.72
4238,28.3394,2101.33,26.87
4239,27.6318,2176.12,26.85
4240,30.2122,2095.85,25.93
4241,27.3243,2164.48,24.83
4242,29.4968,2102.44,25.12
4243,29.3293,2117.63,24.92
4244,27.6863,2225.47,25.23
4245,28.7577,2223.32,23.9
4246,28.7934,2147.89,22.93
4247,30.7246,2161.74,23.25
4248,30.4381,2146.34,22.81
4249,29.5982,2137.93,23.6
4250,30.3075,2173.0,22.87
4251,31.7038,2173.83,23.54
4252,30.3701,2202.76,23.42
4253,31.9945,2094.67,24.5
4254,31.6137,2109.47,24.29
4255,31.5161,2044.53,25.98
4256,29.8327,2115.0,26.4
4257,31.729,2078.31,25.29
4258,31.0723,2144.58,26.81
4259,30.7286,2222.1,27.29
4260,28.9568,2131.29,26.91
4261,28.9206,2209.52,26.03
4262,28.6295,2233.45,26.57
4263,27.7571,2201.87,26.29
4264,27.7293,2217.82,25.79
4265,28.5128,2107.26,25.1
4266,28.725,2120.35,24.99
4267,29.4024,2083.22,25.17
4268,27.7057,2092.79,24.85
4269,28.3076,2177.99,24.67
4270,29.0546,2123.1,23.56
4271,30.8358,2166.04,22.82
4272,30.9119,2100.73,22.07
4273,29.9309,2107.19,23.94
4274,31.288,2071.1,24.49
4275,30.9733,2026.42,24.13
4276,29.9583,2003.26,23.19
4277,30.3897,2135.62,24.75
4278,32.5916,2055.66,24.51
4279,30.1106,1862.47,25.11
4280,29.2964,2051.63,25.76
4281,31.9167,2056.1,27.06
4282,30.7805,2014.98,26.36
4283,31.3811,2033.62,27.3
4284,30.0274,1972.06,26.91
4285,29.7428,2093.06,26.6
4286,29.0789,1960.79,26.6
4287,27.7397,2074.56,26.87
4288,29.1677,1989.21,25.86
4289,29.1969,2035.68,26.09
4290,28.0581,2015.23,25.74
4291,28.6784,2051.98,23.91
4292,30.0356,2051.89,24.13
4293,28.2745,1976.57,23.29
4294,29.1738,1965.12,23.16
4295,28.7024,1995.04,22.32
4296,28.3882,2006.07,22.7
4297,29.2717,1859.96,23.42
4298,30.6533,1981.33,23.91
4299,32.4477,1992.74,23.8
4300,31.3125,1976.0,24.87
4301,31.9448,2017.9,23.07
4302,32.4275,1988.45,25.04
4303,32.096,1959.24,24.97
4304,30.694,2005.62,25.94
4305,30.3718,1908.07,25.9
4306,31.2819,1926.93,26.64
4307,30.975,1892.07,26.83
4308,30.662,1901.26,26.7
4309,30.1265,1846.3,26.71
4310,28.5079,1859.84,26.58
4311,27.9378,1859.45,26.46
4312,27.5042,1961.04,25.89
4313,28.8505,1835.14,25.41
4314,29.2104,1938.45,24.59
4315,27.8988,1934.11,24.26
4316,29.0899,1814.85,23.36
4317,29.0314,1821.42,24.12
4318,28.8627,1895.98,23.28
4319,29.3236,1992.54,21.71
4320,30.7305,1989.21,23.44
4321,30.0118,1945.79,22.86
4322,31.3889,1866.37,23.17
4323,29.6526,1875.43,23.44
4324,31.926,1847.85,24.5
4325,32.5725,1951.04,24.44
4326,30.7086,1940.59,25.36
4327,30.0593,1863.18,26.96
4328,31.7091,1749.21,26.03
4329,31.4041,1909.5,26.72
4330,30.4671,1969.14,27.59
4331,30.1366,1931.61,26.65
4332,31.2898,1907.14,26.16
4333,29.6294,1892.94,27.18
4334,29.6231,1933.43,27.88
4335,28.9117,1821.55,25.17
4336,27.9523,1912.12,25.47
4337,27.8816,2003.04,25.72
4338,28.568,1983.97,25.14
4339,28.6674,1907.1,25.41
4340,28.9232,1970.44,23.99
4341,28.6588,1892.84,24.25
4342,29.8393,2044.88,23.43
4343,29.3512,2040.04,22.72
4344,29.6724,1936.12,22.5
4345,29.4435,2010.0,22.32
4346,30.7242,1908.48,23.4
4347,31.9888,1949.23,24.31
4348,32.3386,1953.64,24.37
4349,31.0972,1948.8,24.23
4350,30.3002,2104.07,24.59
4351,31.0964,2037.94,25.54
4352,31.5661,1889.18,26.47
4353,31.7999,2055.65,26.08
4354,31.5496,2064.76,26.48
4355,29.6523,2004.29,26.75
4356,29.4144,1922.69,26.66
4357,29.1675,1938.45,26.65
4358,28.7971,2097.5,26.48
4359,28.9863,1977.91,26.07
4360,28.9497,1878.24,26.21
4361,29.034,1924.62,25.9
4362,28.139,1964.53,25.24
4363,27.9763,2026.39,24.0
4364,28.3941,2072.73,24.63
4365,29.0348,2070.35,23.41
4366,28.572,2109.8,22.88
4367,29.3509,1989.47,23.26
4368,28.9847,2041.53,23.5
4369,30.1097,2099.54,23.52
4370,31.1123,1992.89,23.86
4371,30.7884,2080.24,24.13
4372,32.1597,2081.83,23.78
4373,31.7399,2011.38,24.5
4374,33.4502,2057.56,24.67
4375,31.8947,2127.03,25.69
4376,31.6434,1978.57,25.73
4377,30.7666,2093.69,26.93
4378,30.6705,2253.36,27.36
4379,31.3541,2020.27,27.42
4380,30.1944,2071.9,26.34
4381,29.6252,2079.7,26.23
4382,28.773,2160.85,26.36
4383,28.1955,2089.63,25.7
4384,27.6823,2067.48,27.07
4385,29.5293,2221.58,25.23
4386,29.6799,2224.14,25.09
4387,29.0125,2040.54,23.91
4388,27.8525,2145.37,23.68
4389,29.6779,2168.18,24.07
4390,28.679,2220.5,22.41
4391,30.3784,2124.02,23.39
4392,29.0448,2031.49,23.4
4393,31.275,2123.02,23.52
4394,29.9115,2121.17,22.52
4395,31.3033,2132.38,23.53
4396,32.4734,2114.14,23.75
4397,30.7062,2136.87,24.18
4398,30.1123,2297.0,25.18
4399,31.7189,2140.51,25.86
4400,31.4198,2193.57,26.15
4401,30.699,2116.89,26.05
4402,30.5716,2187.2,27.16
4403,30.2657,2246.47,27.52
4404,29.5129,2087.43,27.15
4405,29.8578,2225.55,26.91
4406,30.3121,2256.04,26.16
4407,28.1829,2176.44,25.67
4408,28.9155,2248.4,26.04
4409,29.2371,2072.75,25.14
4410,27.1658,2128.18,25.33
4411,27.4408,2166.05,24.46
4412,28.2426,2156.6,24.25
4413,28.128,2235.7,23.78
4414,29.9023,2163.94,23.17
4415,28.4028,2133.35,22.81
4416,30.7764,2117.74,22.49
4417,31.2719,2107.78,23.04
4418,32.2094,2035.81,23.31
4419,31.2752,2113.99,23.48
4420,31.8722,2195.71,23.81
4421,31.9364,2205.07,24.45
4422,32.311,2146.38,25.35
4423,31.2395,2200.93,25.92
4424,30.2511,2194.63,26.41
4425,31.5207,2182.84,25.59
4426,30.463,1966.93,27.39
4427,30.1561,2181.27,26.55
4428,29.5117,2154.8,26.37
4429,29.9718,2167.37,26.7
4430,30.4405,2138.84,27.22
4431,30.0017,2142.26,26.47
4432,28.7692,2168.59,26.22
4433,28.8059,2172.46,26.79
4434,28.9755,2174.31,24.82
4435,29.8695,2125.16,24.32
4436,27.884,2075.66,23.73
4437,29.5225,2057.22,24.48
4438,28.5341,2089.9,22.87
4439,29.8483,2090.5,22.98
4440,29.6673,2146.69,22.33
4441,29.8317,2069.63,23.66
4442,31.1974,1941.4,23.17
4443,30.6888,2201.17,24.37
4444,31.2348,2057.29,23.6
4445,32.1755,1987.67,25.12
4446,31.0031,2017.32,25.19
4447,31.6761,2022.57,24.89
4448,31.9425,1993.8,25.62
4449,31.027,2056.17,26.26
4450,30.3861,2130.48,27.65
4451,30.0146,2001.5,27.16
4452,30.5552,2038.35,27.03
4453,30.3807,2045.01,26.97
4454,28.5737,2092.58,26.67
4455,29.5109,2102.84,26.63
4456,28.7876,2121.15,25.75
4457,27.5579,1996.35,24.63
4458,28.3531,2000.93,25.32
4459,28.284,2020.21,24.37
4460,28.5098,1987.61,24.76
4461,28.8432,2022.95,23.65
4462,29.023,1992.6,21.92
4463,29.7431,1927.68,23.2
4464,29.5534,2059.48,23.02
4465,30.8316,1920.7,23.34
4466,30.0912,1917.67,23.23
4467,30.4545,1897.44,23.43
4468,32.3845,1948.09,23.14
4469,32.4349,1963.29,23.75
4470,31.6677,1936.51,24.24
4471,31.2068,1888.25,25.89
4472,32.0681,1949.2,25.98
4473,30.8789,1937.47,26.49
4474,31.2799,1994.21,26.7
4475,31.3862,1947.79,26.42
4476,30.0361,1839.49,26.92
4477,29.5331,2053.61,26.75
4478,28.5897,2037.95,26.84
4479,28.7382,2019.28,26.49
4480,28.6232,1980.64,25.26
4481,29.6251,1994.25,25.51
4482,28.4475,1927.76,24.91
4483,28.6663,1925.29,24.61
4484,28.0019,1886.94,24.1
4485,30.1805,1860.27,24.37
4486,29.0629,1884.36,22.75
4487,31.4984,1913.6,23.17
4488,30.4571,1911.52,22.56
4489,30.3277,1885.75,23.16
4490,30.8534,1995.93,23.43
4491,32.7229,1913.28,24.01
4492,32.7338,1898.82,24.81
4493,30.7438,1923.04,24.38
4494,31.3178,1955.2,24.77
4495,32.3927,1933.75,25.92
4496,30.821,1967.32,26.35
4497,31.341,1937.35,26.44
4498,32.629,1964.46,27.05
4499,28.9334,1974.75,26.91
4500,30.0872,1939.89,27.78
4501,29.2757,1940.27,27.2
4502,30.0141,1973.39,25.81
4503,28.9703,1937.99,26.96
4504,27.6807,1901.71,26.95
4505,27.4437,1924.98,24.26
4506,28.0655,1884.35,24.0
4507,26.646,1861.12,24.08
4508,29.4288,1996.15,24.57
4509,28.4986,1991.1,24.02
4510,28.5946,1938.27,23.97
4511,30.1986,1911.3,23.45
4512,30.0116,1956.57,23.07
4513,30.0558,1973.48,23.24
4514,32.1166,2000.59,22.65
4515,31.2466,2007.35,23.62
4516,31.8111,1962.53,24.08
4517,30.9456,1891.13,24.74
4518,30.5891,1868.4,25.51
4519,31.625,2010.57,25.41
4520,31.0844,1991.61,26.05
4521,32.6581,1984.06,27.04
4522,29.2342,2070.13,26.78
4523,30.3314,1946.96,27.46
4524,28.972,1957.13,26.83
4525,31.3208,2036.2,27.72
4526,29.0218,1906.75,25.89
4527,29.3906,2003.96,25.68
4528,27.7823,1997.53,26.64
4529,28.2668,2094.5,25.23
4530,30.0705,1890.74,24.66
4531,28.4006,2005.15,24.1
4532,29.8574,2051.25,23.29
4533,29.4809,1872.41,23.74
4534,28.6969,1992.49,22.61
4535,29.8363,1951.66,22.99
4536,28.0039,1981.57,22.85
4537,30.8668,2020.51,23.45
4538,31.0701,2156.11,23.96
4539,30.641,2156.57,24.9
4540,31.3665,2129.03,24.58
4541,31.5335,2129.79,24.98
4542,32.2322,2060.09,24.17
4543,31.666,2069.74,25.05
4544,31.568,2005.14,25.06
4545,30.2682,2036.86,27.0
4546,31.1133,2142.18,26.76
4547,30.53,2162.83,26.19
4548,30.4575,2202.46,27.33
4549,30.5507,2179.06,27.21
4550,30.0347,2033.89,26.97
4551,27.7285,2076.38,26.49
4552,29.2813,2159.62,25.86
4553,28.2639,2186.9,24.79
4554,27.9349,2110.87,24.41
4555,29.2856,2085.93,24.22
4556,27.7562,2010.52,23.89
4557,29.4271,1975.09,22.6
4558,28.3573,2025.95,23.1
4559,31.0944,2145.54,22.31
4560,30.4578,2082.26,23.21
4561,29.4804,2092.1,22.94
4562,31.0686,2156.33,23.51
4563,30.6078,2120.27,22.99
4564,31.0238,2122.56,23.69
4565,32.3477,2144.53,24.84
4566,30.3815,2086.65,25.12
4567,30.9333,2127.32,26.22
4568,32.1566,2154.17,25.93
4569,31.3887,2155.96,26.69
4570,29.6567,2189.9,27.37
4571,30.0776,2290.92,26.73
4572,31.0208,2136.56,28.02
4573,30.2374,2203.81,26.93
4574,29.9753,2209.9,27.4
4575,29.3974,2176.36,26.3
4576,27.609,2112.52,25.57
4577,29.138,2179.67,24.93
4578,27.9973,2206.06,24.9
4579,28.63,2267.69,24.52
4580,28.5892,2177.57,23.53
4581,27.2859,2221.28,23.59
4582,29.5581,2156.45,23.1
4583,28.6431,2187.28,22.92
4584,28.5583,2105.46,23.15
4585,29.7059,2135.29,23.43
4586,30.3505,2165.79,22.93
4587,32.6845,2191.68,23.5
4588,32.5195,2207.78,23.42
4589,31.974,2091.0,25.67
4590,33.6178,2145.65,25.19
4591,31.5254,2189.44,26.47
4592,30.7585,2221.02,26.07
4593,31.2176,2217.07,26.5
4594,30.3292,2131.96,26.22
4595,31.7153,2136.08,27.08
4596,30.8853,2085.34,26.45
4597,30.0046,2231.08,27.36
4598,29.2744,2164.12,27.49
4599,28.12,2140.29,26.41
4600,28.0592,2103.98,26.08
4601,28.3059,2125.2,26.39
4602,28.0483,2042.84,25.45
4603,29.8092,2133.86,24.0
4604,30.0131,2041.32,24.6
4605,27.9231,2050.81,24.17
4606,28.5507,2183.21,23.1
4607,30.7601,2206.13,23.1
4608,30.5196,2154.0,22.18
4609,30.906,2088.99,22.34
4610,30.0624,2086.65,23.09
4611,31.4534,2039.17,24.47
4612,32.6267,2061.6,24.48
4613,31.5086,2101.42,25.13
4614,31.1725,2064.32,25.38
4615,30.0518,2046.55,24.79
4616,31.0967,2036.28,26.03
4617,30.7351,1996.06,26.71
4618,30.4116,2154.42,26.24
4619,30.3591,2018.82,27.05
4620,28.198,2019.14,27.17
4621,29.1146,1985.48,26.37
4622,29.6791,2015.1,26.84
4623,29.8889,2064.34,25.85
4624,27.5657,2028.92,25.5
4625,28.8305,2077.02,25.59
4626,29.3484,1973.01,24.74
4627,28.3715,1939.87,24.57
4628,28.0741,1962.35,23.67
4629,29.7315,1995.82,25.27
4630,28.1383,2027.17,23.35
4631,30.5128,2052.22,23.83
4632,30.3645,2026.32,22.67
4633,30.1969,1993.77,23.68
4634,31.7856,2033.79,23.16
4635,31.8221,2017.29,22.66
4636,31.8117,1938.02,23.73
4637,30.3877,1960.33,24.68
4638,31.9825,1837.3,25.16
4639,30.1549,1986.91,25.76
4640,30.8192,1946.23,26.01
4641,31.7492,1974.17,26.53
4642,30.6597,1959.78,26.18
4643,31.4964,1984.68,25.87
4644,30.598,1941.99,27.14
4645,29.1748,2011.54,27.42
4646,29.9156,1952.29,27.55
4647,29.1595,1853.78,27.28
4648,29.9028,2080.6,26.47
4649,26.6001,1912.44,26.36
4650,28.8021,1912.37,25.05
4651,29.3493,2003.7,25.33
4652,28.9967,1938.31,24.13
4653,29.1505,2015.46,23.33
4654,29.0535,1878.57,24.18
4655,28.8143,1876.37,23.35
4656,30.6756,1847.0,23.25
4657,29.156,1947.09,23.32
4658,30.873,1844.5,23.18
4659,31.6638,1957.76,23.97
4660,31.8163,1878.17,23.6
4661,31.268,1921.25,24.2
4662,31.5459,1859.14,23.76
4663,32.6766,2010.05,26.07
4664,31.6107,1937.22,26.56
4665,32.3782,1876.06,26.0
4666,29.8136,1891.45,26.09
4667,30.4933,1964.87,27.22
4668,29.9615,1940.28,27.03
4669,31.1509,1895.54,27.25
4670,29.6663,1881.16,26.3
4671,27.4992,1845.66,26.39
4672,29.3584,1932.43,25.49
4673,27.7196,1917.15,25.37
4674,26.9575,1944.26,25.18
4675,27.8108,1888.88,24.39
4676,28.3176,1990.59,23.97
4677,28.3907,1890.41,23.33
4678,29.6745,1895.8,22.58
4679,30.4719,1849.65,22.53
4680,28.0875,1927.91,22.39
4681,30.0854,1992.4,23.4
4682,30.5186,1964.37,23.46
4683,30.3117,1996.55,23.32
4684,30.4028,1966.42,23.35
4685,30.3865,1826.94,23.8
4686,32.9803,2027.36,25.77
4687,32.3809,2028.89,25.09
4688,31.0849,1920.62,25.45
4689,31.7273,1951.07,26.38
4690,30.7744,2015.79,27.05
4691,30.3003,1930.92,27.11
4692,31.0375,1984.1,27.1
4693,30.0975,2020.03,26.84
4694,29.9174,2089.45,26.65
4695,28.0979,1992.52,26.49
4696,28.97,1944.2,26.2
4697,28.9745,2091.85,25.41
4698,29.0874,2055.5,24.77
4699,28.3701,2010.13,24.31
4700,28.0368,2031.66,23.49
4701,29.6846,1887.06,23.48
4702,28.8747,2104.91,23.97
4703,29.6421,2116.49,23.31
4704,30.4012,1977.92,22.16
4705,31.0416,2097.99,22.32
4706,32.0776,2031.52,24.91
4707,31.6776,1985.56,23.09
4708,30.3947,2045.29,24.26
4709,31.0321,2167.13,25.34
4710,31.6676,2024.91,24.96
4711,31.6221,2163.28,25.2
4712,31.0527,2086.79,25.55
4713,30.2034,2082.26,26.53
4714,30.9528,1993.69,27.3
4715,30.4059,2182.76,26.7
4716,30.8048,1955.49,27.36
4717,30.3905,2202.8,26.47
4718,29.3992,2058.35,26.63
4719,29.3249,2104.71,26.34
4720,28.9198,2089.01,25.66
4721,27.9314,2078.4,25.07
4722,28.5145,2154.56,24.33
4723,28.5808,2130.87,24.55
4724,28.5229,2053.42,24.43
4725,29.1748,2061.57,23.88
4726,31.3421,2190.25,23.49
4727,28.5992,2075.51,23.04
4728,29.8813,2281.23,23.06
4729,30.1129,2177.97,22.58
4730,30.362,2220.27,22.85
4731,30.7508,2105.99,24.59
4732,31.8617,2132.88,24.51
4733,32.6908,2149.4,24.47
4734,29.2323,2144.0,24.92
4735,31.0395,2106.63,26.05
4736,32.7619,2057.4,25.9
4737,30.794,2055.36,26.75
4738,31.4235,2224.71,26.31
4739,29.419,2109.53,27.55
4740,30.3869,2207.44,27.18
4741,30.1663,2246.12,27.07
4742,29.7478,2138.44,26.91
4743,28.716,2161.84,26.67
4744,28.2771,2121.9,25.82
4745,28.508,2098.53,25.1
4746,28.4872,2212.29,25.05
4747,28.047,2151.18,25.44
4748,28.113,2142.18,23.73
4749,28.1705,2081.98,24.11
4750,28.057,2159.32,23.1
4751,29.4612,2195.76,23.46
4752,30.8398,2194.52,22.4
4753,31.5416,2081.02,22.76
4754,30.8361,2088.64,23.31
4755,31.7118,2072.39,23.86
4756,30.2865,2227.48,23.54
4757,30.1824,2162.77,24.05
4758,31.6151,2091.75,25.58
4759,32.2001,2167.82,25.78
4760,30.9191,2188.11,26.45
4761,30.6716,2189.83,27.05
4762,31.3373,2179.74,26.19
4763,30.7626,2121.25,26.96
4764,29.7657,2200.66,26.56
4765,30.4063,2103.39,26.38
4766,30.0023,2136.42,26.9
4767,29.4415,2158.41,26.12
4768,26.052,2229.89,25.33
4769,29.1277,2052.05,25.86
4770,28.3705,2198.17,24.43
4771,29.5201,2160.24,24.65
4772,29.5905,2212.21,23.56
4773,28.4993,2088.65,23.8
4774,28.6372,2064.72,22.76
4775,29.9076,2189.47,22.73
4776,30.0192,2086.32,22.36
4777,29.8147,1989.24,23.27
4778,32.2164,2079.59,22.82
4779,30.7668,1988.08,23.21
4780,30.2995,2080.81,24.06
4781,31.9056,2104.21,24.46
4782,31.3686,2134.97,25.5
4783,30.5144,1932.27,26.56
4784,30.2716,2042.94,25.42
4785,31.812,2086.19,26.42
4786,30.4995,2117.0,26.73
4787,30.4175,2051.39,26.73
4788,30.3964,2072.26,26.95
4789,29.8541,2026.55,27.31
4790,29.532,1931.81,27.03
4791,29.7161,2034.12,25.4
4792,28.5308,2101.27,25.32
4793,28.7918,2008.14,26.25
4794,29.0904,2074.58,24.19
4795,29.5621,2001.71,25.02
4796,30.0344,2062.28,23.92
4797,28.66,1990.01,22.91
4798,31.8241,1929.94,23.79
4799,29.0134,1950.36,24.26
4800,30.6737,1963.44,23.38
4801,30.2454,1907.87,23.49
4802,30.5482,1886.29,23.18
4803,30.4466,2013.25,23.74
4804,31.0019,2002.71,23.76
4805,31.046,2003.35,24.36
4806,30.6364,2086.61,24.27
4807,31.2704,1950.02,25.33
4808,30.7253,1970.16,26.25
4809,31.9363,2041.47,26.22
4810,31.2619,1898.44,26.56
4811,30.6154,1949.1,26.3
4812,29.4954,1987.94,27.41
4813,31.0725,1911.86,26.62
4814,29.6451,1927.0,26.78
4815,27.9724,1910.67,25.59
4816,28.2005,1867.04,25.73
4817,28.246,1923.51,25.61
4818,27.4146,1926.83,24.84
4819,27.0686,1925.43,24.7
4820,28.4612,1945.78,23.34
4821,29.076,1894.21,22.78
4822,29.2975,1881.38,23.52
4823,29.6745,1863.79,24.14
4824,30.0882,1944.61,23.12
4825,30.6426,1846.53,22.81
4826,31.5958,1940.35,22.54
4827,31.0989,1868.04,23.56
4828,30.832,1871.14,23.73
4829,33.0579,1897.77,25.18
4830,32.5426,1963.11,25.21
4831,32.337,1845.69,25.6
4832,31.5277,1893.57,26.54
4833,32.2257,1984.5,26.57
4834,31.7001,1874.52,26.96
4835,29.7319,1828.9,27.71
4836,28.4368,1852.22,27.25
4837,29.6774,2007.1,27.4
4838,30.1304,1881.05,27.56
4839,29.9135,2033.74,26.53
4840,28.5533,1925.9,26.32
4841,28.7108,1905.94,25.88
4842,28.5445,1999.02,25.05
4843,28.9643,1956.95,24.52
4844,28.2192,1953.53,24.61
4845,28.3859,1925.24,23.49
4846,28.4939,1975.96,24.14
4847,28.8624,1977.05,23.49
4848,30.9942,1937.23,23.6
4849,31.3562,1925.95,22.99
4850,30.5968,1919.78,21.81
4851,31.4559,1902.12,24.14
4852,31.7079,1955.44,23.68
4853,30.3046,1830.39,24.52
4854,31.9294,1852.46,25.31
4855,31.9134,1870.56,25.6
4856,31.2047,2008.28,26.64
4857,29.8967,1997.08,25.66
4858,29.643,2095.15,27.97
4859,31.2007,1943.27,27.96
4860,28.7714,1991.45,26.51
4861,29.8579,1999.03,26.81
4862,28.4017,1987.27,26.94
4863,26.9698,1976.36,26.39
4864,29.2101,1997.46,25.45
4865,28.0395,1879.03,26.06
4866,29.3088,2015.4,25.9
4867,28.4635,2032.53,23.69
4868,30.8962,2193.43,24.46
4869,29.549,2002.56,24.11
4870,29.5046,2005.7,23.94
4871,32.24,1973.11,23.12
4872,29.9844,2082.62,23.86
4873,31.286,2055.3,22.9
4874,29.8608,2142.47,23.8
4875,29.4207,2077.07,24.41
4876,30.8847,2067.75,24.61
4877,32.1326,2017.79,24.33
4878,30.3298,2080.51,25.94
4879,31.6523,2074.15,25.81
4880,32.2763,2033.92,25.3
4881,30.7832,2104.29,26.4
4882,29.6382,2222.15,26.36
4883,30.1696,2065.38,26.44
4884,30.4746,2144.15,27.62
4885,29.3101,2077.3,26.31
4886,27.7137,2079.55,27.84
4887,29.7464,2034.12,26.49
4888,28.41,2130.41,25.08
4889,29.0903,2154.07,25.49
4890,28.1207,2170.11,24.9
4891,29.1535,2113.14,25.5
4892,26.9779,2223.37,24.21
4893,27.8688,2112.84,22.69
4894,28.3935,2159.6,22.53
4895,29.2778,2235.18,23.47
4896,30.3505,2115.11,22.82
4897,30.7804,2185.21,23.02
4898,30.3925,2260.37,23.32
4899,31.243,2214.17,22.95
4900,31.9353,2088.44,23.32
4901,32.0529,2123.63,23.91
4902,31.4233,2041.93,25.44
4903,31.1719,2205.07,25.33
4904,30.3905,2080.8,25.91
4905,29.9781,2186.4,26.45
4906,32.5429,2122.61,26.08
4907,31.7503,2112.54,26.97
4908,30.9248,2194.85,26.94
4909,31.1996,2032.75,27.6
4910,28.6529,2118.39,26.15
4911,29.9092,2158.54,25.91
4912,29.2333,2198.59,25.92
4913,27.077,2161.16,25.44
4914,28.9498,2224.86,24.88
4915,29.1688,2115.8,24.08
4916,27.6292,2058.59,24.65
4917,28.5268,2148.73,23.98
4918,29.2972,2037.76,23.17
4919,30.3221,2154.45,22.97
4920,31.0015,2202.82,22.7
4921,30.3653,2117.7,22.84
4922,29.753,2183.32,24.14
4923,29.2585,2056.15,23.71
4924,31.2639,2149.21,23.68
4925,30.9978,2194.95,24.89
4926,31.5856,2143.64,26.09
4927,32.0658,2096.07,25.14
4928,31.3396,1967.21,25.72
4929,30.2239,2151.46,27.34
4930,31.2546,2063.59,26.31
4931,30.1019,2053.3,27.02
4932,30.5496,2037.5,26.32
4933,30.5012,2133.82,26.33
4934,29.6267,2132.38,26.3
4935,29.6711,2131.0,26.05
4936,28.9698,2079.59,25.63
4937,28.2159,2013.86,25.34
4938,27.7952,2135.89,25.88
4939,28.1676,2059.76,24.02
4940,29.3021,2152.46,23.6
4941,29.8691,2054.06,24.04
4942,29.5892,2237.27,24.34
4943,29.5462,2123.31,21.66
4944,28.7192,2165.44,22.92
4945,30.5695,2068.55,23.37
4946,29.6548,2111.01,23.59
4947,31.3863,2165.6,23.97
4948,31.8691,2209.73,25.22
4949,31.9867,2020.21,24.76
4950,30.7988,1983.28,25.41
4951,32.4485,2064.16,26.4
4952,30.5667,1978.42,26.06
4953,30.9113,2069.61,25.72
4954,31.1079,2010.6,26.69
4955,29.9668,2095.13,27.28
4956,30.4813,2002.2,26.14
4957,29.5466,2081.05,27.07
4958,28.6854,2172.15,26.34
4959,29.8613,1907.0,26.73
4960,28.0671,2059.33,26.31
4961,28.5999,2062.72,25.4
4962,28.7591,1945.11,24.91
4963,29.1918,2016.78,25.06
4964,28.703,2046.23,24.31
4965,28.1528,1945.08,24.24
4966,28.0528,1989.25,23.12
4967,30.3987,1989.37,22.73
4968,29.5344,1903.8,23.27
4969,28.4573,1953.24,22.61
4970,30.2233,2067.78,23.49
4971,30.7899,1915.48,24.61
4972,30.8898,1926.31,23.63
4973,32.193,2003.29,24.29
4974,34.6089,1908.95,24.38
4975,30.5184,1982.5,26.38
4976,31.5454,2008.93,25.81
4977,31.7199,1860.72,25.86
4978,29.4284,2003.04,27.1
4979,30.0294,1966.61,27.41
4980,29.4938,1996.26,27.15
4981,30.4977,2013.93,27.78
4982,29.4225,1974.32,26.32
4983,28.8303,1907.28,26.47
4984,28.6915,1976.16,26.57
4985,28.9121,1886.78,25.24
4986,27.7054,1941.77,24.49
4987,28.9593,1933.99,24.73
4988,29.1003,1926.13,24.1
4989,28.628,1847.01,24.21
4990,28.7646,1844.75,22.21
4991,28.7305,1938.16,23.11
4992,29.9381,1905.8,22.0
4993,30.3491,1976.63,22.66
4994,30.648,1940.9,23.07
4995,32.4945,1799.39,23.95
4996,31.3457,1837.04,23.87
4997,30.2797,1924.8,24.69
4998,32.5043,1808.17,25.06
4999,32.4607,2005.1,25.83
5000,31.2331,1989.64,25.52
5001,31.1749,1915.07,25.88
5002,30.6998,1873.17,26.73
5003,30.5512,1999.49,27.49
5004,30.9435,1967.55,27.37
5005,29.8188,1928.04,26.63
5006,29.6048,1985.91,26.08
5007,28.7385,1980.55,26.82
5008,28.1578,1907.36,25.99
5009,29.5113,2017.87,25.46
5010,28.4742,1963.36,24.49
5011,27.9583,1983.93,25.28
5012,28.2875,2006.46,23.7
5013,29.7849,2019.05,23.38
5014,29.7241,1932.45,23.04
5015,29.4188,1993.09,23.05
5016,30.9447,2007.73,23.12
5017,29.3068,2046.14,23.58
5018,31.8189,1983.17,23.45
5019,31.0732,1943.57,22.96
5020,32.2543,1963.82,23.68
5021,31.2844,2021.73,23.66
5022,29.7241,1958.51,24.39
5023,31.2887,1957.54,25.53
5024,30.1201,2022.76,26.09
5025,31.8361,1970.71,25.82
5026,31.0901,1986.95,26.31
5027,30.5484,1966.49,26.84
5028,29.4234,1982.83,26.51
5029,29.423,1945.3,26.84
5030,29.8659,2049.26,26.65
5031,28.206,1971.88,26.82
5032,28.44,1973.87,25.76
5033,29.6331,1934.43,25.28
5034,28.1063,2002.9,24.83
5035,28.7923,2020.57,24.62
5036,28.6542,2108.07,24.79
5037,29.7285,2026.38,23.32
5038,30.0782,2061.63,23.54
5039,29.4098,2113.66,22.25
5040,29.4445,1967.47,22.93
5041,31.495,2129.64,22.6
5042,30.9392,1974.54,22.67
5043,31.0612,2089.1,23.8
5044,31.1704,2041.31,25.08
5045,31.3435,2119.79,24.82
5046,31.4863,2057.29,25.47
5047,32.6166,2084.64,26.52
5048,30.8129,1985.01,25.99
5049,30.8666,2207.59,26.46
5050,32.0149,2178.3,26.98
5051,31.2644,2123.89,27.18
5052,29.1164,2156.98,27.94
5053,30.2827,2096.06,26.99
5054,29.6841,2113.67,26.1
5055,30.1527,2014.46,26.26
5056,30.4323,2105.05,25.22
5057,29.8659,2130.55,24.93
5058,28.0118,2280.21,25.05
5059,28.9522,2043.78,25.16
5060,27.6708,2084.87,24.75
5061,29.2743,2103.85,23.78
5062,29.8432,2210.74,24.17
5063,29.8618,2077.79,23.76
5064,30.1929,2047.71,23.61
5065,30.6106,2193.29,23.79
5066,31.7444,2143.39,22.9
5067,29.749,2118.21,23.55
5068,32.56,2217.5,23.56
5069,32.2065,2093.01,24.19
5070,31.4712,2144.05,24.99
5071,32.6294,2130.47,24.83
5072,32.3067,2143.62,26.77
5073,30.2537,2110.55,26.81
5074,29.2418,2050.47,26.44
5075,29.935,2062.69,27.62
5076,30.2101,2252.37,26.97
5077,29.7536,2097.08,26.53
5078,29.5076,2106.03,26.71
5079,28.7862,2090.7,25.38
5080,30.1933,2142.26,26.09
5081,29.8611,2161.35,25.01
5082,28.402,2201.09,24.95
5083,28.2135,2292.92,24.94
5084,28.3671,2224.41,24.15
5085,29.091,2134.99,22.67
5086,29.5096,2113.67,23.3
5087,30.1301,2149.28,23.5
5088,30.5339,2233.22,22.59
5089,30.7324,2206.93,23.12
5090,29.2845,2306.37,23.6
5091,31.4387,2140.94,23.73
5092,29.4631,2119.71,22.58
5093,31.9069,2113.77,24.31
5094,31.2678,2147.32,24.26
5095,31.52,2174.81,24.94
5096,31.245,2149.91,25.07
5097,31.6267,2167.97,27.04
5098,30.1535,2177.23,27.62
5099,29.8948,2094.21,26.99
5100,29.2605,2210.84,26.78
5101,29.4317,2165.36,26.6
5102,27.7199,2172.94,26.79
5103,29.2249,2199.21,25.81
5104,29.0577,2159.8,25.95
5105,27.5359,2146.39,25.65
5106,26.9045,2148.36,25.5
5107,28.0744,2091.06,23.83
5108,27.0351,2217.55,24.41
5109,30.0807,2056.41,24.24
5110,30.597,2171.99,22.95
5111,29.9274,2116.02,22.52
5112,29.5368,2085.36,22.82
5113,32.0137,2152.76,23.82
5114,31.2371,2097.59,23.0
5115,30.4809,2114.5,23.55
5116,32.5569,2070.41,24.1
5117,30.8381,2107.75,24.71
5118,30.6316,2023.57,24.77
5119,32.36,2159.56,26.03
5120,30.8363,1980.33,25.98
5121,31.7756,2028.31,25.43
5122,31.1362,2125.08,26.54
5123,30.3038,2015.89,26.57
5124,31.3129,2081.97,26.9
5125,28.4699,1942.94,27.28
5126,29.4323,1906.39,27.32
5127,27.5145,2062.63,26.28
5128,27.189,1958.86,26.01
5129,28.7008,1985.98,25.95
5130,27.7707,1949.51,25.01
5131,28.4548,2014.77,24.43
5132,29.7898,1977.45,24.07
5133,30.1085,1883.69,23.28
5134,29.2353,2085.01,22.63
5135,29.5852,1929.67,22.63
5136,29.8198,2031.9,23.36
5137,31.54,2028.72,22.67
5138,32.2102,2026.79,23.27
5139,31.3185,2053.33,23.48
5140,32.5263,1953.58,23.79
5141,31.2093,1965.54,24.86
5142,30.9073,1954.19,24.48
5143,30.5274,1919.17,26.01
5144,32.2133,1947.11,25.63
5145,31.2308,1902.33,26.35
5146,30.5753,1986.09,26.69
5147,30.8249,1788.35,27.05
5148,27.8062,2062.17,26.7
5149,29.551,2057.5,27.34
5150,29.8214,1942.18,26.75
5151,29.4634,1951.74,26.11
5152,28.7232,1892.8,26.8
5153,30.0546,1900.85,25.53
5154,28.3696,1943.85,24.25
5155,28.9765,2010.16,24.22
5156,28.8924,1995.04,23.53
5157,28.7337,2056.85,23.33
5158,29.6653,1848.69,23.08
5159,29.883,1868.48,22.78
5160,30.4125,2018.08,22.77
5161,28.8835,1844.73,22.99
5162,30.6451,1951.85,22.55
5163,30.3645,1864.5,23.01
5164,31.3898,1761.37,23.69
5165,31.3015,2013.44,24.76
5166,30.7877,1965.12,24.85
5167,29.9592,1912.83,26.17
5168,31.4136,1929.72,25.9
5169,30.734,1950.58,26.95
5170,29.2435,1909.79,26.59
5171,30.9541,1929.56,27.74
5172,29.113,1842.1,26.43
5173,30.7151,1953.08,26.81
5174,29.321,1943.99,26.42
5175,28.1441,1853.92,26.99
5176,28.2768,1972.94,25.45
5177,27.2527,1851.18,25.49
5178,28.6033,2019.06,24.46
5179,28.8544,1972.89,24.93
5180,28.2509,2059.47,24.18
5181,28.7209,1931.39,23.99
5182,29.0883,2005.01,23.52
5183,30.1585,1982.09,23.25
5184,28.9931,1970.77,23.36
5185,29.9687,2007.9,25.03
5186,30.9576,1958.97,23.77
5187,33.1326,2057.29,23.95
5188,32.0496,1878.93,24.64
5189,31.3164,1906.48,24.53
5190,32.3179,1954.11,25.18
5191,31.5782,2051.67,25.02
5192,30.9671,1928.6,25.52
5193,29.8074,1940.36,26.28
5194,32.1937,2005.76,26.75
5195,30.971,1924.41,28.06
5196,30.0013,2064.36,26.89
5197,29.8991,2005.49,26.29
5198,28.1481,1973.98,27.16
5199,29.4397,2122.72,25.72
5200,28.074,2012.29,20.64
5201,29.0476,1994.78,20.77
5202,28.2387,2042.64,19.98
5203,28.0441,1993.24,20.41
5204,29.569,1975.88,18.92
5205,29.2484,1980.79,19.35
5206,27.8851,1970.08,18.56
5207,29.5361,2053.49,17.57
5208,30.3171,2162.2,18.04
5209,31.4294,2001.95,18.26
5210,29.8567,2054.06,18.88
5211,31.4203,2075.17,18.57
5212,31.1664,2012.88,19.43
5213,31.0825,2069.66,19.89
5214,32.2225,2046.76,21.25
5215,31.7746,2002.61,20.31
5216,31.2051,2104.53,21.17
5217,30.8196,2102.56,21.91
5218,32.8005,2056.4,21.5
5219,30.1306,2047.94,21.65
5220,29.3403,2039.8,21.18
5221,30.3838,2207.71,21.68
5222,28.5493,2119.15,22.36
5223,28.9039,2101.95,21.3
5224,30.2738,2156.37,20.83
5225,28.6311,2118.45,19.98
5226,27.2067,2112.48,20.84
5227,30.5522,2195.78,19.34
5228,28.9787,2060.55,19.08
5229,29.465,2059.39,17.21
5230,28.6431,2108.1,17.23
5231,28.7557,2096.31,18.32
5232,29.2285,2267.42,18.41
5233,29.8821,2115.58,18.55
5234,30.2553,2140.24,18.05
5235,30.9124,1997.67,18.88
5236,31.6787,2123.91,19.12
5237,30.1047,2128.17,20.22
5238,32.7438,2078.25,19.35
5239,32.0628,2102.82,19.35
5240,31.1001,2171.73,20.84
5241,30.8827,2198.53,21.75
5242,30.2483,2262.0,22.39
5243,30.1999,2119.89,22.15
5244,30.2934,2202.3,21.89
5245,30.6922,2264.72,21.5
5246,27.4872,2159.37,22.13
5247,29.7155,2116.56,20.98
5248,28.4202,2237.72,20.6
5249,28.6674,2220.17,20.72
5250,29.5457,2250.31,20.37
5251,28.1993,2174.64,18.72
5252,29.2702,2102.73,19.54
5253,28.2766,2211.45,18.08
5254,27.8969,2156.64,17.76
5255,28.6596,2206.0,17.7
5256,28.7309,2114.3,18.87
5257,31.1645,2157.71,18.0
5258,30.2236,2097.89,18.28
5259,30.2061,2221.42,18.49
5260,32.0139,2084.45,18.89
5261,31.7417,2107.16,19.18
5262,32.5708,2065.63,20.18
5263,31.8335,2171.19,20.64
5264,32.6738,2045.3,21.01
5265,30.1552,2163.19,21.09
5266,30.8412,2188.25,22.51
5267,29.9553,2118.15,20.76
5268,29.7584,1974.7,21.25
5269,30.0398,2113.7,21.98
5270,30.3067,2113.31,21.69
5271,28.9066,2004.71,22.19
5272,28.4417,2224.74,21.65
5273,27.5185,2120.0,19.76
5274,27.1792,2066.84,18.95
5275,28.5186,2116.05,20.2
5276,30.3547,2131.05,19.2
5277,28.9298,2030.54,18.41
5278,30.0708,2095.34,18.44
5279,29.5702,2034.28,17.89
5280,29.7963,2165.62,23.33
5281,29.9314,2068.5,23.07
5282,31.1091,2106.19,23.31
5283,30.6239,2121.85,23.68
5284,30.5861,2097.87,24.58
5285,32.028,2113.6,24.82
5286,31.152,2072.36,25.5
5287,32.0848,2145.23,24.96
5288,30.7352,2030.4,26.07
5289,30.8241,2052.72,25.83
5290,30.3218,1921.86,27.23
5291,30.5101,2175.73,26.74
5292,30.2417,2033.03,27.24
5293,29.8298,2144.23,27.29
5294,28.3708,2055.85,27.19
5295,29.7784,2104.61,26.86
5296,27.6829,2032.7,25.94
5297,27.3572,2104.44,25.76
5298,29.9824,2006.29,24.86
5299,29.2279,2021.78,23.56
5300,29.5714,2082.2,25.06
5301,28.0066,2050.73,23.33
5302,27.8073,1973.08,21.8
5303,30.6052,2054.98,22.99
5304,31.3864,1954.85,23.42
5305,29.8252,1916.62,23.6
5306,30.4581,1999.47,24.04
5307,31.6606,1927.22,23.1
5308,30.342,2000.15,24.06
5309,31.9162,1999.59,24.8
5310,30.299,2069.01,25.29
5311,31.6971,1851.16,25.86
5312,31.9066,2005.5,25.13
5313,30.9064,1994.33,26.29
5314,30.2252,1924.98,27.08
5315,29.6453,1893.52,25.83
5316,30.5556,1908.24,27.54
5317,30.453,1900.17,27.18
5318,29.2634,2025.31,27.76
5319,27.5923,1895.85,27.12
5320,27.8104,1846.38,26.77
5321,28.2677,1933.05,24.98
5322,28.901,1863.46,24.67
5323,28.7378,1934.45,23.99
5324,29.2048,1945.96,24.38
5325,29.2064,1839.67,23.67
5326,30.0334,1948.67,23.44
5327,29.9792,1997.67,22.7
5328,28.9346,1980.08,22.9
5329,30.8934,1977.65,23.61
5330,31.5331,1920.67,23.0
5331,33.2665,1950.11,24.08
5332,31.1621,1896.59,24.67
5333,31.4584,1877.64,24.14
5334,31.3281,1949.44,25.06
5335,32.1016,1966.98,25.03
5336,30.0529,1964.67,26.04
5337,31.3455,1875.08,25.82
5338,32.7495,1897.94,26.65
5339,29.2366,1927.07,27.53
5340,29.5267,1850.05,27.07
5341,30.4717,1864.44,26.35
5342,28.3133,1920.75,25.36
5343,30.0202,1826.62,26.08
5344,28.8031,1886.96,26.34
5345,29.2463,1942.02,24.76
5346,29.3255,1981.82,24.72
5347,27.6703,1973.15,24.26
5348,29.7732,1873.9,23.46
5349,29.3857,2044.97,23.28
5350,29.504,2047.37,23.34
5351,31.1815,1878.48,22.07
5352,30.4211,1957.05,23.67
5353,31.343,1891.62,23.21
5354,30.5192,1887.76,23.34
5355,31.1996,1974.37,23.97
5356,30.9136,1894.86,25.37
5357,32.3715,1983.02,24.12
5358,31.6704,1947.61,24.79
5359,31.2545,1967.87,25.45
5360,31.3748,2000.3,26.6
5361,31.0599,1919.92,26.88
5362,30.9491,2024.04,27.22
5363,30.3579,2020.61,26.46
5364,29.5325,2115.56,26.74
5365,28.7991,2139.59,26.47
5366,29.6644,2030.03,26.58
5367,30.3804,1858.84,26.47
5368,28.9109,1952.96,26.37
5369,29.6048,1986.65,26.0
5370,28.921,2051.66,25.53
5371,28.6583,1950.38,24.58
5372,27.808,2029.69,24.03
5373,28.8393,2082.93,23.81
5374,29.5152,2045.02,23.83
5375,30.0037,1912.12,23.24
5376,30.3672,2029.01,22.84
5377,30.3322,1982.69,22.92
5378,29.5986,2070.97,22.87
5379,31.4835,2016.25,23.81
5380,31.0783,2088.77,24.76
5381,31.1739,2084.29,23.95
5382,32.574,1943.59,25.9
5383,32.185,2137.19,25.34
5384,30.376,2036.14,25.6
5385,30.8298,2077.89,27.1
5386,30.4973,2059.87,26.38
5387,31.0636,2069.35,26.41
5388,29.5816,2077.55,26.58
5389,30.4695,2129.15,26.35
5390,28.3517,2134.28,26.38
5391,27.7387,2038.56,26.02
5392,29.1312,2168.78,26.13
5393,28.6377,2055.77,25.73
5394,28.5979,2167.27,25.76
5395,27.8318,2160.19,23.61
5396,28.4404,2141.11,24.57
5397,28.031,2229.4,23.56
5398,30.2898,2255.36,23.98
5399,30.3385,2097.42,23.48
5400,28.9355,2062.39,24.21
5401,31.8273,2106.17,22.59
5402,31.0589,2211.23,22.69
5403,31.8692,2113.51,23.53
5404,30.8325,2141.42,24.07
5405,31.3579,2243.72,25.08
5406,31.8096,1982.14,25.75
5407,32.0567,2196.75,25.66
5408,29.9516,2201.52,25.68
5409,31.5966,2208.73,27.36
5410,30.6805,2150.07,27.33
5411,30.4456,2201.56,27.15
5412,30.6179,2147.59,27.35
5413,28.387,2192.97,26.99
5414,29.2433,2203.96,27.07
5415,28.9386,2214.02,25.76
5416,30.0857,2189.05,26.88
5417,27.8286,2107.41,26.09
5418,28.5564,2193.28,24.96
5419,28.9249,2098.78,23.84
5420,29.1766,2262.48,24.02
5421,29.8575,2242.49,23.76
5422,29.33,2070.19,23.34
5423,30.9438,2088.89,23.06
5424,29.8668,2152.2,23.03
5425,29.4303,2114.66,23.43
5426,29.2799,2236.37,23.17
5427,29.8033,2257.54,24.06
5428,31.6099,2269.55,24.38
5429,32.1425,2137.01,24.99
5430,33.2224,2138.4,24.95
5431,31.3015,2081.01,25.32
5432,30.4807,2151.82,25.87
5433,31.0331,2239.96,25.44
5434,29.594,2145.48,26.5
5435,30.5125,2218.69,26.42
5436,29.7314,2149.1,27.22
5437,30.6745,2083.6,27.25
5438,29.7596,2142.4,26.39
5439,29.8691,2120.63,26.29
5440,29.1303,2184.72,26.6
5441,27.1198,2089.74,25.41
5442,27.7857,2121.99,25.37
5443,29.2516,2092.52,24.66
5444,28.6378,2164.34,24.0
5445,27.0875,2195.53,23.52
5446,30.0864,2152.38,22.66
5447,28.4649,2146.41,23.86
5448,29.7601,2039.97,23.59
5449,29.2833,2134.14,23.04
5450,30.7396,2144.12,22.22
5451,31.1884,1994.37,23.19
5452,31.3552,2114.66,25.17
5453,31.1368,2125.76,25.31
5454,31.0128,2035.2,24.37
5455,31.9867,2156.42,25.05
5456,31.0313,2045.6,25.72
5457,31.092,2028.46,25.54
5458,30.5897,2117.67,26.79
5459,28.9849,1964.45,27.11
5460,29.4333,1998.8,26.7
5461,30.417,1996.53,27.24
5462,29.2744,1973.18,26.82
5463,29.6277,2045.97,26.31
5464,28.7939,1905.28,25.87
5465,28.63,2077.51,25.79
5466,27.4481,2191.05,25.22
5467,27.8895,2013.69,24.38
5468,28.9874,1987.06,24.24
5469,28.9031,1911.29,22.64
5470,30.156,2024.01,23.01
5471,28.3132,2028.42,23.97
5472,31.8574,1995.35,22.74
5473,29.9601,1976.93,22.74
5474,29.4532,2005.37,23.26
5475,30.7998,2003.07,23.92
5476,31.6599,2019.41,25.49
5477,33.6205,2067.07,24.76
5478,31.3352,1930.7,25.21
5479,30.8467,1945.01,25.49
5480,31.4248,1974.51,26.8
5481,31.6653,1891.82,26.4
5482,30.2246,1941.88,25.93
5483,30.4447,1943.53,26.85
5484,29.8863,1877.37,26.73
5485,28.7646,2021.42,27.53
5486,28.6218,1978.76,27.4
5487,30.7835,1856.3,26.2
5488,28.8501,1960.55,25.99
5489,27.8982,1896.09,25.4
5490,27.5064,2005.41,24.92
5491,28.3515,1931.26,24.01
5492,27.3136,1888.77,22.96
5493,29.7125,1851.57,23.56
5494,30.7821,1961.37,23.17
5495,31.5535,1907.31,23.23
5496,30.8245,1875.94,23.87
5497,30.2058,1907.92,22.95
5498,31.7827,1958.92,23.43
5499,30.4167,1962.23,23.41
5500,31.5629,1819.71,24.68
5501,32.3806,1834.25,25.07
5502,32.303,1890.42,24.36
5503,33.4366,2033.94,25.98
5504,32.1874,1946.53,26.1
5505,30.5746,1902.15,25.11
5506,31.5638,1922.1,26.83
5507,29.8648,1818.29,26.21
5508,30.907,2012.96,26.55
5509,28.8576,1972.76,26.86
5510,29.4481,2018.56,27.17
5511,28.6243,1949.27,26.41
5512,29.1096,2054.12,25.72
5513,29.218,1900.2,24.87
5514,29.8299,1922.41,25.29
5515,28.2572,1975.25,23.63
5516,29.5378,2003.58,24.38
5517,27.8981,1896.54,23.13
5518,29.2713,1998.84,23.15
5519,29.3688,1914.1,22.29
5520,29.5091,1882.55,23.0
5521,29.7383,1859.64,22.6
5522,30.7354,1937.68,23.28
5523,31.3296,1876.35,23.53
5524,31.8253,2010.87,22.42
5525,32.2337,1928.68,24.9
5526,30.6814,1950.82,25.17
5527,30.8195,2112.7,25.05
5528,30.6945,1897.11,26.25
5529,30.2674,1933.35,26.11
5530,30.8464,2050.16,26.55
5531,29.3578,1957.82,26.88
5532,30.1283,2146.38,27.07
5533,28.9693,2034.39,26.66
5534,30.2665,1956.66,26.72
5535,29.4201,2006.21,26.04
5536,28.5198,1976.3,26.26
5537,29.0675,2028.39,26.03
5538,28.7877,1986.19,24.62
5539,29.2282,2020.27,24.78
5540,29.8395,2095.06,23.31
5541,29.2828,1927.57,24.0
5542,29.5306,1914.05,23.15
5543,31.1882,2068.57,23.6
5544,30.9148,2112.6,23.24
5545,30.0706,2090.88,23.63
5546,30.2159,2078.74,22.88
5547,30.9066,2081.5,24.49
5548,33.5037,2076.53,24.26
5549,29.4821,2066.31,24.35
5550,31.7648,2078.24,25.17
5551,32.2138,2094.68,24.57
5552,31.3717,2063.4,26.04
5553,32.1226,2023.01,26.4
5554,30.4076,2118.49,26.1
5555,30.5135,2045.01,27.2
5556,30.1313,2054.42,27.1
5557,30.2552,2095.87,27.51
5558,30.359,2167.22,25.85
5559,27.2641,2046.36,27.0
5560,27.528,2055.21,25.3
5561,29.5896,2077.2,25.14
5562,28.1896,2065.24,25.0
5563,29.3454,2092.18,24.11
5564,28.0803,1992.04,24.27
5565,29.6439,2062.67,23.08
5566,29.0704,2168.73,23.08
5567,28.9848,2179.41,23.6
5568,29.2603,2079.2,22.84
5569,31.4713,2119.85,23.03
5570,31.5071,2109.63,24.05
5571,30.6118,2269.3,23.78
5572,30.967,2248.04,25.16
5573,31.7089,2127.7,25.45
5574,30.5552,2232.5,24.52
5575,31.3778,2159.52,25.07
5576,31.077,2155.35,26.52
5577,32.5241,2173.69,25.69
5578,31.0906,2237.35,27.31
5579,32.5936,2201.48,27.18
5580,29.259,2113.62,27.57
5581,28.8643,2106.71,27.26
5582,29.1055,2194.74,27.09
5583,28.4933,2206.43,26.08
5584,27.3009,2266.93,26.15
5585,27.428,2092.96,25.87
5586,27.2544,2162.47,24.74
5587,28.1958,2210.51,24.06
5588,27.8443,2203.34,23.78
5589,29.1558,2110.45,23.98
5590,27.676,2280.2,24.29
5591,29.9969,2093.46,22.14
5592,30.0714,2014.08,22.15
5593,31.3307,2103.96,22.89
5594,29.6548,2133.41,23.48
5595,31.4536,2203.51,23.65
5596,32.4403,2161.79,23.34
5597,29.9792,2105.48,24.37
5598,31.6658,2222.4,25.88
5599,31.3271,2093.72,26.41
5600,30.8864,1996.91,26.33
5601,29.9523,2081.63,27.39
5602,31.0974,2174.07,26.9
5603,31.0315,2078.25,27.32
5604,30.0424,2092.86,27.2
5605,30.4807,2141.79,26.81
5606,30.3301,2095.53,25.88
5607,29.9515,2024.82,26.51
5608,29.2768,2087.6,25.56
5609,29.3045,2136.5,25.63
5610,28.3837,2178.33,24.91
5611,28.9771,2064.78,23.84
5612,28.55,2233.68,23.69
5613,27.7924,2087.21,24.06
5614,28.6652,2115.22,23.49
5615,28.7445,2055.95,24.08
5616,29.7481,2210.78,22.91
5617,30.1116,2054.7,22.74
5618,30.4337,2087.06,22.98
5619,31.2454,2213.14,23.63
5620,31.3748,2069.62,23.7
5621,29.947,2078.91,24.07
5622,30.4725,2148.97,24.55
5623,31.9998,2036.34,25.01
5624,31.0862,2010.64,26.75
5625,31.5423,2016.02,26.25
5626,31.0708,2046.38,26.22
5627,31.16,2069.19,25.83
5628,29.7898,2034.08,27.9
5629,29.687,2075.95,27.11
5630,30.0921,2113.76,26.59
5631,28.2749,1996.79,26.88
5632,29.1359,1967.67,25.56
5633,30.0893,1985.57,25.81
5634,28.903,2074.13,24.66
5635,28.7742,1972.91,25.36
5636,28.7792,2096.5,23.52
5637,29.0308,2045.68,24.01
5638,29.9952,1984.2,23.96
5639,28.1334,1945.65,23.28
5640,29.3199,2004.98,23.56
5641,29.41,1974.37,22.95
5642,31.6351,1965.63,23.96
5643,30.5501,1980.46,24.13
5644,32.4071,1934.46,24.8
5645,31.8502,2092.27,24.51
5646,31.2679,1964.96,25.41
5647,32.8263,2000.05,26.08
5648,30.4512,1884.98,24.45
5649,31.312,1884.66,27.06
5650,30.7082,2012.32,27.19
5651,31.9012,1903.9,26.32
5652,29.8258,1945.99,26.84
5653,29.7954,1908.04,27.78
5654,29.7732,1791.43,27.34
5655,29.9622,2002.16,25.65
5656,28.3129,1936.67,25.64
5657,28.0027,1877.09,25.67
5658,29.0267,1951.72,25.54
5659,27.0947,1995.56,24.12
5660,28.2081,1978.29,24.41
5661,27.8641,2030.5,23.2
5662,30.6399,2007.44,23.35
5663,28.7635,2046.32,23.89
5664,30.8603,1933.32,23.0
5665,31.0821,1796.92,23.14
5666,30.6704,2065.39,23.88
5667,32.4966,2040.15,24.21
5668,30.5337,1837.82,22.99
5669,31.4117,1944.34,23.58
5670,31.523,1848.07,24.94
5671,29.9435,1861.84,25.49
5672,31.2875,1844.18,26.43
5673,30.2449,1941.07,26.71
5674,30.7262,1843.06,26.89
5675,30.7425,2003.92,26.62
5676,29.806,1951.87,26.55
5677,31.0466,1949.84,27.5
5678,27.828,1844.46,27.2
5679,29.5882,1928.15,27.11
5680,28.0633,1879.21,25.15
5681,29.2159,1973.07,24.87
5682,28.3206,1888.64,24.68
5683,26.9116,1939.01,24.94
5684,27.7056,1892.95,24.18
5685,29.3477,1919.46,24.56
5686,30.4605,1931.01,24.17
5687,30.3178,2064.69,23.37
5688,30.8139,2067.63,22.72
5689,31.2153,1975.07,22.96
5690,30.8944,2021.11,23.44
5691,31.2357,1908.17,24.1
5692,31.9235,1963.29,24.19
5693,30.047,1987.14,24.39
5694,31.1465,2072.09,25.32
5695,30.9365,1979.05,25.61
5696,30.5544,1924.31,26.42
5697,29.781,1987.88,25.86
5698,30.576,2014.5,25.88
5699,29.938,1953.93,26.88
5700,29.9727,1962.88,27.41
5701,28.632,1919.75,26.86
5702,30.1876,1896.5,27.25
5703,29.3567,2050.14,26.72
5704,27.8295,1905.02,25.31
5705,29.8291,1946.46,24.49
5706,28.4898,1902.42,24.9
5707,27.774,2090.03,24.72
5708,29.2398,2052.78,24.34
5709,29.2932,1954.03,22.92
5710,28.9718,1894.17,24.18
5711,28.6183,1977.78,23.57
5712,30.0268,2012.66,22.57
5713,29.3369,2087.5,24.3
5714,29.828,2036.0,23.78
5715,30.1282,2041.32,23.22
5716,30.9286,2036.0,24.24
5717,31.3866,1990.38,24.01
5718,32.3512,1976.31,24.63
5719,31.8255,1960.58,25.53
5720,31.7952,2049.61,25.44
5721,30.6332,2044.16,26.36
5722,30.8529,2119.15,25.85
5723,31.0043,2142.26,26.7
5724,29.6284,2078.69,27.15
5725,29.9739,2068.17,27.35
5726,30.0503,2064.63,26.54
5727,28.0267,2105.86,25.81
5728,28.7388,2177.67,25.95
5729,28.6037,2104.88,25.16
5730,27.0036,2119.4,25.36
5731,28.2181,2020.4,24.98
5732,27.9722,2177.58,24.26
5733,29.423,2105.45,23.43
5734,29.7557,2052.65,24.11
5735,29.6683,2160.06,22.19
5736,29.3888,2131.25,22.79
5737,29.2015,2085.25,24.07
5738,30.1988,2073.22,22.48
5739,30.2891,2113.04,24.35
5740,31.1283,2094.05,23.16
5741,31.3255,2087.7,24.23
5742,31.1645,2098.48,25.25
5743,30.794,2084.54,25.38
5744,32.9007,2050.08,26.38
5745,30.7691,2116.37,27.19
5746,30.311,2092.03,27.34
5747,28.8936,2148.57,26.95
5748,30.8448,2193.16,27.96
5749,30.2207,2143.59,26.44
5750,30.3532,2164.57,26.79
5751,28.0144,2073.76,26.12
5752,27.4459,2146.58,25.85
5753,28.3318,2283.32,26.22
5754,28.5101,2186.96,24.09
5755,27.514,2288.78,24.06
5756,28.2584,2128.23,24.01
5757,28.9114,2121.42,23.34
5758,28.7159,2117.07,22.28
5759,29.6571,2132.52,24.41
5760,29.8604,2216.57,23.39
5761,29.7955,2144.25,22.6
5762,32.2249,2091.98,23.49
5763,30.0179,2121.74,23.21
5764,32.3346,2141.56,24.71
5765,30.3941,2213.18,24.5
5766,31.2538,2123.7,25.48
5767,32.4525,2177.78,25.43
5768,30.1488,2042.15,25.9
5769,31.3937,2078.58,26.6
5770,30.9159,2089.05,25.39
5771,30.6867,2050.79,27.15
5772,29.4332,2158.37,27.26
5773,29.2484,2113.35,27.15
5774,29.1934,2249.46,26.46
5775,31.3671,2178.76,26.78
5776,28.3914,2223.02,25.96
5777,29.5075,2120.64,26.14
5778,28.681,2180.64,24.26
5779,28.7653,2110.09,24.43
5780,29.9037,2140.17,24.57
5781,29.215,2165.76,23.29
5782,28.0463,2046.87,23.09
5783,28.853,2127.15,22.5
5784,30.9431,2097.03,23.55
5785,30.7101,2181.02,23.7
5786,31.5455,2019.29,22.87
5787,28.8919,2063.97,23.05
5788,32.5143,2182.19,24.32
5789,31.5993,2166.06,24.21
5790,31.8152,2076.32,24.39
5791,32.7035,2066.83,24.96
5792,31.1892,2125.05,26.41
5793,32.0554,2110.95,26.07
5794,30.4283,2007.17,26.73
5795,30.0433,2074.91,26.19
5796,29.445,2142.95,26.77
5797,29.3584,1989.7,27.34
5798,29.2216,2137.7,27.47
5799,29.2519,2065.3,26.18
5800,28.9286,1975.64,25.64
5801,27.5118,1959.59,25.76
5802,28.1515,1926.6,25.14
5803,28.6198,2094.6,24.38
5804,28.0179,1923.48,24.48
5805,30.0784,2167.9,23.82
5806,29.889,1995.08,24.37
5807,28.9859,1998.7,22.75
5808,31.3782,1990.75,22.7
5809,30.2875,2019.31,22.81
5810,32.0821,1915.43,23.29
5811,32.1757,2048.77,23.93
5812,31.2624,2002.57,23.37
5813,32.2321,1953.41,24.2
5814,31.8712,1928.91,25.51
5815,30.799,1963.37,25.58
5816,32.2321,2024.91,26.93
5817,30.4764,1932.73,26.82
5818,30.793,2016.51,26.71
5819,28.5807,1928.64,26.76
5820,30.8513,1827.02,27.43
5821,29.5826,1914.07,27.62
5822,29.1051,1956.89,26.99
5823,28.9089,1991.25,25.83
5824,28.5726,1846.11,25.79
5825,27.7788,1914.06,26.16
5826,29.6858,1936.7,24.95
5827,26.7975,1913.16,24.79
5828,28.592,1898.75,23.74
5829,29.3301,1851.76,23.77
5830,29.8075,2000.6,23.69
5831,29.0398,1897.96,22.71
5832,30.1395,1977.44,24.0
5833,30.1837,1860.14,22.38
5834,30.8125,1846.58,23.12
5835,31.8481,1869.82,23.52
5836,30.5604,1987.99,23.72
5837,33.4985,1999.83,24.7
5838,32.7393,1948.37,25.38
5839,31.4168,1910.86,26.26
5840,31.5383,1949.06,25.85
5841,31.8714,1849.03,26.34
5842,32.5825,1827.14,27.15
5843,31.2319,1940.23,26.04
5844,29.7253,2034.59,26.79
5845,27.8886,1923.04,26.69
5846,30.0971,1864.4,26.59
5847,28.937,1927.06,25.84
5848,29.3004,1858.29,25.9
5849,27.1892,1978.27,25.06
5850,28.8676,2042.33,23.85
5851,27.2898,2021.83,23.81
5852,29.6477,1981.75,24.25
5853,28.3908,1884.65,23.65
5854,28.7572,1970.41,23.88
5855,30.6212,1873.08,23.83
5856,29.4772,1949.26,23.05
5857,30.4012,1903.77,22.8
5858,30.9056,1931.16,23.53
5859,30.5786,1981.61,22.73
5860,31.9231,1929.33,23.96
5861,32.2808,1993.66,24.1
5862,33.1399,2002.4,24.78
5863,32.1934,1894.25,25.87
5864,31.9513,2043.81,25.85
5865,30.2269,1968.49,25.56
5866,30.8002,1876.19,27.26
5867,29.9884,1961.54,26.45
5868,29.8326,2020.37,27.88
5869,30.6734,1890.39,26.76
5870,29.795,1981.53,26.9
5871,29.3357,1945.9,26.78
5872,28.4652,2014.46,25.81
5873,28.1079,2086.69,25.32
5874,27.2306,2017.32,24.63
5875,27.7716,1982.35,24.36
5876,29.3352,2049.5,24.15
5877,29.6393,2052.0,23.08
5878,28.7746,2041.5,23.21
5879,30.2472,2151.9,22.52
5880,30.9712,2001.02,23.91
5881,29.9156,2106.19,22.35
5882,29.2298,2133.84,24.18
5883,32.4352,2096.71,23.63
5884,30.7694,2069.18,23.89
5885,31.9658,1998.85,24.48
5886,30.2872,1988.45,24.9
5887,30.783,2104.79,26.32
5888,32.0786,2159.74,25.94
5889,31.8746,2039.59,26.88
5890,30.9505,2022.96,27.37
5891,29.7666,2090.58,27.72
5892,31.5369,2133.86,26.47
5893,28.5347,2076.57,26.8
5894,30.2549,2053.2,27.3
5895,29.2847,2135.07,26.52
5896,29.7842,2028.86,25.32
5897,28.3299,2115.88,25.84
5898,28.2914,2087.82,25.13
5899,28.8867,2031.19,24.57
5900,30.3926,2034.69,24.13
5901,28.5348,2192.13,23.14
5902,29.6801,2064.05,23.45
5903,31.4203,2042.7,21.92
5904,30.6502,2141.94,23.24
5905,30.4678,2143.95,23.24
5906,30.4825,2210.22,23.52
5907,29.6497,2088.61,23.23
5908,31.5076,2267.07,23.57
5909,30.7292,2141.03,24.49
5910,32.7937,2152.31,25.41
5911,30.5699,2071.42,25.4
5912,30.5711,2185.76,26.06
5913,31.4503,2198.25,26.62
5914,30.9783,2170.51,26.42
5915,28.8519,2182.15,26.69
5916,29.388,2123.93,27.56
5917,30.3218,2193.33,27.2
5918,29.3587,2194.98,26.96
5919,28.9661,2191.15,26.32
5920,27.8459,2065.81,26.2
5921,28.4386,2133.52,25.96
5922,29.8479,2100.6,24.79
5923,27.7804,2210.44,23.87
5924,27.4173,2134.66,23.97
5925,29.3567,2268.85,23.64
5926,29.0145,2155.53,23.63
5927,29.9196,2140.04,23.1
5928,29.3029,2146.19,22.41
5929,30.2208,2227.67,22.91
5930,30.4807,2141.53,23.27
5931,31.2376,2152.33,23.24
5932,29.6112,2245.45,24.75
5933,32.6852,2142.85,24.87
5934,31.9989,2127.21,24.93
5935,32.447,2125.66,25.07
5936,32.6753,2168.62,26.4
5937,31.9751,2154.66,26.5
5938,30.9627,2175.75,26.29
5939,30.0231,2085.43,26.96
5940,29.427,2188.96,27.53
5941,29.9515,2200.13,27.23
5942,29.1696,2107.04,26.27
5943,29.1276,2163.67,25.62
5944,27.808,2059.17,25.77
5945,29.8892,2156.08,25.13
5946,30.3857,2070.7,24.08
5947,27.9284,2151.46,25.0
5948,28.4028,2102.55,24.41
5949,29.2886,2127.36,23.34
5950,29.4333,2174.05,22.84
5951,28.6574,2081.75,22.79
5952,29.5898,2130.2,22.44
5953,29.1867,2136.98,23.25
5954,30.4004,2017.38,24.08
5955,31.2817,2036.89,23.39
5956,31.7171,2044.98,23.68
5957,30.904,2083.9,24.95
5958,29.4892,2070.64,25.6
5959,32.1392,1990.94,24.58
5960,31.4126,2103.82,25.56
5961,30.7382,2074.43,26.74
5962,31.0766,2026.23,26.5
5963,28.6896,1964.59,25.92
5964,29.7874,2087.51,27.83
5965,29.9662,1999.3,26.22
5966,30.5704,2017.02,26.91
5967,28.3533,2086.02,25.39
5968,30.0404,2009.44,25.7
5969,28.7874,1964.42,26.63
5970,29.1316,1993.58,25.63
5971,29.727,2039.7,24.75
5972,29.1702,2005.17,23.19
5973,27.9304,2006.25,24.21
5974,29.381,1863.76,23.63
5975,30.0379,2012.16,22.97
5976,30.4178,2035.75,22.21
5977,30.2137,1958.76,23.25
5978,31.1843,1912.91,22.92
5979,31.5986,2079.67,23.24
5980,31.277,1936.26,24.07
5981,30.7343,2092.48,23.5
5982,31.1447,1942.3,25.31
5983,31.4262,1993.28,25.56
5984,31.7745,1879.33,25.32
5985,31.2789,1966.98,25.64
5986,29.961,1916.19,25.88
5987,31.4396,1936.12,26.51
5988,30.6844,1987.57,26.65
5989,29.5934,1946.38,25.9
5990,30.0427,2015.8,26.92
5991,28.9948,2025.08,26.51
5992,28.5093,1962.03,25.61
5993,29.1367,1893.61,25.67
5994,29.682,1948.36,25.75
5995,27.9577,1950.58,24.69
5996,28.1209,1816.36,24.31
5997,28.6666,1812.04,24.32
5998,28.2888,1946.18,23.45
5999,28.7009,2007.41,23.37
6000,31.2799,2009.09,22.96
6001,29.8366,1903.58,22.94
6002,29.0633,1958.27,24.01
6003,29.4764,1925.81,23.29
6004,31.5424,1941.51,23.94
6005,30.7575,1810.06,24.82
6006,32.0824,2029.7,25.18
6007,31.8985,2057.7,24.75
6008,32.2396,1997.78,26.16
6009,31.0568,1963.73,26.98
6010,30.7633,1934.28,27.05
6011,30.1665,1924.91,27.24
6012,29.944,1832.69,26.86
6013,29.0297,1950.68,27.53
6014,28.8376,1994.1,27.19
6015,28.482,1940.68,25.28
6016,28.3594,1936.54,25.73
6017,29.1541,1925.58,25.59
6018,27.9812,1935.48,25.85
6019,27.9389,1968.52,24.15
6020,28.6176,1896.02,23.96
6021,29.5631,1895.59,23.58
6022,30.2929,2019.68,22.94
6023,27.7955,1949.88,23.39
6024,29.8741,1912.62,22.32
6025,30.9797,1927.12,22.13
6026,30.7564,1999.86,23.2
6027,32.7731,2059.33,24.57
6028,31.5673,2099.57,23.94
6029,30.7881,1885.52,23.64
6030,32.2693,1884.05,24.86
6031,31.2141,1862.27,26.57
6032,29.8753,1945.95,25.59
6033,30.9968,2094.06,25.93
6034,30.803,1980.36,27.35
6035,30.9413,1922.86,27.23
6036,29.8292,1907.24,27.74
6037,28.9445,2066.14,26.86
6038,28.1432,2028.42,26.41
6039,28.343,1967.11,26.64
6040,28.3872,2036.61,25.72
6041,28.3192,2066.75,25.38
6042,28.0871,2072.23,25.2
6043,28.9161,2091.06,24.14
6044,27.4934,1967.91,23.9
6045,29.0167,2065.66,23.54
6046,29.0392,1974.25,22.89
6047,29.724,1949.05,22.67
6048,30.1344,1982.06,21.81
6049,29.6642,1997.85,23.18
6050,30.1826,2112.19,23.31
6051,32.5549,2145.64,23.37
6052,31.3018,2013.5,23.41
6053,31.9329,2092.85,24.62
6054,31.1189,2055.17,24.76
6055,31.1463,2042.84,25.96
6056,30.7189,2037.23,25.79
6057,31.4798,2062.6,25.54
6058,31.3425,2068.32,26.14
6059,29.1594,2143.01,27.42
6060,30.9148,2156.92,27.05
6061,29.7842,2120.98,26.49
6062,29.0004,2144.69,26.82
6063,29.8077,2114.31,26.64
6064,29.9881,2072.22,26.02
6065,27.9692,2176.2,25.15
6066,28.1192,2170.5,24.19
6067,28.8023,2102.37,24.29
6068,29.5551,2122.16,24.39
6069,27.1665,2130.74,23.46
6070,29.5875,2017.2,22.76
6071,28.9851,2030.4,22.62
6072,30.2385,2109.33,23.5
6073,31.6561,2153.31,22.67
6074,30.455,2093.67,24.14
6075,30.6727,2153.71,23.19
6076,31.4835,2200.55,24.64
6077,31.4399,2071.3,24.81
6078,32.2829,2188.91,24.0
6079,31.7752,2186.71,25.4
6080,31.333,2146.01,25.71
6081,30.1004,2112.34,26.36
6082,30.9105,2141.72,27.19
6083,30.6457,2302.35,26.44
6084,29.0998,2178.86,27.01
6085,29.1529,2211.58,27.53
6086,29.9546,2212.7,25.9
6087,28.5662,2185.16,26.86
6088,27.1859,2154.51,26.2
6089,29.4546,2225.55,25.79
6090,28.5445,2191.11,24.3
6091,28.3787,2214.69,24.75
6092,28.6883,2049.24,24.01
6093,28.8379,2101.06,23.54
6094,29.023,2085.87,23.1
6095,31.6793,2086.44,22.94
6096,29.0694,2178.02,22.81
6097,30.259,2124.02,23.51
6098,29.2219,2217.37,24.15
6099,30.3885,2114.11,22.89
6100,31.0228,2112.99,23.76
6101,30.0013,2125.99,23.92
6102,32.141,2207.34,24.97
6103,30.975,2142.65,25.44
6104,32.2383,2054.5,25.76
6105,31.415,2123.21,26.28
6106,31.481,2145.93,27.4
6107,30.3331,2096.34,26.5
6108,28.2658,2140.56,26.88
6109,30.2689,2203.88,27.49
6110,27.6799,2180.72,25.75
6111,29.9538,2201.12,26.33
6112,28.977,2185.12,26.64
6113,27.7341,2089.18,25.56
6114,27.9357,2096.34,24.87
6115,28.3234,2091.83,23.69
6116,29.3364,2062.7,23.7
6117,28.5458,2145.07,24.22
6118,30.1579,2062.04,23.5
6119,28.7433,2081.15,23.51
6120,30.1112,2048.6,22.24
6121,29.4291,2136.82,23.14
6122,30.1182,2102.15,23.11
6123,31.5841,2031.81,23.88
6124,31.5259,2079.73,24.42
6125,32.7939,2107.6,24.79
6126,31.1079,2071.87,24.8
6127,32.0012,2024.5,24.96
6128,31.3826,1986.96,26.07
6129,30.9671,1964.58,26.1
6130,30.2997,1973.27,26.58
6131,31.6805,2018.96,26.09
6132,29.6062,2073.4,26.27
6133,28.6682,2014.95,27.47
6134,28.4376,2000.11,27.43
6135,28.976,2032.87,26.12
6136,27.2551,1988.43,25.97
6137,27.245,2031.51,24.76
6138,27.7966,1965.25,24.56
6139,28.751,1972.94,24.14
6140,27.5991,2079.85,23.63
6141,28.5065,1999.51,23.15
6142,29.6709,1957.81,23.32
6143,29.28,2105.53,23.97
6144,29.8922,2019.61,22.61
6145,30.1528,1955.33,23.19
6146,32.5219,1926.86,22.65
6147,30.8838,1977.68,23.25
6148,31.8729,2026.98,23.83
6149,32.1644,1959.18,24.37
6150,32.5263,1964.12,25.07
6151,31.7366,1933.55,25.36
6152,32.7555,1923.57,25.81
6153,31.73,1871.73,25.7
6154,31.3154,1969.36,27.03
6155,31.0112,1907.38,26.64
6156,30.5401,1898.64,26.59
6157,29.3425,2063.12,27.53
6158,26.9648,1812.05,26.82
6159,29.5931,1988.99,26.1
6160,29.0328,1962.61,25.92
6161,27.8862,1919.31,25.95
6162,28.9566,1952.58,24.44
6163,29.3998,1971.0,24.21
6164,28.7165,1910.51,23.87
6165,30.287,1867.84,23.77
6166,30.4839,1927.56,23.13
6167,29.8083,1870.79,23.69
6168,31.3289,1851.03,23.31
6169,31.7226,1929.9,22.66
6170,31.0212,1958.03,23.04
6171,31.5086,1901.99,23.02
6172,30.5378,1982.63,24.3
6173,32.4777,1857.94,24.47
6174,30.7585,1939.58,25.55
6175,31.9499,2002.57,25.97
6176,31.5045,2009.01,26.8
6177,31.7572,1955.22,26.68
6178,31.0108,1880.43,25.93
6179,31.8064,2028.63,26.97
6180,30.6541,1868.12,27.31
6181,28.5845,1863.93,27.3
6182,28.903,1894.56,27.54
6183,28.7326,1912.06,25.89
6184,28.3478,1876.81,25.98
6185,29.0977,1824.99,24.97
6186,27.3596,1866.22,25.11
6187,29.6191,1846.31,24.95
6188,29.2884,2002.64,23.56
6189,30.6413,1988.33,23.58
6190,28.6254,2029.74,23.46
6191,29.5829,1988.75,22.84
6192,29.9004,1821.35,23.78
6193,30.2298,1884.2,23.06
6194,32.0154,1934.17,23.66
6195,30.7321,1959.53,23.85
6196,32.69,1898.76,24.06
6197,30.245,1880.02,24.78
6198,30.398,1890.85,25.41
6199,30.9735,1952.74,25.49
6200,31.6328,2044.95,26.01
6201,30.6555,1991.41,26.94
6202,30.4412,1921.74,27.19
6203,28.9232,1979.51,26.77
6204,32.7319,1976.22,27.83
6205,29.7742,1883.48,27.23
6206,29.4278,1982.51,26.58
6207,29.6567,1998.32,25.71
6208,28.6023,1932.33,26.43
6209,28.9188,2116.87,25.44
6210,26.7262,1985.16,24.85
6211,30.4139,2007.21,25.03
6212,29.7249,1953.23,24.87
6213,28.2505,1958.45,23.91
6214,28.1681,1963.28,23.23
6215,30.1877,2043.67,23.89
6216,31.0503,2057.19,23.1
6217,30.3546,2078.21,23.07
6218,30.8719,2162.16,24.07
6219,30.7091,2067.78,22.65
6220,31.4573,2002.29,24.59
6221,30.6736,2076.31,24.92
6222,30.2761,2159.22,25.53
6223,30.9144,2039.57,25.77
6224,30.9309,2059.27,26.0
6225,31.4334,2242.61,26.84
6226,31.9479,2096.69,26.74
6227,29.2436,2121.28,26.06
6228,30.5541,2081.63,27.49
6229,28.7462,2113.23,26.95
6230,28.6926,2010.8,26.53
6231,29.5755,2039.35,26.5
6232,27.8541,2159.75,26.01
6233,29.3098,2179.94,25.45
6234,29.2512,2047.25,24.07
6235,28.4111,2103.97,23.7
6236,26.8847,2092.58,24.24
6237,30.1964,2069.62,22.93
6238,28.6398,2183.66,23.99
6239,31.0853,2113.93,22.37
6240,29.138,2157.05,23.43
6241,31.7033,2218.33,23.25
6242,31.8371,2078.4,23.29
6243,31.8878,2145.84,24.31
6244,31.1912,2124.96,23.9
6245,31.7367,2086.48,24.41
6246,32.1999,2088.02,24.87
6247,30.91,2116.49,25.52
6248,32.199,2294.55,25.66
6249,30.3811,2137.13,26.07
6250,29.685,2057.98,27.36
6251,31.5815,2116.67,27.35
6252,29.6416,2106.45,26.13
6253,28.9039,2148.72,27.08
6254,28.5597,2227.13,26.51
6255,29.6269,2166.21,25.94
6256,28.0833,2182.44,25.73
6257,29.05,2251.58,26.53
6258,27.6322,2044.59,25.25
6259,28.6533,2236.57,24.15
6260,28.4689,2170.15,24.79
6261,29.9629,2148.55,23.6
6262,29.2151,2138.11,23.52
6263,30.2212,2205.82,22.89
6264,30.0066,2129.44,22.98
6265,31.0149,2215.16,23.3
6266,31.2265,2159.85,22.86
6267,31.1746,2118.32,23.96
6268,30.0574,2197.33,23.73
6269,31.6436,2134.55,24.71
6270,31.6334,2113.93,25.16
6271,32.8812,2020.61,26.53
6272,32.4892,2179.64,25.77
6273,31.3094,2263.49,26.96
6274,31.9453,2178.99,25.97
6275,31.8485,2077.68,27.05
6276,29.7598,2137.19,27.37
6277,30.4573,2202.12,27.08
6278,29.0279,2149.8,26.29
6279,27.8145,2247.25,26.72
6280,26.8741,2070.08,25.75
6281,27.8405,2029.03,25.24
6282,28.1981,2223.24,25.43
6283,28.4334,2025.27,25.0
6284,30.7757,2102.16,23.68
6285,29.178,2127.31,23.45
6286,29.8219,2111.24,23.56
6287,29.4923,2049.61,23.2
6288,30.1236,2024.97,23.36
6289,29.9144,2061.28,22.4
6290,29.875,2156.65,23.57
6291,32.3589,1974.66,22.15
6292,31.6826,1997.31,24.18
6293,32.2338,2033.87,24.11
6294,30.2462,2155.77,25.31
6295,30.8824,2071.36,25.86
6296,29.479,1996.94,25.23
6297,31.3225,2086.52,26.91
6298,28.9254,2081.12,26.14
6299,30.8361,2043.21,26.65
6300,30.152,2094.51,27.03
6301,30.32,2085.81,26.16
6302,28.9189,2044.71,27.09
6303,28.0107,2096.97,26.27
6304,30.1653,2046.61,26.86
6305,29.0077,1932.24,26.0
6306,27.5902,2082.55,24.18
6307,27.2299,2015.97,24.27
6308,27.5285,2054.22,24.33
6309,28.4757,1992.76,23.21
6310,28.9177,2005.64,24.16
6311,30.0472,2034.63,23.28
6312,30.4929,1976.04,23.4
6313,30.9704,2036.53,22.9
6314,31.4794,2076.0,24.41
6315,30.5503,1944.41,23.3
6316,30.9596,1953.31,23.93
6317,31.8108,1976.97,23.61
6318,32.1889,1917.36,24.85
6319,30.7998,1992.51,25.93
6320,31.8872,2031.58,26.42
6321,30.8895,2030.45,26.78
6322,30.1841,1998.97,25.76
6323,31.3936,1932.17,27.64
6324,30.1349,2067.32,27.38
6325,29.0926,1984.64,26.42
6326,28.4871,2110.11,25.72
6327,29.2154,1968.27,27.55
6328,28.0149,2048.51,26.48
6329,29.6186,1917.0,25.08
6330,28.3547,1908.92,24.8
6331,27.5445,1925.2,23.55
6332,29.2977,2059.02,23.63
6333,28.9013,1889.79,24.43
6334,28.273,1913.72,22.26
6335,28.7509,1956.47,23.43
6336,30.1865,1923.12,22.83
6337,31.0253,1963.04,22.13
6338,31.2214,1904.95,23.95
6339,31.4982,1909.5,23.2
6340,31.1628,1972.56,24.42
6341,31.3114,1992.94,25.24
6342,31.6126,1937.63,25.13
6343,32.5346,1888.39,26.23
6344,31.5795,1937.85,25.68
6345,31.862,1958.86,26.57
6346,30.8688,1935.88,26.18
6347,30.7962,1937.64,27.38
6348,29.5678,1910.74,26.95
6349,29.2657,1898.56,26.37
6350,29.377,1894.67,26.7
6351,29.2618,1883.9,26.57
6352,30.6529,1860.08,25.85
6353,29.5332,1952.58,26.48
6354,28.6335,1888.74,25.07
6355,30.04,1924.39,23.93
6356,29.3482,1972.71,23.75
6357,29.7571,1854.74,23.99
6358,30.2643,1906.52,23.82
6359,31.8936,1950.16,23.43
6360,30.5275,2053.87,23.11
6361,29.7024,1946.59,22.24
6362,30.1647,1999.64,23.05
6363,30.5968,1917.14,24.31
6364,32.3177,2008.55,24.57
6365,32.0302,1962.8,24.99
6366,31.835,2003.9,24.44
6367,31.1379,2008.92,25.09
6368,30.2127,2001.72,26.12
6369,30.7848,2050.19,26.53
6370,30.0731,1843.12,26.24
6371,30.6202,2029.79,26.84
6372,29.9197,1973.5,26.84
6373,28.6652,2055.29,27.75
6374,30.29,2025.47,26.77
6375,28.8481,2033.88,26.41
6376,28.2839,2043.96,25.33
6377,29.2877,1975.28,25.21
6378,29.4119,2056.71,24.31
6379,29.267,2024.91,24.0
6380,28.2667,2069.31,24.79
6381,28.3428,2009.1,24.46
6382,30.2778,2152.23,23.2
6383,29.2755,2016.14,22.59
6384,29.9547,2108.02,22.37
6385,31.7944,1976.33,22.42
6386,30.6671,2022.05,23.54
6387,31.5877,2128.36,23.3
6388,31.2014,2068.97,24.44
6389,31.9548,1943.28,24.14
6390,31.2254,2106.9,25.11
6391,31.4898,1968.11,25.61
6392,29.8388,2040.2,26.11
6393,32.5372,2075.36,25.83
6394,31.6266,2030.87,25.05
6395,29.2175,2096.2,27.09
6396,29.348,2121.65,27.07
6397,29.8134,2117.62,27.1
6398,27.1592,2182.51,26.08
6399,27.5623,2143.66,25.51
6400,29.1166,2098.96,25.21
6401,28.9924,2178.53,25.06
6402,27.9649,1998.07,24.82
6403,28.9777,2140.92,24.94
6404,29.7231,2171.63,24.07
6405,29.3479,2138.37,24.66
6406,28.0605,2091.44,23.07
6407,30.8063,2059.02,23.03
6408,30.2134,2105.75,22.56
6409,29.9228,2094.63,22.8
6410,30.5013,2112.21,23.11
6411,31.7783,2110.87,23.63
6412,31.5663,2172.03,25.37
6413,31.141,2115.89,23.45
6414,31.8647,2073.49,25.75
6415,31.3045,2183.5,25.54
6416,31.676,2205.32,25.78
6417,31.0139,2201.89,26.85
6418,29.4814,2146.31,26.0
6419,30.5543,2195.08,26.98
6420,30.7764,2180.87,26.96
6421,30.8481,2114.02,27.81
6422,29.9754,2059.34,26.28
6423,28.8062,2124.95,25.96
6424,28.8924,2178.06,25.52
6425,29.0873,2145.27,25.66
6426,27.9597,2234.78,26.16
6427,27.8221,2161.49,25.11
6428,28.471,2099.59,24.82
6429,29.0389,2077.81,24.35
6430,28.5031,2182.6,23.19
6431,30.0325,2099.57,23.49
6432,31.899,2102.93,22.91
6433,29.4503,2259.18,23.01
6434,30.9636,2138.61,23.71
6435,31.7814,2158.72,24.7
6436,30.5216,2052.52,24.33
6437,31.0072,2109.93,24.31
6438,31.6278,2151.16,25.83
6439,30.9558,2097.24,25.36
6440,32.2644,2156.64,26.67
6441,29.8606,2180.58,26.86
6442,30.3638,2212.56,26.47
6443,30.1695,2153.75,27.32
6444,29.2139,2190.14,26.33
6445,29.8047,2194.39,26.92
6446,27.5379,2238.89,27.34
6447,29.2492,2071.64,26.64
6448,28.5802,2132.95,26.03
6449,29.2113,2090.01,24.72
6450,29.3533,2230.35,25.54
6451,30.0012,2165.91,24.85
6452,29.6644,2139.88,24.57
6453,28.9248,2062.47,22.99
6454,30.1865,2107.12,22.83
6455,30.9346,2073.97,23.18
6456,30.6874,2124.9,24.01
6457,30.8386,2105.24,22.32
6458,31.2885,2067.09,23.86
6459,30.3479,2175.12,24.05
6460,32.224,2080.7,24.01
6461,32.1336,2081.03,24.49
6462,32.3603,2170.7,24.77
6463,32.6898,2123.22,25.37
6464,30.0652,1999.36,26.15
6465,32.5211,2044.11,26.1
6466,29.2006,1984.95,27.04
6467,31.6524,1904.29,27.04
6468,29.3987,2004.48,27.76
6469,28.8865,2032.89,26.3
6470,29.3839,2015.65,26.18
6471,28.6448,1991.38,26.2
6472,28.3916,1850.73,26.79
6473,29.0969,2019.71,25.88
6474,28.69,1993.45,24.21
6475,28.89,1982.86,24.49
6476,28.5765,1876.37,23.98
6477,26.9902,2085.29,24.22
6478,29.4659,2088.07,23.23
6479,29.4834,2001.39,23.13
6480,29.6014,1905.57,23.31
6481,29.5889,2045.16,23.32
6482,30.4613,1972.03,24.02
6483,32.1667,2000.64,23.63
6484,32.2525,2006.85,22.62
6485,32.1453,1968.2,24.5
6486,29.8907,1915.76,24.49
6487,31.5322,1925.25,25.85
6488,31.8494,1963.24,26.09
6489,31.8159,1986.73,26.65
6490,30.5508,1932.16,26.49
6491,31.1433,1838.49,26.35
6492,31.0426,1939.37,27.34
6493,30.2691,1971.82,26.68
6494,28.5039,1950.63,26.86
6495,29.0901,2095.1,26.85
6496,27.9765,1858.23,26.21
6497,28.0283,1892.15,25.11
6498,27.5843,2008.86,25.03
6499,27.5817,1853.01,24.36
6500,28.8548,1925.41,24.06
6501,29.0124,1954.86,23.74
6502,28.4462,1883.93,23.26
6503,29.9584,1841.67,24.01
6504,30.4821,1905.4,22.77
6505,30.3625,2069.52,21.43
6506,31.9801,1900.18,22.61
6507,31.8786,1885.33,24.23
6508,31.8371,1849.9,23.95
6509,31.5163,1938.62,24.96
6510,31.1516,1914.58,24.92
6511,31.3314,1977.6,25.68
6512,31.5173,1888.27,26.34
6513,29.6655,1933.71,26.32
6514,32.3157,1828.35,27.15
6515,30.9926,1975.64,27.24
6516,29.7145,1927.26,26.78
6517,29.454,1931.86,27.09
6518,28.963,1899.1,27.08
6519,30.2591,1997.37,25.9
6520,28.1939,1969.28,25.64
6521,28.4925,2020.09,25.95
6522,27.976,1921.83,24.93
6523,28.0231,1836.78,24.2
6524,30.1657,1883.65,24.33
6525,28.3955,1908.15,23.9
6526,30.1129,1861.49,23.21
6527,29.0713,1915.9,22.32
6528,28.5175,1890.72,23.25
6529,30.6788,1965.01,23.4
6530,31.6573,1947.98,23.05
6531,30.9573,1968.41,23.89
6532,31.5089,1984.03,24.66
6533,31.1405,1956.11,24.6
6534,31.8301,1972.34,25.06
6535,30.9202,1988.88,25.67
6536,32.1482,2035.55,25.5
6537,33.1014,2123.45,25.43
6538,28.2716,1948.78,27.03
6539,30.0851,1982.21,26.53
6540,31.2109,1908.51,26.88
6541,29.0848,2004.42,26.65
6542,29.0493,2028.53,27.46
6543,28.6477,1981.98,27.98
6544,29.6323,1995.78,26.33
6545,28.9373,2100.39,25.56
6546,27.7521,1960.93,24.46
6547,29.8093,2197.09,23.6
6548,29.2133,2140.31,23.91
6549,28.9064,2006.71,22.85
6550,30.5922,1997.35,24.23
6551,29.3877,2011.8,21.98
6552,30.8149,2085.24,22.88
6553,29.4233,2018.73,23.65
6554,30.8709,2147.03,22.41
6555,32.5005,2076.53,22.42
6556,33.272,2024.05,24.65
6557,31.8796,1987.48,23.47
6558,29.3862,2040.8,24.64
6559,33.0326,1981.01,25.22
6560,31.6488,2120.99,26.49
6561,29.8918,2024.59,26.63
6562,30.9861,2068.45,26.72
6563,31.2498,2096.77,26.55
6564,30.1718,2030.31,27.52
6565,30.0867,2132.8,27.41
6566,27.9878,2049.22,25.93
6567,29.7555,2084.9,26.57
6568,27.8489,2108.84,25.81
6569,29.1078,2074.42,25.61
6570,29.1122,2231.0,24.37
6571,29.8626,2002.16,24.11
6572,27.2649,2094.24,23.24
6573,28.8401,2086.09,23.82
6574,28.1873,2120.24,23.07
6575,29.453,2079.96,23.03
6576,29.4881,2236.48,23.69
6577,31.3357,2229.81,23.09
6578,29.8927,2175.22,23.08
6579,30.4654,2019.33,22.42
6580,30.8531,2196.64,23.82
6581,32.9236,2209.99,24.84
6582,29.6767,2143.38,24.53
6583,31.2675,2167.27,25.97
6584,30.8358,2027.6,25.87
6585,29.7264,2295.65,26.14
6586,30.6328,2273.49,26.56
6587,31.2795,2266.93,28.3
6588,30.2828,2163.24,27.06
6589,30.5619,2183.45,26.34
6590,30.6441,2129.29,27.3
6591,29.3488,2148.45,25.88
6592,29.6918,2174.2,26.4
6593,29.1892,2138.89,25.11
6594,29.3589,2267.79,25.35
6595,28.2636,2178.46,23.98
6596,27.499,2189.27,24.36
6597,29.3624,2226.67,23.33
6598,29.7477,2217.01,23.4
6599,29.3965,2181.88,22.99
6600,29.1841,2001.72,22.7
6601,29.9598,2263.61,22.84
6602,29.2509,2180.67,22.55
6603,31.1207,2098.21,23.4
6604,31.6401,2091.67,24.22
6605,32.8413,2190.15,24.16
6606,31.079,2150.67,25.43
6607,31.4594,2130.85,25.56
6608,30.824,2141.49,25.6
6609,30.7884,2024.68,26.39
6610,30.7564,2121.13,26.32
6611,30.1566,2052.87,26.65
6612,30.4626,2149.87,27.43
6613,29.9463,2112.0,26.75
6614,29.54,2108.52,27.01
6615,29.516,2180.95,26.04
6616,28.6118,2016.48,26.08
6617,27.2072,2238.32,25.33
6618,29.0201,2090.11,24.49
6619,28.1174,2047.98,24.72
6620,28.5329,2151.86,24.33
6621,28.9864,2093.46,23.86
6622,29.5376,2074.86,23.9
6623,29.8501,2029.16,22.93
6624,30.7129,2186.43,22.68
6625,28.4035,2196.97,23.15
6626,31.6849,2050.66,23.97
6627,32.6767,2060.72,23.9
6628,31.4761,2131.95,23.02
6629,31.306,1984.01,24.49
6630,32.8641,2084.3,24.63
6631,31.795,2019.33,25.71
6632,32.5603,2078.33,26.39
6633,31.3688,2022.07,26.57
6634,30.252,2080.06,26.9
6635,30.2575,2058.04,26.65
6636,31.0917,2055.08,26.49
6637,30.9679,2084.92,27.54
6638,30.5006,1982.28,26.6
6639,29.2588,1982.34,26.58
6640,29.2561,2049.1,24.96
6641,27.5724,2062.44,25.34
6642,29.1523,1987.47,24.85
6643,28.6631,1991.69,24.02
6644,29.0057,2035.09,24.4
6645,28.5636,1957.14,24.12
6646,27.9982,1974.61,23.0
6647,29.6964,1983.26,23.17
6648,29.1498,2054.81,23.02
6649,31.0437,2014.77,23.35
6650,31.6146,1959.94,23.39
6651,31.2973,2041.23,23.99
6652,31.0151,1979.25,23.66
6653,32.5207,1986.38,24.63
6654,31.3355,2000.81,25.26
6655,31.1825,1926.49,24.55
6656,31.1428,1956.62,26.15
6657,31.5646,2026.35,26.01
6658,30.9354,1969.28,26.81
6659,30.443,1950.78,26.38
6660,29.714,1841.55,27.57
6661,30.7825,1988.74,27.12
6662,28.7817,2065.84,26.63
6663,30.2644,1910.61,26.66
6664,27.632,2008.11,26.24
6665,27.9378,1929.08,25.92
6666,29.1418,1920.95,24.86
6667,29.2294,1956.02,23.6
6668,29.9588,1902.97,24.56
6669,30.6755,1983.43,23.86
6670,29.3032,1926.75,21.98
6671,30.7467,1868.58,22.62
6672,30.5541,1855.58,22.79
6673,29.885,1886.17,22.99
6674,30.1392,1956.41,24.33
6675,30.5579,1881.03,22.8
6676,31.7718,1955.55,23.71
6677,30.7662,1943.24,24.1
6678,32.7001,1901.3,24.99
6679,32.8815,1923.44,24.56
6680,31.2274,1875.33,26.17
6681,29.3271,1863.11,27.7
6682,29.5269,1896.75,26.81
6683,30.227,1844.13,26.37
6684,29.4286,1886.31,26.56
6685,31.1931,1864.09,27.07
6686,28.8507,1912.88,27.2
6687,29.1125,1862.81,27.09
6688,29.4368,1938.35,25.82
6689,29.0638,1953.55,24.9
6690,28.0048,1922.3,25.26
6691,28.1383,1976.02,24.4
6692,28.2847,1842.04,23.5
6693,29.4352,1913.15,24.3
6694,30.5494,1971.7,23.42
6695,30.0301,1953.38,22.88
6696,29.8892,1960.53,23.0
6697,30.823,1918.25,23.68
6698,31.1351,1929.92,24.08
6699,30.7749,1969.02,23.7
6700,32.4463,1989.96,24.2
6701,31.3776,1909.85,24.84
6702,30.2196,2062.31,25.61
6703,32.0918,1977.79,26.26
6704,31.0713,1950.49,25.96
6705,31.8905,2075.59,26.62
6706,30.8664,1968.7,26.34
6707,31.5576,1959.28,26.76
6708,30.8395,1911.02,27.44
6709,30.0789,1989.16,26.78
6710,29.8388,1996.64,27.15
6711,28.692,2021.52,26.4
6712,28.0294,2067.88,25.68
6713,28.7746,2078.02,24.87
6714,27.8923,2064.8,24.99
6715,27.9698,2127.02,24.55
6716,29.2246,2035.5,24.34
6717,28.2226,1965.92,23.56
6718,29.2966,2063.72,23.67
6719,29.694,2002.56,22.47
6720,30.8811,2012.7,22.34
6721,28.8591,1948.1,22.19
6722,30.3825,2032.0,23.68
6723,31.579,2012.67,23.43
6724,29.751,2078.18,23.98
6725,32.1304,2073.77,23.88
6726,32.5041,2075.43,24.9
6727,32.1166,2007.95,24.79
6728,32.3922,2007.76,25.86
6729,31.0668,2133.63,25.83
6730,30.6152,2057.6,26.61
6731,30.5099,2073.43,26.08
6732,29.1118,2096.13,27.88
6733,29.1216,2082.97,26.47
6734,28.9742,2025.66,26.38
6735,29.2075,2100.95,26.8
6736,27.4156,2137.75,25.27
6737,27.6466,2178.75,25.43
6738,27.9196,2255.97,25.32
6739,28.5528,2202.28,24.63
6740,28.6362,2084.5,23.57
6741,28.5874,2159.23,23.4
6742,29.8593,2220.72,23.77
6743,28.9632,2119.6,22.75
6744,30.4255,2146.91,22.51
6745,29.9913,2160.04,22.97
6746,31.2025,2126.33,23.43
6747,32.3088,2159.73,23.44
6748,31.9886,2220.93,23.97
6749,31.2333,2157.1,25.22
6750,30.638,2218.25,25.01
6751,31.377,2096.12,25.49
6752,31.7154,2200.02,25.53
6753,31.0616,2120.42,26.19
6754,31.2834,2131.78,26.58
6755,30.0384,2144.3,27.05
6756,30.3367,2179.03,27.06
6757,29.3606,2170.66,26.49
6758,28.906,2220.9,27.48
6759,28.8424,2123.03,26.07
6760,29.2409,2284.23,26.19
6761,26.4068,2176.44,25.87
6762,27.8694,2184.2,24.48
6763,28.7165,2162.45,24.37
6764,28.4345,2268.01,23.28
6765,28.8083,2160.23,24.48
6766,30.4308,2262.32,23.05
6767,29.6397,2235.63,22.96
6768,31.2176,2057.52,23.16
6769,31.0094,2223.9,22.09
6770,31.4582,2113.06,22.43
6771,31.6507,2254.48,22.8
6772,30.7043,2117.59,23.27
6773,31.5386,2136.12,23.23
6774,32.723,2237.63,24.23
6775,31.7534,2242.84,25.24
6776,31.4987,2194.35,26.62
6777,31.4064,2139.99,25.89
6778,31.0581,2097.92,26.65
6779,28.9418,2135.39,26.16
6780,31.166,2073.32,27.03
6781,29.3997,2207.06,27.19
6782,29.0187,2177.36,25.87
6783,29.1149,2154.33,25.01
6784,28.123,2150.94,26.82
6785,28.218,2235.91,26.04
6786,28.9086,2199.27,25.13
6787,28.7071,2204.09,23.16
6788,28.2868,2049.68,23.73
6789,28.348,2211.04,22.78
6790,29.3563,2114.42,23.26
6791,28.8435,2089.26,22.46
6792,28.4005,2139.89,22.53
6793,28.8917,2054.63,23.68
6794,31.4713,2123.36,22.89
6795,31.3019,2038.53,23.56
6796,32.1211,2135.75,24.01
6797,31.6665,2087.35,24.55
6798,31.1562,2067.28,25.1
6799,31.4201,2132.04,26.22
6800,30.3387,2070.04,26.31
6801,30.5337,2020.38,27.17
6802,30.3154,2118.44,26.29
6803,30.2513,2021.85,27.0
6804,28.9568,2111.06,26.97
6805,29.0994,2001.49,27.95
6806,28.5482,2066.49,26.24
6807,29.1921,1954.58,26.75
6808,29.5207,1890.19,25.74
6809,28.4221,1945.89,25.0
6810,27.9762,1923.45,25.28
6811,28.3836,1984.44,24.06
6812,28.7085,1985.27,23.8
6813,29.2055,2017.76,22.86
6814,28.5273,2111.31,22.76
6815,29.5441,2009.46,23.21
6816,29.6966,2012.4,23.4
6817,30.1955,2045.85,23.94
6818,30.0574,1945.49,22.91
6819,30.4802,2020.54,23.63
6820,31.9904,1925.88,23.59
6821,31.5272,2076.74,24.31
6822,32.1295,2082.64,24.39
6823,31.2063,2025.56,25.46
6824,29.0733,1854.23,25.75
6825,29.4273,2021.26,26.44
6826,30.6528,1869.15,27.51
6827,30.8335,2008.64,27.48
6828,30.1276,2005.4,26.29
6829,28.8079,1921.06,27.24
6830,31.1891,1969.93,26.41
6831,27.583,1927.03,26.12
6832,28.0274,1927.99,25.75
6833,28.047,1928.57,25.47
6834,29.1739,1916.57,25.38
6835,27.6298,1876.64,24.14
6836,29.6317,1865.29,23.75
6837,28.0323,2002.1,23.33
6838,29.9566,1888.59,23.87
6839,30.569,1893.6,22.93
6840,30.4983,1930.69,22.96
6841,28.8757,1933.1,22.89
6842,30.8806,1974.38,23.35
6843,31.7754,1974.03,23.8
6844,31.0999,1898.0,22.98
6845,31.628,1943.08,24.67
6846,30.4964,1828.42,24.5
6847,32.4614,1852.87,25.6
6848,30.0574,1949.51,26.25
6849,32.0999,1945.39,26.81
6850,29.0407,1876.55,25.75
6851,31.5793,1958.86,26.69
6852,31.0056,2055.83,27.17
6853,30.5572,1923.67,27.44
6854,29.6414,1921.41,26.2
6855,29.0046,1860.05,26.54
6856,28.0487,1978.39,25.42
6857,27.8586,2053.35,24.59
6858,28.7449,1869.11,25.24
6859,29.1401,1901.78,24.92
6860,28.307,1962.35,24.04
6861,29.2789,2046.64,23.36
6862,30.1788,1877.21,23.22
6863,30.3078,1909.99,23.42
6864,30.9258,1903.39,23.41
6865,31.0292,1972.71,23.78
6866,30.5998,1912.39,23.29
6867,30.9414,2038.13,23.7
6868,31.5548,1985.1,23.61
6869,32.849,1917.13,24.23
6870,30.8701,1780.53,25.51
6871,30.6584,1926.77,26.39
6872,31.9184,1961.58,26.65
6873,31.5027,2053.1,27.8
6874,31.2266,1942.68,26.87
6875,31.3337,1999.92,27.68
6876,30.8297,2039.26,26.89
6877,29.2128,1996.1,26.59
6878,30.1638,1935.75,26.63
6879,30.1366,2034.74,26.43
6880,29.5142,1969.6,25.63
6881,29.0659,1957.4,25.78
6882,28.2708,1946.2,24.8
6883,28.3498,2084.49,24.29
6884,28.647,1955.88,23.75
6885,28.8112,1972.82,23.24
6886,29.2919,2046.14,22.96
6887,29.8718,2022.67,22.85
6888,31.6736,2069.75,23.49
6889,29.6277,2175.9,23.17
6890,31.1348,2049.93,22.93
6891,30.6055,2060.5,23.5
6892,32.363,2047.65,23.47
6893,29.9522,2080.6,25.1
6894,31.6414,1989.72,24.92
6895,31.1602,2056.75,25.16
6896,30.6224,2018.09,25.52
6897,32.7274,1992.58,27.28
6898,31.9438,2137.22,27.27
6899,31.0164,2072.52,26.03
6900,29.7941,2720.07,26.53
6901,28.589,2712.14,26.68
6902,28.5843,2641.93,26.83
6903,28.6886,2843.63,26.64
6904,27.6471,2675.83,26.08
6905,28.2275,2794.82,26.57
6906,27.3571,2726.03,24.9
6907,28.3011,2731.86,24.92
6908,28.7496,2712.09,24.17
6909,29.8391,2871.48,24.17
6910,28.0621,2834.12,23.1
6911,29.406,2767.19,23.32
6912,30.0909,2672.14,23.35
6913,29.3243,2697.39,23.36
6914,31.7777,2819.53,23.9
6915,30.7678,2735.72,23.07
6916,30.7923,2855.08,25.05
6917,31.5667,2858.84,25.2
6918,30.9892,2785.82,25.06
6919,31.1435,2715.16,25.63
6920,29.4657,2796.72,25.57
6921,30.7627,2793.44,27.62
6922,32.5751,2798.06,26.3
6923,30.7547,2862.67,26.57
6924,30.3962,2733.39,27.38
6925,29.0926,2853.54,26.12
6926,28.4432,2743.97,26.04
6927,28.4306,2789.54,26.64
6928,27.9043,2755.89,25.82
6929,27.4875,2759.51,25.66
6930,28.6359,2082.67,24.66
6931,27.7802,2030.13,22.9
6932,28.8714,2191.82,22.82
6933,29.444,2197.12,22.76
6934,30.1544,2167.32,23.41
6935,30.3881,2159.82,23.0
6936,29.9399,2189.0,22.32
6937,30.5432,2153.73,22.64
6938,30.8266,2160.72,22.94
6939,31.059,2186.33,23.26
6940,31.3507,2072.0,24.05
6941,31.3222,2110.02,24.04
6942,30.0958,2185.54,25.45
6943,32.5679,2191.14,25.45
6944,31.9488,2052.48,25.82
6945,29.8568,2119.17,26.61
6946,30.7789,2128.49,26.53
6947,29.7363,2097.73,26.42
6948,28.1945,2042.19,27.46
6949,29.2763,2044.08,27.17
6950,28.2847,2145.24,26.95
6951,28.4997,2307.73,26.51
6952,29.0091,2144.49,26.73
6953,28.4392,2223.03,24.72
6954,27.7022,2128.62,24.65
6955,29.8534,2095.6,24.65
6956,28.2145,2087.06,24.21
6957,29.2069,2149.72,23.43
6958,30.5357,2020.97,22.9
6959,30.4589,2027.87,22.31
6960,30.0538,1953.04,22.56
6961,29.0985,2040.55,23.29
6962,29.0785,2042.62,22.2
6963,31.4425,2097.1,23.94
6964,30.7676,2161.32,23.02
6965,31.1597,2091.66,24.69
6966,31.3435,2063.02,25.08
6967,31.0308,2079.98,25.35
6968,32.1845,2001.56,26.05
6969,31.084,2086.14,26.2
6970,30.3049,2032.03,26.89
6971,30.9886,2097.12,27.17
6972,30.0073,2055.9,27.31
6973,29.8432,2070.39,27.14
6974,29.3391,2090.69,27.27
6975,29.0402,2193.68,26.31
6976,29.7731,2080.52,25.42
6977,27.7163,2049.17,25.05
6978,28.2531,2022.54,24.92
6979,27.904,1943.22,24.24
6980,28.3126,1953.42,23.79
6981,29.4558,2061.86,23.81
6982,29.0952,1992.27,23.32
6983,29.9475,1985.42,22.44
6984,30.2105,1931.55,22.63
6985,30.1728,1997.84,24.16
6986,30.8773,1944.11,24.24
6987,29.9045,1924.9,23.67
6988,30.0029,2097.85,24.38
6989,32.2838,1979.45,24.07
6990,33.2078,1968.89,25.33
6991,32.7319,1885.28,25.48
6992,31.4322,2009.03,26.35
6993,31.0402,1907.28,26.56
6994,30.7931,1998.42,25.97
6995,30.395,1979.03,26.49
6996,29.1826,1979.14,26.28
6997,30.3238,1880.64,27.09
6998,28.9712,1990.56,26.7
6999,29.5071,1949.68,26.67
7000,29.5174,1867.9,26.42
7001,29.5962,1909.42,25.3
7002,29.5576,2011.34,24.52
7003,30.3242,1815.21,24.13
7004,29.2638,1827.53,23.83
7005,29.9556,1881.24,24.33
7006,30.3977,1972.96,23.28
7007,29.6522,2044.79,22.93
7008,29.3591,1898.92,23.6
7009,30.4189,1944.04,22.05
7010,30.5949,1877.58,22.94
7011,32.34,1973.01,23.77
7012,31.7579,1976.26,24.2
7013,32.2111,1913.71,24.56
7014,30.8467,1906.31,24.75
7015,31.4686,1858.33,26.23
7016,32.3655,1890.66,24.6
7017,30.679,1912.05,26.3
7018,30.319,1897.87,25.8
7019,30.5261,1975.68,27.1
7020,29.4419,1920.69,25.96
7021,29.9088,1831.18,26.82
7022,28.9682,1994.63,25.56
7023,28.8242,1946.71,25.75
7024,28.5296,2009.57,25.99
7025,28.3522,1946.65,25.99
7026,28.1719,1980.8,24.86
7027,27.2964,1896.41,24.13
7028,29.4115,1942.35,23.89
7029,28.8814,1979.66,23.54
7030,28.7508,1867.18,23.25
7031,29.8086,1902.9,23.24
7032,28.5628,1916.55,22.43
7033,31.4013,1890.79,22.67
7034,31.0835,1960.09,24.15
7035,31.9346,1976.68,23.74
7036,31.2118,2026.27,24.23
7037,31.7602,1815.16,23.66
7038,32.4339,1942.45,25.53
7039,31.0989,1990.24,25.47
7040,31.1586,1941.52,26.48
7041,30.8736,1976.9,26.23
7042,31.3309,1990.93,26.25
7043,29.6673,2000.03,26.77
7044,30.356,2049.16,27.83
7045,30.3447,1973.87,27.32
7046,29.7378,1905.83,26.06
7047,30.2632,1997.73,26.42
7048,29.9466,1924.3,25.38
7049,28.2793,1898.63,25.69
7050,28.7555,2070.24,24.27
7051,28.2347,2004.75,23.92
7052,28.0062,1992.26,24.89
7053,28.8891,2107.62,23.34
7054,29.3651,2045.63,23.13
7055,29.1961,2063.95,23.98
7056,29.7499,2048.19,23.17
7057,28.94,2029.55,23.12
7058,30.292,2117.35,22.91
7059,30.7974,2055.76,22.92
7060,33.0024,2046.78,24.18
7061,32.1143,2026.89,24.56
7062,30.0742,2120.73,25.35
7063,31.0957,1986.84,25.06
7064,30.1511,2094.98,26.43
7065,31.6966,2078.82,27.2
7066,30.0156,2097.77,27.0
7067,30.3274,2050.84,27.43
7068,29.208,2062.23,26.57
7069,28.1546,2140.95,26.3
7070,30.2119,2126.49,26.63
7071,27.8415,2071.63,25.43
7072,29.6325,2095.72,25.69
7073,28.7088,2238.43,25.25
7074,27.9287,2063.46,24.97
7075,29.2883,2137.6,24.55
7076,28.6597,2107.97,23.5
7077,29.2503,2150.7,22.98
7078,30.9543,2099.45,24.69
7079,28.8084,2187.98,23.23
7080,30.7568,2128.06,23.26
7081,30.2247,2189.7,22.95
7082,30.6487,2151.31,22.39
7083,31.148,2101.96,24.29
7084,29.6432,2141.65,24.09
7085,31.1837,2078.44,24.38
7086,31.6605,2277.43,24.86
7087,31.3308,2173.02,25.08
7088,30.6798,2178.98,25.25
7089,31.2036,2124.43,26.62
7090,31.3312,2168.49,26.5
7091,29.7373,2060.01,27.19
7092,30.207,2121.74,26.79
7093,28.6985,2118.78,27.45
7094,29.9383,2250.89,26.77
7095,28.8698,2139.27,26.36
7096,27.7686,2239.79,26.67
7097,28.5392,2079.55,25.47
7098,28.0941,2225.87,25.05
7099,29.3849,2134.95,24.42
7100,28.7552,2265.36,24.7
7101,29.5006,2229.54,22.71
7102,29.9321,2123.06,23.38
7103,29.9279,2112.25,23.63
7104,32.3065,2261.5,23.51
7105,30.4087,2157.53,23.66
7106,31.6469,2182.26,22.91
7107,31.026,2247.86,23.11
7108,30.5592,2216.09,24.61
7109,31.7108,2158.99,24.66
7110,30.7367,2146.26,24.95
7111,31.4127,2184.44,25.07
7112,31.3667,2230.53,26.14
7113,31.435,2186.04,26.38
7114,29.193,2096.19,26.04
7115,31.3551,2231.45,27.62
7116,29.4142,2188.36,27.28
7117,28.3573,2066.87,26.59
7118,29.0288,2240.31,26.91
7119,28.7381,2009.7,25.87
7120,29.5381,2096.45,26.53
7121,29.7771,2149.77,25.82
7122,28.1964,2149.82,26.11
7123,29.0712,2201.28,24.29
7124,29.663,2092.99,24.14
7125,29.0208,2205.57,24.06
7126,30.1121,2172.58,22.38
7127,27.6361,2172.26,23.72
7128,29.6833,2166.27,22.98
7129,30.3647,2119.52,23.63
7130,28.8862,2070.34,22.87
7131,30.1229,2094.57,23.66
7132,32.5752,2069.64,23.77
7133,33.227,2125.35,24.79
7134,31.4529,2111.98,25.29
7135,29.8607,2109.29,25.25
7136,32.5016,1970.46,25.86
7137,31.0141,2080.09,27.27
7138,31.3976,2174.1,26.79
7139,31.4188,2028.9,26.26
7140,30.1479,2038.3,26.66
7141,29.8555,2157.35,27.24
7142,28.9496,2015.11,26.94
7143,29.1083,2027.1,26.39
7144,30.3854,2033.5,26.03
7145,29.306,1992.4,25.98
7146,27.2434,1949.58,25.0
7147,29.4311,1978.49,24.69
7148,28.0491,2077.44,23.78
7149,27.949,1987.15,23.02
7150,30.2077,2099.06,23.11
7151,28.8394,1978.45,23.11
7152,30.0862,2060.14,23.6
7153,30.9369,1956.87,22.62
7154,31.2237,2020.01,23.07
7155,30.2709,1994.17,23.42
7156,31.9102,2062.64,23.95
7157,30.7693,1888.33,25.1
7158,30.6292,1869.4,24.62
7159,31.1071,2027.03,25.31
7160,30.7748,1913.0,25.78
7161,31.9948,1943.18,26.21
7162,29.8107,1911.75,27.57
7163,30.5428,1981.37,27.0
7164,30.0416,2102.18,27.52
7165,30.0851,1936.83,26.68
7166,30.1895,1964.19,26.16
7167,28.1113,1954.26,25.97
7168,29.7324,1871.9,27.03
7169,29.1996,1866.52,25.37
7170,28.1509,1948.65,24.79
7171,29.0796,1917.7,24.57
7172,27.179,1970.61,23.6
7173,27.9594,1872.03,24.11
7174,28.7222,1906.96,23.59
7175,29.9018,1860.86,23.7
7176,28.9997,2010.25,22.22
7177,29.8893,1899.26,22.84
7178,30.9307,2007.44,22.94
7179,29.9765,1836.44,23.15
7180,31.1527,1968.94,23.72
7181,31.9418,1918.12,24.39
7182,32.1887,1982.52,26.03
7183,30.9912,1959.6,25.57
7184,32.798,1948.17,25.57
7185,31.7483,2009.11,26.64
7186,32.3096,2103.92,27.06
7187,31.8072,1836.72,26.41
7188,30.2222,1877.13,27.2
7189,29.5602,1825.53,26.5
7190,28.7172,1814.26,26.15
7191,29.9977,1863.15,26.8
7192,29.0402,1962.38,26.4
7193,27.8163,1975.36,25.99
7194,28.5431,1991.05,25.05
7195,29.6343,1932.31,24.25
7196,27.5393,1921.53,24.4
7197,29.4048,1960.09,24.17
7198,29.3355,1972.56,23.67
7199,28.2876,1971.03,23.14
7200,28.7023,2015.47,22.91
7201,30.5827,1937.78,23.41
7202,30.0171,1914.72,23.11
7203,31.1925,2083.0,23.48
7204,31.7239,1945.26,23.66
7205,31.3948,1994.84,24.03
7206,31.7297,2044.44,24.32
7207,33.1136,2003.83,24.79
7208,29.7282,1929.32,25.69
7209,31.3482,1922.43,26.97
7210,29.813,1948.65,25.94
7211,28.7717,2073.11,28.06
7212,31.5717,2064.86,27.49
7213,29.8158,2009.25,26.35
7214,28.7895,1956.6,26.31
7215,29.1514,2081.13,25.99
7216,28.7218,2068.29,25.69
7217,27.5872,1904.94,25.19
7218,28.5089,1967.0,25.61
7219,28.3242,2051.83,24.5
7220,30.2445,1951.47,24.08
7221,28.1749,2072.36,23.75
7222,30.0483,1888.06,23.49
7223,29.0565,2079.84,23.11
7224,29.2105,2092.96,22.42
7225,30.8115,1993.43,22.04
7226,31.8262,1950.72,24.06
7227,31.0995,2008.64,23.56
7228,30.6042,2116.97,24.37
7229,31.2078,2109.98,24.93
7230,32.2657,2097.13,25.09
7231,31.835,2051.24,24.99
7232,30.6319,1997.77,25.54
7233,30.704,2048.07,26.56
7234,31.4239,2055.67,26.82
7235,29.9422,2175.59,26.85
7236,29.8822,2071.92,27.63
7237,29.9479,2120.21,26.38
7238,30.7316,2150.42,26.83
7239,28.82,1994.23,25.88
7240,27.1429,2071.89,26.17
7241,28.4651,2158.41,25.88
7242,28.3779,2149.52,24.87
7243,28.217,2109.1,24.06
7244,29.4227,2044.84,24.32
7245,29.6776,2147.11,23.81
7246,28.891,2075.43,24.0
7247,30.8444,2084.33,23.27
7248,29.6846,2076.0,23.29
7249,32.2647,2075.73,23.42
7250,31.1138,2123.78,22.83
7251,29.7566,2086.69,23.65
7252,30.8312,2106.19,23.98
7253,30.9884,2204.0,25.21
7254,31.1676,2124.62,24.73
7255,31.2564,2011.57,25.29
7256,30.3039,2306.48,26.14
7257,31.2724,2091.28,26.92
7258,32.2856,2200.86,26.65
7259,29.8522,2152.54,27.17
7260,31.3894,2025.8,27.05
7261,29.6367,2188.46,27.66
7262,29.8388,2070.12,27.29
7263,27.3849,2123.97,26.11
7264,27.9821,2164.67,26.18
7265,27.7518,2234.21,26.22
7266,28.805,2136.54,24.87
7267,28.322,2054.16,24.4
7268,29.0676,2268.62,23.46
7269,28.5328,2181.03,22.94
7270,29.2218,2199.66,23.04
7271,29.8226,2093.87,23.35
7272,30.1119,2238.04,23.46
7273,30.2358,2101.92,23.22
7274,30.0359,2148.61,24.3
7275,30.6742,2139.26,23.34
7276,30.7903,2047.5,23.72
7277,31.821,2118.06,23.97
7278,31.0554,2128.01,24.82
7279,30.5728,2217.44,26.18
7280,30.257,2136.25,24.34
7281,32.1733,2198.2,26.45
7282,30.0768,2162.06,26.39
7283,29.1909,2090.48,27.3
7284,30.2282,2212.36,25.94
7285,30.1477,2021.54,26.07
7286,28.8798,2174.15,27.19
7287,27.7792,2169.5,26.31
7288,28.9049,2250.74,25.12
7289,28.2888,2134.79,25.61
7290,27.0121,2229.07,24.78
7291,29.2187,2068.76,24.42
7292,29.5804,2093.09,23.86
7293,28.9621,2108.04,24.12
7294,28.8714,2061.71,23.14
7295,29.1515,2125.12,22.42
7296,29.0578,2028.93,22.41
7297,30.3898,1947.26,23.33
7298,31.126,2126.73,23.01
7299,30.7579,2057.19,23.88
7300,30.5356,2041.91,23.87
7301,32.0882,2024.02,24.07
7302,31.8016,2086.46,25.06
7303,30.9852,2178.55,25.06
7304,31.5884,2057.8,26.72
7305,30.7002,2073.4,27.13
7306,31.802,2029.75,26.14
7307,28.9135,2114.02,26.98
7308,31.2133,2138.31,26.78
7309,29.1867,1975.3,26.77
7310,29.2303,2133.1,26.69
7311,30.1434,1974.74,25.86
7312,29.3433,2009.06,26.09
7313,28.8955,2044.49,25.12
7314,28.8479,2031.29,26.26
7315,30.0725,1998.7,24.06
7316,29.3037,2004.69,24.41
7317,28.8211,2160.83,22.45
7318,29.8851,1980.94,23.09
7319,28.8065,1952.36,22.89
7320,31.4271,1831.84,22.6
7321,30.6571,2000.18,23.28
7322,30.4823,1977.73,23.16
7323,29.5015,1997.09,23.15
7324,32.2011,1908.5,24.31
7325,31.279,1936.83,24.07
7326,31.671,1913.59,25.81
7327,32.0416,2021.81,26.22
7328,30.3355,1954.55,25.58
7329,30.0006,1964.28,26.64
7330,29.6914,1929.85,26.7
7331,31.1351,1939.26,26.48
7332,30.9625,1997.12,27.8
7333,28.9086,1975.27,27.79
7334,27.6258,1954.14,26.91
7335,27.9456,1981.32,26.64
7336,28.5084,1949.26,25.89
7337,28.5991,1964.96,25.09
7338,28.7921,1934.82,25.19
7339,27.7713,1988.46,24.61
7340,28.2169,1980.14,23.34
7341,28.8774,1925.73,23.03
7342,28.7673,1852.76,23.78
7343,28.3282,1912.31,23.93
7344,29.9691,1912.77,22.36
7345,31.2832,1920.57,23.11
7346,31.7197,1967.14,23.39
7347,30.2475,1834.24,22.51
7348,30.3813,1889.48,24.05
7349,31.2057,1922.34,23.14
7350,31.0281,1921.99,25.22
7351,30.3465,1934.34,25.04
7352,30.1902,1989.63,25.49
7353,31.7237,2031.02,26.34
7354,32.5877,1875.0,26.58
7355,31.631,1867.56,26.73
7356,28.0489,1824.18,26.27
7357,29.2077,1876.29,27.34
7358,30.0051,1972.76,27.9
7359,29.0234,1887.45,25.36
7360,29.0436,1897.99,25.95
7361,27.8627,1940.54,25.99
7362,28.8758,1952.59,24.61
7363,28.633,1883.61,25.1
7364,28.2944,2016.76,24.05
7365,28.3599,1961.7,23.71
7366,29.3077,2015.3,23.93
7367,30.8478,2040.46,22.78
7368,30.1668,1951.89,22.63
7369,29.8171,1922.9,22.2
7370,31.8813,1869.79,23.89
7371,30.2066,1994.7,23.72
7372,31.439,1842.98,24.21
7373,31.362,1940.6,24.89
7374,32.8641,1967.72,24.83
7375,29.8515,1997.14,26.4
7376,31.612,1900.48,25.98
7377,30.3116,1945.07,26.17
7378,30.0699,2028.61,27.61
7379,29.8761,2053.07,26.5
7380,31.5142,2005.91,27.1
7381,29.5248,1942.6,26.6
7382,28.07,2014.63,27.99
7383,27.9346,2080.29,26.49
7384,28.9678,1971.97,26.06
7385,27.1821,2120.88,25.79
7386,29.1059,2040.65,23.85
7387,29.475,2048.18,24.52
7388,28.777,2066.01,23.61
7389,29.2929,2088.9,24.36
7390,30.8655,2060.61,23.97
7391,29.5426,2004.84,23.18
7392,29.4863,2117.87,22.21
7393,30.6811,1937.03,22.13
7394,31.3651,2069.04,23.19
7395,30.207,2027.35,23.6
7396,31.3684,2181.82,24.8
7397,30.6073,2025.83,24.9
7398,31.529,2090.31,24.23
7399,29.572,2100.91,25.87
7400,30.5789,2003.92,26.02
7401,31.556,2103.79,25.25
7402,30.8442,2058.66,27.24
7403,29.415,2106.0,26.07
7404,31.2916,2090.96,26.07
7405,30.3852,2155.31,27.05
7406,29.8209,2058.27,26.2
7407,29.2001,2137.94,25.16
7408,28.2388,2014.66,25.88
7409,28.9838,1955.95,26.46
7410,26.9124,2098.92,24.42
7411,29.5691,2150.83,24.35
7412,28.6077,2236.29,23.8
7413,28.4985,2111.98,23.37
7414,28.8357,1987.89,23.08
7415,29.1747,2157.79,22.32
7416,30.3773,2292.44,23.12
7417,31.5321,2221.49,22.42
7418,32.8588,2227.16,23.9
7419,30.5527,2118.78,23.16
7420,30.5149,2168.24,24.22
7421,30.6463,1974.95,23.75
7422,32.5298,2162.05,25.73
7423,31.5915,2081.8,25.27
7424,31.5541,2127.3,25.66
7425,30.2604,2150.89,26.81
7426,32.4685,2178.8,26.84
7427,29.9189,2202.12,26.78
7428,30.799,2191.54,27.22
7429,28.6528,2257.69,26.25
7430,29.6995,2089.14,25.67
7431,29.0501,2189.48,26.91
7432,27.919,2115.61,25.69
7433,28.7252,2165.19,25.34
7434,27.1084,2115.81,25.13
7435,26.7232,2294.54,24.71
7436,28.5156,2150.45,24.21
7437,28.9967,2239.84,23.28
7438,30.677,2127.29,23.28
7439,28.4469,2142.9,23.37
7440,29.7251,2209.68,23.21
7441,29.1713,2190.83,23.35
7442,30.886,2115.03,22.51
7443,30.9962,2197.86,22.88
7444,30.9032,2175.25,24.92
7445,31.7589,2191.97,24.49
7446,31.7494,2148.69,26.31
7447,31.8051,2207.85,26.09
7448,29.7199,2149.51,25.67
7449,31.8885,2207.15,27.04
7450,28.9412,2197.27,26.46
7451,31.1392,2024.57,27.26
7452,29.8591,2157.54,26.58
7453,29.8021,2225.6,26.73
7454,28.5822,2092.31,26.84
7455,28.7397,2129.68,26.02
7456,29.2463,2126.36,26.55
7457,29.6038,2062.72,26.06
7458,28.3062,2224.88,24.3
7459,28.2552,2186.77,24.59
7460,28.7397,1993.38,23.7
7461,30.1883,2076.51,22.98
7462,29.8283,2219.48,23.27
7463,30.9169,2070.1,22.39
7464,29.8053,2111.73,22.59
7465,30.3366,2050.34,23.13
7466,30.4669,1979.3,23.29
7467,31.9736,2126.07,22.98
7468,30.7284,2093.72,23.93
7469,29.8179,2088.42,24.91
7470,32.1025,2105.77,24.4
7471,30.9973,1999.2,25.77
7472,32.199,2086.98,25.57
7473,32.4193,1967.61,26.28
7474,31.741,2053.01,26.49
7475,29.9944,2091.49,26.77
7476,28.8838,1997.34,27.64
7477,30.3513,2009.13,26.87
7478,31.3337,2204.77,27.68
7479,28.6718,2003.61,26.13
7480,29.7854,2079.18,25.73
7481,29.9132,2077.35,25.37
7482,28.7784,1963.81,24.71
7483,29.1101,2020.34,25.13
7484,28.7304,2038.8,22.94
7485,28.7265,2083.07,23.56
7486,28.9865,2077.34,22.71
7487,28.8759,2009.66,23.16
7488,30.3964,2101.43,23.56
7489,30.2957,2012.59,22.9
7490,29.5679,1983.83,22.8
7491,30.715,2062.78,23.59
7492,31.7882,2014.06,23.54
7493,31.3271,2046.91,24.4
7494,32.9778,1987.76,24.8
7495,31.3308,1956.56,24.86
7496,30.7133,1901.26,26.4
7497,32.598,1782.33,25.93
7498,30.6544,1927.25,27.3
7499,31.3372,1916.76,26.76
7500,29.6664,1881.83,27.38
7501,30.2036,1934.97,26.21
7502,28.6785,1959.83,26.75
7503,30.9118,1917.45,26.45
7504,28.0279,1945.71,26.05
7505,30.1749,1886.3,25.05
7506,28.8148,1910.81,25.45
7507,28.7687,1858.44,24.08
7508,28.0632,2004.89,24.13
7509,30.0202,1930.68,23.44
7510,29.6072,1944.9,23.13
7511,30.0825,1907.1,23.6
7512,29.6827,1855.82,22.56
7513,30.1075,1961.78,23.18
7514,28.4565,1893.35,22.72
7515,31.4546,1961.1,23.51
7516,32.7055,1966.07,23.86
7517,31.6023,1874.59,25.58
7518,32.1867,1948.13,24.7
7519,32.7821,2029.38,25.53
7520,30.9278,1871.98,26.63
7521,31.0954,1924.16,26.3
7522,30.8468,2042.08,27.17
7523,30.3547,1970.15,27.16
7524,30.6216,1928.46,27.64
7525,29.3209,1883.75,27.39
7526,29.2054,1847.21,27.42
7527,29.2476,1863.63,26.73
7528,27.9215,1882.99,25.8
7529,28.7334,2043.73,25.31
7530,28.5227,1893.67,24.88
7531,28.1711,2072.07,24.02
7532,29.7988,1931.53,24.24
7533,27.3535,1946.17,23.28
7534,29.2104,1923.97,23.4
7535,31.1892,1914.75,23.0
7536,30.6254,1918.34,23.43
7537,29.7081,1921.68,23.07
7538,31.3172,2073.89,22.62
7539,29.6014,1886.16,24.85
7540,31.109,1859.03,24.03
7541,31.2036,1960.25,24.2
7542,29.7833,2039.35,25.01
7543,31.3059,1897.07,25.98
7544,31.1964,1869.94,26.33
7545,31.3745,2038.39,27.41
7546,30.6365,1943.81,26.2
7547,28.798,1953.87,25.81
7548,30.2369,2016.9,27.4
7549,30.9462,1982.7,27.59
7550,31.0793,2097.4,26.6
7551,29.0018,1995.22,25.81
7552,28.6149,1981.47,25.29
7553,28.5918,2048.04,25.69
7554,28.2728,2009.21,24.35
7555,28.5514,1935.99,24.29
7556,28.7896,1999.05,23.78
7557,29.1697,2070.65,23.94
7558,29.0253,2091.07,23.26
7559,30.6002,2022.93,22.4
7560,30.4874,1930.99,23.54
7561,30.6269,2085.08,24.12
7562,30.2379,2019.43,22.87
7563,29.9046,1985.61,23.82
7564,32.0966,2104.99,23.7
7565,32.6695,2046.4,24.69
7566,32.4993,2019.71,24.6
7567,31.6146,2122.47,24.57
7568,31.5483,2144.69,25.86
7569,30.6617,2109.06,26.04
7570,30.8632,2015.01,26.23
7571,30.9496,2113.66,26.96
7572,28.8924,2175.74,26.73
7573,28.7715,2130.73,26.9
7574,29.1153,2144.0,26.45
7575,28.0318,2119.85,26.84
7576,28.0221,2040.27,26.09
7577,28.9973,2112.4,25.3
7578,26.038,2026.04,25.74
7579,28.5613,2054.0,24.42
7580,29.4153,2100.25,24.31
7581,29.3738,2182.65,24.14
7582,29.9894,2058.71,23.3
7583,28.776,2072.73,23.74
7584,30.3268,2155.48,23.49
7585,30.3258,2082.52,21.82
7586,29.7912,2238.8,23.11
7587,31.4413,2084.02,23.22
7588,30.4722,2098.92,24.1
7589,31.283,2174.58,24.31
7590,31.4246,2210.62,24.78
7591,31.3274,2132.1,24.97
7592,30.9958,2205.08,26.31
7593,31.8339,2277.8,25.3
7594,30.1765,2189.74,26.87
7595,28.8324,2044.56,27.21
7596,31.4733,2137.05,27.06
7597,30.1824,2116.54,26.66
7598,28.1767,2044.74,26.56
7599,29.9373,2123.7,26.69
7600,28.5411,2181.23,26.07
7601,28.6525,2162.41,25.93
7602,28.501,2113.25,25.34
7603,29.6845,2268.22,24.51
7604,28.614,2136.24,24.99
7605,28.5466,2085.52,24.09
7606,28.7947,2261.01,23.28
7607,30.2525,2209.78,23.26
7608,30.215,2175.93,23.05
7609,29.3667,2154.01,23.21
7610,31.4085,2259.04,22.22
7611,30.68,2226.56,23.42
7612,31.2772,2227.36,24.13
7613,31.6458,2210.39,24.88
7614,31.7203,2095.97,24.66
7615,30.3839,2217.21,25.67
7616,31.0732,2235.46,25.11
7617,31.9646,2154.23,25.76
7618,30.8888,2192.77,26.88
7619,30.1729,2270.17,26.96
7620,29.1483,2191.81,26.89
7621,30.121,2243.36,27.06
7622,30.0661,2182.59,27.92
7623,29.6388,2151.05,26.06
7624,28.9207,2177.19,26.36
7625,28.4732,2099.64,25.34
7626,28.294,2133.51,24.79
7627,28.9184,2081.16,25.21
7628,28.8947,2115.94,23.86
7629,28.5846,2091.46,24.04
7630,28.4136,2155.87,23.34
7631,29.8039,2136.15,23.37
7632,29.4979,2036.81,22.9
7633,30.6086,2038.37,23.62
7634,29.889,2041.77,24.62
7635,31.6127,2077.31,24.24
7636,31.4302,2000.22,23.39
7637,30.2335,2007.82,24.27
7638,32.3297,2107.92,26.38
7639,31.3631,2118.93,25.27
7640,31.9487,2069.57,26.24
7641,30.8814,1975.16,26.55
7642,31.6929,2079.01,27.64
7643,30.2356,2010.74,27.76
7644,29.4433,2044.25,26.81
7645,28.275,2027.77,27.59
7646,28.5127,1999.94,26.45
7647,29.9558,1945.39,26.48
7648,28.2495,2040.18,25.35
7649,26.945,1948.66,26.05
7650,29.465,1995.21,24.75
7651,28.2979,2015.88,24.12
7652,27.8328,1913.61,23.8
7653,28.5401,2105.16,24.6
7654,28.4506,1992.91,23.48
7655,29.3538,2090.68,22.71
7656,28.9074,2018.44,23.24
7657,30.917,2001.76,22.8
7658,31.0305,1986.63,22.71
7659,29.5822,1962.78,23.68
7660,33.2009,2023.45,24.1
7661,32.2024,2047.97,25.08
7662,30.9506,1957.63,25.17
7663,32.0971,2033.09,25.32
7664,31.0976,1876.09,25.95
7665,29.7673,1941.75,26.84
7666,31.5752,1866.58,26.62
7667,30.8754,1874.11,27.34
7668,27.9539,1899.74,26.79
7669,29.4074,1930.49,26.39
7670,29.9685,1953.09,26.39
7671,29.6074,1964.4,26.21
7672,27.95,2027.84,26.19
7673,27.9044,1931.98,25.24
7674,28.6238,1878.32,25.67
7675,28.6452,1995.58,24.62
7676,29.3782,1964.11,24.13
7677,29.1519,1946.23,24.13
7678,29.8858,1981.96,24.3
7679,29.4463,2010.17,23.52
7680,30.6105,1989.75,22.73
7681,30.6037,1933.69,22.56
7682,31.8735,1852.15,23.12
7683,31.0598,1886.64,22.78
7684,31.1606,1773.65,24.08
7685,32.0829,2033.58,24.72
7686,31.9598,1899.26,25.01
7687,31.2553,1954.97,25.68
7688,31.4097,1910.3,26.03
7689,31.1289,1921.05,26.37
7690,30.0026,1909.34,26.53
7691,30.0896,1975.9,27.72
7692,30.1851,1897.64,26.7
7693,28.9588,1923.78,26.32
7694,30.983,1851.85,26.36
7695,28.9844,1928.02,26.37
7696,28.4762,1892.82,25.61
7697,29.0265,1902.07,26.06
7698,28.6111,1923.54,23.99
7699,29.2465,1966.15,23.94
7700,29.8222,1966.22,23.97
7701,29.0142,1973.89,23.73
7702,30.1472,2074.72,23.95
7703,29.0911,2015.17,23.14
7704,31.2801,1964.51,22.83
7705,30.2199,1991.94,22.31
7706,30.6851,1977.93,24.06
7707,31.6996,2069.3,23.24
7708,30.8681,1932.75,24.09
7709,32.8029,1973.05,24.76
7710,31.5347,2014.49,25.27
7711,31.7855,1963.95,25.89
7712,31.4319,2056.02,26.15
7713,30.9249,2072.14,25.75
7714,30.9003,1957.97,26.07
7715,29.2927,1953.77,27.3
7716,29.1609,1897.34,26.77
7717,29.5511,1993.35,26.46
7718,28.9648,2064.22,27.25
7719,28.4124,2032.7,25.75
7720,28.287,1993.02,25.79
7721,28.6738,2049.74,25.14
7722,28.5644,1975.34,25.06
7723,29.0049,1987.85,24.3
7724,28.4714,2059.65,23.77
7725,28.5606,2136.76,23.72
7726,28.5438,2141.5,23.02
7727,28.9682,1976.67,23.17
7728,31.098,2095.86,22.53
7729,31.547,2045.59,23.08
7730,30.557,2053.1,23.03
7731,30.1454,2170.44,24.47
7732,32.3736,2115.41,23.17
7733,29.9269,2115.97,23.9
7734,31.2274,2108.78,25.14
7735,30.6531,1971.62,26.12
7736,31.4929,2162.83,25.7
7737,31.7292,2056.17,26.28
7738,31.2283,2129.56,26.99
7739,30.2478,2124.22,27.51
7740,28.6636,2035.55,27.36
7741,29.3761,2063.19,26.65
7742,29.1875,2100.25,26.32
7743,28.9378,2158.85,27.15
7744,28.2207,2118.95,25.8
7745,28.8993,2149.64,26.4
7746,28.3381,2181.66,24.52
7747,27.3318,2051.31,24.49
7748,28.681,2097.58,25.15
7749,29.6468,2127.74,23.52
7750,29.0183,2090.29,22.9
7751,30.2603,2196.84,22.7
7752,30.1386,2075.25,23.83
7753,31.3692,2143.92,23.02
7754,28.5914,2130.76,23.43
7755,31.0097,2120.11,23.85
7756,31.1116,2092.65,22.63
7757,31.2436,2227.97,24.68
7758,31.7312,2047.58,24.63
7759,30.645,2214.72,25.75
7760,31.8359,2134.64,26.34
7761,29.9858,2116.1,26.57
7762,31.0077,2172.2,26.41
7763,31.1241,2209.9,26.64
7764,29.5151,2179.68,26.83
7765,29.7235,2170.96,27.1
7766,29.2166,2160.29,26.59
7767,27.4251,2147.39,26.68
7768,28.4278,2163.02,26.62
7769,27.9455,2177.54,25.61
7770,28.4901,2154.28,25.48
7771,28.8924,2136.23,24.56
7772,27.807,2223.14,23.3
7773,30.0425,2225.94,24.57
7774,28.4038,2206.3,23.28
7775,29.4589,2077.04,21.75
7776,30.9486,2189.52,23.35
7777,29.9319,2151.79,22.77
7778,31.3657,2254.99,22.71
7779,31.2908,2168.3,22.92
7780,31.4308,2095.8,24.22
7781,32.0843,2047.38,24.85
7782,33.0768,2174.01,24.63
7783,31.0951,2045.97,25.69
7784,31.4945,2137.21,25.99
7785,30.683,2105.5,26.28
7786,29.7442,2137.79,27.84
7787,29.9213,2060.94,27.82
7788,29.2074,2072.2,27.39
7789,29.4754,2084.44,27.3
7790,30.7239,2124.33,27.21
7791,30.0654,2122.94,25.74
7792,29.9382,2190.62,26.31
7793,28.4286,2100.12,25.96
7794,29.0524,2138.25,24.45
7795,29.4813,2085.86,24.98
7796,28.1746,2144.2,24.03
7797,28.956,2073.09,23.89
7798,28.3764,2099.92,22.59
7799,29.6207,2041.75,22.81
7800,27.9635,2018.34,23.45
7801,30.7864,2149.85,22.5
7802,30.5621,1991.76,24.31
7803,32.5047,2006.27,24.33
7804,30.9724,2078.18,23.71
7805,30.9601,2159.45,24.37
7806,31.0029,2094.73,24.58
7807,30.8784,2068.28,24.81
7808,30.283,2094.98,25.92
7809,30.6677,2042.4,25.96
7810,30.0789,1984.26,26.65
7811,30.8338,1948.7,27.74
7812,30.6767,2075.03,27.03
7813,30.3137,2048.72,26.09
7814,29.7244,2041.03,27.26
7815,29.2336,2021.33,26.66
7816,28.607,1975.59,24.57
7817,28.4762,1933.89,25.51
7818,28.0173,2105.47,24.58
7819,27.024,2078.6,24.54
7820,28.6213,2129.41,24.39
7821,29.5977,1986.19,22.75
7822,29.7154,1987.76,23.67
7823,29.7254,1946.42,22.47
7824,30.8937,2079.55,22.89
7825,29.1039,1943.76,22.2
7826,31.1324,1852.69,22.32
7827,31.1955,2053.52,23.22
7828,30.4514,1906.61,23.88
7829,31.5149,1958.9,25.12
7830,32.7462,2078.28,24.44
7831,32.0972,2039.81,25.73
7832,31.8334,1915.9,26.06
7833,31.1839,1911.37,27.12
7834,31.6616,1910.12,26.79
7835,30.9892,1911.97,26.16
7836,30.5826,1952.06,26.78
7837,28.6801,1925.18,26.93
7838,28.3496,1853.22,26.65
7839,29.1571,1903.2,26.26
7840,28.0389,1951.39,27.28
7841,27.9429,1957.68,25.24
7842,27.0684,1904.53,24.88
7843,27.528,1913.82,24.01
7844,29.5397,1910.96,24.9
7845,28.9586,1864.77,22.96
7846,30.3887,1928.35,23.12
7847,29.2009,1879.29,22.56
7848,31.0193,2027.4,23.32
7849,31.0948,1867.67,23.42
7850,30.3563,1998.04,23.02
7851,31.5613,1878.89,23.31
7852,31.4256,1954.71,23.73
7853,31.3336,1898.56,24.52
7854,29.7771,1887.42,24.76
7855,29.033,1907.06,25.26
7856,30.7937,1905.95,25.94
7857,29.9214,1945.41,26.33
7858,30.5108,1905.07,26.94
7859,30.8685,1958.3,26.42
7860,30.6973,1850.16,26.64
7861,28.6881,1943.24,27.36
7862,26.9486,1900.11,26.96
7863,29.5249,2009.2,26.59
7864,29.1698,1877.03,26.6
7865,26.6403,1926.18,25.1
7866,29.4277,1939.59,25.25
7867,27.6156,1895.51,24.3
7868,30.082,1984.52,24.21
7869,29.2825,1972.04,23.97
7870,28.6188,1980.77,22.76
7871,31.4169,1947.2,23.73
7872,28.7491,1918.11,21.98
7873,30.1785,1902.12,22.11
7874,32.0583,2061.06,23.58
7875,30.1654,1964.95,23.24
7876,31.5788,2137.47,24.05
7877,30.4886,1882.59,24.81
7878,33.4848,1909.77,24.77
7879,31.3069,1892.95,25.71
7880,31.4578,1950.26,26.25
7881,31.5983,1976.13,26.06
7882,31.5736,2011.69,27.81
7883,29.8212,1878.61,26.73
7884,30.1045,2097.82,26.98
7885,29.0366,2039.57,27.52
7886,28.8398,1937.4,26.73
7887,28.2009,1964.14,26.41
7888,30.2595,1837.45,26.13
7889,29.406,2068.1,25.84
7890,28.4942,2063.82,25.22
7891,29.9426,2061.89,23.9
7892,28.8779,2003.05,24.24
7893,30.5232,2172.37,22.91
7894,28.9321,2095.89,23.8
7895,28.947,2098.1,23.02
7896,27.8382,2040.51,24.17
7897,30.2354,1906.83,23.63
7898,30.7003,2031.12,23.17
7899,32.2113,2111.67,23.33
7900,32.3643,2102.71,24.4
7901,31.6847,2128.68,25.03
7902,30.2551,1994.27,24.41
7903,31.3765,1976.75,25.77
7904,31.9008,1991.68,25.71
7905,31.8157,2033.44,26.71
7906,30.8123,2087.78,27.84
7907,28.621,2088.38,27.21
7908,29.2191,2133.91,27.11
7909,29.5486,2087.94,26.97
7910,28.5041,2052.9,27.15
7911,29.6598,2247.38,26.01
7912,28.6,2064.09,25.88
7913,28.253,2055.22,25.7
7914,27.7396,2269.8,24.07
7915,28.5229,2137.28,24.86
7916,28.1372,2118.99,24.2
7917,29.4133,2069.5,23.15
7918,29.5845,2123.16,23.34
7919,29.6137,2141.41,23.3
7920,29.7607,2053.46,23.0
7921,30.6025,2157.47,22.98
7922,30.4297,2069.84,23.36
7923,30.9879,2194.06,24.29
7924,31.8054,2151.82,24.44
7925,31.2801,2190.67,24.18
7926,31.5438,2192.86,24.85
7927,30.7713,2231.58,26.21
7928,31.6254,2119.73,25.86
7929,32.3559,2124.32,26.87
7930,30.0102,2136.32,27.11
7931,32.3327,2178.72,26.83
7932,30.3,2138.56,27.3
7933,27.3457,2115.99,26.86
7934,29.7031,2176.58,27.24
7935,28.856,2114.29,26.8
7936,28.6671,2172.13,25.74
7937,29.7851,2178.51,25.61
7938,29.9467,2154.59,25.33
7939,28.5428,2188.95,23.43
7940,29.117,2141.01,23.82
7941,27.5889,2217.08,23.89
7942,28.0424,2165.37,22.76
7943,28.7955,2212.95,23.01
7944,28.5562,2071.69,23.65
7945,31.6282,2200.71,21.98
7946,31.9381,2033.34,22.95
7947,32.1403,2128.42,23.77
7948,32.0969,2090.41,23.53
7949,31.2625,2065.93,23.78
7950,30.3608,2162.19,24.24
7951,30.1454,2043.72,25.97
7952,30.1988,2106.34,25.51
7953,31.2154,2064.3,26.62
7954,31.1595,2211.75,26.47
7955,30.9265,2192.5,26.83
7956,29.9627,2114.05,26.69
7957,29.9987,2181.81,26.92
7958,29.2351,2096.8,26.55
7959,28.5989,2227.37,26.3
7960,27.8127,2093.97,26.59
7961,28.8772,2157.06,25.8
7962,28.2132,2090.25,25.15
7963,27.1925,2126.65,24.0
7964,27.8541,2107.41,23.5
7965,27.7904,2082.99,23.59
7966,27.2571,2205.98,22.94
7967,28.2318,2118.22,22.3
7968,29.4886,2003.54,23.11
7969,31.2588,2020.07,23.88
7970,29.6339,2128.18,23.23
7971,30.4793,1984.08,23.75
7972,32.6003,2137.41,23.61
7973,30.4663,2002.18,23.88
7974,32.276,2021.27,25.17
7975,32.3439,2022.34,25.46
7976,31.7552,2084.07,25.15
7977,32.0743,2003.65,26.61
7978,30.5994,1958.56,26.08
7979,30.5628,2032.08,27.03
7980,29.1974,2057.49,27.18
7981,28.9427,2050.29,27.43
7982,29.4057,2029.51,27.17
7983,29.5127,2057.59,25.77
7984,28.2064,2019.1,27.49
7985,27.7263,1951.0,25.56
7986,29.098,2128.99,25.37
7987,28.9781,2017.91,23.9
7988,29.3602,2018.39,23.81
7989,30.8355,2040.16,22.88
7990,29.5397,1896.53,22.61
7991,27.9849,1887.44,22.27
7992,28.9852,1915.31,23.13
7993,30.3322,1950.75,22.64
7994,29.7917,1947.23,22.55
7995,29.6485,1838.69,23.42
7996,31.4093,2006.38,24.66
7997,30.4987,1903.06,23.76
7998,33.6338,2052.14,24.52
7999,32.5277,1884.27,25.33
