overall_recovery_pct,permeate_tds_mgL,concentrate_tds_mgL,average_flux_LMH,SEC_kWh_m3,maximum_element_recovery_pct,maximum_polarization_modulus,permeate_flow_m3h,concentrate_flow_m3h,diagnostic_concentrate_tds_mgL,concentrate_tds_discrepancy_pct,solute_balance_error_kg_s,stage1_pressure_bar,stage2_pressure_bar,feed_flow_m3h,feed_tds_mgL,temperature_C,seed
52.018990503572205,7.503754830272812,4245.631019162053,27.95290365103486,0.823136015240451,14.062137030664429,1.223246583289727,15.605697151071661,14.394302848928339,4204.778653726407,0.9622212870422447,0.0,10.001000000000001,14.001,30.0,2041.0,25.0,777
52.01899050357239,7.503754830272802,4245.63101916207,27.952903651034955,0.82313601524045,14.062137030664509,1.223246583289728,15.605697151071718,14.394302848928282,4204.778653726426,0.9622212870421981,0.0,10.001000000000033,14.001000000000044,30.0,2041.0,25.0,101
52.01899050357517,7.503754830272706,4245.631019162316,27.952903651036358,0.8231360152404178,14.062137030665049,1.2232465832897272,15.605697151072551,14.394302848927449,4204.778653726702,0.9622212870414353,0.0,10.00100000000087,14.001000000000198,30.0,2041.0,25.0,2024
52.01899050369093,7.503754830268875,4245.631019172544,27.95290365109451,0.823136015239006,14.062137030684731,1.2232465832896489,15.605697151107279,14.394302848892721,4204.778653738187,0.9622212870095123,0.0,10.001000000037058,14.001000000004527,30.0,2041.0,25.0,999
52.018990504605085,7.503754830242022,4245.631019253321,27.952903651549995,0.8231360152264535,14.06213703078997,1.2232465832880417,15.605697151381527,14.394302848618473,4204.778653828884,0.9622212867575565,0.0,10.001000000349626,14.001000000000026,30.0,2041.0,25.0,42
52.01899072730257,7.503754813972969,4245.631038941664,27.952903773255493,0.823136016175111,14.062137199849012,1.22324658572112,15.605697218190771,14.394302781809229,4204.778675924479,0.9622212255959106,0.0,10.001000000000033,14.001000109445464,30.0,2041.0,25.0,2024
52.01905549831415,7.503750095149369,4245.636765241197,27.95293915664844,0.8231362867394856,14.062186178727147,1.2232472896039495,15.605716649494244,14.394283350505756,4204.785102372468,0.9622034367890291,0.0,10.001000000471025,14.001031793762538,30.0,2041.0,25.0,42
52.019111536140805,7.503746012461046,4245.6417194666965,27.952969769362113,0.823136520869209,14.06222855534707,1.2232478986134983,15.605733460842242,14.394266539157758,4204.790662331627,0.9621880468095929,0.0,10.001000000000257,14.001059207298784,30.0,2041.0,25.0,101
52.02032565657382,7.503657557877804,4245.749060990335,27.953633025649342,0.8231415930097367,14.063146671753547,1.2232610930906371,15.606097696972146,14.393902303027854,4204.911124890899,0.9618546813011667,0.0,10.001000000004444,14.001653136617005,30.0,2041.0,25.0,999
52.06606788433942,7.502373648949141,4249.794913815256,27.97601434788992,0.8225081692765085,14.067768849536094,1.2231709960926165,15.619820365301825,14.380179634698175,4209.3753551923855,0.9510943337871333,0.0,10.0166823654186,14.0010016661245,30.0,2041.0,25.0,42
52.09481984374388,7.501531900138084,4252.34198854186,27.990108090230265,0.8221253295991329,14.071198594785109,1.223124848698004,15.628445953123164,14.371554046876836,4212.177559859332,0.9445248945346494,0.0,10.026244380416623,14.001000000000078,30.0,2041.0,25.0,2024
52.14984031820512,7.499766706938248,4257.224839341815,28.017701402912728,0.8214311456423193,14.079728530941258,1.2230713506651791,15.644952095461536,14.355047904538464,4217.63660957941,0.9299069524485184,0.0,10.043886536723333,14.002421380283495,30.0,2041.0,25.0,101
52.18447726048655,7.498814021034995,4260.304324601671,28.034983368846866,0.8209290336592631,14.082703079428672,1.2229897694832954,15.655343178145966,14.344656821854034,4221.09118040658,0.9204305891635518,0.0,10.056343297233141,14.00145306704557,30.0,2041.0,25.0,999
52.23734007334218,7.4971328732690266,4265.013088327355,28.061568457970083,0.8202600686160442,14.090618570524624,1.2229320789256592,15.671202022002657,14.328797977997343,4226.15777921279,0.9110243816345049,0.0,10.073520782382323,14.002584862878185,30.0,2041.0,25.0,777
52.30501301562963,7.495036086459948,4271.056245527441,28.095358249048438,0.819290433048406,14.09682745918262,1.22278055088424,15.69150390468889,14.30849609531111,4232.536406826841,0.901880857713767,0.0,10.097642708887582,14.001000109445464,30.0,2041.0,25.0,2024
52.35512978494237,7.493304777071994,4275.542910210273,28.120543574467728,0.8186084674196087,14.102964255120535,1.2226982462702163,15.70653893548271,14.29346106451729,4237.296478562974,0.8945397684107866,0.0,10.11472521120045,14.001003323424746,30.0,2041.0,25.0,42
52.35580785338033,7.493084901794831,4275.603894379507,28.121080311739977,0.818705239675776,14.106710345294367,1.2227698948149568,15.7067423560141,14.2932576439859,4237.411679627679,0.8932589569869553,0.0,10.112940538939808,14.00384108195175,30.0,2041.0,25.0,777
52.48893754798559,7.488362833404721,4287.568689852858,28.19028733110993,0.8167471433359759,14.119701225282181,1.222473445605003,15.746681264395678,14.253318735604322,4250.352964266525,0.8679913554366925,0.0,10.161347637130039,14.001004408402283,30.0,2041.0,25.0,42
52.54078779810212,7.4862900411238575,4292.2470680077595,28.217691606275373,0.8161266012602616,14.129894939252882,1.2224584290412455,15.762236339430636,14.237763660569364,4255.485878255682,0.8564555853757045,0.0,10.177529908049477,14.00384108195175,30.0,2041.0,25.0,777
52.63872202378657,7.483027255302368,4301.11077472868,28.269382522060432,0.8146475747978363,14.138802746354743,1.2222228926135283,15.79161660713597,14.20838339286403,4265.105694654838,0.8371112012597033,0.0,10.214036372565818,14.001163081315436,30.0,2041.0,25.0,101
52.658594033276145,7.482326604832105,4302.913845526179,28.279791702798303,0.8143725871864353,14.141657731329108,1.2221968643587588,15.797578209982841,14.202421790017159,4267.04928167324,0.8334948163144805,0.0,10.22076984448231,14.00145306704557,30.0,2041.0,25.0,999
52.68640337840167,7.48138947910757,4305.439599641058,28.294508302767774,0.8139575401269082,14.144631007016216,1.2221400278051497,15.8059210135205,14.1940789864795,4269.758440627082,0.8287460127637298,0.0,10.23076799816457,14.001064915582218,30.0,2041.0,25.0,2024
52.73329169284307,7.4796219840794524,4309.705122438515,28.31988547741866,0.8134125867139372,14.15406030552476,1.2221323954180066,15.81998750785292,14.18001249214708,4274.506513879882,0.8167289306029623,0.0,10.24514024539929,14.00384108195175,30.0,2041.0,25.0,777
52.772127649470576,7.478438895144559,4313.244207913659,28.340982974700985,0.812767800022242,14.156347857954014,1.221993917119094,15.831638294841174,14.168361705158826,4278.549063863896,0.8043862665162077,0.0,10.260768245808485,14.001000000000111,30.0,2041.0,25.0,101
52.7970604945166,7.477579670778105,4315.5194974691285,28.354536197047842,0.8124224873783231,14.16023671610977,1.2219519145439528,15.83911814835498,14.16088185164502,4281.143878670435,0.7965580695175537,0.0,10.269479887760996,14.00100031951717,30.0,2041.0,25.0,42
52.83132115096204,7.476398375497188,4318.649938199961,28.37315996896983,0.8119484143143905,14.165594958775586,1.2218944898615711,15.849396345288612,14.150603654711388,4284.755312252153,0.7848430975615371,0.0,10.281442484519308,14.00101210819379,30.0,2041.0,25.0,777
52.85441177280332,7.475503821019225,4320.762436162039,28.385720246853026,0.8116966664867363,14.17150624814146,1.2219020869675477,15.856323531840996,14.143676468159004,4287.181397382168,0.7772016924332398,0.0,10.288200254752214,14.002820962726991,30.0,2041.0,25.0,999
52.95926710868967,7.471988152479813,4330.3808521492965,28.44271008100587,0.8101763483063369,14.185574664589089,1.2216794226018939,15.887780132606903,14.112219867393097,4298.242267232647,0.7421653201865288,0.0,10.326133985723073,14.001032189448553,30.0,2041.0,25.0,42
52.99057114219754,7.4709110567654635,4333.260733125018,28.459752089494927,0.809740354245118,14.190417763376447,1.2216258919052372,15.897171342659263,14.102828657340737,4301.5422230151835,0.7319778813992663,0.0,10.337094150901166,14.0010016661245,30.0,2041.0,25.0,42
52.99519660147882,7.470726056353235,4333.6866165957945,28.462324034989813,0.8096937921969555,14.191737595979818,1.2216301453532565,15.898558980443646,14.101441019556354,4302.027744067085,0.730529808211605,0.0,10.33837087898712,14.001470262915397,30.0,2041.0,25.0,2024
53.00009087541206,7.470536821804978,4334.137334810052,28.46504681540306,0.8096400211063446,14.19298179160943,1.221631579338269,15.90002726262362,14.09997273737638,4302.542005687614,0.7289877242393235,0.0,10.339808219447553,14.001846809358614,30.0,2041.0,25.0,101
53.13473383039291,7.4659378694636045,4346.572974562914,28.541056052682762,0.807775749278354,14.21302293139865,1.2213854827280652,15.940420149117873,14.059579850882127,4316.802314077467,0.684922596714051,0.0,10.387397343315735,14.00109719032524,30.0,2041.0,25.0,101
53.158336794600025,7.465125929170382,4348.760321092951,28.55456960017805,0.8074591181241227,14.216669038045266,1.2213442769165364,15.947501038380008,14.052498961619992,4319.301636721646,0.6774041840940392,0.0,10.395663601999974,14.001070875327942,30.0,2041.0,25.0,2024
53.21729697821046,7.463087875628209,4354.233968509076,28.588580135545484,0.8066774566237752,14.226043688383232,1.2212446575451337,15.965189093463138,14.034810906536862,4325.535248255708,0.659099177052124,0.0,10.41612025393146,14.001233621978434,30.0,2041.0,25.0,101
53.237827980533474,7.462369329258844,4356.143242887065,28.600411828483214,0.8064111600563564,14.229515898020953,1.2212142256743261,15.97134839416004,14.02865160583996,4327.704707232695,0.6528374772984279,0.0,10.423125362004999,14.00145306704557,30.0,2041.0,25.0,999
53.26327002090899,7.461518642168401,4358.511500674699,28.615119456918418,0.8060550469840084,14.232870184680298,1.2211575751901842,15.978981006272697,14.021018993727303,4330.397530128416,0.6450360528343407,0.0,10.432329658729621,14.00100031951717,30.0,2041.0,25.0,42
53.351090987013016,7.458491433990385,4366.706224322823,28.66578270815734,0.8048854968302646,14.246429325017528,1.221006631616353,16.005327296103903,13.994672703896097,4339.4771729449985,0.623560413250538,0.0,10.462904705126226,14.001093509087607,30.0,2041.0,25.0,999
53.46566806586465,7.454546685503056,4377.4441195298605,28.73230915456464,0.8033493475387772,14.263798689979378,1.2208067636230169,16.039700419759395,13.960299580240605,4351.220827884697,0.5990548577917526,0.0,10.503017091906141,14.001003663377537,30.0,2041.0,25.0,777
53.48255141536853,7.453961366747695,4379.030865318225,28.742208922392564,0.8031219753374957,14.266185032696825,1.2207790946278232,16.04476542461056,13.95523457538944,4352.961902130535,0.5953135291681707,0.0,10.508956437420018,14.001000109445464,30.0,2041.0,25.0,2024
53.52341920633079,7.452531196585978,4382.876527706271,28.76616871931115,0.802580576338696,14.272147876113626,1.22071834759689,16.057025761899236,13.942974238100764,4357.1796529667645,0.5863015893115948,0.0,10.523152779771248,14.001238507013504,30.0,2041.0,25.0,101
53.52698550405798,7.452420408291441,4383.212421449919,28.768263285329432,0.8025239065680854,14.272320587962465,1.2207065076623183,16.058095651217393,13.941904348782607,4357.544235724553,0.5856021396488781,0.0,10.52458102691308,14.001000000002746,30.0,2041.0,25.0,999
53.59618838299491,7.450017890475578,4389.740849715834,28.808840382162884,0.8015941971836071,14.282098572163207,1.220598025156022,16.078856514898476,13.921143485101524,4364.681530384769,0.5708610186564275,0.0,10.54888023688935,14.001047687548008,30.0,2041.0,25.0,42
53.721708475217284,7.446139653595896,4401.631390112563,28.88181618463077,0.7999259468015663,14.300635826963806,1.2204058413197412,16.116512542565186,13.883487457434814,4377.519258597766,0.5477998809477976,0.0,10.59250527324767,14.001238507013504,30.0,2041.0,25.0,101
53.800029168049356,7.444100311878362,4409.083025767151,28.925696107891298,0.7988994512301774,14.311039227667369,1.2202815278051196,16.140008750414808,13.859991249585192,4385.232932926791,0.5409309078776146,0.0,10.61898933358124,14.001003323424746,30.0,2041.0,25.0,42
53.84546124013178,7.4429232574017785,4413.41713810709,28.950824432053096,0.7983042830698458,14.31717865744547,1.2202137397045485,16.153638372039538,13.846361627960462,4389.652420665473,0.5384652458165252,0.0,10.6340575880512,14.001004599244496,30.0,2041.0,25.0,2024
53.86440920291371,7.442407897278256,4415.227280636248,28.96147079101449,0.7980651045992855,14.320139817125813,1.220192082921054,16.15932276087411,13.840677239125888,4391.521345922581,0.5369131237622558,0.0,10.640214334666386,14.001282605625969,30.0,2041.0,25.0,777
53.88447323792764,7.4418860623159135,4417.1456381837825,28.973167516447894,0.7978013615250686,14.322808473178544,1.2201604667627095,16.16534197137829,13.83465802862171,4393.493556358602,0.535460764995408,0.0,10.64698054374256,14.00122912339263,30.0,2041.0,25.0,101
53.89936501962216,7.44149852047234,4418.570547708377,28.98184888389281,0.7976066261644728,14.324793666998087,1.2201370842298476,16.169809505886647,13.830190494113353,4394.957421276896,0.5344064596575794,0.0,10.652000140129731,14.001192768394723,30.0,2041.0,25.0,42
53.94023927676734,7.440441190611655,4422.486300913578,29.005470818671775,0.7970749851087539,14.330117856230142,1.220070586239649,16.182071783030203,13.817928216969797,4398.973553135802,0.5316635525342119,0.0,10.665843595544631,14.001000096862713,30.0,2041.0,25.0,777
54.017774563670656,7.438410584325119,4429.9333423085545,29.050211784222597,0.7960798041404431,14.34071161476775,1.2199537075320803,16.205332369101196,13.794667630898804,4406.497837697776,0.5290261229656703,0.0,10.691835076732932,14.001004599244496,30.0,2041.0,25.0,2024
54.131757149071866,7.435375460028661,4440.926824323809,29.115821628845467,0.794632712225975,14.35736896642877,1.2198130994045124,16.23952714472156,13.76047285527844,4417.833627683913,0.5200084926734383,0.0,10.729356049711567,14.001847475189868,30.0,2041.0,25.0,101
54.143069226820735,7.435177169565157,4442.020720822704,29.122327597328145,0.7944529038918459,14.35779043196224,1.2197827548544353,16.242920768046222,13.757079231953778,4418.936379362051,0.5196810846118032,0.0,10.7337277784746,14.001014275758608,30.0,2041.0,25.0,101
54.152074616452566,7.434989730426222,4442.891977712962,29.12751083717179,0.7943343393837301,14.359020302258049,1.2197733989745276,16.245622384935768,13.754377615064232,4419.830425748719,0.5190662316330854,0.0,10.736737523695826,14.001016722579815,30.0,2041.0,25.0,42
54.21402661175831,7.434103129329349,4448.894546979827,29.16316895402395,0.7935536240059452,14.3675616559089,1.219710348418011,16.26420798352749,13.735792016472509,4425.934211933811,0.5160907907247068,0.0,10.75740049777454,14.001093509087607,30.0,2041.0,25.0,999
54.24937568969006,7.433664288654857,4452.326747972934,29.18351424546315,0.7931142020899318,14.372250922573267,1.219671368401242,16.274812706907017,13.725187293092983,4429.380930547066,0.5153668794931728,0.0,10.769287525030972,14.001000109445464,30.0,2041.0,25.0,2024
54.29365300530208,7.433073254323922,4456.633371369542,29.209001009359937,0.7925804989626767,14.37876042928129,1.2196329059671422,16.288095901590623,13.711904098409377,4433.6970826080205,0.5146550512516849,0.0,10.783842367286443,14.001356445870368,30.0,2041.0,25.0,999
54.39494998425117,7.432174856209096,4466.5169131506245,29.267570019241234,0.7913127274622418,14.392154114077925,1.2195189695291753,16.31848499527535,13.681515004724648,4443.765983886971,0.5093662400934471,0.0,10.818118002707088,14.001008925155153,30.0,2041.0,25.0,42
54.44698027537354,7.431693467342712,4471.610619092526,29.297681378857696,0.7906702516355205,14.399393500993163,1.2194661577800618,16.33409408261206,13.665905917387938,4449.03869424832,0.5047828795251038,0.0,10.835553194177626,14.001093509087607,30.0,2041.0,25.0,999
54.46872536327338,7.431459453225904,4473.742927277693,29.310261262729114,0.7904144206782998,14.402894631744243,1.2194518747592993,16.34061760898201,13.659382391017989,4451.230633535643,0.5032093731802362,0.0,10.842584963796957,14.001484049888832,30.0,2041.0,25.0,2024
54.473641149286856,7.43122766413883,4474.225462195826,29.313080081199093,0.7904256843484102,14.40627767234843,1.2194910897521372,16.342092344786057,13.657907655213943,4451.78023199173,0.501656217232308,0.0,10.842785298744756,14.003507927627858,30.0,2041.0,25.0,777
54.519347334317494,7.431043133216785,4478.714627858938,29.339564872318242,0.789769234072732,14.409184171971845,1.2193888277361333,16.355804200295246,13.644195799704754,4456.139598792963,0.5040515179411496,0.0,10.859952383790064,14.001003272834582,30.0,2041.0,25.0,42
54.52474106107504,7.430972751532109,4479.245041978999,29.342683503231576,0.7897105418591501,14.410231318187217,1.219388276838763,16.357422318322513,13.642577681677487,4456.667680020013,0.5040439124761816,0.0,10.861600762534364,14.001233621978434,30.0,2041.0,25.0,101
54.64701810060469,7.429880277149547,4491.3029015347975,29.41278176863255,0.7881856473957631,14.426681958826865,1.2192565875997923,16.39410543018141,13.605894569818592,4468.375266400716,0.5104896204227591,0.0,10.902877097478676,14.00101210819379,30.0,2041.0,25.0,777
54.66173350607971,7.429702723057523,4492.758442739259,29.42120900895265,0.7880199335995838,14.429329282546817,1.219251657519593,16.398520051823915,13.601479948176085,4469.80840695432,0.5108228291692104,0.0,10.907486612860222,14.001484049888832,30.0,2041.0,25.0,2024
54.71317897500025,7.429283718288717,4497.854246775678,29.450638444726994,0.7873510100312218,14.435727594156855,1.2191876993989863,16.413953692500073,13.586046307499927,4474.715173421006,0.5144469359197159,0.0,10.925133098272921,14.001000273372426,30.0,2041.0,25.0,999
54.73247507884958,7.429112122213125,4499.76857936717,29.46167955559814,0.7871065739305977,14.438370048072965,1.2191676774552396,16.419742523654875,13.580257476345125,4476.564388817878,0.5156751984022003,0.0,10.931621875448112,14.001000000000637,30.0,2041.0,25.0,999
54.80385469550478,7.428477195200156,4506.864234612637,29.502114626308654,0.7862024265978068,14.448147330088107,1.2190936519058484,16.441156408651434,13.558843591348566,4483.371198659584,0.521272324394142,0.0,10.9556237007174,14.001000773175901,30.0,2041.0,25.0,42
54.82889279510647,7.428253266877746,4509.358519241891,29.515932664431013,0.7858948220915297,14.451594659958289,1.2190679754149434,16.44866783853194,13.55133216146806,4485.722560388031,0.5241534633585623,0.0,10.964033415251054,14.001014275758608,30.0,2041.0,25.0,101
54.8678188180527,7.427907942423638,4513.241805700586,29.5374355386898,0.7854287606259882,14.456913063727459,1.2190273853408267,16.460345645415806,13.539654354584194,4489.376508265441,0.5287839309872897,0.0,10.97712977259824,14.001004599244496,30.0,2041.0,25.0,2024
54.935912661770054,7.427223629083757,4520.051125468859,29.574702446585448,0.7846652860728157,14.46735362069482,1.218975551514918,16.48077379853102,13.519226201468982,4495.8154413154225,0.5361816377889439,0.0,10.999411020694373,14.001863162753216,30.0,2041.0,25.0,777
54.998023678019216,7.426747578192435,4526.279959428198,29.608262321351965,0.7839287939139301,14.474165114076538,1.2188928825374932,16.499407103405765,13.500592896594235,4501.655073280039,0.5440424889509016,0.0,11.020911282546598,14.001025893215722,30.0,2041.0,25.0,42
55.06911446582377,7.426257179971875,4533.430404757279,29.648227540975046,0.7831226631698525,14.48319734330287,1.2188193181186773,16.520734339747133,13.479265660252867,4508.322184213175,0.5538459467196291,0.0,11.044680858364336,14.001003298219986,30.0,2041.0,25.0,42
55.103927388432794,7.425995143174427,4536.940241190806,29.668081977107164,0.7827453191327594,14.48799396864375,1.2187903062614878,16.531178216529838,13.468821783470162,4511.554570999162,0.5595328314260734,0.0,11.05597928904124,14.001295211077219,30.0,2041.0,25.0,2024
55.13370324169206,7.425742645641298,4539.946597462568,29.685108600030784,0.78244066709842,14.492510850165859,1.2187719544212345,16.540110972507616,13.459889027492384,4514.336573603838,0.5641040771943063,0.0,11.065437415625137,14.001841156922088,30.0,2041.0,25.0,777
55.23990772619684,7.425077947488143,4550.70195417213,29.74515569334099,0.7813476956574462,14.505177318365138,1.218652769026883,16.57197231785905,13.42802768214095,4524.115511866296,0.5842272812760029,0.0,11.10088151251306,14.001325226722882,30.0,2041.0,25.0,42
55.287775667547294,7.42478723530577,4555.566247709906,29.771871319058633,0.7808946070764224,14.510756675276248,1.2185862192266235,16.586332700264187,13.413667299735813,4528.51760973265,0.593749196180672,0.0,11.116920997875544,14.001000000000637,30.0,2041.0,25.0,999
55.364683248629895,7.424246163623736,4563.403461375432,29.814929594856082,0.7801883360482588,14.520801167189452,1.2184668255221978,16.60940497458897,13.39059502541103,4535.792820369674,0.605044924023357,0.0,11.142155020373588,14.00125008227958,30.0,2041.0,25.0,777
55.41294082268912,7.423694635185804,4568.335185293993,29.84233617549925,0.779807295651993,14.53019941630044,1.218445144120091,16.623882246806737,13.376117753193263,4540.691244181844,0.6051206838136185,0.0,11.156453552304503,14.003620650812556,30.0,2041.0,25.0,101
55.48557422329588,7.423353828086428,4575.777568645683,29.88363323535935,0.7790354933492036,14.53724887735716,1.2182839262196243,16.64567226698876,13.354327733011239,4547.947007777258,0.6082148979252535,0.0,11.18217149742433,14.001958753093085,30.0,2041.0,25.0,999
55.52249462140047,7.423173884594031,4579.569945168819,29.904791119848532,0.778612954083898,14.540885464425306,1.2182027280777696,16.65674838642014,13.34325161357986,4551.665745787315,0.6093192093493592,0.0,11.195302255007856,14.001164278585998,30.0,2041.0,25.0,999
55.55456032005293,7.422952631673729,4582.868852170916,29.92323353234243,0.7782689894857693,14.54497871195905,1.218148838349208,16.666368096015876,13.333631903984124,4554.92367311721,0.6097747929327969,0.0,11.206199632991018,14.001159346980298,30.0,2041.0,25.0,101
55.561628005167094,7.422877317416198,4583.596646507338,29.927387490523188,0.7782016697467342,14.546274617435198,1.2181433811333604,16.66848840155013,13.331511598449872,4555.664000336496,0.6094045424377809,0.0,11.20843729973017,14.001430254334101,30.0,2041.0,25.0,2024
55.714785896039245,7.421832845578034,4599.4243969080235,30.017562962202376,0.7765274507032598,14.565856083806125,1.2178700874971047,16.71443576881177,13.285564231188228,4571.584314205995,0.6052949303992092,0.0,11.262038760852533,14.001007286596877,30.0,2041.0,25.0,42
55.745344345909864,7.421616766830032,4602.5955101721465,30.035592175874896,0.7762007495917743,14.569887434768889,1.2178173482479855,16.723603303772958,13.276396696227042,4574.76919279528,0.6045788146137931,0.0,11.272693832328544,14.001000148342401,30.0,2041.0,25.0,999
55.765843314350036,7.421471374518113,4604.725186413347,30.04768662559233,0.7759841924368897,14.57259824016138,1.217782085134577,16.729752994305013,13.270247005694987,4576.905802211985,0.6041486315718722,0.0,11.279837766616662,14.00100007067981,30.0,2041.0,25.0,2024
55.83047480928241,7.42101194578348,4611.452817299175,30.08563925727501,0.7753057507746937,14.581151526677367,1.2176722638041984,16.74914244278472,13.25085755721528,4583.611340589616,0.6037463205763711,0.0,11.302228474765908,14.001033826577032,30.0,2041.0,25.0,42
55.83470906423772,7.420986126405672,4611.894251866697,30.08804933266832,0.7752630947058735,14.581645451496918,1.2176644101107212,16.750412719271317,13.249587280728683,4584.036299224213,0.6040457807810518,0.0,11.303678890936231,14.001000148342401,30.0,2041.0,25.0,999
55.8417957205361,7.4209326353048475,4612.63326077888,30.092093045456426,0.7751952820928542,14.582623390362745,1.2176538996482535,16.75253871616083,13.247461283839169,4584.751910362864,0.6044562582742202,0.0,11.306025893105092,14.001052221103398,30.0,2041.0,25.0,777
55.938474660437805,7.4202684066449045,4622.738771162685,30.147683466970996,0.7742523242372172,14.595023855412553,1.2174907567403312,16.781542398131343,13.218457601868657,4594.571497846568,0.6093200310566796,0.0,11.33889641213401,14.001008664024285,30.0,2041.0,25.0,2024
55.97563860360333,7.420014407215365,4626.635196843071,30.168876710068197,0.773903744917168,14.599762687101705,1.2174287620464659,16.792691581080998,13.207308418919002,4598.315305399426,0.612105563519877,0.0,11.351421390727179,14.001000273372426,30.0,2041.0,25.0,999
55.983270775055225,7.4197689196283045,4627.436446414873,30.17339412934063,0.7738943470773068,14.60358010378906,1.2174657201028698,16.79498123251657,13.20501876748343,4599.1622280970005,0.6110125691683586,0.0,11.352462605849292,14.003041303954895,30.0,2041.0,25.0,42
56.05556087674957,7.419433834100384,4635.03695891467,30.215103834446914,0.7731546988301825,14.610494251375318,1.2172997758298936,16.81666826302487,13.18333173697513,4606.508822930517,0.6154888566591484,0.0,11.378597700799496,14.00125008227958,30.0,2041.0,25.0,777
56.13281872892661,7.41925285322039,4643.187242094302,30.259498573411058,0.7724249134134735,14.620196819923265,1.2171630481285536,16.83984561867798,13.16015438132202,4614.418623340378,0.619587736912971,0.0,11.405262118761167,14.001002056136373,30.0,2041.0,25.0,101
56.15305101082501,7.41923036901752,4645.326351644517,30.271126649410323,0.7722360692738648,14.622827342632057,1.2171288193689147,16.8459153032475,13.154084696752498,4616.616026728915,0.618047532988457,0.0,11.412195520084701,14.001001745316044,30.0,2041.0,25.0,999
56.196276272753806,7.419182460875566,4649.903073103772,30.295926345700515,0.7718325816822688,14.628034148905805,1.2170623968272076,16.858882881826144,13.141117118173856,4621.439235637614,0.6121382966195623,0.0,11.427009171013916,14.00100005619496,30.0,2041.0,25.0,101
56.2157492201145,7.419142879254776,4651.967858224576,30.307080416654465,0.7716552319646727,14.630564130550017,1.2170404556854866,16.864724766034353,13.135275233965647,4623.613235669058,0.6095188836136937,0.0,11.433572591465863,14.001143171594851,30.0,2041.0,25.0,2024
56.398254942385336,7.418911544628563,4671.409047187662,30.412699754369417,0.769961139668204,14.652491675526083,1.2167979115407292,16.919476482715602,13.080523517284398,4644.672649814922,0.5723411737800156,0.0,11.495123070191124,14.001389133996105,30.0,2041.0,25.0,42
56.40945952608475,7.418945711733816,4672.607842612815,30.419108974230554,0.7698461157480391,14.653283516881178,1.2167723115489906,16.922837857825424,13.077162142174576,4645.935641158208,0.5708204572907666,0.0,11.49915473859632,14.001018686022364,30.0,2041.0,25.0,999
56.447922545803365,7.418838888527267,4676.728042910249,30.441143790945084,0.7695070267789413,14.658524147258714,1.2167256072576873,16.93437676374101,13.06562323625899,4650.368950091286,0.5636225279107842,0.0,11.511646124791147,14.001537889430596,30.0,2041.0,25.0,2024
56.47783151922012,7.418873643049853,4679.936804947447,30.458260637295687,0.7692142573709931,14.66127319540145,1.216667643123903,16.943349455766036,13.056650544233964,4653.885560538672,0.5566580382289561,0.0,11.522068404343397,14.001000120745273,30.0,2041.0,25.0,999
56.52049320425659,7.418826320246775,4684.521497316593,30.482690228335812,0.7688204362468779,14.666284970142183,1.2166027663457528,16.956147961276976,13.043852038723024,4658.902433406286,0.5468875300280337,0.0,11.536351547192176,14.001007351573081,30.0,2041.0,25.0,777
56.61473431857645,7.418724212750159,4694.681194194527,30.536775096908336,0.7679489360905525,14.677387696549122,1.2164586450673858,16.984420295572935,13.015579704427065,4670.0093869373395,0.5255267873715653,0.0,11.567989358537107,14.001002091229578,30.0,2041.0,25.0,777
56.616700882448775,7.418721233906449,4694.893671573459,30.537908662242735,0.7679308886742259,14.67762996963252,1.2164557789075376,16.985010264734633,13.014989735265367,4670.2421593354275,0.5250707249727709,0.0,11.568647334489302,14.001008685483692,30.0,2041.0,25.0,101
56.63482433927426,7.418035508254297,4696.853587209448,30.54838049296897,0.7679295369191838,14.687270344072527,1.2165505258064266,16.99044730178228,13.009552698217721,4672.378094646416,0.5211040137526185,0.0,11.570706886688725,14.00633081349639,30.0,2041.0,25.0,2024
56.74074830880454,7.418585378296557,4708.335349122496,30.609361743762555,0.7667801051804096,14.692326468646975,1.2162654072640384,17.022224492641364,12.977775507358636,4685.169395711347,0.4920200387907167,0.0,11.610467895793057,14.001008664024285,30.0,2041.0,25.0,2024
56.753504422042006,7.41857245755165,4709.721962281652,30.61648418905001,0.7666616055337195,14.69382593545652,1.21624563766823,17.026051326612603,12.973948673387397,4686.717275040681,0.488451068347704,0.0,11.614774795612842,14.001000272446056,30.0,2041.0,25.0,999
56.773240309842876,7.418550849225913,4711.86890458191,30.627504094168785,0.7664786717828225,14.696164071406457,1.2162153484800868,17.031972092952863,12.968027907047137,4689.111974942556,0.48297034786398063,0.0,11.62142846540146,14.001000219169088,30.0,2041.0,25.0,999
56.80829049935313,7.418512406553875,4715.686629376987,30.647075039412748,0.766153805185895,14.700317267455036,1.2161615683797329,17.04248714980594,12.95751285019406,4693.364865742666,0.473351293007156,0.0,11.633244722844275,14.001000660888106,30.0,2041.0,25.0,42
56.873938983055275,7.418660825320346,4722.853577025207,30.683180345600285,0.7655660482006666,14.708491605838297,1.2160702024869863,17.062181694916582,12.937818305083418,4701.200940332736,0.45846512790070815,0.0,11.654761533708237,14.00136650219705,30.0,2041.0,25.0,777
56.96586739302313,7.419123220472165,4732.92595602192,30.733293698432483,0.76473052567061,14.718963802049103,1.2159295750502914,17.08976021790694,12.910239782093061,4712.046612415267,0.44115086102470785,0.0,11.685107766061206,14.001251876016498,30.0,2041.0,25.0,101
56.986876169318904,7.419258117989687,4735.2338430039745,30.744735108761365,0.7645327163196972,14.721042511414183,1.2158971824947584,17.09606285079567,12.903937149204332,4714.52500674118,0.4373350282033213,0.0,11.69220816763671,14.001003272834582,30.0,2041.0,25.0,42
57.13242412280702,7.41994746931104,4751.285237068351,30.82400707494079,0.7632425528921526,14.738163131601578,1.2157178428854645,17.139727236842106,12.860272763157894,4731.696997693475,0.41227243572020356,0.0,11.740012879340771,14.001147108762133,30.0,2041.0,25.0,999
57.161917816532636,7.420108193752396,4754.55113776882,30.839996907924736,0.7629816243026158,14.74204188316673,1.2156795087295182,17.14857534495979,12.851424655040208,4735.176560722229,0.40749539725600975,0.0,11.749818923376974,14.001016172890886,30.0,2041.0,25.0,101
57.300075582072346,7.420575457795392,4769.910093327765,30.91540068473809,0.7618216598280017,14.76498442571876,1.2155484125416804,17.1900226746217,12.809977325378298,4751.504700294003,0.38586456921919887,0.0,11.794206710895399,14.002584862878185,30.0,2041.0,25.0,777
57.39405210357722,7.421099061575793,4780.414076197438,30.96753211063664,0.7609509939092102,14.777039915087265,1.2153971708709241,17.218215631073164,12.781784368926836,4762.798714615368,0.36849028768824826,0.0,11.826515183565967,14.001032185767652,30.0,2041.0,25.0,42
57.464725259024696,7.42127233705819,4788.344259308961,31.00775996616807,0.7603207739760397,14.788143124536766,1.2153069671977845,17.23941757770741,12.76058242229259,4771.51675030092,0.3514264659506746,0.0,11.85046226898812,14.001139121827483,30.0,2041.0,25.0,999
57.485252299360894,7.4212585538187925,4790.652611037209,31.019523593349323,0.7601537284273353,14.79212918358392,1.2152926820116259,17.245575689808266,12.754424310191734,4774.060698894709,0.34633928797661734,0.0,11.857060935233564,14.001706215849596,30.0,2041.0,25.0,101
57.55993614183629,7.421541293333712,4799.0695121893295,31.062271896619386,0.7594640942638098,14.803078154492251,1.2151783261121323,17.267980842550887,12.732019157449113,4783.269744444731,0.32922564894023487,0.0,11.883126579765296,14.001000092048718,30.0,2041.0,25.0,2024
57.65092456214607,7.421944962748173,4809.3639803242295,31.113747164819127,0.7586577835396884,14.818082495945875,1.215059817961006,17.295277368643823,12.704722631356177,4794.352097410743,0.3121386315301138,0.0,11.913872148336715,14.001000266137144,30.0,2041.0,25.0,999
57.6644350521869,7.422027503212491,4810.896304989699,31.12141065894003,0.7585334942247182,14.820317564806809,1.2150423414621618,17.29933051565607,12.70066948434393,4796.00145712349,0.309606504109456,0.0,11.91843339456982,14.001005618561939,30.0,2041.0,25.0,777
57.778570920318856,7.422615217262782,4823.880582437957,31.187041635370086,0.7575100797457293,14.841698646643211,1.2149139174767067,17.333571276095658,12.666428723904342,4809.929813711951,0.28920219909247913,0.0,11.956321955372342,14.001901827817514,30.0,2041.0,25.0,2024
57.78991274183461,7.4228011151194115,4825.174506879463,31.19365328674518,0.7573774630683849,14.842692650351617,1.2148787981371962,17.336973822550384,12.663026177449616,4811.32010742017,0.28712742802441676,0.0,11.960836948963781,14.001000787286534,30.0,2041.0,25.0,101
57.839559684945144,7.42309931344044,4830.847346048358,31.2223960037311,0.7569219775146736,14.851926748019283,1.2148154738960637,17.35186790548354,12.648132094516459,4817.3807536227905,0.27876253296605397,0.0,11.97756806744584,14.00106016030273,30.0,2041.0,25.0,999
57.87450884786356,7.423322509394207,4834.848764616009,31.242675274193125,0.7565975731651088,14.858318465184205,1.2147685524576999,17.362352654359068,12.637647345640932,4821.656392226195,0.27286008378096943,0.0,11.989445351555442,14.001002211127725,30.0,2041.0,25.0,42
57.95005335735941,7.424161182785032,4843.5202830149,31.28684300319208,0.7558952954961383,14.872412644284417,1.2146707021002658,17.385016007207824,12.614983992792176,4830.96920983931,0.2591312194893457,0.0,12.015211654476342,14.001016172890886,30.0,2041.0,25.0,101
57.98696654903227,7.424579724135756,4847.768761605682,31.308649882228426,0.7555500725745287,14.87948444369042,1.2146252720796435,17.39608996470968,12.603910035290319,4835.523672755808,0.25259226361734377,0.0,12.027897037671563,14.001072733040044,30.0,2041.0,25.0,2024
58.103158793325264,7.425765503412045,4861.190813004443,31.377211375453108,0.7544924227761605,14.903031587940035,1.214502996692783,17.430947637997576,12.569052362002424,4849.8078397611225,0.23416018175771444,0.0,12.067116314862876,14.002161962730234,30.0,2041.0,25.0,42
58.1602022934935,7.426591968677976,4867.807185336322,31.41098544076701,0.7539197504159498,14.912467802289918,1.214404477139185,17.448060688048052,12.551939311951948,4856.834114269322,0.2254212348437945,0.0,12.087672610788964,14.0010012063963,30.0,2041.0,25.0,101
58.20261245570872,7.427080054034481,4872.738142356808,31.435979182905974,0.7535222903811809,14.920553531841607,1.214351084337101,17.460783736712614,12.539216263287386,4862.038974401234,0.21957198689932317,0.0,12.102254587994214,14.001007351573081,30.0,2041.0,25.0,777
58.26904563189165,7.426372538629177,4880.484413635023,31.47428962595636,0.753223347312445,14.946038166116596,1.2144992163310933,17.480713689567494,12.519286310432506,4870.0793115474935,0.21319814193976055,0.0,12.117180413015042,14.011212559174776,30.0,2041.0,25.0,42
58.394230397723696,7.42913256406337,4895.142752274821,31.548017837360028,0.7518432542607353,14.958606374053055,1.2141335651773593,17.51826911931711,12.481730880682889,4885.433906325307,0.1983363190992069,0.0,12.167148942919109,14.002045392981866,30.0,2041.0,25.0,101
58.44935808027505,7.429745068761317,4901.626708042421,31.578745538473044,0.7513668885660162,14.96813812371202,1.214067455856295,17.534807424082516,12.465192575917484,4892.006299214353,0.1962697161798038,0.0,12.185808880818088,14.002155299415454,30.0,2041.0,25.0,777
58.51318390031123,7.430645110108008,4909.154966406357,31.614376115170987,0.7507687945307814,14.977655088701123,1.2139642837128635,17.55395517009337,12.44604482990663,4899.54388742091,0.19577868393268705,0.0,12.208609913331602,14.001008664024285,30.0,2041.0,25.0,2024
58.7246335629176,7.433107609767503,4934.2625168412405,31.73555454921499,0.7489182816705948,15.015847263924762,1.213743117755328,17.61739006887528,12.382609931124719,4924.585342697528,0.196121996158149,0.0,12.282245013691595,14.001058294976593,30.0,2041.0,25.0,777
58.7319321531498,7.433201074387712,4935.133733293091,31.73977412089201,0.7488586892520306,15.017162629139303,1.213734896427603,17.619579645944942,12.380420354055058,4925.460726764812,0.1960029261826005,0.0,12.284835158902691,14.001002205643514,30.0,2041.0,25.0,42
58.8154780795864,7.434151001369648,4945.128590986284,31.787719142492648,0.7482651491095902,15.033838007832724,1.213662035343017,17.64464342387592,12.35535657612408,4935.416927149849,0.19638849946464362,0.0,12.313656247893661,14.001139121827483,30.0,2041.0,25.0,999
58.82515226512326,7.432806243355141,4946.290642101561,31.793677338203647,0.7484429741749116,15.04827637025522,1.2138650447397061,17.64754567953698,12.352454320463021,4936.779769536561,0.19228292983931364,0.0,12.309281888112078,14.011262099896777,30.0,2041.0,25.0,2024
58.90522824957131,7.435200565166413,4955.91091369191,31.838677008507453,0.7476481430148627,15.051244513037183,1.213643758861836,17.671568474871393,12.328431525128607,4945.995341975102,0.2000756649885213,0.0,12.344505690351939,14.001008685483692,30.0,2041.0,25.0,101
58.96714903761734,7.4359106966676105,4963.377410271303,31.873480264789514,0.7472440205711055,15.06337420366517,1.2136563223524464,17.690144711285203,12.309855288714797,4953.295778934798,0.20312038563986204,0.0,12.365715584601734,14.001015953608757,30.0,2041.0,25.0,42
59.14096207722543,7.437191719900555,4984.457972590037,31.971518515606718,0.7461885043844811,15.098988967797636,1.2137222255273996,17.74228862316763,12.257711376832368,4974.277434906053,0.20424563192161538,0.0,12.42419656264606,14.002584862878185,30.0,2041.0,25.0,777
59.2954010315678,7.438493908659757,5003.339590166693,32.05863939603274,0.7451958009140089,15.12661043305317,1.2137343915032053,17.78862030947034,12.211379690529661,4993.540546884376,0.19585005386351892,0.0,12.478424577790635,14.001067774179342,30.0,2041.0,25.0,999
59.32044681573885,7.438473077928495,5006.415521107189,32.07287238740005,0.7450745817879953,15.133362690246974,1.2137650933122937,17.796134044721654,12.203865955278346,4996.6593053149145,0.19487427184464282,0.0,12.48585547400646,14.002611524092412,30.0,2041.0,25.0,777
59.54074891323823,7.44027514669292,5033.6324814544505,32.198457527808216,0.7436566982960944,15.174744549896829,1.2137918687776963,17.86222467397147,12.137775326028532,5024.222941126891,0.18693339973125672,0.0,12.563569914605594,14.001000871313082,30.0,2041.0,25.0,2024
59.593523804121666,7.4406368191463965,5040.1966567273785,32.22904883904178,0.7433386959008244,15.185566958634292,1.2138078931737362,17.8780571412365,12.1219428587635,5030.836146028901,0.18571717208660724,0.0,12.582027693116766,14.001201410700235,30.0,2041.0,25.0,42
59.712878555887315,7.44139941007804,5055.105585124925,32.29818404359638,0.7426140977725605,15.209151819813263,1.2140060505863581,17.913863566766196,12.086136433233804,5046.128428590718,0.17758593530910885,0.0,12.62415983369234,14.001139121827483,30.0,2041.0,25.0,999
59.79803692219523,7.441709172760392,5065.797409096163,32.347845115560546,0.7421306725605321,15.227668906021416,1.214208110288078,17.93941107665857,12.060588923341431,5056.998873680404,0.17368510236829357,0.0,12.6531011429851,14.002581665304218,30.0,2041.0,25.0,777
59.83776706990623,7.442148506037135,5070.800689933666,32.37122050780066,0.7418598479245622,15.234095078612748,1.214289441360668,17.951330120971868,12.048669879028132,5062.054751619789,0.17247647558380094,0.0,12.668228504057982,14.00109637102294,30.0,2041.0,25.0,101
60.22336514649797,7.443738509893703,5119.882910349657,32.596094875388836,0.7400255339668502,15.375913349982536,1.2158061145740788,18.06700954394939,11.93299045605061,5111.204986003357,0.1694945860726333,0.0,12.800749049776597,14.011778676739528,30.0,2041.0,25.0,2024
60.25037481356537,7.445509067363334,5123.35410290897,32.61100096623485,0.7396969974082952,15.391008331729951,1.2161670144149617,18.075112444069614,11.924887555930386,5114.363532173491,0.17548212664774573,0.0,12.81782751141505,14.002584862878185,30.0,2041.0,25.0,777
60.26991180557726,7.444123478728132,5125.871916968348,32.622766126908516,0.7397885589637667,15.398163406052122,1.216160599975308,18.080973541673178,11.919026458326822,5116.9712733393835,0.17364155353746827,0.0,12.817363890493578,14.012397362503982,30.0,2041.0,25.0,101
60.28229065438947,7.446110009507119,5127.46416617476,32.62917025399079,0.7394946547987059,15.409868490815253,1.216442459654671,18.084687196316843,11.915312803683157,5118.278328559758,0.17914971840466387,0.0,12.830771713601012,14.001016258980131,30.0,2041.0,25.0,42
60.30176833341028,7.44632759976901,5129.975939193734,32.64071439965497,0.7393866906216824,15.421511236106099,1.2166017181786966,18.090530500023082,11.909469499976918,5120.814316472967,0.17858997448254718,0.0,12.838177488518449,14.001021637934452,30.0,2041.0,25.0,999
60.64802944101808,7.429162828463974,5175.075937018739,32.85021574472525,0.7400369737073345,15.57025321927404,1.2173220529674575,18.194408832305424,11.805591167694576,5168.765545221217,0.12193814881791933,0.0,12.86734402386054,14.129941097655289,30.0,2041.0,25.0,42
60.688431327850736,7.4499628988682245,5180.354799285678,32.86845419791078,0.7373483861946225,15.665150979951992,1.2197369241063518,18.20652939835522,11.793470601644781,5172.791040723303,0.14600850434835735,0.0,12.98210356415089,14.005370514465321,30.0,2041.0,25.0,999
60.69269055410084,7.450703343112467,5180.914176989852,32.87070615333483,0.7372450801491777,15.671975609557265,1.2198451962318626,18.207807166230253,11.792192833769747,5173.305031347769,0.1468687838119058,0.0,12.987118630450862,14.001132107331916,30.0,2041.0,25.0,2024
60.86655012863602,7.435733918502392,5203.921790645038,32.97494403491951,0.7383540289782603,15.687074596923642,1.2194870559600628,18.259965038590806,11.740034961409194,5198.204509039934,0.10986486413729732,0.0,12.970558794743834,14.104707203078569,30.0,2041.0,25.0,777
60.91849516241333,7.450967002370046,5210.804935711023,33.00743274962876,0.7361655293189795,15.815123964257321,1.2216256906998724,18.275548548724,11.724451451276,5204.3274595962175,0.12430855107266989,0.0,13.069613406303157,14.005483113209271,30.0,2041.0,25.0,999
61.07125611167228,7.442019901900833,5231.237542129977,33.09699734102907,0.7368091308493265,15.844912750373373,1.2215862201719798,18.321376833501684,11.678623166498316,5225.460866810425,0.11042655343079455,0.0,13.0678081253279,14.07818097686398,30.0,2041.0,25.0,101
61.14103164069147,7.451884188226327,5240.601917942646,33.1415292826279,0.7349591445096617,15.960156531399942,1.2234121916618277,18.34230949220744,11.657690507792559,5233.429060626926,0.1368708676604778,0.0,13.152383987311085,14.002129215079028,30.0,2041.0,25.0,999
61.203847987209805,7.4431558605696875,5249.08888265588,33.1766912982404,0.7359835141285536,15.936111288440824,1.2227360852510532,18.36115439616294,11.638845603837058,5242.488272872776,0.12574772366522416,0.0,13.121080977404201,14.070819195535794,30.0,2041.0,25.0,777
61.435821628925204,7.452584390697295,5280.60373529029,33.31588845833091,0.7334642819285986,16.1473200177535,1.225666216533913,18.43074648867756,11.56925351132244,5271.141974695298,0.17917952320033995,0.0,13.257284621241434,14.001758420368219,30.0,2041.0,25.0,777
61.47466050777911,7.452760662501983,5285.9195208272395,33.33850346076509,0.7332573374588442,16.17382254176268,1.2259755626427156,18.442398152333734,11.557601847666266,5276.091096680499,0.1859359399630575,0.0,13.271584575853154,14.001060106899834,30.0,2041.0,25.0,101
61.52195747273316,7.443682804236489,5292.422293019965,33.36626239100631,0.7343680637225394,16.13590702648365,1.2251473313803996,18.45658724181995,11.54341275818005,5283.342884917516,0.17155486844697396,0.0,13.23349068634149,14.071914460829067,30.0,2041.0,25.0,2024
61.60461014906944,7.432865215198282,5303.816474497696,33.41258377215853,0.7356017857523244,16.108869334825066,1.2243473064269597,18.481383044720832,11.518616955279168,5295.243058290151,0.16164617023927108,0.0,13.196465089915979,14.157161957451649,30.0,2041.0,25.0,999
61.7912995460912,7.4531441202758,5329.6620434593,33.51180831100816,0.7318676985084596,16.38133536022571,1.228354828986651,18.53738986382736,11.46261013617264,5317.189629907454,0.23401884491253797,0.0,13.382467988747635,14.001758420368219,30.0,2041.0,25.0,777
61.85754934150003,7.444423969413239,5338.920354128119,33.55039486547379,0.732815859533218,16.348156056219462,1.2277046792132866,18.557264802450007,11.442735197549993,5327.287030358539,0.21789655956535944,0.0,13.352383574518097,14.071914460829067,30.0,2041.0,25.0,2024
61.96267369115584,7.419270745095109,5353.696011500326,33.612833428011584,0.7359307572937588,16.234993993271537,1.2252322105039877,18.588802107346755,11.411197892653245,5344.418336314477,0.17329476992940362,0.0,13.238500384435904,14.269198199805949,30.0,2041.0,25.0,101
62.026272145937455,7.402815280617313,5362.676841930656,33.6454846782627,0.7377472538110732,16.20447189883506,1.2238227591925415,18.607881643781237,11.392118356218763,5354.43536808023,0.15368208999630167,0.0,13.173078763206606,14.382859725288045,30.0,2041.0,25.0,42
62.10604167229654,7.433936122471206,5373.89907626813,33.686026681978866,0.7332085270480535,16.429390102410782,1.228207440958723,18.631812501688962,11.368187498311038,5362.016738310715,0.22111204153217348,0.0,13.376180554382032,14.157161957451649,30.0,2041.0,25.0,999
62.14925569631207,7.452517961402891,5379.995434747484,33.70421496071346,0.7302454722093299,16.624969852690622,1.2311029376208071,18.64477670889362,11.35522329110638,5364.6987567381275,0.2843251113292915,0.0,13.510895241058048,14.001000467158393,30.0,2041.0,25.0,777
62.234973444057196,7.389239283834444,5392.2941266237085,33.75805095949848,0.7384693296550038,16.383601067441745,1.2238118934175324,18.670492033217158,11.329507966782842,5385.117806580202,0.13308472933763157,0.0,13.173078763206606,14.479960488784666,30.0,2041.0,25.0,42
62.284832372653355,7.421877355417928,5399.358995964612,33.784018835252255,0.7341082488231684,16.457345220743047,1.2279959121723272,18.685449711796007,11.314550288203993,5387.553681849399,0.21864288194276835,0.0,13.366696746242061,14.2533373109863,30.0,2041.0,25.0,101
62.39478300144662,7.452035253215574,5415.0739745841665,33.83349061893803,0.7291618217627385,16.79124767713538,1.2330408711561547,18.718434900433987,11.281565099566013,5395.845070533986,0.3550995635596575,0.0,13.597019713293395,14.001013073496086,30.0,2041.0,25.0,42
62.66945248643239,7.447165664677118,5454.870173849162,33.970186629754046,0.7288190572357547,16.91651086280354,1.2343727611095259,18.800835745929717,11.199164254070283,5431.571713303347,0.4271130165023664,0.0,13.654419767049244,14.048715169096207,30.0,2041.0,25.0,2024
62.805107700093814,7.454847338165999,5474.7247516711395,34.03428157994995,0.7273414154746738,17.06841278912477,1.236161813917069,18.841532310028143,11.158467689971857,5447.887040088012,0.4902111576465116,0.0,13.738978982186408,14.001000000004527,30.0,2041.0,25.0,999
62.914941574661675,7.45624667021701,5490.914651957146,34.08826222393736,0.7268506571022434,17.144264738089305,1.23698215058611,18.8744824723985,11.125517527601499,5462.756086136718,0.5128210435831662,0.0,13.777665177486977,14.001013073496086,30.0,2041.0,25.0,42
63.04715892089834,7.4557169196698485,5510.535381964375,34.15322967140788,0.7265794523918063,17.213827090369428,1.2376875325837866,18.9141476762695,11.0858523237305,5481.220485638914,0.5319790962853895,0.0,13.810447855792734,14.018481888820807,30.0,2041.0,25.0,101
63.066331657069426,7.397067169568572,5513.492248261108,34.193657227132455,0.734678249081154,16.749449808715646,1.230089191077292,18.91989949712083,11.08010050287917,5499.916425865602,0.2462291009801991,0.0,13.463929879707482,14.48045936425563,30.0,2041.0,25.0,999
63.139479275711786,7.392950092522279,5524.42583500098,34.23038948707688,0.7350271659390193,16.76155292185348,1.2299795383523613,18.941843782713537,11.058156217286463,5510.62513819459,0.24981232835009412,0.0,13.458781460430526,14.518996909558934,30.0,2041.0,25.0,101
63.28010511565691,7.460655748832808,5545.437686065014,34.2681533784233,0.7252237659599255,17.40053266873522,1.2396173923538554,18.98403153469707,11.01596846530293,5512.213528393799,0.5991259762002744,0.0,13.906658728290632,14.001005618561939,30.0,2041.0,25.0,777
63.308042120379795,7.4609128770515625,5549.653820092928,34.28220713089425,0.7250963257194505,17.42039984321809,1.2398175760038475,18.992412636113936,11.007587363886064,5516.039068799779,0.6057089754219379,0.0,13.916525938713237,14.001006931199285,30.0,2041.0,25.0,42
63.396251329665446,7.396861135244699,5563.120558126108,34.34864271386882,0.7339682968778599,16.91511527350653,1.2319292661181782,19.01887539889963,10.981124601100369,5544.442221711237,0.3357528606419965,0.0,13.543578184283104,14.518996909558934,30.0,2041.0,25.0,101
63.54546769177771,7.461210024755779,5585.749179218043,34.39917932535467,0.724352186740636,17.567177183878762,1.2412689070019622,19.063640307533312,10.936359692466688,5549.044410108752,0.6571145236139773,0.0,13.986723187126733,14.018160005780954,30.0,2041.0,25.0,42
63.7247544709651,7.374748121162523,5613.471198250254,34.51714760790274,0.7359338148515137,17.064833627497926,1.2309776104455237,19.11742634128953,10.88257365871047,5593.776532716554,0.3508464698249202,0.0,13.500549352944242,14.718939150229582,30.0,2041.0,25.0,2024
64.16720597471028,7.379623918289714,5682.684694034903,34.73556370053095,0.7349102500565334,17.229968619989027,1.2335263058872996,19.250161792413085,10.749838207586915,5658.447091413529,0.42651675970719166,0.0,13.611509596889581,14.766368017462337,30.0,2041.0,25.0,777
64.2709887954158,7.4322515138402885,5699.07520474856,34.76834775248014,0.7267438606061405,17.681902370982392,1.2418939891487546,19.28129663862474,10.718703361375258,5665.022676935318,0.5975097114856389,0.0,13.993195456222137,14.329542891088751,30.0,2041.0,25.0,42
64.4636213414535,7.398075408294831,5729.989969567506,34.873931230338606,0.7320450323771535,17.430144663119645,1.2374192478490986,19.339086402436052,10.660913597563948,5699.792630698041,0.5270050912801916,0.0,13.782116785083353,14.677219248767765,30.0,2041.0,25.0,2024
64.48420824375341,7.431232880160634,5733.246895604817,34.87595712164465,0.7268227610678389,17.75965207844905,1.2425501784040365,19.345262473126024,10.654737526873976,5698.862742386878,0.5997326444165154,0.0,14.020998474890876,14.387644079097754,30.0,2041.0,25.0,999
64.50276169778493,7.41026581069124,5736.277725515045,34.88756439213013,0.7301343717581582,17.551098516321748,1.2394929599242033,19.350828509335482,10.649171490664518,5704.928089178584,0.5465153159690558,0.0,13.87430701429478,14.578019438218064,30.0,2041.0,25.0,777
64.69155752054657,7.425474342750111,5766.882371487452,34.983070295811125,0.7277209597144645,17.777807241362613,1.2425092854669058,19.407467256163972,10.592532743836028,5733.2347728282275,0.5834625451280938,0.0,14.011347392513166,14.490908428959468,30.0,2041.0,25.0,2024
64.85515860327759,7.422001144269238,5793.699355195385,35.06638288044292,0.7282436942957676,17.804664642343266,1.24256581537463,19.456547580983276,10.543452419016724,5759.714285299713,0.5865867006922986,0.0,14.011347392513166,14.56292676749011,30.0,2041.0,25.0,2024
64.9132868913054,7.390257735670885,5803.344230296282,35.10708804583457,0.733250154132926,17.557024078132415,1.237585832973059,19.47398606739162,10.526013932608379,5769.718316546112,0.5794230432623063,0.0,13.788744282184902,14.867123394484151,30.0,2041.0,25.0,999
65.0375489139642,7.416393551302991,5823.895339619597,35.16086966055297,0.7290916681697599,17.827210082314558,1.2422893942657136,19.511264674189263,10.488735325810737,5788.895129912299,0.6009759390625244,0.0,13.998592523494436,14.658213371143802,30.0,2041.0,25.0,42
65.20255297460166,7.442302987974822,5851.427626186398,35.24271915615555,0.7253215812152729,18.162537994478605,1.2463803939118894,19.5607658923805,10.439234107619502,5807.157146779146,0.7565756980250699,0.0,14.204144980329708,14.473543284946807,30.0,2041.0,25.0,42
65.27452149854035,7.395193967340097,5863.62783291335,35.29271735249313,0.7324798796949596,17.732270885050937,1.239512483669775,19.582356449562106,10.417643550437894,5827.2873152683305,0.6197616677005883,0.0,13.87430701429478,14.919663520534861,30.0,2041.0,25.0,777
65.42081464414346,7.399428122042869,5888.395613977922,35.36846353389887,0.7317946609276444,17.828914754976715,1.2407083530701073,19.62624439324304,10.373755606756959,5850.680092397436,0.6405059043749806,0.0,13.927742218294966,14.91773255429183,30.0,2041.0,25.0,777
65.58407205644723,7.427316709794426,5916.239906698845,35.44448028797969,0.7275857296220717,18.14538850455421,1.245719459627871,19.67522161693417,10.32477838306583,5874.3618588884365,0.707849047213086,0.0,14.15563749103085,14.701424180477218,30.0,2041.0,25.0,101
65.58940889607277,7.453727011283883,5917.105981594699,35.43733179048419,0.7238187933505623,18.435804941970552,1.249198182908239,19.676822668821828,10.323177331178172,5863.204702120362,0.9109399027497361,0.0,14.34448053930559,14.464398815418942,30.0,2041.0,25.0,42
65.72071476365643,7.434234124609168,5939.780115477364,35.51421854829973,0.7265881901449338,18.269087734187238,1.2470799455683885,19.71621442909693,10.28378557090307,5894.48517312374,0.762569345548637,0.0,14.224916679605444,14.673811520556757,30.0,2041.0,25.0,2024
65.77078686498938,7.402126046633096,5948.519924846817,35.55021265640643,0.7316132230723268,17.976867571663732,1.242027570406525,19.731236059496812,10.268763940503188,5906.392101848974,0.7082068065684128,0.0,13.986723187126733,14.996980980249441,30.0,2041.0,25.0,42
65.82067777687115,7.401125378636745,5957.1939894549305,35.576601420937806,0.731849288799843,18.000651792468968,1.2419232848140225,19.746203333061345,10.253796666938655,5914.468140195753,0.7172143350511669,0.0,13.982065399524172,15.024505964012107,30.0,2041.0,25.0,999
65.8584274462229,7.456908061148347,5963.664955408048,35.57314461053736,0.7235333134052189,18.569950853525135,1.2506518511170506,19.75752823386687,10.242471766133129,5905.710808358162,0.9717874408308507,0.0,14.40802902044209,14.50251326912108,30.0,2041.0,25.0,101
66.00582223004436,7.398077457785402,5989.60460795234,35.671576513343425,0.7325792764959217,18.161895729047867,1.2416917695975351,19.80174666901331,10.198253330986692,5944.150661591009,0.7588805828849237,0.0,13.970586974856047,15.118810339940705,30.0,2041.0,25.0,42
66.11951464971997,7.417506778334533,6009.641123698445,35.72857560845102,0.7293052969835585,18.25073213022407,1.2458213555970976,19.835854394915994,10.164145605084006,5962.648441696834,0.7819548794070186,0.0,14.15563749103085,14.937508717313364,30.0,2041.0,25.0,101
66.22092172763118,7.4190189818669054,6027.657240465832,35.78146321760887,0.7291819333988611,18.29719045299497,1.2463131773468974,19.866276518289354,10.133723481710646,5979.073889817376,0.8060071883699433,0.0,14.17714063990632,14.954851771269329,30.0,2041.0,25.0,777
66.24231915720051,7.461855913385754,6031.389132067986,35.764233369414974,0.7231950249547456,18.747715580716587,1.2527847406596304,19.872695747160154,10.127304252839846,5966.205825749238,1.0807345520483493,0.0,14.49283467732605,14.56292676749011,30.0,2041.0,25.0,2024
66.24989084367266,7.411376860211242,6032.8396613152245,35.800079111736565,0.7306263908355665,18.221358624810527,1.244795327618869,19.874967253101797,10.125032746898203,5983.589719905962,0.8163641696806778,0.0,14.109184616431198,15.053963770143701,30.0,2041.0,25.0,999
66.3407033951967,7.4155280337038825,6049.088043781095,35.84827195784715,0.7300239332682261,18.29362383933864,1.2458035501395757,19.902211018559008,10.097788981440992,5998.984984535037,0.8282745908710498,0.0,14.153771796107499,15.039166344117328,30.0,2041.0,25.0,777
66.64941179137877,7.411876811664724,6105.0198424266355,36.01893830047639,0.7311267900584084,18.41997037320883,1.2456224005740615,19.99482353741363,10.00517646258637,6052.157904762127,0.865876590558249,0.0,14.143079905481025,15.193516380019837,30.0,2041.0,25.0,777
66.7372748388935,7.4800343043654305,6120.989843997868,36.005268921593725,0.7226397466583283,18.988038845467603,1.2556773489529591,20.02118245166805,9.97881754833195,6048.690069613931,1.1811778197088947,0.0,14.609199106130971,14.634025607824737,30.0,2041.0,25.0,101
66.8122370449244,7.419968342144877,6134.919536211779,36.107095453361005,0.7300238730743498,18.478747035787215,1.2475140983028221,20.043671113477323,9.956328886522677,6080.3830096684105,0.888952597038361,0.0,14.228386083773403,15.160301196925431,30.0,2041.0,25.0,2024
66.90787507717562,7.420319275672313,6152.62763209384,36.15499913153071,0.7301018483220081,18.508207812171616,1.2477470627227183,20.072362523152684,9.927637476847316,6095.893068951386,0.9221192396970321,0.0,14.23809294867046,15.189257365353635,30.0,2041.0,25.0,777
66.95898398595821,7.478281434657098,6162.015774171367,36.11816201579814,0.7234052264684253,19.01560605658586,1.255727330188862,20.08769519578746,9.912304804212539,6090.924951883837,1.153694260010076,0.0,14.609199106130971,14.736091631050193,30.0,2041.0,25.0,101
66.98526453962333,7.486951014954401,6166.8973495190085,36.12320598101053,0.7227316844901683,19.084002184441545,1.2567473453283504,20.095579361887,9.904420638112999,6094.644563808331,1.1716229672010419,0.0,14.651774523048093,14.69394090770162,30.0,2041.0,25.0,2024
67.14552860046065,7.4207361227129605,6197.078269026437,36.26984614056226,0.7304079227977893,18.62567127472804,1.24821456745548,20.143658580138194,9.856341419861806,6135.421965477711,0.9949253643751756,0.0,14.25711792345202,15.265950114101921,30.0,2041.0,25.0,42
67.15790996006223,7.495283031098511,6199.25931052158,36.20621264286031,0.72252014299433,19.175186407968454,1.257867139530285,20.147372988018667,9.852627011981333,6126.969642132106,1.1661017029370242,0.0,14.697144304600696,14.716069721500979,30.0,2041.0,25.0,999
67.16915979777554,7.481004852975701,6201.410196495298,36.22627405205412,0.7237943511296747,19.069938946572393,1.256238957498416,20.15074793933266,9.84925206066734,6131.633133822623,1.125180571220871,0.0,14.628676007814086,14.80870856376201,30.0,2041.0,25.0,777
67.18994478600814,7.446388118834381,6205.404906073281,36.27194144856862,0.7269651404685314,18.82019367400179,1.2521927309452408,20.15698343580244,9.843016564197558,6143.011456502198,1.005469433751514,0.0,14.449459338884289,15.045761581366941,30.0,2041.0,25.0,999
67.3496602933844,7.422882318860944,6235.77191621604,36.36918425548592,0.7305013307013467,18.73900693052376,1.2487985652507398,20.204898088015323,9.795101911984677,6169.431833710005,1.063863197650299,0.0,14.282698511824979,15.319726155764343,30.0,2041.0,25.0,777
67.571544951957,7.5094253715800265,6278.20771061455,36.41402848579721,0.7224265541079153,19.355162102407775,1.2599053811472858,20.2714634855871,9.728536514412902,6203.59909367955,1.1883744593040384,0.0,14.778490924833019,14.800451002011908,30.0,2041.0,25.0,2024
67.60395597110008,7.508564662979501,6284.483103662186,36.43228026309784,0.7226390357395064,19.34952117315793,1.259772711020347,20.281186791330025,9.718813208669975,6209.96214933154,1.185792898181562,0.0,14.773191303901761,14.821937679090972,30.0,2041.0,25.0,42
67.61985526606169,7.478683538324052,6287.627624102815,36.46724304392479,0.7255237728054681,19.09926854909792,1.255888604355745,20.285956579818507,9.714043420181493,6218.54433097097,1.0987179467661785,0.0,14.612696777570271,15.032200879402815,30.0,2041.0,25.0,101
67.63062369109302,7.4353677232564195,6289.807363000699,36.5038511452665,0.7295250816081165,18.81697939165651,1.2509025280112094,20.289187107327905,9.710812892672095,6220.716334383886,1.0984601694359712,0.0,14.380462623592019,15.319726155764343,30.0,2041.0,25.0,777
67.68433430442421,7.494989510047846,6300.124173281903,36.48766745714811,0.7243227320470041,19.235357438812148,1.2579043701411308,20.305300291327264,9.694699708672736,6228.207039061941,1.1415193136185124,0.0,14.697144304600696,14.955042618572959,30.0,2041.0,25.0,999
67.80700087213606,7.479044497397995,6324.134872138297,36.56123261991897,0.7261061370757783,19.127278731900233,1.2558848684121775,20.342100261640816,9.657899738359184,6252.647887314825,1.1303836219309016,0.0,14.612696777570271,15.112482766806178,30.0,2041.0,25.0,101
67.84228759630855,7.430620970786722,6331.168309463129,36.61486550619434,0.730858903838645,19.027946698360306,1.2500472158691416,20.352686278892563,9.647313721107437,6254.4800510268715,1.211281309985589,0.0,14.339582805015054,15.45963840353727,30.0,2041.0,25.0,42
67.99279824480153,7.437040263621759,6360.891413719108,36.686567535252216,0.7308191173574884,19.100373145764497,1.2506373735259926,20.39783947344046,9.60216052655954,6281.473385376962,1.2485361433911224,0.0,14.366548895883982,15.4909419783057,30.0,2041.0,25.0,2024
68.21127439423103,7.484837425867861,6404.454592655981,36.76012615775754,0.727044711016257,19.20502247618235,1.2562498337050911,20.463382318269307,9.536617681730693,6325.583778092324,1.2314993169613373,0.0,14.626984022090953,15.265950114101921,30.0,2041.0,25.0,42
68.21473153109525,7.520574414797404,6405.073665950072,36.75035175736222,0.7238534678336582,19.499920768379948,1.2609724047969026,20.464419459328575,9.535580540671425,6325.529434706701,1.2418940888413927,0.0,14.8239651047589,15.034487449468743,30.0,2041.0,25.0,999
68.5060027149061,7.474632333873251,6464.34115600184,36.91738896854142,0.7290820597790442,19.204419201226095,1.2545075720630834,20.55180081447183,9.448199185528171,6378.440456774101,1.3288391988406165,0.0,14.549236455598171,15.486859025811532,30.0,2041.0,25.0,777
68.52860288303333,7.482587890996325,6468.960623172456,36.92334382916254,0.7284837220786557,19.20979685749145,1.2553783654090862,20.55858086491,9.441419135090001,6383.579834014683,1.319853282951363,0.0,14.590778560891142,15.44561126150381,30.0,2041.0,25.0,101
68.54808968193745,7.5298964433632625,6472.860882678668,36.91547838769318,0.7247383302271823,19.548180865686717,1.2612396730925557,20.564426904581236,9.435573095418764,6385.979224009769,1.3422451099079509,0.0,14.835835645474479,15.16162887760633,30.0,2041.0,25.0,2024
68.79989141485886,7.484874099807943,6525.138876331843,37.07098658783703,0.7295998219563049,19.382554086809982,1.2550796420152206,20.63996742445766,9.360032575542341,6436.0364857753475,1.3655248148003383,0.0,14.57453927663232,15.589592004314662,30.0,2041.0,25.0,777
68.80689562055171,7.480315871769995,6526.612427223992,37.08096078983125,0.7300963541718646,19.435749969585046,1.2545348909738097,20.642068686165512,9.357931313834488,6437.9043699287995,1.3591745838188756,0.0,14.547795152521136,15.628277176596006,30.0,2041.0,25.0,2024
68.93282466240015,7.523589167030404,6552.941345160773,37.11751083993877,0.7270408390637086,19.48742282166331,1.2596008263368053,20.679847398720046,9.320152601279954,6461.012167175394,1.4028689277566522,0.0,14.765054134373504,15.413473593886609,30.0,2041.0,25.0,101
68.95076056845181,7.495114554964445,6556.785604997229,37.14826634819764,0.7294449571283879,19.43871142137973,1.255891951759999,20.68522817053554,9.314771829464458,6466.554638254434,1.376146364676393,0.0,14.612696777570271,15.612152706372179,30.0,2041.0,25.0,101
68.95260735432488,7.49241699158114,6557.181166110052,37.152341035718415,0.7297035553559401,19.46730246799502,1.2555766217999322,20.685782206297464,9.314217793702536,6467.050307880201,1.3745366483952042,0.0,14.597411999238725,15.632926403730714,30.0,2041.0,25.0,777
69.04630783675707,7.526598997412552,6576.931600114882,37.17880966954065,0.7273315949189731,19.50812088177941,1.2597167164291907,20.71389235102712,9.28610764897288,6484.782268877142,1.4010991270781972,0.0,14.768896798161027,15.461287575002634,30.0,2041.0,25.0,42
69.09705869900202,7.4859175299322365,6587.811274470626,37.25226134216828,0.7312450207815981,19.720085562965235,1.2544446782320973,20.72911760970061,9.270882390299391,6503.015185029556,1.2871663426315105,0.0,14.539586485628163,15.784993778541107,30.0,2041.0,25.0,777
69.21008702702609,7.570486401567252,6611.777245229667,37.265665560016416,0.7245497078701972,19.86881619911578,1.2647034729528006,20.763026108107827,9.236973891892173,6521.520240332281,1.3650944602301187,0.0,14.978651685953565,15.295766759765613,30.0,2041.0,25.0,2024
69.32721476938931,7.605303251680147,6636.91751425703,37.330858994117825,0.7221063302423827,20.205192924714073,1.2690197840922341,20.798164430816794,9.201835569183206,6551.990072647275,1.279621773621851,0.0,15.153857104894817,15.154017378605653,30.0,2041.0,25.0,777
69.4098140901396,7.569218750192452,6654.899794777698,37.3784123744897,0.7256961577457511,19.84615403181967,1.264082382619721,20.822944227041884,9.177055772958116,6564.911206582679,1.3522155249525372,0.0,14.950505127678252,15.42450768073325,30.0,2041.0,25.0,999
69.44497578017632,7.569897978449573,6662.547774586674,37.3986678867831,0.7258259208201643,19.85090771501938,1.264089203571541,20.833492734052896,9.166507265947104,6573.192151230273,1.3411629661739095,0.0,14.950139571431812,15.442216070843651,30.0,2041.0,25.0,101
69.49008630530119,7.601937314218545,6672.314538710696,37.4247953725608,0.7232847950961798,20.14795026050426,1.2680443085253519,20.847025891590356,9.152974108409644,6583.639260895412,1.3290032611744793,0.0,15.114797957858288,15.273917792793064,30.0,2041.0,25.0,2024
69.52014692480884,7.618293672578886,6678.8502753729,37.438594363379714,0.7220959144691559,20.302693357230613,1.2700493650845066,20.856044077442654,9.143955922557346,6594.532683041817,1.2624566932124417,0.0,15.195929899495704,15.19752259343897,30.0,2041.0,25.0,42
69.72726308174208,7.543482244792728,6724.664974252345,37.581663823252086,0.7293350049496858,19.858001958107522,1.2602952439433792,20.918178924522625,9.081821075477375,6650.200415597408,1.1073348477589526,0.0,14.789485560301028,15.784444351896417,30.0,2041.0,25.0,777
69.79086031392475,7.606482521732687,6738.660523148882,37.598842944502586,0.7244891768637972,20.161594024228407,1.267951664546537,20.937258094177427,9.062741905822573,6653.236130904365,1.26767614945231,0.0,15.107218424377594,15.430849270099607,30.0,2041.0,25.0,999
69.94742697257219,7.644833906321154,6773.638428657477,37.68294900592632,0.7220767846605454,20.52740057202811,1.2725038233406656,20.98422809177166,9.015771908228341,6694.491330258536,1.16845767946647,0.0,15.29130825162867,15.296405359847835,30.0,2041.0,25.0,999
69.95538383541927,7.645727624144487,6775.428218960994,37.68732408738048,0.722044069372459,20.53582296384191,1.272603775334149,20.98661515062578,9.01338484937422,6696.4417073101085,1.1657788865630978,0.0,15.295248115518078,15.295766759765613,30.0,2041.0,25.0,2024
70.0869658565037,7.564936135796436,6805.387765172727,37.77555065361999,0.7290692861095619,20.05017658753755,1.2625817727580775,21.02608975695111,8.973910243048891,6735.863704558319,1.021603221056771,0.0,14.878753237610598,15.856110638775856,30.0,2041.0,25.0,2024
70.18699111144835,7.659832385336969,6827.971647324204,37.823223585251974,0.7221052150723987,20.659359733170366,1.2739815996345507,21.056097333434504,8.943902666565496,6752.034710149036,1.112144881341546,0.0,15.347924415311917,15.34919408608819,30.0,2041.0,25.0,101
70.34593199658423,7.6516336977803645,6864.546836298664,37.91501717957286,0.7234382380285317,20.564320954052175,1.2727246659535258,21.10377959897527,8.896220401024731,6785.672726312322,1.1490068007004883,0.0,15.292057596335013,15.486859025811532,30.0,2041.0,25.0,777
70.3873353458894,7.602805418078874,6874.249959036053,37.93516508151376,0.7273292822074191,20.167276193716035,1.266937412148733,21.11620060376682,8.88379939623318,6800.618774748293,1.07111589957496,0.0,15.049873772780957,15.796530014702887,30.0,2041.0,25.0,42
70.44876010398384,7.611097574140252,6888.5030993340515,37.969051048746806,0.7269636677205615,20.231040123437133,1.2678137148780548,21.134628031195152,8.865371968804848,6815.275691956989,1.0630380261299663,0.0,15.085441129798703,15.784444351896417,30.0,2041.0,25.0,777
70.6213485132055,7.670104499491661,6928.7838813332455,38.06865415708151,0.7233123445242291,20.727546174798018,1.2745874898944372,21.18640455396165,8.813595446038349,6852.05247560371,1.1074296304183542,0.0,15.363811646886845,15.53829929187586,30.0,2041.0,25.0,101
70.71104904049884,7.6847279079654935,6949.945223695503,38.11481168367172,0.7226126048297913,20.867135387948526,1.2762604790760843,21.21331471214965,8.78668528785035,6872.708943832822,1.1113221381853136,0.0,15.431949702454453,15.502210351762908,30.0,2041.0,25.0,999
70.86066970055158,7.646085685726399,6985.685365993973,38.192511683748556,0.7261560918362242,20.524899662688814,1.2713492359072847,21.258200910165474,8.741799089834526,6916.465417705078,0.9908827074556679,0.0,15.226577621254641,15.822598172855278,30.0,2041.0,25.0,777
70.87351292747981,7.668319163257477,6988.708208299489,38.20490321864566,0.7246512681137479,20.696367033735566,1.273925648958516,21.262053878243943,8.737946121756057,6913.499707287192,1.076143097847224,0.0,15.333628587008146,15.695869492442421,30.0,2041.0,25.0,2024
70.99603289738901,7.703957836057346,7018.110620381548,38.26224854672417,0.7224986944579129,21.040222262401254,1.2781427609955776,21.298809869216704,8.701190130783296,6940.6409233714085,1.103854031384985,0.0,15.506337944180176,15.554412730285502,30.0,2041.0,25.0,777
71.03360236266425,7.6676712397187305,7027.292114078451,38.289204897998594,0.7254114634791692,20.699329051817188,1.2736323780383059,21.310080708799276,8.689919291200724,6955.447247060327,1.0223691551713137,0.0,15.319098375658106,15.796530014702887,30.0,2041.0,25.0,42
71.15593183451644,7.678912903724521,7057.035041972446,38.35623024349551,0.7252044054121571,20.796139500853716,1.274772547135627,21.34677955035493,8.653220449645069,6984.8417040362465,1.0229981501696186,0.0,15.364742534146814,15.804086278616268,30.0,2041.0,25.0,101
71.24057876418414,7.715657323881645,7077.692226059365,38.39392563180423,0.7228176027402122,21.140639561780596,1.2791452356073143,21.37217362925524,8.62782637074476,7000.918202428757,1.0847324407231742,0.0,15.544686596536451,15.631823933296197,30.0,2041.0,25.0,999
71.3720272887407,7.727679300673115,7110.1248389138855,38.46325977751486,0.7225319506000968,21.25088699100331,1.2804023919901482,21.411608186622207,8.588391813377793,7033.388460585509,1.079255007006294,0.0,15.59508498327067,15.638736312514457,30.0,2041.0,25.0,999
71.41964645211515,7.708141411276696,7122.007323127316,38.496391484546734,0.7243518433511725,21.05388779528365,1.2778435415168683,21.425893935634544,8.574106064365456,7047.70191549577,1.0433211349032794,0.0,15.488555094635354,15.79019807677363,30.0,2041.0,25.0,42
71.48683199302839,7.674277170412121,7138.855639874232,38.52719442832447,0.7270126260618577,20.801939491787163,1.2737894545791748,21.446049597908516,8.553950402091484,7069.737039026112,0.9682028091737356,0.0,15.319098375658106,16.02884450080908,30.0,2041.0,25.0,42
71.73800152233324,7.696746917273368,7202.174712406822,38.66448017181071,0.7265829627350829,20.99321553717576,1.2760250804245654,21.521400456699972,8.478599543300028,7131.06308397498,0.9873632794458856,0.0,15.407830775452581,16.049349099891682,30.0,2041.0,25.0,777
71.79921370659571,7.743651481965071,7217.671514357125,38.70450844066296,0.7235240444461166,21.379757067296627,1.2815902355820663,21.539764111978712,8.460235888021288,7144.393375222589,1.0152601013882807,0.0,15.635835462907037,15.807991112797321,30.0,2041.0,25.0,2024
71.83343294855614,7.744382701056188,7226.4289088819505,38.72348413124517,0.7236554031139086,21.383939904221588,1.2816073153634706,21.550029884566843,8.449970115433157,7154.044944842383,1.0016560731760693,0.0,15.635835462907037,15.825564720622173,30.0,2041.0,25.0,2024
71.91221730997677,7.752376819598258,7246.656371553971,38.76642525266972,0.7234488092659712,21.45589634258798,1.2824523137517656,21.57366519299303,8.42633480700697,7176.108720635071,0.9735200249845983,0.0,15.669036473283333,15.825907552434916,30.0,2041.0,25.0,42
71.99181974911733,7.736750239265307,7267.270327743489,38.809733035308426,0.7250802319137353,21.306678881129304,1.2803217551090986,21.597545924735197,8.402454075264803,7197.864771157218,0.9550430004139182,0.0,15.579702972174763,15.972558155705714,30.0,2041.0,25.0,101
72.16554138379296,7.730347471642515,7312.595444953562,38.89747840538673,0.7262041073513698,21.2864954549737,1.2793961590380096,21.649662415137886,8.350337584862114,7246.225253743239,0.9076147000053938,0.0,15.537993354168018,16.10691823160242,30.0,2041.0,25.0,777
72.29064232008224,7.731912695442319,7345.571031132174,38.959371615914,0.7265881986371805,21.31925405792316,1.2794852660760048,21.687192696024674,8.312807303975326,7281.221563302115,0.8760308430390379,0.0,15.539111334822291,16.16685216515582,30.0,2041.0,25.0,2024
72.30422297070163,7.7304368610765515,7349.173000425913,38.96567981168908,0.7267340781880084,21.311694843219982,1.2793031081909911,21.69126689121049,8.30873310878951,7285.019776576563,0.8729311970970358,0.0,15.531330389580322,16.182541965680077,30.0,2041.0,25.0,999
72.31830484245712,7.704601359026924,7352.975138690728,38.97300662656215,0.7287012919598133,21.4188808087733,1.2762289412629022,21.695491452737137,8.304508547262863,7294.894148702864,0.7898978154059962,0.0,15.403969910544992,16.34789313111582,30.0,2041.0,25.0,42
72.38585597609071,7.787222995211328,7370.726936948907,39.02142241321996,0.7234757039385405,21.78422127072153,1.2861207931420227,21.71575679282721,8.28424320717279,7307.760447143254,0.8542778798385036,0.0,15.81073689403124,15.89122943170232,30.0,2041.0,25.0,42
72.5246358837176,7.774856840232356,7407.950281466693,39.09797688286722,0.7246803410386703,21.657880783252278,1.2843703863886762,21.75739076511528,8.242609234884721,7346.594489750268,0.8282424879379391,0.0,15.735741065165229,16.05005720768757,30.0,2041.0,25.0,999
72.56339564524043,7.734173851693072,7418.512125298832,39.10486246989128,0.7275708821083056,21.472161186582472,1.2794943002323107,21.769018693572132,8.230981306427868,7358.453297556482,0.8095805025044837,0.0,15.533813204431807,16.309025671112344,30.0,2041.0,25.0,101
72.56638813164284,7.7873562945725885,7419.179824271427,39.12066053515785,0.7240937505271708,21.777373255767856,1.2858976524327446,21.76991643949285,8.23008356050715,7358.005810675207,0.8245387636527244,0.0,15.797945183936527,15.99647953431477,30.0,2041.0,25.0,777
72.57505947964535,7.735677758540422,7421.659951294815,39.11161458642713,0.727512044500538,21.47616929396751,1.2796604896272674,21.772517843893603,8.227482156106397,7361.597394895228,0.8092873668930155,0.0,15.540424462736173,16.30697394609916,30.0,2041.0,25.0,777
72.7186827903809,7.793279889060196,7460.537238285807,39.20393566372209,0.7243548520616372,21.835595972284576,1.2864220074212687,21.815604837114268,8.184395162885732,7400.16130969564,0.8092705211674464,0.0,15.817566964396638,16.04861401617566,30.0,2041.0,25.0,101
72.79688494418076,7.760119034201868,7482.0507537416825,39.23835024726487,0.7267747905209996,21.596769054264822,1.2822932640825848,21.839065483254227,8.160934516745773,7421.819566057451,0.8050090766105868,0.0,15.64589732990741,16.291950231057065,30.0,2041.0,25.0,42
73.09425650539427,7.821914927555001,7564.4913133408445,39.42329669451638,0.724504557185074,22.113009672268067,1.289476380058082,21.928276951618283,8.071723048381717,7513.063948928804,0.6798522502278812,0.0,15.935974610894018,16.101986250060637,30.0,2041.0,25.0,777
73.18001798740393,7.789175968834455,7588.7443871850965,39.4534017186836,0.7265553582017177,21.859575312102976,1.285256098372612,21.95400539622118,8.04599460377882,7532.537212367097,0.7406650158478808,0.0,15.76328080520168,16.348470169100537,30.0,2041.0,25.0,999
73.18422514240845,7.766335491578338,7589.996106237188,39.44805279196731,0.7280988675447704,21.910515384078344,1.28253299191754,21.955267542722538,8.044732457277462,7537.282783268564,0.6945105403322324,0.0,15.65094359597791,16.490438086197628,30.0,2041.0,25.0,777
73.25018150568499,7.770409741503104,7608.680265225601,39.48658470428605,0.7281198107311816,21.959311304676888,1.2829242651378852,21.9750544517055,8.0249455482945,7558.016787693984,0.6658641941253237,0.0,15.6663685115635,16.507968944277923,30.0,2041.0,25.0,42
73.2668711411277,7.806323680887686,7613.327125426949,39.50915687866459,0.7258391243120711,21.989404602364264,1.287171518720199,21.98006134233831,8.01993865766169,7560.736055526101,0.6907764376129961,0.0,15.841320176230067,16.300395250988633,30.0,2041.0,25.0,2024
73.33421330382862,7.801623261685693,7632.547144196333,39.54307321105353,0.7264569293789037,21.964741406022895,1.2865215125747524,22.000263991148586,7.999736008851414,7581.879229779377,0.6638401762835197,0.0,15.813825717748573,16.370260825192677,30.0,2041.0,25.0,101
73.38581958708554,7.806150553083748,7647.3194397179595,39.5734205390118,0.7263970462409369,21.999021915351214,1.286987970172878,22.01574587612566,7.98425412387434,7598.566841021417,0.6375122561682994,0.0,15.832512791332379,16.375371662719356,30.0,2041.0,25.0,42
73.5435900371119,7.835416009848239,7692.795646223192,39.675020748085835,0.7255590670078496,22.22136483398448,1.2904352428834809,22.06307701113357,7.936922988866431,7652.375345080928,0.5254305846809889,0.0,15.96988468450095,16.296320418423733,30.0,2041.0,25.0,101
73.64706698897724,7.827924949025692,7722.992207423959,39.725209604823974,0.7261939400975398,22.17537642589887,1.2893356610478146,22.09412009669317,7.905879903306829,7682.919513800291,0.5188752305764041,0.0,15.926025132258479,16.402379386927127,30.0,2041.0,25.0,777
73.6597516406437,7.810768688814399,7726.755569712218,39.72449357385354,0.7272768543193904,22.123048908967117,1.2872729213578755,22.09792549219311,7.902074507806891,7688.395744678528,0.49645449099043604,0.0,15.841320176230067,16.516585112677916,30.0,2041.0,25.0,2024
73.76985283228288,7.847191749027241,7759.053447859115,39.800996729606354,0.7258521779291585,22.32739048269686,1.2916673775149463,22.130955849684863,7.869044150315137,7724.952517274539,0.4394985910811785,0.0,16.016657496723578,16.361287046421936,30.0,2041.0,25.0,42
74.00544613402043,7.8589410433997156,7829.270569951864,39.93971811890208,0.7262137476352025,22.434989900729988,1.2928420653716324,22.20163384020613,7.7983661597938685,7799.787666085548,0.3765728058941879,0.0,16.0626318303348,16.432334682692392,30.0,2041.0,25.0,101
74.03140659587847,7.834002016982586,7837.160628773475,39.938859030775355,0.7274159284923686,22.338188962209724,1.2895975455934496,22.20942197876354,7.79057802123646,7805.022007272758,0.4100799131604202,0.0,15.9333172036984,16.600124858567757,30.0,2041.0,25.0,999
74.17580883258498,7.883332418137283,7880.798516484967,40.047822275677504,0.7259489751731248,22.65445445552125,1.295736107739773,22.25274264977549,7.747257350224508,7854.416482190201,0.33476346641244503,0.0,16.179397506688407,16.384472140063835,30.0,2041.0,25.0,42
74.34271783190667,7.853917719920558,7932.099630730172,40.11773566846206,0.7275829100407595,22.528867276160167,1.2914905651538922,22.302815349572,7.6971846504279995,7903.271574985104,0.363435371302999,0.0,16.00631498754282,16.674802811278553,30.0,2041.0,25.0,777
74.47423552794476,7.880528808775186,7972.850484623482,40.20319726345854,0.7270807447740265,22.621590164718853,1.2944663643384116,22.342270658383427,7.657729341616573,7945.737526797788,0.340066051382557,0.0,16.126938438767567,16.598809167778192,30.0,2041.0,25.0,999
74.48624055330777,7.921044367598251,7976.479969916236,40.23298649856958,0.7258752702010973,22.98497877660312,1.2997275061757771,22.345872165992333,7.654127834007667,7957.775395295605,0.23449660365444178,0.0,16.344685676388835,16.35451116372414,30.0,2041.0,25.0,2024
74.49568834392316,7.865128645077062,7979.595159125997,40.208332715239294,0.7276556910511612,22.615247546010917,1.2924863564804245,22.34870650317695,7.651293496823051,7951.7461807300315,0.3490023972471315,0.0,16.04688842185122,16.704397011302646,30.0,2041.0,25.0,2024
74.57546524064841,7.860885841458628,8004.621233287804,40.251230394534005,0.7282460054032612,22.730902959838076,1.2917362712041933,22.372639572194522,7.627360427805478,7979.479453329037,0.3140908136191771,0.0,16.016855879702682,16.781472041374716,30.0,2041.0,25.0,42
74.86519699643169,7.890931269161017,8096.711314871152,40.43518164976727,0.7280906676237261,22.85830947528254,1.2946309564139657,22.459559098929507,7.540440901070493,8085.619907162441,0.1369865773569007,0.0,16.133829798048875,16.80210825410834,30.0,2041.0,25.0,101
74.92856642678397,7.917570060798125,8117.076641487639,40.485836043518184,0.727616395367567,22.9297158074897,1.2977513176178361,22.478569928035192,7.521430071964808,8108.388567600417,0.10703451834882698,0.0,16.26560325083873,16.680948474996676,30.0,2041.0,25.0,2024
74.96222744295379,7.908330672820934,8128.006333380415,40.501470694304636,0.72801272257962,22.866778596075687,1.2964546628737068,22.488668232886138,7.511331767113862,8121.53191437926,0.07965568351693916,0.0,16.210489413674612,16.765223783981234,30.0,2041.0,25.0,999
75.1204791388864,7.9176682385035715,8179.627819374012,40.59226589188701,0.7282786489443702,22.980048283060654,1.2970910464896668,22.53614374166592,7.463856258334079,8177.610487990783,0.024662874983751096,0.0,16.236455182783153,16.81851993175767,30.0,2041.0,25.0,101
75.13953446788851,7.9131897576042665,8185.904899592327,40.59761422568819,0.7284211935680398,23.023027810793224,1.2964747304754751,22.541860340366554,7.458139659633446,8183.488124837134,0.02952361143742555,0.0,16.210489413674612,16.85804173799193,30.0,2041.0,25.0,999
75.33877545263574,7.929613670804977,8251.925699203734,40.71275200036883,0.7286387360497394,23.140240443214843,1.2977987640374482,22.601632635790722,7.398367364209278,8255.228377901878,0.04002312694675873,0.0,16.26848787158582,16.89598528894231,30.0,2041.0,25.0,2024
75.39573425468174,7.931865546204338,8271.00362512778,40.74231891118069,0.7287416161410419,23.18808615200919,1.2979002510747626,22.618720276404524,7.381279723595476,8274.927219722496,0.04743795036912485,0.0,16.273028481519955,16.920198873828,30.0,2041.0,25.0,777
75.45084521860876,7.925201539116243,8289.574067112266,40.76139811603368,0.7289990049440351,23.306625679688096,1.2969143408474764,22.63525356558263,7.36474643441737,8290.90358807736,0.016038471389860195,0.0,16.231099649618862,16.99617570032789,30.0,2041.0,25.0,777
75.61499685736302,7.945714895357634,8345.259732090884,40.86353171823454,0.7290428978463133,23.33800681773669,1.298914751728699,22.684499057208907,7.315500942791093,8352.373784154925,0.0852466225429001,0.0,16.317175940784267,16.985059731770164,30.0,2041.0,25.0,999
75.73592755169366,7.980841403405028,8386.702768350595,40.95676178601656,0.7286221817366509,23.44624819658937,1.3030820187091996,22.7207782655081,7.279221734491902,8400.317660045894,0.16233902728350172,0.0,16.49523818254447,16.847994772373998,30.0,2041.0,25.0,101
75.86972936684721,7.981505799401302,8433.160506516517,41.02603255893303,0.7289989215691974,23.44798263406944,1.3026808775574181,22.76091881005416,7.239081189945839,8444.060711971555,0.12925409692624062,0.0,16.47815626638448,16.936003198010614,30.0,2041.0,25.0,777
76.29576996191322,8.026160460550408,8584.44410895737,41.2696557160839,0.7294319369320507,23.79663103230577,1.3066151601631366,22.888730988573965,7.111269011426035,8585.313092748302,0.010122773005472978,0.0,16.643293600437946,16.96954603867921,30.0,2041.0,25.0,2024
76.30110248235158,8.008998725220925,8586.429154181074,41.267242822186155,0.7297213708043083,23.68453197467131,1.304339222793713,22.890330744705473,7.109669255294527,8585.805560834382,0.00726254576256193,0.0,16.547814197714615,17.079701397201738,30.0,2041.0,25.0,777
76.32949576729291,8.044701441526339,8596.604026465982,41.291472348343255,0.7292338220619695,23.979311295484624,1.3089583409099659,22.898848730187872,7.101151269812128,8593.621984358964,0.034688606080230985,0.0,16.740643247340458,16.87620051623909,30.0,2041.0,25.0,42
76.44451407230954,8.052037347699216,8638.5170122285,41.35850658798395,0.72948924795884,24.028947703810438,1.3093359924498278,22.933354221692863,7.066645778307137,8634.61443296851,0.04517649562378788,0.0,16.757236911015628,16.920198873828,30.0,2041.0,25.0,777
76.4929736837843,8.027468888453193,8656.388617440683,41.37893718376136,0.7299837191472659,23.801033915188512,1.3057930208478854,22.947892105135292,7.052107894864708,8652.62197489602,0.04351286328660426,0.0,16.608840917170223,17.113323185935098,30.0,2041.0,25.0,101
76.49452184970518,7.999030179547425,8657.050782376951,41.356110302463435,0.7303292393222651,24.033051342963383,1.3024275245752324,22.948356554911552,7.051643445088448,8647.452949908167,0.11086723077011573,0.0,16.465571150815602,17.272222093779135,30.0,2041.0,25.0,999
76.60434754231703,8.013433349584487,8697.604673976843,41.427565745274435,0.7304061496835436,24.0522036653748,1.3037207838134486,22.981304262695108,7.018695737304892,8687.308210833246,0.11838274478494056,0.0,16.520413561796964,17.2693908834495,30.0,2041.0,25.0,2024
76.67086059139767,8.013606647603075,8722.378752079238,41.461561439768964,0.7305562041049429,24.156425237143445,1.3034969721060108,23.001258177419302,6.998741822580698,8709.142230962236,0.15175356967669446,0.0,16.51076699331045,17.314521220188553,30.0,2041.0,25.0,42
76.81944651968041,8.072689990513332,8778.041499128105,41.57494712864087,0.7303136422974014,24.16083476764776,1.3101408136771675,23.045833955904122,6.954166044095878,8767.755015036002,0.11718427274608617,0.0,16.790982506433913,17.085479090916028,30.0,2041.0,25.0,101
76.8707773323288,8.074560362531347,8797.498523490285,41.60388247613404,0.7304312897222536,24.171703722548955,1.3101406980013361,23.06123319969864,6.938766800301359,8785.809057776543,0.1328726078501708,0.0,16.790982506433913,17.113323185935098,30.0,2041.0,25.0,101
76.93114669780667,8.102578046962487,8820.406316437608,41.648671644582535,0.7302682189114615,24.425187765978407,1.3134916216793089,23.079344009341998,6.920655990658002,8804.508341440467,0.18024084636002682,0.0,16.93098775186707,16.98872720177194,30.0,2041.0,25.0,999
76.94844322238458,8.078075128176598,8827.100341103396,41.64734516466263,0.7305865952820128,24.194441097107198,1.3102242985882433,23.084532966715376,6.915467033284624,8813.322516405311,0.15608551127405593,0.0,16.79449247506115,17.152148993597994,30.0,2041.0,25.0,2024
76.95420804057778,8.034051688906867,8829.453388853062,41.63045634555762,0.7309610718822022,24.402416406678647,1.3048120574012498,23.086262412173337,6.913737587826663,8811.094734556702,0.20792515105790824,0.0,16.56657369074855,17.407090044434383,30.0,2041.0,25.0,42
77.32706495215454,8.13447321039336,8974.179330216164,41.86805200177501,0.7309837518617514,24.629881378111794,1.3152949420126698,23.198119485646362,6.801880514353638,8949.99739068619,0.2694612915584678,0.0,17.007641977138622,17.121118740231093,30.0,2041.0,25.0,999
77.42072038893886,8.104905130388047,9011.470512391554,41.90504778702599,0.7316765858432126,24.448637749972413,1.3114817983876246,23.226216116681655,6.773783883318345,8985.11786958907,0.2924344341608422,0.0,16.84793005605703,17.349815450768652,30.0,2041.0,25.0,42
77.43809917870108,8.13860951258434,9018.289866663537,41.92465453790726,0.7313144314813399,24.65590213813805,1.315203822510483,23.231429753610325,6.768570246389675,8991.704183396258,0.2947973913053609,0.0,17.004039871833683,17.186244852648755,30.0,2041.0,25.0,101
77.65466524998921,8.127256883697477,9105.65372430581,42.02868925125677,0.7321769680496253,24.61885069495685,1.3129256318630471,23.296399574996762,6.703600425003238,9070.637432756905,0.38455549276419443,0.0,16.90895439455922,17.40760483896423,30.0,2041.0,25.0,777
77.85839556665447,8.188011717529672,9189.148652587035,42.15808792633731,0.7320982122933377,24.973123582131336,1.3182340914632238,23.35751866999634,6.642481330003658,9149.63788061461,0.4299720623335661,0.0,17.126945999165624,17.278164098235997,30.0,2041.0,25.0,2024
77.87054051092247,8.154396379411283,9194.305574739385,42.15261040277878,0.7325771862917236,24.76748745787996,1.3148721367279006,23.36116215327674,6.638837846723259,9154.295737328324,0.43515888270000624,0.0,16.991830771921567,17.4337670345233,30.0,2041.0,25.0,999
77.98599996661878,8.179836113975691,9242.395157289275,42.222056145377486,0.7326581851100655,24.921116633478345,1.316815679362709,23.395799989985633,6.604200010014367,9198.990425391716,0.46962644594704084,0.0,17.072507874240724,17.40760483896423,30.0,2041.0,25.0,777
77.98952255407713,8.187994565069202,9243.844106202394,42.22677715266885,0.7325683381878079,24.973353832948884,1.3176153316339374,23.396856766223138,6.603143233776862,9200.396423743312,0.4700174728166354,0.0,17.104203996620114,17.37456839786805,30.0,2041.0,25.0,42
78.26064150764131,8.206052232698333,9358.960116488191,42.37608082730147,0.733279187422694,25.08078816302717,1.3181968916725646,23.478192452292394,6.521807547707606,9313.02300332335,0.4908356547423715,0.0,17.128242749091314,17.496631309684975,30.0,2041.0,25.0,2024
78.30500409559482,8.200115406657808,9378.102251136403,42.39716730147342,0.7335077555911053,25.065726573518816,1.3173943086617403,23.491501228678445,6.508498771321555,9332.601262433258,0.4851833290432619,0.0,17.097065459552606,17.555006464817964,30.0,2041.0,25.0,42
78.3526527303914,8.254060306383037,9398.531374088167,42.44171788984835,0.7328997661028694,25.36874959069034,1.3225885686476178,23.50579581911742,6.49420418088258,9353.434831649265,0.479825417865104,0.0,17.29637365134663,17.362963190509415,30.0,2041.0,25.0,101
78.3533433347272,8.242971575993863,9398.8710942325,42.43848422986146,0.7330637134403704,25.304679582573442,1.3215280580575979,23.50600300041816,6.493996999581839,9354.012051114805,0.47728118268609565,0.0,17.256063046804464,17.40760483896423,30.0,2041.0,25.0,777
78.47619420153751,8.203311429645762,9452.614339871292,42.48266484298467,0.7340653408686179,25.297095507753358,1.3169341296653987,23.54285826046125,6.4571417395387485,9407.979969031181,0.4721907531109397,0.0,17.080529532583547,17.666751204207372,30.0,2041.0,25.0,42
78.48452634409162,8.203307766878163,9456.271822284076,42.48666193200699,0.7340935504387207,25.3094998910169,1.3168998503159346,23.545357903227487,6.454642096772513,9411.624945533398,0.472140369796324,0.0,17.079303349913662,17.672589453341654,30.0,2041.0,25.0,999
78.50484218071863,8.26960197748759,9464.95940678149,42.526554475334926,0.733219512357443,25.46135547674092,1.3234624061273192,23.551452654215588,6.448547345784412,9420.786496634706,0.46669941463388964,0.0,17.33114431669233,17.40760483896423,30.0,2041.0,25.0,777
78.71329303112964,8.228692937309328,9557.715656963317,42.61406025344234,0.7345907020962483,25.477909434854134,1.31832359214532,23.613987909338892,6.386012090661108,9516.125109511444,0.435151546086979,0.0,17.13916560137809,17.73311595000544,30.0,2041.0,25.0,2024
78.75773820551552,8.22672296783123,9577.703347909797,42.63415327261159,0.7347693449152154,25.562905047458614,1.3179497726741736,23.62732146165466,6.37267853834534,9537.510797755596,0.41964705623266585,0.0,17.125183509225128,17.773255748084573,30.0,2041.0,25.0,42
78.93947647813313,8.268438675328236,9660.125189596609,42.74896488414872,0.7349092993999318,25.538603097072336,1.3213089639592115,23.68184294343994,6.318157056560061,9619.45894207084,0.420970191665468,0.0,17.255589828640407,17.730856165864388,30.0,2041.0,25.0,2024
78.98069091586756,8.288667970089637,9678.974435488546,42.78184806285242,0.7347516717571161,25.578565481330607,1.3232182498688898,23.694207274760267,6.305792725239733,9636.123282900153,0.4427241013394651,0.0,17.328594448236394,17.672589453341654,30.0,2041.0,25.0,999
79.09945947701019,8.340983618845941,9733.730688948739,42.855835502948736,0.734601237033153,25.87257531849541,1.3277483287890737,23.729837843103056,6.270162156896944,9685.817026191684,0.49224356300975386,0.0,17.501326446875165,17.54762048403584,30.0,2041.0,25.0,101
79.17247807814461,8.304084378717619,9767.966915357514,42.87847040823557,0.7352727192962469,25.698818048857653,1.3238287659132915,23.75174342344338,6.248256576556621,9728.297163887315,0.4061208623447428,0.0,17.35475028623652,17.75295640332112,30.0,2041.0,25.0,42
79.23815364984382,8.30401845458848,9798.839731238733,42.90688009114084,0.7355409517417214,25.750638062169294,1.323460497506936,23.77144609495315,6.2285539050468515,9761.503335822765,0.38102873850400915,0.0,17.342044514527466,17.80480129394643,30.0,2041.0,25.0,101
79.26707170650077,8.304148215077724,9812.494964918333,42.919080699615215,0.7356575842841615,25.797138540809076,1.3233088693394512,23.78012151195023,6.219878488049769,9776.084947535783,0.3710576923883601,0.0,17.336881041012898,17.82714796724954,30.0,2041.0,25.0,777
79.3119250019807,8.292917207027774,9833.794240977297,42.931177943779126,0.7359824746079235,25.959944856750973,1.3219162787265126,23.79357750059421,6.2064224994057895,9800.273477028806,0.34087314750607695,0.0,17.28576570588614,17.90954278499827,30.0,2041.0,25.0,2024
79.542932366834,8.351384428800825,9944.519421903386,43.04758538879651,0.736074623069293,25.979494110566637,1.3264047265164023,23.862879710050198,6.137120289949802,9906.29613909256,0.38436530906297256,0.0,17.463862751453277,17.84347445460832,30.0,2041.0,25.0,999
79.57935355572923,8.361711855221596,9962.200801582258,43.066369884248346,0.7360917024297065,26.022323311966822,1.3272424975258985,23.873806066718767,6.1261939332812325,9922.102182788225,0.402507634534568,0.0,17.49654288612469,17.82714796724954,30.0,2041.0,25.0,777
79.70386705917298,8.376530366207932,10023.207806648574,43.11920466073515,0.7363703741544531,26.110652095546833,1.3279680021685736,23.911160117751894,6.088839882248106,9981.796849292332,0.41315074131031404,0.0,17.52901234655398,17.861399853360503,30.0,2041.0,25.0,101
79.89400234003459,8.395158625970696,10117.840488072634,43.19535289730143,0.7368284864788045,26.23086676935454,1.3286980224254794,23.968200702010375,6.031799297989625,10071.833292334288,0.4547135902427151,0.0,17.564412097728898,17.927891908383234,30.0,2041.0,25.0,999
79.98767319714611,8.427086085519589,10165.031732500856,43.244547349205575,0.7368018324735734,26.36931118560794,1.3312440883847954,23.996301959143832,6.003698040856168,10110.237100992674,0.5390502750029466,0.0,17.663043076692624,17.86718274060129,30.0,2041.0,25.0,2024
80.09337539175431,8.438605735569134,10218.915943126594,43.29000301111182,0.7370239951114195,26.43253553691104,1.331772019562969,24.028012617526294,5.971987382473706,10159.392390635498,0.5824840210289944,0.0,17.687123562345704,17.898561701285853,30.0,2041.0,25.0,42
80.13445865282019,8.42490248333876,10240.087166271649,43.29939938966278,0.7372866631224908,26.397630974515025,1.3302472706697108,24.040337595846054,5.959662404153946,10183.51565722754,0.552451440359245,0.0,17.63198598075336,17.984519747257643,30.0,2041.0,25.0,777
80.15550898541663,8.407546300855262,10251.010655674783,43.2976158335603,0.7375467689511477,26.45632286992558,1.3284096214739094,24.046652695624992,5.953347304375008,10198.482968419397,0.5124147171411579,0.0,17.564412097728898,18.071370989102313,30.0,2041.0,25.0,999
80.36688516289364,8.466769110726593,10361.043259152995,43.40759720423976,0.7377094566074847,26.593322400200357,1.3330329957407105,24.110065548868093,5.889934451131907,10287.329895525814,0.7114473106949176,0.0,17.745175371489104,17.984519747257643,30.0,2041.0,25.0,777
80.42736076537895,8.442515539391275,10393.130344788915,43.417417181508284,0.7381315111878841,26.59902504091371,1.330467556065353,24.128208229613687,5.871791770386313,10326.041208986439,0.6455142346609243,0.0,17.652162373954866,18.12196845039035,30.0,2041.0,25.0,42
80.44600914024204,8.459821293138978,10402.962883528995,43.43400740806361,0.7380299266915096,26.59984566532309,1.3320308940906422,24.13380274207261,5.866197257927389,10330.035332438722,0.701026735428804,0.0,17.71115557023489,18.066524446300992,30.0,2041.0,25.0,101
80.50393938634885,8.497335249266746,10433.694019996818,43.477627519666584,0.7380003181732783,26.750582315333155,1.335219184579762,24.151181815904653,5.848818184095347,10348.42479928601,0.8172486230417023,0.0,17.832441963021974,17.961996970866913,30.0,2041.0,25.0,2024
80.73229474918139,8.525051020451516,10557.134356185094,43.587106812054685,0.7386057366265728,26.896968689889164,1.3366687135283317,24.219688424754416,5.780311575245584,10463.014049409732,0.8915327171167352,0.0,17.896668780387124,18.022352948796936,30.0,2041.0,25.0,999
80.7463461898428,8.527327314806831,10564.823252885928,43.59434851784136,0.7386403529094641,26.909094160128728,1.3368090372613122,24.22390385695284,5.776096143047159,10469.959815590668,0.8979178830024146,0.0,17.90255546794722,18.023993925628965,30.0,2041.0,25.0,42
80.7903092239334,8.518891522149094,10589.017725007408,43.60815233167348,0.738825513274922,26.879784064430886,1.3358225271380053,24.237092767180023,5.762907232819977,10496.498958481134,0.8737237856140236,0.0,17.86768442287509,18.088681389334468,30.0,2041.0,25.0,2024
80.86558974855534,8.52118385884557,10630.634901670972,43.64021651196184,0.7390579627879508,26.913163500965055,1.3357137731182687,24.259676924566598,5.740323075433402,10536.433246082803,0.8861338618012563,0.0,17.866177614305617,18.133908650056892,30.0,2041.0,25.0,101
80.94128335142098,8.552126571287976,10672.690278707814,43.69063327073285,0.7391555924753886,27.04083121534134,1.3381607035124583,24.282385005426292,5.717614994573708,10568.210841027101,0.9789419064202699,0.0,17.961525692808518,18.071370989102313,30.0,2041.0,25.0,999
80.99307068563402,8.518857189196778,10701.888150011246,43.69683546466816,0.7395529912674054,26.9621635172924,1.3350807262273554,24.29792120569021,5.7020787943097915,10606.223397027996,0.8939053711110719,0.0,17.845630503099155,18.23012903243315,30.0,2041.0,25.0,999
81.01641288844041,8.52621457512308,10715.00530875671,43.71180374892116,0.7395730870435341,26.987983782899256,1.3356503787836838,24.304923866532125,5.695076133467875,10617.285972191095,0.9119858903453357,0.0,17.86768442287509,18.21959182900247,30.0,2041.0,25.0,2024
81.07663701701111,8.556996450479302,10748.947091892715,43.7572532109112,0.7396053746776531,27.08914076909883,1.3381474453154665,24.322991105103334,5.677008894896666,10642.636372380388,0.9890337965521331,0.0,17.96368977563442,18.149708390489092,30.0,2041.0,25.0,777
81.13113977113295,8.526455007742895,10780.102058089598,43.7671299039507,0.7400260128844762,27.060281835742735,1.3353069106002735,24.339341931339888,5.660658068660112,10685.479442421725,0.877752503250806,0.0,17.856476535536576,18.301616083026122,30.0,2041.0,25.0,777
81.25044338253097,8.544191435140982,10848.564838489872,43.835790766012316,0.7403380910479882,27.138058554681955,1.3364643304681119,24.375133014759292,5.624866985240708,10753.311270760605,0.8780292061426856,0.0,17.90255546794722,18.325146562439905,30.0,2041.0,25.0,42
81.36694556354497,8.599809896367947,10916.098615499066,43.92167035393277,0.7404453327553715,27.30393461661813,1.3404354812810924,24.410083669063493,5.589916330936507,10810.110902419494,0.970930337044473,0.0,18.05572983345823,18.23012903243315,30.0,2041.0,25.0,999
81.38943561713299,8.599789815916003,10929.27993885601,43.93255811741776,0.7405288232943127,27.312025630308536,1.3403235517953425,24.416830685139896,5.583169314860104,10824.315125696565,0.9604000789317573,0.0,18.05185632883112,18.248513795426827,30.0,2041.0,25.0,101
81.49055415474405,8.582569108183154,10989.0162778393,43.97199133235996,0.7409610208206712,27.319117859514105,1.3385137557308482,24.447166246423212,5.552833753576788,10893.013151525816,0.8736280289900592,0.0,17.98455898642837,18.384647917903813,30.0,2041.0,25.0,2024
81.56162207706883,8.633293326862855,11031.114311820103,44.0318534118505,0.741012310610466,27.449000242729273,1.3420963613607741,24.468486623120647,5.531513376879353,10922.451665272278,0.9850559379245222,0.0,18.120697936595704,18.280177382917106,30.0,2041.0,25.0,42
81.57205662095512,8.65154371766321,11037.27483867199,44.04591198622343,0.7409747868594223,27.50834833912484,1.3434759907322056,24.471616986286538,5.528383013713462,10923.976643236834,1.0265051572167638,0.0,18.17221134068247,18.23012903243315,30.0,2041.0,25.0,999
81.5950083549136,8.624665990586385,11051.147114252597,44.04335633857768,0.7411481380191588,27.441205810256335,1.3412768981818752,24.47850250647408,5.521497493525921,10945.862056956734,0.9527070466746184,0.0,18.089993284788285,18.334346513142368,30.0,2041.0,25.0,101
81.72417835619976,8.64359118977848,11129.108916477435,44.116443502702474,0.7415672216863144,27.53094945333099,1.3420913769719427,24.51725350685993,5.48274649314007,11024.324099103625,0.9415382503685267,0.0,18.120697936595704,18.383531586430266,30.0,2041.0,25.0,42
81.74296189789466,8.611820302764611,11140.692327177903,44.115265435679746,0.7418671711759286,27.56350450839738,1.3393070324817737,24.522888569368398,5.477111430631602,11054.570447107986,0.7730388519914633,0.0,18.015584245687734,18.518352688625423,30.0,2041.0,25.0,777
81.78227269769788,8.615428085884899,11164.697293782096,44.13860088776806,0.7420365961899515,27.616870098080057,1.339322311999659,24.53468180930936,5.465318190690638,11082.822310604199,0.7333381373760588,0.0,18.01607482804777,18.545743673275528,30.0,2041.0,25.0,999
81.89295219011049,8.653716801942997,11232.71577559903,44.21154047645132,0.7422185259894535,27.614479261911185,1.3418476932372558,24.56788565703315,5.432114342966852,11142.889148349162,0.7996875292171033,0.0,18.11135773135017,18.510092122728178,30.0,2041.0,25.0,101
82.01801517724523,8.668197666172508,11310.71200632334,44.28953462202168,0.7426605569454469,27.72144071171621,1.3422369498126334,24.605404553173567,5.3945954468264325,11232.159035166289,0.6945006743442417,0.0,18.12580431106065,18.581750699072497,30.0,2041.0,25.0,42
82.15466798645078,8.731797296741783,11396.965992997004,44.389583223040525,0.7428933786199767,27.870385231870863,1.3467678227937103,24.646400395935235,5.353599604064765,11301.352259220372,0.8389402393179304,0.0,18.29542637804846,18.482960495274387,30.0,2041.0,25.0,101
82.16308712414202,8.723049275941353,11402.381609299058,44.391830130582804,0.7429653748864072,27.854692227503545,1.3459633399214177,24.648926137242604,5.351073862757396,11312.640730889801,0.787036265617262,0.0,18.2652053126826,18.52369631733504,30.0,2041.0,25.0,2024
82.24894745052373,8.720524798082948,11457.503460556323,44.44301538505784,0.7433281526773223,27.879235724903847,1.345205376242784,24.67468423515712,5.32531576484288,11381.904849043582,0.6598174879283074,0.0,18.234628956079614,18.621285378887748,30.0,2041.0,25.0,101
82.27954253632302,8.696855850344864,11477.380146422429,44.45377384625789,0.7436506507457672,28.040483152187605,1.3429963149215354,24.683862760896908,5.316137239103092,11421.983802993367,0.48265669274994893,0.0,18.149633356227305,18.743192332404966,30.0,2041.0,25.0,42
82.45353079254811,8.773341539082278,11590.742536788017,44.585209827246544,0.7439302406820633,28.06359514590959,1.3485349188941398,24.736059237764433,5.263940762235567,11514.240895438641,0.6600236447886427,0.0,18.356091539498493,18.631867907625995,30.0,2041.0,25.0,777
82.56550075251072,8.806155358527311,11664.970268785102,44.66837263638965,0.744313837692616,28.18216016539612,1.3506792895399689,24.769650225753214,5.230349774246786,11590.557943241027,0.6379126892693351,0.0,18.434620249301457,18.628377945349825,30.0,2041.0,25.0,999
82.59403222067544,8.79068636104303,11684.150191811172,44.67628476508513,0.744476651567441,28.146642545223333,1.349312084726318,24.77820966620263,5.221790333797369,11614.658041713572,0.5947557071485032,0.0,18.382408999384364,18.703851426908944,30.0,2041.0,25.0,101
82.6022166282978,8.831109024024022,11689.450688880006,44.70330714949549,0.7444093868178681,28.282152054966428,1.3525288272794844,24.780664988489338,5.219335011510662,11613.65429310615,0.6484170881182606,0.0,18.50338663192417,18.581750699072497,30.0,2041.0,25.0,42
82.64646378480695,8.828005700905543,11719.248113159612,44.72753610657955,0.7446088196689074,28.275804260504813,1.3520791419954115,24.793939135442088,5.206060864557912,11646.453954085275,0.621150421694687,0.0,18.485715297562994,18.631867907625995,30.0,2041.0,25.0,777
82.74854892433552,8.828675822168938,11788.541091112762,44.78675927090315,0.7450490500907625,28.28779659727867,1.351667701289788,24.824564677300657,5.175435322699343,11721.650637788516,0.5674192659401566,0.0,18.468674614179125,18.722405570002998,30.0,2041.0,25.0,999
82.77934575808709,8.87060534399467,11809.40597472652,44.82770915170311,0.7450200535775187,28.45865473208797,1.3549213297882357,24.833803727426126,5.166196272573874,11737.31427127941,0.610460031617119,0.0,18.58982886408842,18.616181560739623,30.0,2041.0,25.0,42
82.81686826007345,8.853882430457599,11835.255194641013,44.8393449416743,0.7452612676033162,28.392300539041614,1.3533593677807934,24.845060478022035,5.1549395219779655,11767.903159014471,0.5690797073563619,0.0,18.532305598777388,18.70365050853717,30.0,2041.0,25.0,2024
82.85707869299686,8.883445902334618,11862.852309817701,44.878054287505485,0.7452974411544361,28.51410551593515,1.3555588688205313,24.85712360789906,5.142876392100941,11792.770334183553,0.5907683397200191,0.0,18.61404078479911,18.645639768392634,30.0,2041.0,25.0,101
83.0498921996211,8.898754095589771,11997.620417912884,44.99225244132813,0.7460633565880259,28.584944423078962,1.3556905755365714,24.91496765988633,5.085032340113671,11932.952017257521,0.5390102237174471,0.0,18.622262105155926,18.77313108314233,30.0,2041.0,25.0,2024
83.06326202321117,8.883442942153088,12007.159379210321,44.990021441670656,0.7461909837885095,28.529891331941442,1.3544155310537025,24.91897860696335,5.08102139303665,11946.43407472978,0.5057424704937645,0.0,18.575375700398524,18.832360303490994,30.0,2041.0,25.0,999
83.2549113564436,8.937851817467132,12144.210417033062,45.12617569663543,0.746786877060336,28.748779207412774,1.3575962147673841,24.976473406933078,5.023526593066922,12077.92478113328,0.5458208777971392,0.0,18.694791406155673,18.844271477155985,30.0,2041.0,25.0,999
83.29583757061963,8.918168731837248,12174.040723419188,45.13809793002981,0.7470503516479947,28.680545015964068,1.3558674236307737,24.988751271185887,5.011248728814113,12114.517621419367,0.4889346384829847,0.0,18.628282995115693,18.9465162217173,30.0,2041.0,25.0,101
83.3188646735683,8.970749457409914,12190.571166803022,45.17907382988662,0.7469277758963335,28.87457140959509,1.3597922996440022,24.99565940207049,5.0043405979295095,12117.649545902404,0.5981805110099767,0.0,18.77683717495617,18.80270120805716,30.0,2041.0,25.0,2024
83.38455474028936,8.921445656949269,12238.979217689479,45.191850794747026,0.7474314825686577,28.701273979621064,1.35566078003389,25.01536642208681,4.98463357791319,12181.123333412623,0.4727182165097132,0.0,18.618539057504954,19.0236752996582,30.0,2041.0,25.0,777
83.4360904017489,8.96328833648624,12276.820098410277,45.24025000623848,0.7474767658654418,28.859201664106465,1.358620991632313,25.03082712052467,4.96917287947533,12209.451999946254,0.54874224696627,0.0,18.729868851033505,18.940993081949927,30.0,2041.0,25.0,2024
83.4419686472782,8.957413358352698,12281.204900724184,45.239558370032825,0.74752569741001,28.837237878371273,1.3581230296646263,25.03259059418346,4.9674094058165394,12214.891710527316,0.5399567121704637,0.0,18.710850903316242,18.965406472568535,30.0,2041.0,25.0,42
83.46521059701928,8.982769037065593,12298.327262270364,45.266720801556886,0.7475220505781981,28.931925540423475,1.3599528985722793,25.039563179105784,4.960436820894216,12226.826759708136,0.5813839641556997,0.0,18.779832328892805,18.908418722094474,30.0,2041.0,25.0,999
83.57631812417898,9.021988755935176,12381.266084859306,45.347880070840155,0.7478810727200413,29.078015825572024,1.3622633094037135,25.072895437253695,4.927104562746305,12302.05744192126,0.639745906397304,0.0,18.865220357714495,18.89830739113658,30.0,2041.0,25.0,42
83.59956935286498,8.951860347300103,12399.163943026217,45.330544729078674,0.7482756390797825,28.89555688491184,1.3565884090131044,25.079870805859493,4.920129194140507,12340.206532061164,0.4754950514079861,0.0,18.649166296858912,19.151942635072015,30.0,2041.0,25.0,777
83.74264335375508,8.984755173002924,12508.035425235941,45.42825566006713,0.7487872839922661,29.00359920301937,1.358187509495149,25.122793006126525,4.877206993873475,12445.753574930382,0.4979347130717281,0.0,18.70705189557509,19.197577719494316,30.0,2041.0,25.0,42
83.80962582627261,9.02207916547996,12559.553024471677,45.47964456483869,0.7489079560291823,29.08244615327257,1.3607149942436632,25.14288774788178,4.85711225211822,12484.840842311947,0.5948633841837936,0.0,18.80144061038176,19.14241695606394,30.0,2041.0,25.0,999
83.93963828157725,9.02920684906531,12661.115310364852,45.56493834297456,0.7494453220579896,29.161207661634446,1.3603081508787185,25.181891484473173,4.818108515526827,12595.53106155777,0.5179974054370496,0.0,18.783846980660016,19.266119922197184,30.0,2041.0,25.0,2024
84.0310766328308,9.08344530630168,12733.275978355543,45.63534929546063,0.7496318495525094,29.314600399413322,1.364044069936936,25.20932298984924,4.790677010150759,12647.44792524932,0.6740453379956286,0.0,18.923086974962136,19.178136634310768,30.0,2041.0,25.0,777
84.11434320745211,9.081998659047397,12799.979019008531,45.68906783874456,0.7499592626156942,29.31024174855452,1.363294279050405,25.234302962235635,4.765697037764365,12722.457111669086,0.6056408938196078,0.0,18.893241869158764,19.2789644738118,30.0,2041.0,25.0,101
84.16643088379307,9.0863309053367,12842.034191124898,45.72372121372967,0.7501521481955441,29.327703794499946,1.3632381782540226,25.24992926513792,4.750070734862081,12768.080090367539,0.5758752831266282,0.0,18.89047742573458,19.32426953330909,30.0,2041.0,25.0,42
84.2823509566197,9.173070702694273,12936.214027588267,45.81777164009026,0.750332507059378,29.651696389261204,1.3694786167961508,25.284705286985908,4.715294713014092,12818.668626775885,0.908653803668521,0.0,19.12407235621619,19.14241695606394,30.0,2041.0,25.0,999
84.32028798406101,9.122933037966456,12967.760597406786,45.83215176147631,0.7506787505968009,29.46531097749782,1.365052032250419,25.296086395218303,4.703913604781697,12885.555851626428,0.6339162815574887,0.0,18.95618748558921,19.37137716443303,30.0,2041.0,25.0,101
84.36426638742321,9.146467145713366,13004.082190660092,45.86725727982901,0.7507640114292061,29.554365624641218,1.366649928966366,25.309279916226963,4.690720083773037,12913.403331375235,0.697310721013323,0.0,19.015392825051485,19.33776504943713,30.0,2041.0,25.0,42
84.41778511078118,9.20229752053293,13048.412171883441,45.91312070567937,0.7507823994102806,29.76112179399966,1.3708596951287653,25.325335533234355,4.674664466765645,12922.619818565443,0.9640433767800046,0.0,19.173488339016252,19.191540259738805,30.0,2041.0,25.0,101
84.42607020065255,9.162886229876673,13055.56247803526,45.90869179716454,0.7509533103567436,29.616478287781028,1.367543976114085,25.327821060195763,4.672178939804237,12958.612464655364,0.7425954534169231,0.0,19.047997924360814,19.347105564488224,30.0,2041.0,25.0,777
84.45152640527168,9.126390809043446,13077.12047274812,45.91962481686166,0.7513553678764531,29.702233664617857,1.364206782230036,25.335457921581504,4.664542078418496,13014.344619886027,0.48004339329069695,0.0,18.922319508688954,19.5268602895743,30.0,2041.0,25.0,2024
84.62870849720399,9.217529961350717,13227.251093823377,46.04141170059455,0.7515575854410864,29.818874303535843,1.3705545932762777,25.388612549161195,4.611387450838805,13103.872052334991,0.9327640385234645,0.0,19.15789597777961,19.372966978984355,30.0,2041.0,25.0,999
84.87906976071544,9.269200898753995,13445.815543945553,46.23183795916835,0.7526098742165628,29.999670561161125,1.3726085150193925,25.463720928214634,4.536279071785366,13329.143795570588,0.8677179007375335,0.0,19.230564443991856,19.515196416752996,30.0,2041.0,25.0,2024
84.88467545335959,9.268613921454714,13450.80193865662,46.239115197469275,0.7526548312006237,29.998024069781387,1.3724732158737551,25.465402636007877,4.534597363992123,13339.300614648324,0.828956700996754,0.0,19.22532600560781,19.530211736955334,30.0,2041.0,25.0,999
84.89814108517731,9.256192187314227,13462.85696592055,46.261430059280826,0.7528909983600218,29.98459474403927,1.3711092037438026,25.469442325553196,4.530557674446804,13387.447499899059,0.5601297422410388,0.0,19.173488339016252,19.629017248775924,30.0,2041.0,25.0,101
84.91237286567774,9.262311566080399,13475.512970770124,46.27138114603402,0.7529104341067954,29.991598114536714,1.371515994392494,25.47371185970332,4.526288140296678,13395.237856142772,0.5957110115323764,0.0,19.188544929502267,19.621315489272813,30.0,2041.0,25.0,999
84.92011579814694,9.264061564659524,13482.4175104862,46.27764829150364,0.7529387206270999,29.998674514507098,1.3715884573708614,25.47603473944408,4.523965260555919,13402.599832496591,0.5920131009704283,0.0,19.191115687336904,19.625955747528774,30.0,2041.0,25.0,777
84.9231057265591,9.263727386266288,13485.091280231763,46.28061392955588,0.7529609701737658,29.999787593772957,1.3715212485284778,25.47693171796773,4.52306828203227,13407.440118235998,0.5758297098781741,0.0,19.18851390207067,19.633394515284635,30.0,2041.0,25.0,42
