clock_hour,q_feed_available_m3_h,c_feed_mg_l,temp_c
0,30.7451,2037.04,21.88
1,30.5691,1989.91,21.18
2,32.4715,2039.0,20.62
3,34.4059,2154.76,21.71
4,32.2468,2231.6,23.34
5,32.5466,2155.94,25.78
6,35.3688,2108.84,24.52
7,34.0489,2285.47,26.84
8,31.8939,2077.15,26.67
9,32.9352,2247.28,27.94
10,30.8049,2097.77,29.98
11,30.0779,2192.7,29.63
12,30.3629,2135.84,27.76
13,26.3536,2151.11,28.29
14,25.9126,2120.71,29.72
15,27.0352,2335.39,27.97
16,25.8827,2093.88,25.85
17,27.5736,2100.63,25.22
18,25.638,2451.39,25.7
19,24.9838,2321.41,24.96
20,29.6004,1924.83,23.02
21,27.54,2149.95,24.65
22,28.6013,2006.82,22.36
23,27.0864,2116.41,20.89
24,29.1834,1859.84,20.18
25,30.9428,2225.71,20.16
26,29.7735,2110.53,21.87
27,32.6849,2259.87,21.68
28,31.6971,2062.49,24.67
29,32.4602,2271.98,25.43
30,32.0974,2216.45,25.63
31,35.6762,2450.37,24.86
32,32.5778,2443.08,26.33
33,30.5348,2371.21,29.08
34,32.7338,2240.7,27.9
35,28.9452,2520.73,29.99
36,30.3133,2098.37,29.47
37,26.284,2118.21,28.92
38,26.5077,2278.15,27.76
39,28.174,2559.91,27.73
40,28.5096,2266.02,27.19
41,27.3593,2268.84,27.07
42,26.8265,2117.97,24.11
43,26.6506,2404.34,23.7
44,25.1841,2404.68,23.04
45,26.7989,2384.12,22.83
46,27.809,2212.7,20.63
47,30.8092,2201.84,19.82
48,30.5154,2129.56,21.67
49,28.1319,2292.55,19.62
50,31.9861,2150.24,22.82
51,31.5437,2135.68,22.02
52,31.5827,2222.88,21.45
53,33.8153,2211.44,23.48
54,34.5465,2201.68,25.38
55,34.2947,2318.0,25.5
56,31.3392,2266.99,27.02
57,31.6575,2218.1,28.57
58,31.9969,2269.52,28.26
59,32.2398,2123.17,27.93
60,29.2812,2249.09,28.7
61,28.9451,2248.57,30.28
62,26.8405,2043.9,30.15
63,26.0844,2337.26,25.81
64,28.6207,2105.27,28.09
65,29.1366,2214.91,26.29
66,26.892,2336.6,25.92
67,28.6075,2300.54,23.41
68,27.9444,2185.95,21.23
69,26.911,2130.51,22.76
70,29.0421,2279.7,20.59
71,31.5306,2238.78,19.75
72,29.9463,2075.27,19.68
73,33.1234,2045.59,21.74
74,27.5704,1883.65,21.68
75,33.3542,2142.05,22.95
76,32.7286,2104.77,23.67
77,32.4493,2242.05,23.54
78,33.1376,2139.72,24.93
79,29.9164,2247.59,25.52
80,32.2686,1994.58,26.79
81,32.657,2205.57,26.86
82,33.7168,1996.21,28.85
83,29.9991,2143.66,29.94
84,28.7873,1865.95,28.18
85,28.4709,2059.87,30.14
86,29.8731,1784.15,28.58
87,28.3718,1980.95,28.07
88,26.6073,2056.58,25.3
89,27.8721,1932.01,24.23
90,27.1456,1859.32,25.14
91,28.5552,2077.83,24.75
92,26.3488,1954.9,22.33
93,27.3872,1899.68,23.84
94,27.9118,1954.69,22.27
95,27.0283,2257.43,20.23
96,30.4442,2070.95,21.03
97,31.168,2063.69,23.61
98,31.5077,1968.27,20.29
99,31.7694,1927.97,22.7
100,30.475,1612.64,22.68
101,32.2668,1811.07,24.67
102,32.4859,1827.46,26.27
103,31.6944,1652.94,25.65
104,32.3561,1732.07,28.12
105,32.7274,1626.52,30.05
106,34.3293,1853.14,28.53
107,31.0383,1949.76,29.65
108,30.3863,1978.36,28.41
109,29.1119,1889.62,28.88
110,25.6218,1718.83,28.29
111,27.8389,1597.47,28.63
112,27.4923,1613.67,28.2
113,30.7971,1667.69,25.93
114,26.7115,1709.09,26.53
115,27.5545,1792.69,25.49
116,27.3499,1686.58,23.85
117,26.1257,1845.71,21.66
118,30.2142,1774.23,20.92
119,30.3514,1800.78,20.32
120,31.1865,1934.1,21.95
121,29.4124,1653.73,19.92
122,33.6042,1844.04,22.21
123,30.0185,1790.9,21.09
124,33.4784,1751.68,23.82
125,36.1835,1897.41,23.98
126,31.5142,1896.48,26.33
127,32.0483,1677.6,27.18
128,32.7476,1769.84,28.44
129,31.3661,1826.32,29.29
130,29.174,1761.03,28.61
131,30.8793,1865.56,27.7
132,28.4065,1831.01,27.95
133,29.9339,2019.43,26.78
134,27.1209,1618.47,27.38
135,30.2036,1790.34,27.9
136,26.227,1699.26,26.44
137,26.6191,1884.35,25.86
138,28.2203,1621.7,25.49
139,25.2559,1861.53,23.66
140,27.7431,1748.89,21.88
141,29.8394,1741.22,22.12
142,26.0888,1660.86,20.64
143,29.5005,1784.04,20.87
144,30.3898,1975.68,22.34
145,31.9492,1848.48,20.87
146,29.6446,1933.06,23.31
147,30.1406,2063.98,23.6
148,33.381,1902.61,22.42
149,33.3433,1810.87,22.85
150,33.3757,1941.2,24.95
151,33.4174,1827.23,27.19
152,31.578,1839.64,26.51
153,32.4697,1725.6,28.74
154,31.9396,2027.15,29.67
155,29.7049,1877.86,28.09
156,32.7987,1954.38,28.32
157,29.9343,1816.71,29.58
158,26.713,2001.98,28.62
159,28.8635,1867.0,27.14
160,25.9399,1950.31,26.65
161,28.2828,2081.63,25.96
162,28.7379,2080.26,23.44
163,25.8712,1991.88,24.73
164,28.847,1791.56,22.52
165,28.4979,2372.15,19.39
166,29.7331,2231.82,21.51
167,32.0687,2118.37,20.39
168,29.6319,1950.62,22.69
169,29.6459,2036.72,20.55
170,30.1657,1994.47,20.44
171,30.8976,2220.65,22.68
172,32.4824,2109.76,22.34
173,33.4095,1993.38,23.19
174,33.415,2040.14,25.51
175,34.1386,2240.25,24.99
176,32.6176,2306.7,25.54
177,34.3016,2306.97,29.55
178,31.103,2223.18,29.04
179,34.8567,2110.66,28.6
180,30.9385,1760.49,29.0
181,27.9378,2193.48,29.37
182,26.8937,2165.78,29.44
183,28.6024,2190.81,27.07
184,27.0667,2188.3,27.37
185,28.1732,2030.3,25.53
186,27.7099,2263.76,24.81
187,26.993,2279.94,24.13
188,26.1317,2292.92,22.99
189,25.6064,2331.37,22.91
190,27.8302,2296.75,22.02
191,30.5081,2181.29,19.63
192,30.3211,2227.96,19.64
193,28.9078,2253.08,20.77
194,31.7598,2260.48,23.36
195,32.6993,2372.47,21.32
196,31.2723,2334.75,22.79
197,33.1284,2511.31,23.43
198,33.0873,2531.02,24.45
199,31.1833,2279.7,26.21
200,33.1348,1813.32,28.4
201,32.9625,2425.39,28.28
202,33.1246,2215.05,27.66
203,32.3572,2186.3,31.62
204,27.9335,2236.92,29.08
205,27.8168,2233.04,28.29
206,29.2726,2361.68,29.88
207,28.6494,2102.3,27.36
208,28.1745,2160.97,28.66
209,32.8813,2332.0,25.16
210,27.8563,2365.75,26.43
211,28.8056,2367.81,24.17
212,28.8329,2195.86,24.29
213,28.8558,2172.04,24.07
214,28.0271,2227.41,20.4
215,30.362,2315.43,22.41
216,28.8408,2462.99,19.59
217,30.4212,2036.79,20.09
218,30.772,2253.41,20.73
219,32.2441,2117.05,22.68
220,36.0701,2075.45,23.03
221,30.0969,2386.18,23.8
222,34.0294,2331.6,25.15
223,30.4787,2315.96,26.63
224,31.8902,2368.03,27.67
225,33.7547,2195.11,28.92
226,31.5964,2195.64,30.28
227,29.1598,2504.44,28.84
228,28.927,2206.87,28.48
229,30.2429,2318.71,29.48
230,27.4045,2225.03,27.32
231,28.2034,1995.99,27.15
232,27.4703,1965.69,28.0
233,26.1248,2134.59,25.91
234,30.2159,2323.6,23.79
235,28.0531,2284.05,22.47
236,24.3642,2291.52,23.05
237,28.1584,2055.56,23.31
238,27.5073,2359.9,22.66
239,30.5022,2042.03,21.25
240,28.8112,2175.01,23.01
241,30.6044,2139.73,21.03
242,32.2575,2111.47,21.4
243,33.42,2284.2,19.6
244,30.7976,2030.08,22.55
245,32.396,1943.75,24.82
246,32.2876,2099.03,26.56
247,31.9178,2039.5,25.21
248,35.2463,2483.55,27.46
249,32.7288,2150.17,28.88
250,29.6087,2010.56,28.48
251,32.1533,1923.61,26.58
252,33.1832,1815.37,29.25
253,30.7722,1908.63,29.63
254,26.2209,2036.11,27.52
255,27.1523,2184.29,27.57
256,29.3023,2138.34,25.84
257,26.0407,2022.01,23.47
258,27.6657,1946.59,26.03
259,28.2642,2008.55,23.96
260,26.0115,1905.07,24.6
261,27.7894,2164.63,23.03
262,23.6381,1926.96,21.18
263,27.687,1930.67,21.05
264,29.6211,1666.63,21.57
265,28.9048,1900.73,22.1
266,33.9486,2016.38,21.86
267,29.9761,1779.87,23.28
268,31.938,1810.08,22.7
269,33.0939,1987.67,22.97
270,35.1619,1707.93,24.94
271,30.744,2004.86,26.24
272,34.3428,1807.1,25.8
273,32.1367,1817.6,26.49
274,30.0277,1722.87,28.91
275,31.4696,1896.87,28.46
276,30.2986,2140.73,28.83
277,28.3232,1933.63,28.5
278,28.6047,1730.73,29.98
279,27.3007,1965.59,29.09
280,27.5722,1786.49,25.76
281,28.0954,1984.91,25.5
282,29.379,1912.56,25.85
283,25.2455,1458.68,24.57
284,30.6015,1687.79,22.96
285,24.9505,1918.36,21.03
286,28.2723,1820.31,20.85
287,30.106,1676.67,20.62
288,30.4215,1721.24,21.28
289,29.8424,1566.61,22.84
290,31.1878,1783.19,20.85
291,31.3818,2057.85,21.15
292,31.714,1888.29,22.89
293,34.1722,2054.02,25.0
294,33.5355,1896.89,23.55
295,31.8584,1914.47,27.49
296,33.9475,2028.59,26.83
297,32.5823,1837.84,27.09
298,32.7193,1771.33,26.86
299,31.7209,1919.28,29.57
300,28.7565,1971.73,28.83
301,28.3833,1741.92,29.03
302,29.6209,1715.52,27.56
303,28.7942,1821.69,27.51
304,27.3706,1908.06,26.51
305,27.2782,1907.63,25.93
306,28.9165,1644.86,24.33
307,26.2149,2049.36,22.43
308,28.2226,1747.55,25.73
309,27.5754,1797.51,20.81
310,28.1735,1726.12,21.72
311,30.8717,2163.65,19.36
312,31.2381,1874.59,19.0
313,31.9967,1749.39,21.23
314,33.4582,1961.41,21.71
315,32.1528,1956.52,23.43
316,33.621,1848.43,23.4
317,32.4324,1978.8,23.81
318,33.4862,1786.09,24.05
319,32.7026,1833.39,27.53
320,32.7436,1658.94,27.93
321,33.0141,1749.12,26.58
322,30.2727,2132.92,28.5
323,33.915,2121.15,29.01
324,28.491,1940.42,28.65
325,27.4023,2140.58,29.64
326,30.2372,1930.46,29.3
327,29.0662,1929.22,27.64
328,28.3381,1974.09,26.72
329,28.0447,1961.3,27.53
330,26.9816,1959.55,25.93
331,25.7563,2131.73,24.04
332,27.5156,2021.76,21.37
333,26.8629,2098.51,22.52
334,29.9627,2146.08,22.23
335,29.003,2078.23,18.38
336,28.7618,1924.57,21.25
337,30.2944,1888.0,20.72
338,32.1194,2077.54,21.32
339,31.2757,2048.44,21.26
340,31.3647,2088.75,22.85
341,33.2633,2085.55,25.36
342,33.3674,2406.66,24.55
343,32.1374,1946.08,27.0
344,31.8915,1875.9,26.19
345,32.4694,2163.45,28.59
346,29.3279,2087.16,28.47
347,28.6653,2178.9,29.22
348,28.9223,2219.54,29.01
349,28.9034,2311.91,29.51
350,28.9664,1985.13,25.9
351,30.0917,2107.2,26.41
352,28.6884,2233.28,27.42
353,26.8623,2281.91,23.99
354,26.9715,2460.09,24.47
355,25.5984,2318.76,23.91
356,27.3742,2204.23,22.17
357,27.4457,2110.92,21.48
358,28.9841,2156.55,21.81
359,27.9827,2159.37,22.15
360,30.779,2315.09,20.04
361,33.0756,2272.99,20.56
362,31.3369,2088.72,20.8
363,32.7239,2200.37,19.75
364,33.6333,2362.81,23.14
365,32.2959,2304.23,24.9
366,33.3361,2334.48,26.02
367,32.9167,2316.09,25.16
368,32.7446,2468.89,25.75
369,30.9618,2305.3,27.85
370,31.5368,2233.57,29.29
371,31.5235,2172.59,29.02
372,32.1767,2314.69,29.29
373,30.6624,1993.76,30.01
374,31.7298,2266.09,27.72
375,26.7277,2264.73,27.61
376,28.7104,2126.56,28.63
377,27.3772,2179.43,25.84
378,30.2847,2388.16,23.73
379,25.8898,2318.51,23.3
380,26.1423,2302.52,22.06
381,26.9796,2326.19,22.53
382,25.3142,2299.32,20.64
383,28.4349,2435.79,21.41
384,28.8613,2299.54,20.26
385,31.002,2107.5,19.01
386,32.0126,2475.51,21.84
387,34.9356,2321.41,22.32
388,34.0237,2203.01,23.52
389,32.0324,2119.73,23.29
390,31.6524,2313.75,24.22
391,33.6357,2247.97,26.44
392,30.6177,2446.4,28.52
393,34.8685,2211.17,27.84
394,33.2692,2147.07,28.89
395,30.0727,2349.64,28.54
396,27.4303,2347.49,27.46
397,31.2544,2250.73,29.83
398,28.3282,2305.43,29.37
399,29.7354,2213.25,28.54
400,25.0103,2239.11,26.82
401,26.2032,2343.87,26.63
402,27.0079,2271.91,25.89
403,27.1727,2169.14,25.58
404,26.7268,2344.11,23.99
405,28.813,1890.23,22.24
406,26.8986,2412.25,20.23
407,29.01,1953.1,21.29
408,30.1804,2074.22,21.26
409,31.5481,2136.06,21.85
410,32.5674,2114.76,22.89
411,30.4344,2244.34,22.08
412,30.2969,1987.75,25.1
413,34.8143,2137.0,22.21
414,33.4985,2027.24,25.42
415,31.775,2122.89,25.24
416,34.9248,2070.49,25.09
417,32.2948,2080.14,27.63
418,33.2689,1993.69,27.01
419,30.8777,1989.14,28.7
420,33.0911,2075.47,29.03
421,31.8566,2144.9,29.98
422,28.1266,1950.52,26.96
423,29.336,1908.76,28.74
424,28.37,2077.35,27.1
425,29.1552,1990.62,27.06
426,25.5526,2085.03,24.57
427,28.1313,1867.6,22.63
428,28.9896,1753.78,21.78
429,25.2406,1894.47,20.88
430,26.7251,1857.7,22.01
431,26.1647,1931.57,22.61
432,29.5959,1856.11,20.44
433,31.8528,2013.1,21.77
434,33.7535,1881.42,20.01
435,32.2325,1926.05,22.35
436,35.041,1919.09,23.67
437,30.8276,1915.94,22.52
438,30.4449,1882.23,24.8
439,32.8145,1939.2,26.75
440,33.1742,1775.48,24.07
441,32.0723,2032.15,29.16
442,28.3988,1829.35,28.82
443,30.6428,1694.12,29.58
444,28.0433,1868.11,28.59
445,30.2281,1737.71,27.14
446,29.0499,1914.28,29.0
447,26.4689,2094.47,27.75
448,26.6311,1730.1,27.03
449,25.5134,1859.86,27.12
450,26.906,1605.1,25.76
451,28.5349,1866.33,25.89
452,25.9233,1702.0,23.15
453,28.6347,1730.05,21.48
454,27.7046,1669.95,21.35
455,28.0342,1887.38,21.55
456,29.8395,1918.14,22.02
457,29.2236,1798.16,19.67
458,30.6695,1690.06,21.54
459,30.3245,1983.31,23.78
460,35.5452,1701.65,22.76
461,32.9507,1531.73,24.9
462,31.9504,1846.01,25.49
463,33.2187,1658.6,26.99
464,32.4296,1910.33,26.19
465,31.7899,1746.84,27.02
466,32.4213,1866.24,28.48
467,31.9127,1963.54,27.33
468,29.2042,1652.2,28.73
469,28.3598,1731.61,29.12
470,28.0874,1793.03,30.25
471,24.4258,1989.54,28.23
472,25.1291,1729.28,27.63
473,29.1525,1740.52,27.2
474,29.4675,1873.13,24.04
475,26.7287,1750.7,23.8
476,28.2668,1842.8,25.43
477,28.3456,1643.13,22.09
478,33.1183,2100.16,22.65
479,30.9029,1678.13,22.1
480,29.8081,1806.93,19.52
481,29.3431,1847.61,21.45
482,29.0903,2087.26,21.68
483,32.4265,1705.24,22.5
484,31.4636,2109.0,22.25
485,30.7644,1968.79,22.85
486,32.0301,1935.18,24.52
487,31.2755,1774.39,25.94
488,35.1288,1968.71,28.18
489,33.4438,1821.17,29.65
490,31.488,2068.0,29.86
491,32.9964,1807.66,29.72
492,30.1161,1918.95,28.0
493,27.9316,1874.39,28.45
494,30.7847,1831.16,28.67
495,28.687,2047.39,27.2
496,25.8461,2031.57,27.58
497,26.8167,2121.38,26.76
498,25.6866,1771.78,25.54
499,25.028,2122.22,24.99
500,28.7912,2304.39,22.1
501,30.7428,1958.81,23.1
502,26.4021,2249.74,20.84
503,30.068,2000.07,20.2
504,29.024,1876.31,21.53
505,30.0458,2013.67,22.35
506,30.6114,2185.47,22.02
507,30.8253,1968.41,22.19
508,32.6709,2006.22,23.31
509,31.6514,2158.7,24.1
510,33.4057,2097.0,23.87
511,32.8224,2175.86,24.79
512,32.2397,2143.23,26.92
513,30.76,2181.12,27.91
514,30.6348,2080.46,28.48
515,31.9095,2168.78,29.54
516,30.7514,2038.19,28.78
517,27.7572,2312.43,29.43
518,28.649,2089.89,28.32
519,29.0058,2309.47,29.65
520,24.8978,2153.8,27.08
521,27.9173,2213.69,28.38
522,26.0061,2137.48,25.35
523,27.9581,2082.15,23.75
524,26.257,2001.67,22.1
525,25.1714,2091.14,20.73
526,26.0587,2185.39,20.54
527,29.2957,2255.92,20.26
528,30.3896,2357.7,21.39
529,29.42,2188.66,20.61
530,32.4579,2141.72,21.72
531,29.629,2079.56,23.45
532,32.499,2315.11,22.91
533,31.0813,2428.01,26.04
534,32.0222,2418.2,23.82
535,32.9689,2355.33,25.88
536,31.3075,2350.34,26.46
537,31.5445,2480.69,28.76
538,33.0094,2319.74,26.22
539,29.9111,2360.02,27.42
540,31.2535,2246.24,28.89
541,27.529,2123.2,30.42
542,29.2947,2206.15,28.69
543,30.041,2288.33,26.48
544,23.6945,2297.6,25.8
545,25.9069,2521.98,27.71
546,27.8656,2300.75,24.38
547,26.7977,2432.29,23.02
548,27.9586,2238.09,24.48
549,26.9727,2252.03,23.18
550,28.6299,2128.73,22.81
551,28.99,2197.56,20.19
552,31.7517,2347.97,19.47
553,31.1581,2283.39,21.27
554,32.0064,2393.05,21.87
555,31.5035,2298.72,22.54
556,31.8667,2231.42,24.48
557,32.2489,2527.94,22.23
558,33.5917,2254.97,25.86
559,32.2663,2401.59,24.94
560,33.0327,2209.36,27.86
561,35.2344,2337.83,27.35
562,32.8067,2358.92,27.65
563,30.2874,2267.17,28.25
564,31.8018,1953.92,27.55
565,28.6114,2232.68,28.9
566,25.4428,2371.92,27.69
567,26.3666,2281.07,28.61
568,24.5957,2264.54,27.64
569,26.575,1997.4,27.72
570,27.0276,2110.42,25.37
571,29.6169,2238.82,24.49
572,27.8923,2231.08,24.4
573,27.55,2319.77,21.54
574,29.7441,2148.62,20.05
575,25.9068,2206.52,21.34
576,30.3534,2151.44,19.58
577,31.9328,2022.54,23.59
578,29.2821,1861.64,22.99
579,33.837,2175.29,24.34
580,33.1058,2135.56,23.06
581,32.2748,2031.52,24.52
582,33.9492,1902.33,24.54
583,36.3038,2163.05,26.92
584,32.8709,2046.35,25.78
585,32.4937,2135.82,25.29
586,30.811,2283.37,27.67
587,29.5017,1793.38,27.41
588,31.2455,1957.05,30.48
589,27.9394,2006.53,30.68
590,28.6073,2196.9,27.06
591,27.1622,1816.64,29.12
592,28.1204,2236.04,27.95
593,27.6027,2010.82,24.47
594,28.5563,1973.85,24.61
595,26.3372,1952.53,23.38
596,26.9971,1914.96,23.75
597,26.4105,2084.2,20.94
598,27.8336,1821.44,21.44
599,29.7895,1982.48,20.45
600,31.1355,1886.43,21.47
601,29.3932,1832.73,20.92
602,32.8044,2226.32,21.0
603,34.1548,1958.28,21.96
604,33.2182,1973.76,25.04
605,35.713,2029.08,23.55
606,31.8393,1714.57,23.96
607,31.0308,2088.2,26.62
608,29.93,1569.88,26.86
609,34.3654,1771.97,26.41
610,32.4815,1802.65,30.7
611,30.6931,1921.31,28.51
612,30.42,1871.79,28.62
613,27.5353,1819.83,29.02
614,32.1686,1833.0,30.19
615,28.0725,1711.96,26.15
616,27.566,1644.83,27.28
617,28.1909,1907.15,28.12
618,27.7215,1899.0,25.13
619,27.438,2002.0,22.73
620,26.2162,1713.48,22.38
621,28.5859,1888.17,22.38
622,31.323,1768.06,22.87
623,31.2417,1942.38,20.8
624,32.3898,1919.9,21.83
625,30.0096,1820.7,19.7
626,30.0156,1753.05,20.09
627,31.9326,1907.88,21.69
628,32.6817,1869.33,24.44
629,34.5391,1709.04,24.03
630,30.4613,1631.66,25.29
631,35.1921,1756.55,26.31
632,32.3611,1973.55,28.11
633,31.481,1930.15,27.22
634,29.9818,1660.31,29.15
635,28.2942,1655.23,28.03
636,31.2348,1950.23,30.98
637,29.3335,1663.24,28.06
638,26.5651,1863.22,27.58
639,25.9361,1731.1,28.38
640,26.8982,2002.33,27.08
641,29.6058,1719.41,26.36
642,26.6106,1952.96,25.23
643,24.8475,1842.15,22.87
644,27.0333,1854.76,24.61
645,27.4696,1592.88,23.07
646,24.4547,1570.09,22.89
647,29.1421,1813.38,20.61
648,29.6536,1875.17,21.42
649,31.8208,1716.48,21.33
650,34.2734,1727.09,22.66
651,33.8112,1931.6,23.33
652,32.1947,1938.5,23.19
653,31.238,1861.4,22.45
654,36.86,1978.75,26.78
655,32.9866,1751.64,26.59
656,32.619,1857.46,26.39
657,32.0851,2105.74,28.23
658,31.7971,1924.2,26.95
659,30.5599,1939.34,29.92
660,29.1395,2209.24,27.53
661,28.4033,1773.11,28.64
662,28.4509,2045.24,28.71
663,27.0635,2158.11,28.87
664,26.3327,1928.33,27.11
665,27.2619,2079.45,26.67
666,26.6175,1867.53,24.97
667,29.3582,1912.11,23.93
668,23.4255,2049.94,23.09
669,29.5159,2108.84,21.98
670,30.3691,2156.83,19.85
671,26.1135,2220.01,20.37
672,29.486,2032.91,21.24
673,30.2193,2193.58,20.89
674,29.3887,2018.61,21.38
675,30.9546,2177.24,21.85
676,30.9322,2103.16,22.14
677,35.5262,2140.96,23.47
678,34.4035,2147.45,24.69
679,34.8051,1913.14,26.04
680,33.6806,1979.79,27.39
681,30.4277,2135.87,27.65
682,30.7132,1929.86,27.43
683,31.5105,2240.72,27.47
684,28.1668,2254.06,31.6
685,30.293,2197.08,27.73
686,28.1395,2031.46,27.95
687,27.3164,2339.62,28.35
688,28.4684,2426.3,27.36
689,27.7686,2207.1,26.56
690,26.4586,2258.14,24.56
691,28.8412,2228.28,24.2
692,25.7803,2274.69,23.06
693,28.8026,2203.43,21.86
694,29.3897,2220.12,21.78
695,28.7592,2339.18,22.19
696,30.4892,2517.93,20.98
697,28.8998,2074.14,21.12
698,32.886,2235.1,22.6
699,31.844,2111.03,23.13
700,31.814,2448.55,24.58
701,34.4713,2191.5,22.21
702,31.9435,2093.06,25.91
703,30.7851,2346.72,26.64
704,30.2631,2483.04,26.11
705,33.0303,2356.6,28.08
706,29.5794,2304.47,29.52
707,33.4086,2331.58,28.03
708,26.8771,2454.51,29.44
709,31.7682,2181.74,29.74
710,28.8165,2274.79,27.39
711,27.7336,2235.11,27.69
712,26.5845,2150.16,27.3
713,27.7009,2251.42,25.24
714,26.9435,2423.93,24.12
715,28.7572,2358.82,23.83
716,27.5733,2367.62,23.8
717,28.1041,2307.01,22.82
718,27.9546,2351.01,20.67
719,29.1381,2190.57,21.79
720,30.4617,2247.59,20.16
721,28.2112,2305.52,19.53
722,29.4777,2313.2,21.17
723,33.2362,2315.39,23.29
724,32.8544,2257.12,23.66
725,32.6218,2224.85,23.96
726,33.0277,2645.17,24.58
727,33.4192,2370.84,25.65
728,31.7884,2307.08,27.11
729,30.9539,2224.7,26.76
730,31.7938,2193.41,28.12
731,29.3089,2226.45,28.65
732,30.6124,2271.6,27.65
733,26.6697,2004.84,28.03
734,30.0437,2035.94,28.87
735,28.5876,2141.35,27.84
736,27.786,2235.9,26.69
737,28.5763,2175.36,25.12
738,29.4982,2374.25,26.58
739,28.6238,2011.57,23.13
740,24.6406,2091.67,23.25
741,25.9593,2356.42,21.68
742,27.5628,2181.73,21.57
743,29.2627,2264.0,21.59
744,30.7765,2395.62,19.63
745,29.6878,2057.72,21.13
746,31.7802,2120.42,22.73
747,30.9882,2090.88,23.93
748,31.6808,1880.14,22.87
749,30.7878,2068.46,24.01
750,31.6152,2202.36,27.21
751,30.8703,2152.35,27.17
752,31.1343,2152.55,26.38
753,33.7018,2023.93,27.21
754,30.0759,1980.95,29.42
755,34.725,2202.66,27.85
756,30.74,1981.32,30.09
757,29.5008,2066.94,29.2
758,27.2125,2041.92,28.98
759,28.9291,2188.41,27.57
760,26.5385,2120.31,26.37
761,27.2852,1839.09,27.5
762,30.8401,1842.86,24.75
763,26.9581,2045.76,23.55
764,29.1258,1959.59,22.92
765,26.8239,1903.81,22.36
766,28.4475,2071.54,20.51
767,31.8797,1963.52,20.57
768,29.0595,1938.82,20.38
769,33.4951,2017.76,21.98
770,32.5616,1870.99,20.65
771,31.2776,2096.21,20.42
772,33.5467,1805.6,21.03
773,34.3566,1971.38,22.49
774,33.9327,2057.19,26.36
775,30.5424,1712.65,26.05
776,31.5074,1829.76,27.5
777,31.75,2001.29,28.36
778,31.3883,1996.61,28.52
779,31.7075,1830.93,28.79
780,30.2666,1757.38,30.04
781,27.2205,1954.56,29.01
782,29.0703,1976.47,29.86
783,28.7946,1689.56,28.45
784,28.2416,1680.02,26.38
785,28.7234,1847.0,25.54
786,28.2509,1891.28,24.27
787,27.791,1775.97,25.18
788,27.2967,1889.8,22.59
789,25.3872,1719.81,21.37
790,29.1444,1548.34,21.86
791,29.5351,1748.65,21.04
792,30.4074,1804.86,21.29
793,28.8613,1762.26,23.03
794,29.8784,1654.76,22.45
795,33.701,1574.69,22.2
796,32.5387,1730.01,21.59
797,33.92,1898.89,23.46
798,33.0425,1941.74,25.71
799,32.9424,1933.7,24.86
800,34.0055,1693.79,29.14
801,31.3473,1654.13,27.84
802,31.6442,1853.39,28.51
803,30.083,1871.57,28.2
804,29.3483,1845.29,29.5
805,28.7598,1557.83,27.71
806,28.8332,1698.08,30.63
807,27.1606,1801.47,29.15
808,29.2856,1866.75,27.98
809,25.7603,1903.94,24.64
810,26.7197,1833.07,25.21
811,26.4426,1859.67,25.17
812,29.5724,1834.68,23.59
813,28.1735,1911.59,21.17
814,30.0478,1871.98,20.89
815,26.9952,1847.74,20.68
816,30.4006,1813.34,20.4
817,32.1109,1861.26,22.67
818,31.6234,1915.89,19.61
819,33.7195,1896.32,22.83
820,31.8221,1916.66,21.71
821,35.0118,2039.05,23.0
822,36.4483,1916.95,22.99
823,32.3535,1814.67,25.49
824,31.9298,2006.2,28.51
825,34.3014,1744.05,28.09
826,33.8694,1786.23,27.27
827,29.9922,1964.48,29.88
828,29.3697,1994.5,30.23
829,28.8009,1791.62,28.97
830,26.4833,1903.73,30.5
831,26.5007,1885.7,28.65
832,25.8957,1908.91,27.68
833,25.9505,2089.53,25.23
834,26.948,2070.15,25.63
835,27.4535,1992.23,24.18
836,29.7277,1938.22,23.52
837,26.3811,1851.05,21.49
838,29.9765,2192.74,21.66
839,28.9026,2102.71,20.32
840,29.9258,1956.2,18.85
841,31.7887,2136.7,22.13
842,29.8159,2051.26,20.03
843,32.6949,2034.54,22.28
844,32.8478,2130.49,23.33
845,33.6365,1998.5,24.29
846,33.4338,2055.38,24.72
847,36.5807,2120.28,26.31
848,31.6415,2054.75,27.47
849,31.3248,2203.86,28.56
850,30.5653,2356.62,30.2
851,29.9432,2050.46,29.1
852,29.0439,1949.66,29.06
853,31.0071,1917.61,27.96
854,30.6308,2147.94,28.9
855,27.0226,2094.43,28.5
856,26.1534,2206.77,26.81
857,27.8093,2205.37,26.58
858,26.1717,2004.49,24.71
859,28.0516,1986.29,24.64
860,27.7063,2246.56,23.91
861,25.6051,2234.03,23.07
862,30.8213,2173.16,21.65
863,31.9174,2031.64,20.1
864,29.0808,2293.02,20.39
865,30.1949,2394.78,21.73
866,31.9288,2280.92,23.98
867,32.623,2150.98,21.83
868,33.5859,2262.85,23.46
869,35.9131,2098.1,23.41
870,32.7346,2393.2,24.03
871,31.7003,2279.96,25.36
872,30.5291,2061.54,24.92
873,31.0249,2240.89,29.18
874,31.4503,2335.49,26.23
875,33.4683,2242.52,28.6
876,29.2236,2251.62,27.82
877,29.5592,2139.71,27.98
878,28.4754,2356.19,29.84
879,29.6613,2211.61,28.03
880,31.1923,2031.53,26.03
881,26.3059,2246.27,25.45
882,26.2658,2408.74,24.23
883,28.6685,2244.39,23.92
884,28.4248,2498.86,23.17
885,30.6487,2340.9,24.07
886,29.3759,2328.86,19.62
887,28.6846,2271.23,21.1
888,30.886,2276.54,20.68
889,32.4395,2250.87,22.08
890,32.7307,2243.62,21.89
891,32.8822,2340.67,22.76
892,34.1981,2161.42,23.35
893,34.6517,2141.03,23.03
894,35.0732,2131.46,26.21
895,33.8708,2507.51,26.83
896,32.3474,2321.15,27.92
897,32.3414,2289.22,29.09
898,33.3098,2120.66,28.88
899,29.5511,2316.95,30.34
900,30.553,2222.47,29.38
901,28.6335,2256.19,28.64
902,28.5431,2107.07,28.46
903,29.7964,2237.01,27.8
904,27.6886,2160.18,26.48
905,27.1719,2112.2,27.67
906,24.9602,2284.97,25.3
907,28.2216,2004.93,24.06
908,28.3702,2249.6,23.39
909,31.1236,2256.15,25.15
910,28.0383,2060.44,20.4
911,29.5523,2059.38,20.29
912,30.3741,2122.71,19.62
913,33.1426,2174.82,20.9
914,31.3571,2113.99,21.78
915,32.5399,2175.6,21.71
916,33.5099,2326.25,22.46
917,33.1777,2044.78,24.11
918,32.3303,1890.81,24.5
919,33.1889,2186.59,26.35
920,34.2085,2280.26,28.11
921,30.5815,2116.12,28.51
922,31.6995,1929.15,29.35
923,29.7263,2035.48,29.95
924,31.7926,1906.78,29.28
925,26.9388,2108.79,28.71
926,27.6616,1860.16,27.69
927,28.4445,1976.99,27.44
928,29.7502,1883.22,26.48
929,27.0036,2009.74,26.77
930,26.1672,1941.41,25.35
931,29.924,1997.51,24.66
932,25.2299,1969.99,21.84
933,24.5805,1840.03,23.6
934,29.16,2024.89,21.11
935,28.4705,1935.18,20.04
936,28.4682,1813.91,20.56
937,31.839,2193.09,23.62
938,31.8657,1973.17,21.15
939,31.2752,1889.6,21.85
940,30.6776,2069.99,22.81
941,34.2065,2113.56,23.82
942,33.9753,1867.69,24.22
943,32.749,1919.62,26.18
944,35.368,1752.4,28.08
945,30.5162,1846.56,28.14
946,29.2117,1833.85,27.35
947,29.7386,1873.69,28.52
948,29.9316,1885.47,28.45
949,29.5886,1907.03,28.92
950,28.1381,1862.96,29.79
951,28.4068,1684.03,27.68
952,25.5246,1711.88,26.91
953,29.2679,1754.4,27.81
954,26.8768,1781.89,25.88
955,28.7782,1937.95,24.54
956,27.916,1668.73,24.96
957,28.5638,1762.14,22.66
958,29.3547,1916.47,19.55
959,29.8951,1763.53,21.97
960,30.9641,1852.52,19.41
961,32.7702,1778.61,21.59
962,31.7948,1824.61,19.82
963,33.1848,1765.16,21.7
964,32.4635,1871.75,22.64
965,35.058,1605.77,23.19
966,31.9854,1747.4,24.65
967,35.5992,1826.76,27.07
968,32.5378,1855.74,26.29
969,29.9752,1971.73,28.37
970,31.6922,1746.87,27.5
971,29.7549,1972.9,28.67
972,31.261,1718.19,29.32
973,28.2446,1958.96,27.87
974,27.8307,1900.2,27.15
975,25.0444,1695.41,28.32
976,26.7235,1845.13,28.12
977,23.4664,1805.71,25.96
978,24.6241,1890.83,24.54
979,28.2428,1793.18,24.12
980,28.5806,1787.62,23.06
981,28.5169,1993.61,22.41
982,27.0495,1822.59,19.01
983,29.152,1939.02,20.07
984,29.9946,1818.5,20.15
985,29.0389,2051.51,21.29
986,33.7551,1776.34,21.72
987,33.4374,1790.53,22.81
988,32.2666,2053.9,23.26
989,32.9381,1824.53,22.66
990,33.3126,2077.26,26.45
991,29.8352,1999.57,27.31
992,32.2273,1881.61,25.74
993,31.0983,1690.4,28.16
994,29.9976,1913.68,27.87
995,30.3548,1936.38,29.0
996,32.6965,2072.6,30.05
997,30.1848,2131.64,30.99
998,27.6432,1867.47,29.22
999,28.7376,2054.57,28.12
1000,29.501,2059.16,26.66
1001,28.4892,2105.1,26.22
1002,27.0894,2045.21,26.36
1003,26.1318,1761.42,23.92
1004,28.4493,1985.09,22.11
1005,28.4689,1874.32,20.55
1006,29.8428,1998.0,22.05
1007,30.1763,2149.25,21.38
1008,31.5743,2077.62,20.35
1009,29.9736,2188.12,22.16
1010,33.4761,2100.69,21.11
1011,32.4177,1913.19,22.04
1012,35.711,1775.76,22.98
1013,31.864,2105.33,23.61
1014,35.6039,2070.96,25.24
1015,33.1946,1988.47,27.19
1016,31.6209,1910.61,25.86
1017,31.3955,2035.4,28.32
1018,31.0195,2109.0,28.64
1019,31.4127,2220.88,29.02
1020,30.7843,2172.11,29.87
1021,28.363,2350.79,28.91
1022,28.4635,2041.73,28.94
1023,31.0921,2279.74,28.54
1024,29.9932,2187.51,26.5
1025,27.7567,2272.82,26.33
1026,27.057,2144.49,24.75
1027,27.2823,2332.67,23.83
1028,28.3222,2246.47,22.68
1029,26.3445,2136.24,22.64
1030,28.1139,2222.82,21.62
1031,26.7207,2201.75,21.53
1032,30.5988,2295.16,20.98
1033,31.7473,2100.58,19.53
1034,30.7752,2244.04,21.57
1035,34.4823,2300.12,22.24
1036,30.7594,2261.47,23.24
1037,30.7012,2423.66,23.37
1038,33.3367,2359.12,23.8
1039,34.4684,2269.24,26.66
1040,35.124,2299.72,26.73
1041,31.433,2312.45,28.0
1042,33.118,2328.29,28.18
1043,30.7187,2063.4,28.86
1044,29.7411,2248.55,28.55
1045,30.549,2108.51,27.9
1046,29.4785,2441.6,28.94
1047,25.5141,2282.13,27.23
1048,29.6167,2267.1,27.16
1049,29.1724,2398.44,26.45
1050,26.0617,2341.68,24.41
1051,27.6959,2155.39,22.76
1052,28.143,2281.79,25.43
1053,28.2697,2249.21,21.64
1054,27.6745,2078.86,22.16
1055,28.2161,2203.81,23.08
1056,29.9617,2262.71,21.79
1057,32.5356,2268.69,20.84
1058,32.3154,2102.03,21.47
1059,31.5654,2415.17,21.34
1060,33.7556,2261.47,23.88
1061,28.625,2274.65,24.53
1062,34.7231,2314.32,24.49
1063,30.2882,2167.46,24.99
1064,32.0544,2312.27,25.68
1065,30.4418,2208.63,28.81
1066,29.558,2139.97,28.58
1067,32.5177,2310.96,29.08
1068,29.2984,2415.46,28.18
1069,29.7433,2317.47,27.4
1070,28.4296,2335.02,29.43
1071,28.5942,2155.3,27.87
1072,27.5172,2019.33,27.91
1073,25.1777,2382.89,25.65
1074,28.4944,2443.41,24.76
1075,26.3616,2374.59,24.68
1076,25.0671,2141.54,23.73
1077,27.2365,2035.45,22.97
1078,30.7511,2038.12,21.24
1079,30.4989,1955.77,21.75
1080,29.477,2136.59,22.11
1081,30.2526,2333.65,21.03
1082,31.0175,2115.34,21.02
1083,35.2364,2159.85,23.51
1084,33.171,2279.76,22.35
1085,33.5428,2057.21,24.59
1086,34.5454,2340.89,24.94
1087,33.256,2326.53,24.19
1088,32.2095,2062.53,28.13
1089,31.8268,1999.69,25.07
1090,31.3926,2143.35,26.48
1091,30.7206,2008.64,29.39
1092,31.0914,1902.21,29.53
1093,29.3015,2185.4,28.23
1094,29.599,2168.29,28.61
1095,27.7576,2031.67,25.3
1096,27.5199,1852.2,27.71
1097,24.1049,1846.98,26.29
1098,28.3745,1998.24,24.95
1099,27.622,1916.31,23.99
1100,28.8989,1926.38,23.49
1101,23.5343,2081.07,22.14
1102,31.6326,2037.65,19.66
1103,29.0142,2106.4,23.33
1104,31.6623,1813.65,22.2
1105,29.2166,1883.0,19.85
1106,32.4192,2007.08,21.19
1107,30.5412,1961.76,21.94
1108,31.6624,2084.06,24.08
1109,35.7688,1943.01,21.81
1110,32.714,2106.9,24.5
1111,33.2239,1942.73,24.27
1112,33.9032,1998.42,26.71
1113,32.8648,1825.4,27.36
1114,31.7256,1859.45,28.54
1115,31.3239,1960.82,28.26
1116,33.6051,2039.1,28.25
1117,29.1371,1927.36,29.48
1118,28.8016,1824.46,28.92
1119,29.4547,1994.6,28.38
1120,29.0602,1561.46,26.82
1121,28.8828,1649.3,25.46
1122,27.9581,1897.55,24.88
1123,25.3877,1813.55,24.47
1124,29.8521,1880.94,20.82
1125,26.1592,1812.76,22.57
1126,28.954,1870.62,21.85
1127,28.0921,1701.79,21.2
1128,29.9038,1865.73,20.85
1129,31.2696,1914.69,18.57
1130,31.982,1940.26,21.1
1131,32.7542,2034.2,23.96
1132,35.0186,1820.99,23.01
1133,33.5781,1824.04,23.66
1134,32.6338,1608.22,25.02
1135,34.3439,1727.41,26.39
1136,34.3823,1768.53,27.66
1137,30.2799,1918.61,27.6
1138,32.3961,1720.47,28.89
1139,31.8282,1890.92,30.54
1140,29.5537,1797.07,30.01
1141,31.2871,1778.26,31.2
1142,28.2749,1831.97,27.81
1143,28.067,1758.09,29.5
1144,27.1423,1756.8,26.21
1145,27.1256,1607.29,26.39
1146,25.3556,1786.0,25.73
1147,24.9421,1762.37,23.45
1148,29.7937,1762.58,23.09
1149,26.6082,1879.34,23.08
1150,27.0129,1913.48,20.83
1151,25.9935,1867.71,22.81
1152,29.0416,1964.99,19.62
1153,28.7918,1920.57,23.08
1154,33.963,1822.33,22.54
1155,33.636,1808.68,22.08
1156,31.5659,1908.5,22.6
1157,36.2764,1946.78,23.46
1158,34.4726,2052.87,24.86
1159,32.4105,2035.49,25.99
1160,28.849,1835.19,28.26
1161,35.5577,1895.75,29.8
1162,29.4156,1996.52,28.66
1163,28.3084,2052.34,28.02
1164,31.5339,2045.21,28.45
1165,32.8832,1933.36,28.68
1166,30.5764,1799.18,27.43
1167,28.7245,1838.56,26.65
1168,28.2941,2000.03,29.1
1169,28.3823,2017.36,26.34
1170,28.1384,1853.53,24.17
1171,27.524,1999.87,24.78
1172,27.5582,2079.49,21.82
1173,27.7848,1874.86,21.08
1174,27.3691,2154.92,20.73
1175,28.8025,1986.35,22.79
1176,27.4606,2191.91,20.75
1177,30.6289,1986.33,18.69
1178,30.0171,1936.49,22.75
1179,30.4659,2014.01,21.87
1180,32.8679,2066.84,21.15
1181,34.9858,2040.86,23.65
1182,34.3775,2070.71,25.52
1183,30.542,2145.78,26.44
1184,31.1136,2094.15,28.8
1185,33.5325,2115.64,26.98
1186,30.0263,1927.23,28.51
1187,30.4395,2187.98,28.16
1188,30.8251,2138.77,27.46
1189,27.771,2351.05,29.75
1190,28.6581,2053.25,28.93
1191,25.8776,1957.01,28.11
1192,26.4999,2256.0,27.43
1193,27.5819,2231.04,25.35
1194,24.6105,2075.86,23.99
1195,27.7629,2020.5,24.0
1196,27.3725,2395.53,24.16
1197,28.7074,2387.47,23.78
1198,28.8359,1925.77,22.33
1199,31.2698,2175.51,21.17
1200,30.1878,2436.16,21.27
1201,30.1323,2185.02,21.15
1202,31.6834,2188.69,20.51
1203,32.9363,2218.75,22.2
1204,32.6714,2123.0,21.67
1205,32.9587,2057.46,23.84
1206,31.947,2392.55,26.64
1207,31.9034,2048.99,26.86
1208,30.4942,2303.39,26.08
1209,34.7457,2383.36,27.76
1210,29.6342,2105.75,27.63
1211,29.7371,2171.57,28.8
1212,28.9224,2430.31,30.04
1213,30.5659,2350.59,29.52
1214,28.0576,2214.13,30.95
1215,29.7503,2433.7,29.02
1216,26.3917,2435.09,27.2
1217,27.5207,2323.11,26.71
1218,25.747,2182.98,24.8
1219,30.3199,2241.21,22.84
1220,25.6205,2324.67,24.31
1221,28.3434,2266.8,23.18
1222,29.4507,2400.88,21.29
1223,29.8442,2103.07,21.41
1224,29.7221,2105.42,22.24
1225,30.5817,2304.19,21.98
1226,31.5657,2220.91,20.07
1227,31.9008,2201.72,22.42
1228,34.0439,2061.55,22.83
1229,36.2136,2272.49,25.08
1230,32.1638,2259.91,26.03
1231,30.8431,2340.45,27.35
1232,32.4657,2265.78,25.88
1233,35.9909,2236.77,27.04
1234,30.2945,2388.8,29.58
1235,33.2351,2084.65,28.27
1236,32.5166,2300.82,27.48
1237,28.3932,2029.96,29.4
1238,29.3535,2123.66,27.92
1239,30.3213,2072.26,29.62
1240,26.8332,2304.88,27.3
1241,26.7969,2196.22,26.2
1242,26.1275,2195.25,24.63
1243,25.5801,2056.65,25.56
1244,26.428,2145.87,23.36
1245,26.0428,2082.39,21.76
1246,28.5511,2212.01,20.74
1247,28.0686,2038.89,21.06
1248,30.3507,2309.05,20.02
1249,28.4426,1939.9,22.17
1250,31.9963,2035.55,19.73
1251,33.3716,2324.83,22.03
1252,29.6075,2062.47,23.61
1253,33.4589,1947.92,24.31
1254,34.8415,2122.92,24.28
1255,31.0833,2030.43,26.7
1256,35.1069,1977.96,26.11
1257,32.7498,1937.49,27.81
1258,30.4425,2391.89,29.12
1259,30.6928,2020.16,29.33
1260,30.8375,1809.93,28.32
1261,29.3376,2210.9,30.06
1262,29.3081,2095.65,28.55
1263,26.4977,1921.03,28.57
1264,27.656,1891.77,28.53
1265,24.9817,2075.34,27.15
1266,26.8332,1955.74,26.12
1267,25.7464,1745.18,24.16
1268,26.2986,2181.78,23.79
1269,29.7328,1906.35,22.39
1270,30.137,2129.13,20.33
1271,30.1373,2094.44,21.44
1272,28.3615,1812.41,21.26
1273,30.3018,2048.17,21.72
1274,33.3196,1837.83,21.41
1275,32.3339,1683.99,21.41
1276,36.0771,1849.22,23.66
1277,33.4878,1940.26,22.65
1278,33.2881,1829.6,26.46
1279,32.4341,1841.08,25.8
1280,32.7984,2008.18,27.25
1281,31.8926,1877.0,28.39
1282,32.5622,1756.54,29.05
1283,32.2115,1935.75,27.45
1284,28.821,1869.26,29.82
1285,27.2267,1537.26,29.17
1286,25.7457,1885.84,27.83
1287,28.6407,1876.34,27.08
1288,25.7469,1826.91,26.67
1289,23.8729,1926.98,24.74
1290,27.5829,1735.07,26.72
1291,30.8417,1852.24,25.45
1292,27.3928,1620.25,23.45
1293,29.1364,1853.88,21.95
1294,28.6227,2036.47,21.34
1295,29.0752,1680.14,21.89
1296,31.3786,1706.09,22.76
1297,30.341,1710.16,20.57
1298,31.9011,1809.39,20.42
1299,32.6039,1665.01,23.72
1300,31.5959,1842.25,21.21
1301,34.3858,1892.8,22.96
1302,32.7376,1855.12,24.75
1303,31.7642,1578.96,24.47
1304,33.4028,1911.12,28.11
1305,30.7736,1905.06,28.69
1306,31.5423,1893.41,27.89
1307,30.7628,1840.1,30.14
1308,31.6288,1823.69,30.45
1309,29.9356,1923.41,28.75
1310,28.4625,2032.93,28.01
1311,29.1053,1690.66,30.09
1312,29.4872,1937.66,27.72
1313,27.9389,1801.51,26.29
1314,27.0155,1800.2,26.36
1315,25.1345,1635.59,24.27
1316,25.8043,1790.32,22.49
1317,27.4208,1709.65,22.25
1318,27.5857,1778.78,22.57
1319,28.9431,1708.07,19.14
1320,30.085,1791.67,20.71
1321,31.571,1802.77,22.52
1322,31.3943,1869.35,21.02
1323,32.8511,1670.45,23.72
1324,32.6948,1697.49,24.41
1325,29.9346,1921.36,23.9
1326,31.591,1789.43,24.43
1327,32.6816,2021.49,25.75
1328,30.7835,1927.2,29.66
1329,33.0212,1980.8,29.7
1330,33.7961,2085.28,28.59
1331,32.6046,1887.02,28.26
1332,29.6798,1863.59,29.12
1333,31.4596,2045.63,29.11
1334,28.723,2010.81,27.22
1335,27.3731,1935.95,27.91
1336,26.4818,2134.29,28.32
1337,26.6485,1950.83,24.24
1338,26.4177,1989.3,25.83
1339,27.3578,1997.07,25.34
1340,27.6428,1891.59,22.44
1341,27.8832,2022.32,23.87
1342,29.1554,2189.93,20.85
1343,31.0095,2085.05,21.58
1344,31.4243,2044.73,20.69
1345,28.5491,2030.94,20.83
1346,27.6691,2099.39,20.92
1347,33.5228,2158.96,22.87
1348,30.5478,2151.37,23.85
1349,32.5606,2047.65,23.9
1350,31.2448,2135.6,23.64
1351,30.1948,2163.3,26.44
1352,33.4103,1993.83,27.42
1353,33.2601,2143.76,27.61
1354,30.6352,1872.98,30.33
1355,26.8899,2198.88,27.3
1356,29.1806,2228.71,26.78
1357,29.8112,2247.52,28.13
1358,26.2816,2118.59,29.17
1359,28.1537,2211.09,26.77
1360,27.379,2352.7,26.02
1361,27.9712,2359.11,26.99
1362,27.1794,2193.37,25.46
1363,25.6426,2220.79,24.34
1364,29.1968,2344.35,23.78
1365,27.6409,2037.68,21.75
1366,28.459,2185.49,21.16
1367,27.8236,2390.76,21.95
1368,29.3351,2353.48,19.66
1369,29.4493,2286.46,18.99
1370,31.2406,2066.86,21.1
1371,34.6889,2246.69,23.1
1372,30.5402,2186.72,23.26
1373,30.4774,2301.75,24.82
1374,35.2068,2169.12,22.98
1375,32.5838,2147.05,26.35
1376,31.5945,2025.93,27.65
1377,33.6812,2423.59,26.48
1378,30.5916,2231.92,29.33
1379,33.5155,2301.34,28.75
1380,31.0169,2284.46,32.07
1381,28.4917,2158.55,26.69
1382,31.736,2137.12,29.83
1383,26.9701,2168.79,27.43
1384,28.5151,2203.52,25.38
1385,27.5512,2334.82,25.51
1386,28.9526,2195.51,25.28
1387,29.4445,2500.4,25.0
1388,27.4499,2413.56,24.72
1389,26.7486,2386.43,23.59
1390,29.19,2273.85,20.57
1391,28.207,2468.36,22.27
1392,33.0201,2258.57,21.39
1393,30.9813,2278.73,20.48
1394,30.952,2300.29,21.32
1395,32.3983,2361.19,21.46
1396,30.5774,2350.15,23.04
1397,31.4404,2213.13,23.24
1398,34.8006,2202.28,23.97
1399,31.9124,2338.82,26.51
1400,31.0277,2343.33,27.63
1401,32.9263,2205.48,27.64
1402,33.2786,2057.1,29.83
1403,31.8549,2217.27,28.6
1404,31.4941,2311.28,28.7
1405,28.0884,2447.14,29.52
1406,26.3673,2080.51,28.33
1407,30.1307,2166.59,27.91
1408,26.9179,2164.31,24.48
1409,26.726,2366.77,26.05
1410,28.9923,2192.68,23.17
1411,27.9366,2080.58,22.74
1412,28.0858,2248.87,21.66
1413,31.1262,2125.45,21.13
1414,27.5347,2019.07,20.99
1415,30.6153,2050.68,20.65
1416,30.0855,2357.56,21.66
1417,31.1793,2187.08,21.36
1418,33.7927,2145.27,19.63
1419,32.8831,2093.58,22.25
1420,33.4055,2149.75,23.32
1421,34.5065,2139.33,23.64
1422,32.4526,2131.69,24.94
1423,31.639,2101.26,26.23
1424,31.0309,2182.52,27.76
1425,29.1718,2071.76,26.25
1426,34.5843,1942.33,28.22
1427,29.1216,1976.86,30.37
1428,29.6681,1803.52,30.42
1429,28.8083,2274.87,29.71
1430,28.9611,2125.85,29.0
1431,29.1023,1913.4,29.48
1432,28.6926,1969.92,28.92
1433,26.2276,1918.1,25.91
1434,26.7493,2170.48,24.03
1435,27.5261,1805.91,23.69
1436,27.0289,1981.05,26.1
1437,30.2897,1945.41,20.6
1438,29.2365,2048.89,21.07
1439,30.3259,1928.55,19.72
1440,30.9943,1721.54,21.12
1441,32.5367,1894.05,19.93
1442,31.7715,1799.34,21.43
1443,30.1761,1917.54,20.22
1444,33.1976,2072.27,23.62
1445,31.9207,1683.81,25.19
1446,32.2071,1789.1,24.62
1447,33.7773,1811.6,25.9
1448,34.4555,1825.16,26.84
1449,32.1532,1953.04,28.01
1450,31.9632,1836.91,28.43
1451,33.3298,1901.4,29.63
1452,30.3611,1770.45,30.23
1453,33.1261,1867.44,28.05
1454,29.3483,1927.78,28.15
1455,25.2375,1741.44,28.73
1456,28.5319,1918.26,25.58
1457,27.674,1826.26,24.06
1458,28.9346,1941.21,25.23
1459,28.112,1787.69,24.46
1460,27.1942,1854.03,22.28
1461,26.0422,1800.16,21.59
1462,28.1865,1790.56,20.78
1463,27.9478,1830.59,20.27
1464,29.1292,1861.68,21.69
1465,31.6593,1645.41,19.96
1466,34.0049,1965.83,21.27
1467,32.7133,1569.41,21.27
1468,30.8043,1709.52,21.54
1469,33.5647,1779.86,24.83
1470,34.7949,1840.48,24.48
1471,31.9831,1980.32,26.22
1472,32.3971,1568.7,25.49
1473,32.1434,1731.65,27.09
1474,30.3227,1538.57,29.22
1475,31.7489,1799.15,31.45
1476,29.8186,1829.87,27.02
1477,29.8528,1990.41,28.66
1478,27.1688,1816.58,28.88
1479,27.2225,1930.31,27.21
1480,28.4855,1878.34,27.85
1481,26.543,1759.63,25.17
1482,29.5904,1646.68,25.15
1483,26.5028,1852.97,23.44
1484,27.739,1645.44,24.22
1485,29.2776,1984.74,21.5
1486,26.3725,1814.99,21.18
1487,26.5823,1983.27,22.08
1488,27.7115,1787.92,19.97
1489,32.6703,1883.77,21.21
1490,30.6722,1882.86,19.71
1491,35.9586,1858.82,21.08
1492,31.7517,1819.04,23.38
1493,33.1746,1925.02,22.97
1494,35.3132,1773.99,24.46
1495,35.9069,1747.41,26.53
1496,35.6903,2049.31,26.42
1497,33.9339,1995.25,28.65
1498,33.0361,1923.91,28.68
1499,31.6652,2124.0,29.3
1500,31.1675,2950.4,30.24
1501,28.3968,3149.75,29.18
1502,27.2727,3020.73,30.0
1503,27.8736,2885.46,28.74
1504,27.1466,3239.08,26.48
1505,26.4224,3145.18,27.33
1506,28.0446,3020.85,25.26
1507,28.5352,3131.78,23.57
1508,27.5345,3005.3,23.28
1509,30.095,3162.51,23.28
1510,26.7875,2785.39,21.99
1511,28.9331,2959.28,22.96
1512,28.9248,3208.51,22.09
1513,27.9767,3070.39,21.66
1514,31.376,3134.59,20.51
1515,31.9387,2957.38,21.99
1516,34.8683,3350.0,23.07
1517,33.844,3280.34,24.66
1518,31.4637,3122.55,25.64
1519,35.6789,3107.14,26.2
1520,34.4296,3288.24,27.12
1521,32.9945,3411.47,28.55
1522,31.1603,3296.79,27.61
1523,29.3373,3451.59,30.56
1524,29.4417,3088.79,26.95
1525,30.8567,3109.49,30.32
1526,31.3269,3073.33,28.42
1527,30.1935,3277.02,28.83
1528,26.6686,3252.9,27.36
1529,25.4228,3221.22,26.38
1530,27.2113,3343.98,25.55
1531,24.4496,3401.95,24.77
1532,27.8867,3077.96,22.67
1533,27.6573,3196.14,23.21
1534,27.8009,3372.68,20.45
1535,26.8315,3224.36,21.13
1536,30.7704,3190.67,21.84
1537,29.9774,3414.37,22.13
1538,29.7451,3142.82,22.0
1539,27.8129,3266.49,21.78
1540,32.5568,2296.94,23.9
1541,35.5562,2193.17,23.3
1542,35.4919,2360.22,26.75
1543,32.2121,2201.88,25.95
1544,31.6948,2442.75,25.46
1545,32.8245,2261.88,26.63
1546,30.0024,2360.45,28.51
1547,31.2291,2372.0,29.0
1548,31.1491,2209.43,30.97
1549,31.0639,2040.22,27.83
1550,28.3498,2331.5,28.5
1551,27.5732,2298.1,26.77
1552,26.0849,2357.0,26.51
1553,25.8619,2263.64,27.72
1554,26.6603,2239.35,23.86
1555,27.6533,2531.84,24.55
1556,28.7723,2113.62,23.39
1557,26.6739,2377.5,22.15
1558,30.739,2219.26,22.06
1559,28.8169,2246.35,19.98
1560,29.9679,2246.68,22.66
1561,29.6556,2186.07,23.06
1562,27.8636,2348.44,21.58
1563,33.4474,2443.85,24.59
1564,33.7033,2330.12,22.6
1565,32.4758,2282.55,24.37
1566,33.1005,2147.87,26.43
1567,33.6717,2324.05,25.58
1568,30.2543,2516.27,25.62
1569,31.3277,2207.0,26.22
1570,32.6914,2202.44,30.52
1571,28.895,2174.82,28.33
1572,30.4403,2177.73,28.81
1573,27.1887,1901.06,27.75
1574,29.1996,2272.87,29.41
1575,27.8252,2116.31,27.05
1576,24.9792,2017.81,26.51
1577,28.8493,2294.45,26.33
1578,25.8981,2067.03,23.94
1579,25.8868,2148.81,23.79
1580,27.7028,2357.8,24.4
1581,29.6016,2004.9,22.6
1582,26.9763,1982.09,21.67
1583,29.3161,2190.13,21.35
1584,30.6432,2287.41,20.61
1585,31.8161,1952.05,23.13
1586,31.7647,2181.26,20.72
1587,31.5708,2193.29,22.38
1588,31.3567,1867.59,23.12
1589,33.027,2201.52,24.97
1590,31.3918,2201.82,26.1
1591,28.5158,2050.06,26.0
1592,33.2529,2228.54,27.29
1593,33.4772,2205.37,28.16
1594,27.9556,2072.06,26.19
1595,29.2619,1996.17,27.27
1596,30.9287,1924.26,28.39
1597,32.3098,2027.14,28.3
1598,28.5312,2090.69,27.26
1599,26.7867,1974.11,28.58
1600,27.1276,1740.04,27.0
1601,29.1645,2146.77,25.82
1602,26.0311,2008.2,23.74
1603,25.9034,1930.74,23.92
1604,26.6778,2070.17,20.37
1605,26.4487,2141.39,22.01
1606,28.684,1613.44,21.6
1607,31.6606,1993.14,21.38
1608,30.4846,1761.33,19.44
1609,30.3979,1984.08,21.36
1610,31.0623,1931.35,20.49
1611,29.7765,1984.28,21.36
1612,33.9227,1840.26,23.72
1613,32.781,1667.76,25.98
1614,32.7293,1831.08,25.05
1615,37.6874,1926.75,25.22
1616,33.0462,1992.8,27.19
1617,30.9936,1723.6,28.77
1618,30.8605,1980.98,29.09
1619,32.4991,1773.76,31.61
1620,30.1699,1889.04,28.28
1621,27.0661,1778.66,29.12
1622,29.8788,1856.3,30.01
1623,26.8765,1936.34,29.31
1624,30.2119,1677.25,25.05
1625,28.7223,1738.38,26.03
1626,26.329,1837.95,26.48
1627,29.0237,2100.05,26.86
1628,27.5037,1704.7,23.7
1629,29.1578,2049.85,21.8
1630,29.2271,2042.64,20.53
1631,27.954,1787.84,23.36
1632,29.0347,1761.49,21.73
1633,32.3214,1712.31,20.29
1634,30.9978,1785.61,21.33
1635,31.5158,1623.77,22.48
1636,31.1654,1782.55,23.54
1637,33.5332,1970.8,23.07
1638,36.0938,1717.67,24.39
1639,31.2965,1762.29,24.38
1640,32.6344,1587.56,28.04
1641,34.2397,1837.46,27.49
1642,31.3805,1825.53,28.93
1643,31.455,1803.0,30.29
1644,28.4064,1771.25,29.22
1645,29.866,1764.39,28.75
1646,28.2193,1862.33,28.66
1647,29.3573,1801.57,27.89
1648,29.183,1846.08,28.25
1649,30.9866,1837.66,26.35
1650,27.8694,1950.57,24.46
1651,27.5909,1901.21,25.01
1652,27.6935,1847.64,24.23
1653,27.3489,2011.53,20.83
1654,29.0077,1884.87,23.07
1655,28.7804,1996.45,21.5
1656,30.2527,1918.38,21.28
1657,32.7529,1630.48,22.14
1658,29.9902,2014.32,20.97
1659,33.8311,1880.44,23.13
1660,34.5737,1864.72,22.62
1661,32.7207,1911.69,22.49
1662,29.8172,1843.73,24.0
1663,31.986,1919.79,26.6
1664,34.5436,1829.14,26.05
1665,32.087,2060.9,29.44
1666,30.001,1902.37,29.65
1667,30.0193,1878.27,30.2
1668,31.2609,1821.54,29.12
1669,30.0436,1973.28,29.12
1670,28.1416,1972.12,27.27
1671,27.3284,2005.04,28.82
1672,26.8143,1844.04,27.38
1673,25.7186,1784.15,26.6
1674,29.4231,2060.44,26.69
1675,26.6187,2172.68,23.36
1676,29.2277,1880.58,22.87
1677,30.1607,2203.74,22.5
1678,29.9975,2056.39,20.6
1679,28.5761,2030.8,20.95
1680,30.6056,1993.29,21.49
1681,30.7402,1884.21,20.81
1682,30.1444,2178.21,22.84
1683,32.6079,1975.92,20.66
1684,30.8295,1984.68,24.12
1685,34.6793,2206.51,24.63
1686,32.3031,1870.67,24.43
1687,33.1995,1922.87,25.11
1688,33.023,2112.51,24.92
1689,31.733,2158.76,27.03
1690,32.38,2190.5,29.51
1691,30.0641,2104.76,28.81
1692,31.3069,2453.12,30.16
1693,27.2046,2130.47,28.24
1694,28.6896,2138.31,29.17
1695,30.7871,2078.37,27.11
1696,25.9014,2196.7,26.03
1697,26.0856,2263.25,25.93
1698,27.7709,2341.3,24.34
1699,27.3716,2025.36,22.42
1700,27.9279,2181.52,22.82
1701,28.6125,2271.38,22.28
1702,29.4521,2294.71,22.8
1703,30.8881,2231.28,22.07
1704,30.6147,2301.55,22.22
1705,30.4146,2145.07,21.86
1706,32.5089,2434.51,21.87
1707,34.9711,2371.8,20.94
1708,32.3991,2096.12,23.15
1709,31.436,2133.02,24.56
1710,34.6606,2140.61,26.46
1711,32.7172,2351.5,26.72
1712,29.3391,2119.55,28.24
1713,33.3925,2237.25,26.8
1714,30.697,2334.46,28.14
1715,30.6407,2274.54,29.29
1716,30.498,2315.8,30.16
1717,29.5093,2158.75,28.72
1718,29.5642,2359.59,28.38
1719,27.2255,2215.84,28.52
1720,28.1716,2251.35,25.87
1721,26.7129,2319.35,27.64
1722,28.1082,2303.37,24.12
1723,28.0253,2293.7,22.05
1724,25.9988,2200.23,23.01
1725,29.5077,2253.48,23.87
1726,27.6961,2288.47,22.12
1727,30.4356,2121.63,21.89
1728,30.5509,2229.23,21.04
1729,33.5337,2329.0,20.98
1730,31.1648,2126.6,19.99
1731,31.5973,2415.76,19.91
1732,32.5689,2426.07,23.2
1733,32.443,2120.72,25.28
1734,34.1999,2429.16,25.34
1735,30.4733,2244.8,26.66
1736,31.0176,2307.73,28.58
1737,30.5196,2193.08,28.16
1738,32.9255,2358.33,28.34
1739,33.3424,2290.88,28.05
1740,29.8433,2138.76,31.02
1741,28.9703,2090.67,29.39
1742,28.6051,2049.03,27.52
1743,29.6215,2240.33,26.66
1744,26.0109,2279.74,28.25
1745,27.4598,2282.19,25.0
1746,28.4628,2182.71,26.85
1747,27.8539,2050.62,21.21
1748,27.6863,2099.98,24.42
1749,29.3802,2312.29,22.66
1750,24.4452,2107.84,21.65
1751,30.2404,2175.03,20.96
1752,29.0189,2020.39,22.89
1753,28.0305,2181.36,21.84
1754,32.2668,2077.41,20.63
1755,34.1818,2249.18,20.45
1756,32.3919,2207.52,23.18
1757,34.3271,2046.22,23.96
1758,35.4184,2081.43,23.48
1759,34.8701,2021.34,25.98
1760,35.058,1907.93,26.43
1761,33.2345,1966.1,27.84
1762,31.6132,2083.47,29.19
1763,28.3735,2089.38,30.36
1764,29.6309,2058.83,29.91
1765,27.9587,1995.44,28.14
1766,31.7564,2134.29,28.83
1767,27.6149,2020.63,27.89
1768,27.5867,2088.13,25.67
1769,27.9295,1781.67,26.43
1770,27.0654,1514.68,26.86
1771,29.6448,2010.35,24.0
1772,26.4679,1796.34,21.41
1773,28.1706,1932.94,22.2
1774,27.3863,1913.41,20.32
1775,27.2435,2131.52,22.0
1776,29.0823,1980.53,21.52
1777,30.7209,1944.09,20.97
1778,30.856,2016.44,21.2
1779,31.0827,1952.21,21.96
1780,30.4886,1845.25,23.01
1781,32.7731,2021.12,23.19
1782,30.7429,1751.96,23.61
1783,34.0379,1916.72,27.17
1784,32.7217,1685.25,26.61
1785,29.935,1888.7,28.0
1786,31.0362,1880.9,28.75
1787,29.6482,2052.68,29.19
1788,30.4788,1657.75,27.83
1789,31.2342,1767.74,27.19
1790,25.6872,1933.16,27.88
1791,28.0512,1869.56,28.22
1792,27.1617,1846.13,26.27
1793,28.1092,1705.23,25.68
1794,27.3198,1744.86,27.13
1795,25.9743,1961.26,22.12
1796,26.9233,1802.1,22.24
1797,26.6846,1850.07,24.07
1798,30.114,1788.28,21.49
1799,29.2555,1657.55,20.43
1800,32.8518,1909.33,22.17
1801,30.6855,1855.75,21.19
1802,30.4374,2070.47,21.19
1803,29.8507,1670.7,22.36
1804,29.8934,1890.41,22.34
1805,30.5216,1633.79,22.95
1806,33.4007,1809.88,24.89
1807,33.6609,1908.36,25.02
1808,30.2263,1543.04,27.01
1809,33.4639,1767.98,28.18
1810,30.7754,1726.21,29.32
1811,30.9966,1711.12,29.99
1812,32.4183,1843.49,28.59
1813,30.5688,1934.0,29.36
1814,28.0972,1786.11,28.96
1815,26.5419,1829.69,28.16
1816,24.1742,1822.0,26.52
1817,26.0235,1812.08,25.01
1818,26.6833,1685.04,25.5
1819,25.6215,1952.98,22.26
1820,27.205,1859.92,22.73
1821,27.994,1876.7,19.62
1822,28.1627,1737.66,20.2
1823,28.2485,1784.74,20.26
1824,30.253,1824.41,22.1
1825,31.4394,1667.41,21.82
1826,29.8644,1655.17,20.98
1827,34.2377,1792.13,22.9
1828,32.4502,1933.66,23.89
1829,32.9261,1799.55,23.8
1830,34.0623,1762.87,23.62
1831,33.2476,1794.78,25.83
1832,34.0278,1845.53,26.9
1833,32.552,1865.53,26.6
1834,30.5813,2175.86,28.83
1835,31.3187,2050.74,29.14
1836,28.2844,2055.5,29.45
1837,29.3864,2081.26,29.14
1838,28.4502,1829.81,29.19
1839,27.5665,1811.75,27.65
1840,27.2091,1834.49,27.2
1841,24.2794,2136.44,25.64
1842,26.1769,1919.71,24.42
1843,27.2415,1844.36,25.3
1844,27.6417,1952.02,20.96
1845,26.3372,1984.38,23.05
1846,30.3986,2054.53,20.92
1847,27.9243,2061.77,20.39
1848,31.4542,1941.62,21.26
1849,31.4172,2132.63,19.65
1850,30.5307,1982.98,20.72
1851,34.7843,2050.24,21.32
1852,30.8076,2160.67,22.78
1853,34.2765,2010.46,23.16
1854,34.5009,2028.31,26.6
1855,31.8918,2176.7,27.83
1856,34.6868,2011.76,24.98
1857,31.7463,2077.39,28.37
1858,31.933,2199.02,29.32
1859,31.1669,2387.46,29.41
1860,29.7985,2222.12,28.34
1861,30.4398,2214.53,28.62
1862,29.6902,2229.7,27.72
1863,25.2559,2045.23,27.41
1864,29.3584,2195.7,25.79
1865,24.6085,2185.88,25.92
1866,28.5488,2235.46,23.5
1867,28.7923,2218.05,23.76
1868,25.7655,2256.61,21.75
1869,27.2625,2180.4,22.38
1870,26.8414,2231.3,20.86
1871,28.9012,2083.15,21.43
1872,29.5379,2198.07,22.08
1873,31.9459,2409.05,22.73
1874,33.4655,2285.82,19.01
1875,34.2148,2250.17,21.34
1876,31.7548,2485.04,22.7
1877,32.5839,2098.73,24.43
1878,30.4748,2133.11,23.35
1879,31.689,2475.67,25.05
1880,34.0454,2279.23,27.13
1881,34.5447,2247.86,27.91
1882,29.6485,2135.99,28.84
1883,29.8878,2336.21,29.31
1884,29.9604,2350.07,29.34
1885,29.6438,2155.3,29.06
1886,27.2856,2271.37,28.52
1887,28.5148,2249.17,28.49
1888,26.6912,2321.02,24.76
1889,27.0805,2156.52,27.58
1890,27.8194,2441.23,22.8
1891,27.1119,2400.72,22.89
1892,26.7473,2246.72,22.77
1893,27.7143,2263.46,22.84
1894,28.3675,2271.84,18.54
1895,28.6685,2193.24,21.11
1896,29.6118,2231.52,21.79
1897,33.1744,2250.05,22.13
1898,32.3414,2473.44,20.84
1899,31.6781,2390.57,21.87
1900,33.6435,2385.88,22.38
1901,32.397,2314.53,23.57
1902,34.7597,2132.16,23.97
1903,33.4522,2257.05,25.15
1904,32.4371,2373.96,27.43
1905,32.7929,2101.69,27.96
1906,29.1437,2323.95,28.96
1907,29.0863,2520.86,29.08
1908,28.2091,2363.88,29.7
1909,29.438,2400.18,29.74
1910,31.0988,2250.46,26.72
1911,31.2256,2333.93,26.97
1912,28.359,2124.9,26.77
1913,27.8535,2299.58,26.01
1914,24.2984,2275.4,24.33
1915,26.2882,2224.24,24.88
1916,26.2202,2339.75,24.98
1917,26.9474,2109.35,22.36
1918,28.2478,2143.55,21.62
1919,28.5154,2169.27,21.99
1920,27.0311,2025.92,19.13
1921,31.8983,2168.2,21.16
1922,29.8909,1926.06,22.51
1923,32.4802,2249.2,21.53
1924,35.7092,2120.29,21.77
1925,31.5187,2043.2,23.78
1926,29.2046,1996.51,24.94
1927,32.4688,2059.33,25.13
1928,34.2495,2160.85,29.1
1929,35.0588,2134.72,27.35
1930,29.6557,1975.02,27.31
1931,31.5215,1948.82,28.77
1932,29.302,2119.83,29.91
1933,29.0646,1944.97,28.88
1934,32.4665,2029.51,28.95
1935,25.6242,2027.86,26.96
1936,27.7825,2041.19,28.49
1937,27.8038,2097.51,26.6
1938,28.6287,1833.81,26.05
1939,27.2492,1746.96,24.33
1940,27.864,1899.22,23.82
1941,27.2912,2174.61,21.3
1942,28.9037,2192.33,21.04
1943,28.7088,2160.77,22.48
1944,30.9324,1909.37,22.56
1945,30.222,1710.33,19.99
1946,32.0657,1634.84,21.79
1947,32.0774,1834.31,21.74
1948,34.2872,1876.4,22.3
1949,32.8207,2048.62,24.25
1950,30.3405,1989.26,26.14
1951,34.7907,1905.22,26.49
1952,31.2395,1764.18,26.68
1953,31.1407,1748.93,28.34
1954,30.6065,1888.23,28.1
1955,32.8381,1935.15,29.28
1956,26.7965,1892.57,30.4
1957,33.9302,1715.7,26.79
1958,30.0841,1912.52,29.26
1959,28.2135,1880.43,26.29
1960,27.3196,1696.01,28.23
1961,27.5306,1725.85,25.4
1962,27.7817,1898.38,23.78
1963,28.07,1783.72,24.66
1964,28.2353,1998.98,23.36
1965,28.0131,1865.16,21.17
1966,28.204,1743.71,20.28
1967,28.9966,1798.29,20.95
1968,29.7076,1804.87,19.8
1969,32.4771,1707.95,20.07
1970,32.3903,1684.28,21.65
1971,27.7107,1876.74,21.21
1972,33.5819,1893.13,23.43
1973,33.1899,1863.63,25.45
1974,32.9719,1972.84,24.85
1975,32.315,1726.16,26.17
1976,34.2842,1992.61,29.02
1977,33.5426,1684.46,26.64
1978,30.3407,1672.27,29.66
1979,31.387,1584.16,29.93
1980,28.5425,1743.77,29.85
1981,27.1541,1739.07,30.16
1982,27.5599,1865.22,28.74
1983,29.1723,1834.3,27.25
1984,28.8316,1665.12,28.09
1985,27.8719,1764.73,27.17
1986,28.0876,1771.18,26.11
1987,27.8765,1606.85,24.01
1988,26.4397,1706.78,22.28
1989,28.5266,1736.82,22.36
1990,29.7006,2006.48,22.48
1991,30.355,1862.82,22.16
1992,31.7834,1925.0,20.57
1993,31.8389,1671.67,21.45
1994,32.0272,2001.04,20.23
1995,33.7265,2020.36,23.16
1996,32.5583,1631.16,22.22
1997,31.575,1793.29,24.75
1998,32.7554,1944.62,23.85
1999,31.7804,1969.87,27.07
2000,31.5853,1818.75,27.32
2001,31.9045,1871.33,27.05
2002,30.3114,1844.31,29.16
2003,30.3145,1937.43,28.27
2004,27.1596,2076.19,29.75
2005,29.5435,1848.5,28.59
2006,28.5018,2069.76,26.74
2007,26.653,1864.63,26.85
2008,28.3908,1865.6,26.57
2009,28.5086,2074.53,27.4
2010,24.5887,2096.0,25.9
2011,25.9581,2096.69,25.59
2012,26.2482,1845.84,24.65
2013,26.4688,1957.09,21.64
2014,29.7442,2121.08,21.35
2015,28.9328,2036.64,20.73
2016,29.6032,1912.16,20.33
2017,27.7707,2105.35,19.29
2018,32.4531,1973.91,21.52
2019,30.2624,2284.33,20.89
2020,32.688,2263.64,22.97
2021,33.3138,2159.97,26.08
2022,35.041,2259.95,24.49
2023,30.9345,2113.48,26.23
2024,28.0688,2206.54,27.91
2025,32.3971,2300.9,28.11
2026,34.2008,2161.8,28.76
2027,32.6349,2110.35,28.5
2028,30.3145,1944.92,28.77
2029,28.4861,2147.84,27.9
2030,29.7107,2264.81,29.31
2031,26.4184,2287.48,26.09
2032,28.1165,2242.35,27.97
2033,27.8604,2124.5,24.63
2034,28.5903,1959.65,25.96
2035,31.2417,2144.65,23.61
2036,27.9905,2174.52,21.77
2037,27.1152,2180.23,22.75
2038,28.4616,2298.49,22.46
2039,26.5699,2468.77,20.7
2040,28.9579,2251.28,21.72
2041,30.1625,2216.14,18.85
2042,30.7139,2216.45,20.22
2043,32.3499,2267.61,23.46
2044,31.3644,2158.11,22.78
2045,34.5793,2276.45,22.1
2046,33.0003,2320.34,24.3
2047,32.8838,2295.3,25.11
2048,32.1062,2328.62,26.83
2049,32.3541,2329.02,27.46
2050,32.7376,2067.27,28.64
2051,29.4758,2358.91,28.79
2052,29.0128,2204.21,30.36
2053,28.768,2155.14,29.29
2054,26.4812,2155.67,28.92
2055,26.6498,2341.45,28.99
2056,26.6876,2263.59,26.61
2057,28.4138,2088.99,24.77
2058,27.3938,2348.36,26.21
2059,27.3926,2118.07,24.1
2060,28.6783,2307.08,23.14
2061,27.6726,2318.05,21.54
2062,29.0857,2394.48,20.92
2063,29.0687,2500.44,21.98
2064,30.398,2120.97,21.98
2065,29.9023,2276.18,21.92
2066,27.8418,2246.73,22.33
2067,31.9199,2329.02,22.74
2068,34.7322,2299.6,23.13
2069,34.2871,2227.84,23.79
2070,34.4481,2213.33,26.21
2071,34.752,2128.05,25.66
2072,32.7311,2376.05,27.37
2073,32.4173,2307.79,27.02
2074,30.5735,2357.69,27.8
2075,30.3023,2204.9,28.63
2076,30.9237,2157.64,28.2
2077,31.0294,2101.1,29.66
2078,28.2908,2267.33,27.12
2079,27.2034,2093.0,27.93
2080,27.4027,2432.88,27.13
2081,28.004,2047.15,24.22
2082,24.8342,2229.71,24.56
2083,23.658,2377.48,24.22
2084,26.5761,2253.72,23.43
2085,26.0476,2195.09,21.97
2086,27.7378,2049.78,22.21
2087,29.0019,1992.0,21.03
2088,29.3201,2241.88,21.01
2089,32.9552,2321.71,21.39
2090,31.9901,2079.67,22.46
2091,32.572,1986.88,21.5
2092,33.5314,1819.71,22.51
2093,31.1895,1988.01,23.3
2094,34.5587,2082.99,24.67
2095,32.7841,2279.37,27.46
2096,33.6038,2159.04,27.57
2097,30.5135,2105.6,26.7
2098,29.1694,2011.67,27.86
2099,32.0033,1980.37,29.24
2100,30.5646,2209.68,28.09
2101,27.8705,2055.74,28.14
2102,27.1955,1770.01,29.81
2103,29.5668,1932.18,27.22
2104,25.6178,1900.75,27.95
2105,29.5662,1928.97,27.29
2106,25.6491,2052.92,24.27
2107,28.0598,1963.4,23.07
2108,26.909,1958.09,22.72
2109,28.7835,2116.05,21.08
2110,27.6838,1866.09,21.66
2111,28.9794,2164.73,20.93
2112,30.0614,1851.97,21.36
2113,29.2732,1934.89,22.53
2114,32.6112,1882.26,22.35
2115,31.3515,1922.8,22.66
2116,32.2552,1953.52,21.03
2117,31.4063,1944.61,24.41
2118,29.1565,1794.75,26.72
2119,32.6112,1743.18,23.02
2120,36.217,2171.34,27.69
2121,33.2982,1806.15,27.67
2122,31.4711,1941.64,27.61
2123,30.3821,1658.59,29.66
2124,30.0337,1811.99,30.71
2125,30.0442,1824.59,29.64
2126,26.7288,1891.18,28.09
2127,29.5502,1502.62,26.88
2128,28.475,1844.43,27.14
2129,28.1795,1682.0,26.91
2130,27.6577,1854.68,24.61
2131,27.1316,1687.5,23.67
2132,28.4112,1705.62,25.82
2133,28.7664,1772.19,23.25
2134,27.9689,1675.83,22.69
2135,28.3631,1742.45,19.68
2136,30.1528,1654.06,20.29
2137,33.1,1575.38,21.21
2138,29.6413,1915.95,20.53
2139,29.92,1637.05,23.77
2140,32.8452,1770.26,24.41
2141,32.9741,1881.52,23.43
2142,33.26,1717.21,26.78
2143,33.2637,1692.15,26.03
2144,32.2633,1818.85,29.59
2145,34.3561,1926.72,27.97
2146,29.0986,1653.47,29.04
2147,29.5337,1777.34,30.26
2148,29.8451,1589.37,30.28
2149,26.7588,1752.33,29.37
2150,28.2362,1806.21,28.32
2151,30.3709,1702.47,28.34
2152,27.4333,1753.44,26.18
2153,27.4483,1642.87,26.19
2154,25.1098,1825.01,23.89
2155,26.1777,1946.65,22.18
2156,26.8391,1692.84,23.05
2157,27.4021,1754.6,23.43
2158,30.4225,1894.75,22.46
2159,30.0601,1985.3,21.05
2160,28.3328,1666.36,22.75
2161,31.1462,1831.25,20.57
2162,32.2473,1891.71,19.62
2163,33.8315,1851.98,19.99
2164,34.9689,1573.74,21.82
2165,31.3751,1938.06,24.78
2166,31.7837,2067.45,24.37
2167,31.0114,1906.54,26.5
2168,32.247,1776.44,28.65
2169,32.8209,1846.42,26.73
2170,32.981,2128.39,28.94
2171,30.6625,2033.38,29.4
2172,29.5202,2009.33,28.14
2173,29.4512,1983.8,30.22
2174,27.2473,1870.33,28.18
2175,31.013,1934.36,27.44
2176,24.9904,1957.96,29.11
2177,27.3793,2042.24,26.56
2178,30.0354,2166.44,25.93
2179,27.1124,2128.72,25.32
2180,27.1169,1833.41,22.35
2181,27.3425,2039.89,23.42
2182,28.2294,2110.73,21.03
2183,31.2828,2105.92,20.59
2184,26.6822,1965.49,20.73
2185,33.0766,2400.04,20.51
2186,29.3641,1906.43,22.36
2187,31.7213,1939.01,22.44
2188,31.9542,2106.29,22.51
2189,33.7806,2341.49,24.64
2190,30.6028,1996.29,24.72
2191,33.591,2073.81,25.71
2192,35.6345,2243.96,27.05
2193,30.0766,2121.43,28.29
2194,31.7846,2092.18,28.85
2195,29.7835,2208.85,28.5
2196,30.6388,2182.17,29.85
2197,29.2523,2281.47,28.64
2198,27.5378,2320.98,27.81
2199,28.6105,2210.85,26.36
2200,30.1084,2216.84,27.98
2201,26.8159,2215.15,26.05
2202,28.0796,2255.57,25.21
2203,25.1623,2210.69,25.01
2204,25.9673,2210.97,22.52
2205,28.5873,2361.37,20.8
2206,30.7262,2406.2,21.61
2207,29.757,2049.59,21.44
2208,29.5304,2237.66,20.74
2209,30.7754,2159.51,22.61
2210,29.6244,2210.24,19.05
2211,33.0281,2300.98,23.29
2212,33.9216,2337.84,23.79
2213,32.2196,2248.57,24.42
2214,32.2949,2036.64,21.66
2215,33.2966,2154.34,27.32
2216,31.943,2381.3,25.97
2217,32.0221,1948.12,27.32
2218,34.6496,2422.38,28.29
2219,30.4059,2345.03,29.27
2220,29.4625,2442.67,29.64
2221,28.2522,2262.81,29.76
2222,29.6163,2040.84,29.28
2223,27.6068,2341.07,28.08
2224,26.4279,2443.26,27.42
2225,29.0842,2401.79,24.94
2226,29.1294,2211.48,24.25
2227,26.2016,2301.24,24.86
2228,24.6021,2226.36,23.84
2229,29.39,2191.12,22.9
2230,27.4731,2402.85,21.02
2231,30.4095,2142.94,22.05
2232,27.0448,2177.47,19.84
2233,32.1154,2150.0,22.21
2234,29.6832,2101.06,21.28
2235,33.2175,2294.54,23.86
2236,32.6195,2413.1,21.48
2237,31.4669,2247.96,25.73
2238,32.3894,2085.55,24.64
2239,33.9273,2362.82,25.66
2240,32.7569,2459.79,27.19
2241,32.9979,2175.13,27.13
2242,34.4647,2190.13,28.39
2243,28.4301,2304.03,28.13
2244,32.4258,2431.08,28.3
2245,29.3801,2168.11,29.35
2246,27.1518,2064.37,27.56
2247,25.8832,2293.55,27.06
2248,27.1182,2306.93,25.63
2249,28.4847,2204.81,25.53
2250,26.8087,2129.9,26.31
2251,29.369,2308.78,23.12
2252,25.2252,2245.19,22.27
2253,27.8605,2081.8,22.37
2254,26.6214,2171.89,21.17
2255,29.769,1995.61,23.36
2256,31.3303,2231.78,20.84
2257,30.1453,2109.5,21.47
2258,27.5937,2080.05,22.48
2259,32.4197,2119.62,23.1
2260,33.2532,2119.53,23.23
2261,33.5042,2213.1,23.8
2262,34.8537,2167.56,27.02
2263,31.2912,2068.71,25.94
2264,33.6184,2169.9,26.56
2265,33.9101,2117.08,27.18
2266,28.8321,2008.49,26.74
2267,31.2559,2035.38,29.69
2268,29.2437,2023.21,26.65
2269,29.1013,2092.28,28.86
2270,29.0215,1978.27,28.26
2271,27.1478,1966.16,30.07
2272,26.3884,2239.99,25.17
2273,27.1535,2107.29,25.13
2274,25.3691,1894.1,24.86
2275,25.4735,2044.81,23.77
2276,28.421,1981.51,22.45
2277,26.1555,2005.42,22.09
2278,29.4995,1966.15,20.28
2279,29.9174,2083.78,21.49
2280,27.4113,1974.0,18.68
2281,29.7601,1916.73,21.11
2282,33.2912,2041.06,20.94
2283,30.6496,1935.99,23.19
2284,31.9015,1914.75,24.76
2285,33.5909,1930.23,23.63
2286,34.1751,1873.89,26.39
2287,32.5205,1879.04,25.72
2288,31.7018,1800.55,26.03
2289,34.2549,1774.08,29.57
2290,34.1083,1737.91,28.98
2291,32.2447,1684.47,28.87
2292,30.128,1739.98,29.69
2293,28.0111,1818.94,29.14
2294,27.2543,1846.81,28.39
2295,28.6625,1796.76,26.5
2296,28.0295,1541.81,26.73
2297,29.2046,2008.92,26.66
2298,27.9757,1946.14,24.88
2299,24.8476,1865.35,24.87
2300,28.9798,2037.18,23.38
2301,26.3816,1687.75,21.29
2302,27.924,2028.62,20.22
2303,29.5988,1683.69,20.98
2304,32.9935,1825.92,20.48
2305,35.4413,1642.5,21.47
2306,32.4101,1795.56,20.82
2307,31.8465,1838.91,21.56
2308,33.3998,1773.14,24.05
2309,34.2293,1876.84,24.11
2310,32.519,1802.88,24.3
2311,35.5906,1728.49,26.05
2312,32.9432,1723.68,28.38
2313,32.8679,1889.88,28.12
2314,32.4989,1715.34,29.06
2315,31.4088,1905.21,28.11
2316,31.2584,1943.99,30.03
2317,28.2977,1599.27,31.18
2318,27.6625,1938.06,27.67
2319,26.2284,2052.28,26.65
2320,28.0612,1838.52,27.18
2321,28.2706,1883.75,26.91
2322,27.6867,1940.2,24.91
2323,29.614,1786.91,22.91
2324,27.3935,1846.37,22.89
2325,28.8818,1671.62,22.77
2326,26.8624,1851.08,21.13
2327,28.6429,1899.62,21.74
2328,31.0433,1907.48,22.16
2329,32.0501,1979.36,21.38
2330,31.059,1764.76,21.51
2331,32.0139,1800.31,23.0
2332,30.3213,2098.42,22.14
2333,32.3622,1859.89,23.01
2334,34.3356,1909.13,24.73
2335,33.7606,1884.5,25.54
2336,33.3491,1801.57,26.2
2337,32.196,2102.82,29.66
2338,31.5106,1852.68,30.64
2339,29.786,1788.91,28.51
2340,31.0482,1878.44,29.09
2341,29.855,1700.82,28.68
2342,29.238,1871.51,29.57
2343,27.0896,1842.25,29.13
2344,24.1719,2041.4,25.22
2345,28.748,1895.49,26.51
2346,26.2817,2091.91,23.69
2347,25.8081,2162.34,25.72
2348,28.4421,2097.48,23.44
2349,27.2907,1987.16,21.35
2350,30.0899,2039.25,21.29
2351,30.1491,1848.65,20.85
2352,31.0254,2024.95,21.53
2353,28.7275,1947.1,22.18
2354,33.3179,2143.0,20.39
2355,32.5132,2377.72,24.01
2356,32.0442,2138.24,24.61
2357,33.1129,1848.54,23.09
2358,30.3356,2053.28,25.07
2359,33.5108,2120.4,27.75
2360,31.054,2125.17,28.23
2361,30.0923,2035.87,27.49
2362,29.2165,2161.77,29.28
2363,32.4455,1991.87,31.86
2364,29.0561,2036.08,29.11
2365,31.5241,2235.31,28.23
2366,27.6963,2044.12,28.64
2367,25.3176,2238.59,28.07
2368,25.7271,2017.49,26.48
2369,28.9559,2401.23,26.48
2370,26.7662,2103.96,23.75
2371,26.2798,2177.23,23.3
2372,27.642,2250.72,23.76
2373,28.6314,2149.93,20.42
2374,30.1761,2241.47,22.44
2375,31.3963,2299.54,19.12
2376,29.4603,2351.73,19.27
2377,28.7874,2337.13,20.64
2378,30.8798,2226.94,21.82
2379,32.5117,2235.09,23.5
2380,31.1524,2539.4,23.06
2381,31.4621,2376.02,23.72
2382,33.5157,2155.62,25.58
2383,32.8248,2282.14,25.16
2384,32.6473,2233.5,27.14
2385,30.9836,2260.73,26.63
2386,31.1544,2132.35,28.55
2387,29.3901,2233.05,28.73
2388,31.3353,2502.12,28.2
2389,30.7764,2356.13,29.03
2390,25.7307,1989.27,28.62
2391,26.4844,2435.43,29.0
2392,25.1571,2421.06,25.39
2393,26.1272,2247.71,25.96
2394,26.8748,2377.07,24.24
2395,24.9278,2187.7,24.83
2396,26.0191,2233.87,23.75
2397,26.3727,2469.25,22.68
2398,28.8109,2255.6,20.83
2399,29.3276,2062.27,22.02
2400,28.9174,2277.14,19.47
2401,31.0417,2273.05,19.4
2402,30.68,2423.7,20.26
2403,31.7138,2278.69,22.14
2404,35.1083,2223.13,23.68
2405,34.9085,2395.55,20.99
2406,31.0506,2280.74,26.32
2407,34.1424,2172.03,26.17
2408,33.8152,2396.11,25.43
2409,30.3989,2275.92,27.93
2410,32.7282,2247.91,29.56
2411,33.0834,2263.5,29.46
2412,28.3162,2107.98,30.1
2413,27.8473,2167.17,27.5
2414,30.0265,2224.69,28.05
2415,28.2859,2194.42,26.9
2416,28.2291,2363.73,28.72
2417,27.6131,2230.16,26.67
2418,27.586,2299.46,27.85
2419,25.1125,2190.58,23.5
2420,28.9729,2308.58,22.28
2421,29.6331,2221.71,22.03
2422,28.1559,2167.61,22.91
2423,29.1583,2156.22,20.77
2424,27.7033,2034.94,21.12
2425,31.5478,2201.8,21.23
2426,32.3581,2127.51,21.58
2427,32.028,2063.33,21.52
2428,34.2846,2247.46,22.86
2429,32.3967,1955.68,23.78
2430,33.8469,2045.93,24.99
2431,31.3683,2210.8,26.98
2432,32.5627,2116.12,28.76
2433,31.8598,2063.25,26.99
2434,31.838,2089.8,28.07
2435,30.2222,2071.88,28.04
2436,29.8028,1859.0,29.19
2437,30.4626,1989.74,28.33
2438,27.8449,2216.3,28.7
2439,25.4688,1933.89,28.93
2440,30.0263,1965.54,24.47
2441,29.1744,1929.53,26.53
2442,25.0616,1974.93,24.54
2443,28.1368,1906.32,24.43
2444,26.6475,2025.72,22.1
2445,28.2739,1982.11,23.37
2446,28.9413,2042.49,22.45
2447,28.8719,1814.91,21.7
2448,28.8244,1891.69,21.79
2449,29.7406,1897.1,20.39
2450,30.1257,1970.68,20.92
2451,30.8736,1812.81,22.92
2452,32.4973,2010.05,22.23
2453,31.8241,2034.91,25.41
2454,34.0231,1766.46,24.68
2455,35.1286,1819.02,26.54
2456,31.728,1807.13,29.1
2457,32.4804,2180.11,27.12
2458,32.2495,1806.15,28.53
2459,31.4845,2052.82,29.92
2460,30.1139,1693.55,29.95
2461,30.3376,1721.09,28.54
2462,29.2234,1752.05,27.95
2463,26.0222,1727.84,27.6
2464,28.7057,1792.35,28.45
2465,28.4332,1734.92,25.76
2466,25.8551,1717.44,25.08
2467,27.1591,1950.88,23.54
2468,28.4269,1955.14,23.71
2469,27.5647,1918.94,22.33
2470,30.1095,1864.99,20.53
2471,32.7694,1810.65,20.17
2472,28.821,1737.62,19.0
2473,28.7049,1680.98,20.3
2474,31.9557,1837.35,22.33
2475,33.2037,1651.74,23.5
2476,32.2518,1672.43,23.69
2477,35.0777,1929.52,24.52
2478,30.9921,2019.08,24.87
2479,33.9372,1838.37,26.81
2480,31.6893,1924.47,27.29
2481,34.7004,1763.07,29.63
2482,34.4888,1633.27,28.37
2483,29.6265,1868.82,30.21
2484,29.1757,1865.58,29.87
2485,30.5129,1808.12,29.6
2486,27.9193,1773.02,26.45
2487,27.8106,1920.49,28.76
2488,27.44,1689.99,26.87
2489,24.2227,1719.01,25.59
2490,26.9792,1694.79,23.52
2491,26.0676,1830.17,23.96
2492,26.6622,1693.95,23.03
2493,30.0441,1747.21,20.87
2494,26.6152,1749.75,20.06
2495,30.4434,1808.58,21.62
2496,29.5816,1667.06,21.87
2497,30.3568,1861.97,21.33
2498,32.6856,2007.41,22.69
2499,32.6314,1880.48,22.09
2500,33.454,2055.92,22.95
2501,34.3501,2038.01,23.05
2502,32.503,1978.46,23.44
2503,31.9794,1901.51,27.89
2504,30.9704,1902.87,28.13
2505,30.8832,1999.65,26.44
2506,35.9236,1869.0,28.62
2507,32.6435,1698.28,28.76
2508,27.9734,1991.57,28.73
2509,27.2399,1805.3,28.45
2510,29.2228,1834.21,28.85
2511,28.6996,1958.46,28.65
2512,28.2252,1955.9,27.4
2513,26.7198,1806.85,25.91
2514,26.8118,2005.23,24.84
2515,27.594,2110.46,24.9
2516,27.5308,1868.34,23.46
2517,24.5497,2165.71,22.24
2518,28.1553,1835.1,21.5
2519,27.9464,2285.73,21.48
2520,30.2628,1991.65,20.53
2521,35.2543,2067.82,21.96
2522,32.0512,1832.64,20.46
2523,31.651,2061.53,21.76
2524,33.9808,2105.68,23.61
2525,33.6218,2077.14,22.83
2526,33.6301,2029.06,23.43
2527,33.8081,1992.12,26.1
2528,35.6829,2250.35,25.3
2529,30.425,2127.27,26.53
2530,32.2104,2317.23,29.22
2531,29.3869,2077.8,28.66
2532,30.8333,2097.3,30.29
2533,27.8455,2255.69,27.66
2534,27.8739,1971.24,28.37
2535,27.436,2028.39,28.23
2536,28.8656,2313.53,25.83
2537,28.4799,2048.82,27.07
2538,25.1314,1978.59,25.51
2539,27.1846,2428.3,22.36
2540,26.3376,2043.79,22.96
2541,25.9909,2239.87,22.56
2542,28.1745,2232.55,20.95
2543,28.7608,1893.22,19.66
2544,33.6401,2204.38,21.28
2545,31.4259,2295.96,23.35
2546,29.4336,2290.08,21.15
2547,31.2742,2361.1,23.74
2548,34.1302,2211.01,22.25
2549,36.0304,2347.53,24.18
2550,30.621,2183.52,25.77
2551,30.0779,2100.88,26.03
2552,35.4045,2117.99,26.7
2553,32.7057,2101.52,28.55
2554,30.1976,2401.04,30.36
2555,31.5784,2100.73,29.16
2556,26.0464,2317.62,28.48
2557,29.2286,2254.73,28.67
2558,28.9917,2275.89,30.98
2559,29.2651,2453.06,27.96
2560,25.8811,2237.69,26.41
2561,27.2308,2364.22,24.89
2562,25.6119,2295.51,23.17
2563,27.4853,2272.58,24.33
2564,26.0589,2566.3,23.65
2565,27.2665,2116.47,21.77
2566,27.0063,2442.9,21.52
2567,30.2002,2365.41,19.97
2568,31.2877,2227.19,21.13
2569,30.4245,2478.0,21.62
2570,31.5574,2058.12,21.0
2571,29.9484,2214.36,23.86
2572,32.1486,2128.7,22.16
2573,32.8225,2319.59,24.25
2574,36.9312,2132.67,25.85
2575,31.2298,2314.0,25.96
2576,34.7943,2235.13,26.81
2577,33.6166,2195.16,26.4
2578,31.921,2294.2,29.82
2579,33.4144,2209.91,28.69
2580,30.5582,2105.82,29.54
2581,29.8073,2566.66,29.54
2582,28.4203,2165.8,27.84
2583,29.714,1951.66,27.63
2584,29.0466,2109.99,28.33
2585,26.1637,2052.0,24.92
2586,25.0211,2296.01,27.13
2587,26.7978,2228.05,23.22
2588,26.2019,2229.68,21.82
2589,27.7834,2129.61,22.3
2590,30.3562,2132.48,23.74
2591,28.5376,2113.31,19.23
2592,29.9358,2139.73,20.86
2593,30.8635,2241.21,21.61
2594,32.7726,2172.66,21.57
2595,28.751,2183.58,22.55
2596,31.688,2174.64,22.28
2597,33.2147,2211.84,23.37
2598,34.8001,2131.21,24.85
2599,32.1599,2130.54,24.91
2600,29.7832,2220.92,26.96
2601,33.0509,1989.19,27.44
2602,30.547,1956.99,27.99
2603,28.992,1908.04,29.18
2604,29.0635,2062.95,27.18
2605,28.9468,1809.2,28.63
2606,27.5929,2077.78,30.78
2607,24.5703,1999.91,26.74
2608,28.7475,2139.9,28.29
2609,29.0145,1913.89,26.09
2610,27.9773,1960.97,24.4
2611,25.3957,2110.96,22.64
2612,27.0997,2133.29,23.14
2613,27.8689,1876.81,23.62
2614,29.3982,1971.48,21.15
2615,30.2261,1976.36,21.06
2616,28.8987,1977.37,22.01
2617,30.8995,1892.67,21.48
2618,32.1859,2069.77,19.96
2619,34.3051,1681.23,22.27
2620,33.6548,1849.63,24.51
2621,34.0814,1946.3,23.93
2622,33.1257,1939.99,22.26
2623,35.0135,2040.26,26.42
2624,33.2127,2014.74,26.8
2625,30.8297,1829.96,26.0
2626,33.6051,2013.72,26.78
2627,31.8233,1765.82,29.84
2628,29.3354,1957.25,28.27
2629,28.5043,2057.11,27.96
2630,28.9449,1980.23,28.43
2631,28.5735,1842.01,27.18
2632,27.6979,1784.68,27.1
2633,27.5692,1636.54,25.83
2634,29.5499,1853.02,23.8
2635,28.7095,1678.03,23.45
2636,27.6879,1713.11,23.44
2637,29.2906,1662.14,22.21
2638,26.9512,1746.86,21.45
2639,29.8204,1796.16,23.07
2640,32.714,1830.1,21.73
2641,30.4494,1723.3,21.99
2642,30.2285,1922.11,21.37
2643,31.1432,1767.59,22.39
2644,30.9636,1697.17,22.57
2645,31.7206,1818.33,24.74
2646,32.4442,2026.63,24.89
2647,30.7894,1831.39,26.26
2648,32.6215,1748.16,27.16
2649,33.4747,1609.28,27.81
2650,30.1384,1767.46,31.4
2651,33.0554,1823.55,28.2
2652,30.7662,1750.76,28.32
2653,30.7694,1599.67,29.56
2654,27.5132,1700.04,27.87
2655,29.1605,1979.57,27.54
2656,25.764,1980.36,25.91
2657,28.4376,1705.46,26.53
2658,27.2578,1896.49,25.5
2659,27.9321,1678.54,23.65
2660,25.6385,1993.01,23.71
2661,26.5361,1858.75,20.31
2662,29.3958,1948.4,20.83
2663,27.801,1634.04,20.97
2664,30.6948,1926.86,19.83
2665,28.7258,1850.59,19.39
2666,32.7723,1959.97,21.23
2667,30.2725,1974.01,22.87
2668,33.4265,1878.85,24.28
2669,33.8362,1805.83,23.42
2670,31.9548,1978.69,25.73
2671,33.7708,1885.33,26.67
2672,32.9887,1795.44,28.22
2673,31.3131,1797.57,27.48
2674,29.9872,1738.74,26.67
2675,27.8325,1862.95,28.93
2676,30.5245,2064.85,27.99
2677,26.8763,1962.37,28.14
2678,28.643,1886.09,28.16
2679,27.4835,2055.01,27.49
2680,28.4206,1867.41,27.14
2681,26.6492,1987.74,26.74
2682,26.5058,1963.81,24.63
2683,28.2,2088.02,24.36
2684,27.9045,1814.47,23.01
2685,28.3529,1910.99,23.11
2686,29.2039,1825.73,21.35
2687,26.9202,2000.5,21.06
2688,31.1352,2186.37,20.63
2689,31.6952,1989.69,20.97
2690,29.975,1998.4,20.75
2691,31.7552,2173.6,21.29
2692,32.5391,2206.49,23.78
2693,32.696,2076.85,22.88
2694,33.5008,2178.8,24.68
2695,35.0448,1976.47,27.05
2696,34.2207,2280.05,26.65
2697,30.153,2381.41,28.66
2698,32.4331,2194.88,27.87
2699,32.7699,1890.85,27.81
2700,30.5802,2082.48,27.41
2701,30.86,2231.36,30.18
2702,31.5184,2115.42,27.33
2703,29.4142,2326.67,28.58
2704,27.7759,2252.41,26.0
2705,28.6699,2104.68,27.35
2706,27.2173,2200.74,27.21
2707,27.1381,2096.81,22.28
2708,26.8748,2189.13,21.92
2709,30.2238,2151.23,22.94
2710,27.2724,2365.23,22.05
2711,31.5221,2484.41,21.91
2712,30.7498,2064.72,20.43
2713,28.6775,2011.36,23.12
2714,32.0515,2218.14,21.65
2715,28.9713,2070.47,20.95
2716,33.5363,2263.05,22.75
2717,34.2256,2351.9,22.76
2718,32.1115,2445.54,26.59
2719,33.0831,2294.31,25.37
2720,35.5293,2250.54,27.49
2721,31.3627,2039.56,27.36
2722,29.9116,2283.04,27.85
2723,32.999,2291.04,26.95
2724,32.9439,2361.41,29.6
2725,29.2291,2201.62,30.16
2726,30.0172,2236.0,27.55
2727,29.8909,2112.07,26.28
2728,26.2882,2015.35,27.8
2729,26.3743,2157.81,24.39
2730,28.8463,2102.56,26.22
2731,29.6297,2331.23,23.06
2732,28.2462,2228.12,21.9
2733,26.559,2224.84,22.42
2734,31.4806,2170.08,20.5
2735,28.4271,1898.73,20.43
2736,29.4973,2465.73,21.35
2737,31.29,2162.45,18.71
2738,33.8312,2230.4,23.18
2739,33.4023,2102.38,22.22
2740,33.2204,2390.35,21.71
2741,33.5927,2287.35,22.95
2742,33.0653,2167.08,25.99
2743,33.735,2214.96,26.64
2744,28.8037,2458.89,28.39
2745,31.6764,2243.92,27.15
2746,31.862,2225.75,28.76
2747,29.0499,2129.18,29.29
2748,30.5795,2009.11,29.7
2749,28.9168,2211.29,29.99
2750,31.1332,2263.32,27.75
2751,30.2382,2349.73,27.71
2752,26.7032,1941.22,26.39
2753,26.876,2069.06,25.98
2754,26.8891,2127.18,25.7
2755,26.4247,2189.04,22.31
2756,27.6945,2164.43,24.11
2757,26.7413,2159.41,21.03
2758,26.8041,2214.97,21.23
2759,30.1576,2049.42,22.38
2760,30.9443,2261.57,21.33
2761,29.57,2192.99,21.48
2762,32.843,2093.96,20.36
2763,31.174,2315.68,21.13
2764,32.9778,2301.46,23.94
2765,34.1283,2217.65,23.38
2766,32.9496,1734.4,24.51
2767,33.5799,2276.95,27.0
2768,31.8234,2173.63,25.95
2769,31.8266,2309.76,28.1
2770,31.1912,2208.18,28.51
2771,29.6566,2239.75,28.86
2772,29.7348,2146.44,28.48
2773,26.9006,2193.5,28.28
2774,27.7633,2261.61,27.39
2775,27.4514,2039.0,28.31
2776,27.0177,1815.07,26.33
2777,26.74,1957.63,27.0
2778,26.9074,2032.16,24.78
2779,27.8214,1985.28,22.91
2780,28.7137,1817.72,22.76
2781,26.904,1762.7,21.76
2782,26.6952,1860.73,22.55
2783,27.6605,2037.96,20.77
2784,29.2692,2122.17,20.72
2785,30.2486,2034.17,22.55
2786,30.345,2042.89,22.04
2787,30.1771,1898.29,23.83
2788,31.9139,1691.12,24.26
2789,33.1699,1837.92,23.08
2790,33.8925,1854.08,25.99
2791,32.0616,1818.28,27.56
2792,31.9786,1877.52,28.53
2793,30.7313,1917.19,28.82
2794,31.4528,1960.1,29.43
2795,29.5038,1818.13,28.56
2796,30.8597,1617.09,28.16
2797,26.5447,1781.91,28.51
2798,27.9606,1839.69,26.8
2799,28.3303,1976.06,29.17
2800,27.6777,1756.36,26.72
2801,31.1418,1881.48,27.33
2802,27.5247,1850.57,23.77
2803,25.5961,1817.13,25.05
2804,27.2587,1919.95,22.51
2805,25.2143,1725.73,20.89
2806,28.3791,1733.08,23.16
2807,27.974,1798.09,22.24
2808,31.3731,1720.45,21.21
2809,29.9521,1856.32,21.17
2810,31.3249,1708.21,21.98
2811,31.168,1819.73,22.37
2812,35.2064,1779.68,22.21
2813,32.4159,1816.97,23.55
2814,35.7488,1735.83,26.96
2815,34.119,1750.48,28.71
2816,33.3212,1803.22,28.56
2817,32.6744,1816.82,28.31
2818,32.0907,1793.29,28.13
2819,27.8849,2000.0,28.07
2820,29.5817,1678.38,28.27
2821,30.4913,1791.81,28.31
2822,28.4267,1613.27,30.62
2823,25.7709,1849.68,29.63
2824,27.3233,1674.45,27.75
2825,29.6584,1778.46,25.07
2826,28.8703,1771.11,25.89
2827,27.0092,1853.68,23.73
2828,28.8291,1758.16,20.85
2829,27.3289,1757.88,22.46
2830,25.9442,2006.74,20.69
2831,27.8368,1874.0,20.33
2832,32.3443,1778.22,20.75
2833,30.3655,1821.41,20.64
2834,31.1349,2055.18,21.5
2835,31.6716,1836.0,22.09
2836,35.4543,1788.24,21.12
2837,35.3367,1795.73,25.49
2838,36.3282,1819.23,24.02
2839,32.6592,1821.21,25.08
2840,33.0415,1746.61,26.67
2841,29.8464,1773.09,27.72
2842,33.7154,1816.48,29.92
2843,29.0248,1995.17,29.13
2844,30.3252,1886.78,29.57
2845,27.5776,1916.17,29.14
2846,27.6167,2102.08,28.7
2847,26.6228,2113.83,28.14
2848,26.4901,1933.46,25.07
2849,26.2935,1900.59,25.79
2850,26.1776,1881.64,26.16
2851,28.3522,2077.66,27.91
2852,25.7446,1979.17,21.8
2853,28.2095,1966.63,22.59
2854,30.3269,1924.68,20.96
2855,28.4537,1939.29,23.18
2856,28.9231,2079.41,19.65
2857,30.4307,1892.5,21.76
2858,33.2696,2179.07,20.13
2859,32.4125,2004.93,21.85
2860,31.8013,2060.3,22.97
2861,33.6236,1927.04,25.03
2862,31.3466,2095.15,23.92
2863,33.9198,2066.31,26.7
2864,33.211,2108.68,27.02
2865,31.6596,2300.17,28.1
2866,30.2421,2153.66,29.42
2867,29.4464,2045.61,27.58
2868,30.8022,2064.11,29.81
2869,31.067,2229.23,28.29
2870,27.544,2321.84,29.56
2871,28.5663,2207.84,28.16
2872,24.2714,2264.48,26.79
2873,26.2253,2262.62,25.45
2874,26.9534,2367.16,25.82
2875,25.7377,1970.12,25.23
2876,25.9972,2291.11,22.47
2877,26.877,2335.83,21.04
2878,28.9383,2063.62,22.23
2879,28.9425,2124.21,19.69
2880,26.6427,2134.36,19.69
2881,27.5954,2154.69,20.07
2882,30.5897,2189.75,21.12
2883,32.8079,2281.79,20.84
2884,28.4768,2361.39,21.06
2885,32.1482,2391.79,22.83
2886,32.2106,2165.7,25.64
2887,34.9803,2168.78,24.76
2888,32.0205,2431.62,26.66
2889,32.6958,2354.58,29.78
2890,31.7119,2289.84,28.41
2891,27.5806,2339.28,29.21
2892,31.1523,2281.16,28.05
2893,29.5466,2349.59,31.03
2894,29.2624,2247.88,27.92
2895,33.768,2321.68,27.6
2896,24.2758,2109.04,28.32
2897,29.6893,2208.29,25.85
2898,26.5688,2209.76,25.05
2899,27.5332,2245.9,23.68
2900,27.3337,2179.12,22.73
2901,27.2423,2225.4,22.54
2902,27.6453,2106.48,22.09
2903,29.7178,2352.49,20.49
2904,27.7242,2274.83,20.23
2905,31.9023,2077.86,20.53
2906,30.8757,2179.71,20.13
2907,30.4262,2317.36,20.58
2908,31.9231,2208.56,23.3
2909,34.7835,2186.51,24.9
2910,32.197,2257.29,25.87
2911,33.4355,2303.26,23.65
2912,31.5016,2085.14,26.75
2913,33.2582,2318.7,26.73
2914,32.5283,2151.52,28.61
2915,33.5494,2240.0,28.45
2916,29.7367,2232.21,29.59
2917,30.2265,2167.24,28.84
2918,28.6471,2101.42,26.57
2919,29.8225,2183.49,26.86
2920,26.3237,2406.08,27.01
2921,28.2197,2040.67,26.13
2922,26.708,2399.95,23.59
2923,27.0059,2158.29,22.43
2924,27.5396,2186.07,23.06
2925,28.257,2043.6,20.77
2926,28.3257,2073.45,19.87
2927,29.5456,2097.47,20.69
2928,32.3672,2023.99,20.51
2929,32.2546,2115.9,20.26
2930,32.8037,2083.49,20.83
2931,31.438,2345.66,22.19
2932,31.2642,1974.77,22.28
2933,34.3307,2118.03,24.04
2934,34.3141,2126.37,24.62
2935,35.1068,1959.04,26.2
2936,31.6921,2160.68,27.88
2937,31.777,2021.19,28.67
2938,29.0408,1760.6,29.75
2939,30.1878,2129.53,29.7
2940,31.4949,1906.97,29.24
2941,28.5238,1905.92,28.43
2942,29.4607,2104.87,28.08
2943,27.5929,1971.35,26.95
2944,27.888,2113.87,27.0
2945,25.3807,2139.74,26.73
2946,27.1278,1907.98,24.27
2947,22.6155,2071.49,23.93
2948,27.1216,1876.66,22.32
2949,25.433,2226.4,22.38
2950,30.309,1866.51,20.99
2951,30.3897,2064.16,20.4
2952,30.7,2033.78,20.32
2953,33.058,1962.11,21.64
2954,30.0766,1835.53,21.44
2955,34.7424,1889.82,21.74
2956,33.9964,1641.74,23.26
2957,32.5429,1919.48,23.55
2958,34.7034,1927.08,26.13
2959,31.2383,1893.95,25.06
2960,31.3613,1514.16,26.81
2961,31.2084,1712.35,26.42
2962,30.7065,1767.97,28.12
2963,29.1916,1886.51,27.18
2964,31.8346,1880.26,29.75
2965,28.8353,1819.42,29.63
2966,29.0288,1910.67,29.25
2967,27.0232,1706.17,27.86
2968,24.671,1897.72,26.12
2969,27.5073,1876.94,25.23
2970,24.1316,1861.06,26.53
2971,26.9993,1790.01,25.4
2972,25.3495,2027.97,23.12
2973,30.8596,1864.21,21.66
2974,29.867,1685.91,22.9
2975,29.3822,1829.32,20.44
2976,31.8956,1887.57,21.23
2977,29.507,1724.79,22.49
2978,32.3152,1924.5,20.7
2979,32.421,1838.42,23.0
2980,32.9941,1510.6,23.52
2981,34.8063,1827.14,23.93
2982,34.0987,1742.28,24.01
2983,33.3309,1855.64,25.31
2984,30.1157,1905.0,27.29
2985,30.6813,1815.99,26.41
2986,31.3159,1993.62,28.59
2987,30.9165,1773.91,29.4
2988,28.3047,1872.25,29.99
2989,32.8411,1896.11,27.47
2990,30.7746,1790.43,29.78
2991,28.7819,1898.48,29.52
2992,27.51,1736.92,27.41
2993,26.7839,1761.15,25.0
2994,25.5721,1658.26,24.67
2995,27.2184,1848.94,23.92
2996,27.7886,1863.52,23.27
2997,26.016,1970.83,22.19
2998,29.0013,1929.38,21.82
2999,28.9907,1805.68,21.05
3000,27.1383,1704.16,21.27
3001,29.4859,1903.45,20.68
3002,30.8796,1991.03,21.2
3003,34.9529,1954.85,21.6
3004,33.4329,2001.09,24.92
3005,30.8946,1852.5,25.43
3006,33.7291,1829.13,25.56
3007,30.5768,1804.12,27.36
3008,34.2221,1893.46,27.8
3009,31.4146,1898.56,28.01
3010,31.3595,1940.8,26.96
3011,32.7652,1908.67,28.6
3012,28.0693,1916.49,28.66
3013,27.1279,1847.82,27.73
3014,27.6246,2062.66,26.98
3015,29.4362,1967.61,28.32
3016,25.1229,1946.38,27.32
3017,22.854,1886.6,24.87
3018,26.3233,1825.54,24.25
3019,27.9298,2151.48,25.13
3020,29.2023,2070.3,22.12
3021,27.1839,1818.14,22.34
3022,27.8829,2113.89,21.35
3023,30.9544,2142.35,21.64
3024,27.1954,2055.93,20.14
3025,30.1937,2242.12,21.23
3026,31.7856,2085.69,21.7
3027,32.7951,1898.97,22.4
3028,31.8334,2122.08,23.08
3029,32.9494,2116.87,24.31
3030,29.2675,2024.23,27.19
3031,31.9104,2174.53,28.6
3032,33.2783,1914.57,26.36
3033,30.6479,2242.44,25.51
3034,31.5885,2026.96,29.06
3035,31.4468,2022.78,29.05
3036,29.4862,2135.81,30.06
3037,29.4792,2209.77,29.15
3038,27.0559,2185.67,28.52
3039,27.5688,2084.89,28.96
3040,28.3172,2121.1,28.27
3041,27.3377,2053.49,24.65
3042,26.1202,2169.91,24.18
3043,27.4385,2333.07,23.86
3044,28.4738,2210.53,23.1
3045,24.8038,2320.91,21.95
3046,30.2386,2398.91,21.97
3047,28.7192,2159.93,22.13
3048,30.6382,2214.07,22.72
3049,32.5723,2502.69,21.72
3050,29.4425,2420.88,20.68
3051,31.0572,2051.99,22.02
3052,32.1653,2303.96,22.92
3053,31.7221,2262.1,24.48
3054,35.6024,2365.42,25.39
3055,31.6126,2180.74,28.09
3056,31.7648,2172.97,26.54
3057,32.4279,2195.84,28.21
3058,29.6968,2211.26,30.82
3059,30.1829,2380.32,28.28
3060,30.4762,2142.99,29.15
3061,28.7243,2211.93,27.92
3062,28.3599,2073.53,28.55
3063,27.0847,2410.28,27.05
3064,25.1302,2442.82,28.05
3065,27.5846,2251.58,26.18
3066,29.6324,2255.25,24.06
3067,27.1298,2345.21,24.81
3068,27.7398,2467.24,23.18
3069,28.9178,2338.46,23.12
3070,26.596,2204.5,20.39
3071,31.7773,2092.38,21.51
3072,30.3035,2150.92,21.77
3073,33.2242,2291.27,20.71
3074,30.4005,2201.25,20.28
3075,34.8484,2300.37,22.13
3076,33.7608,2207.37,24.23
3077,33.7273,2143.16,25.09
3078,33.351,2125.0,24.57
3079,32.525,2449.51,24.75
3080,34.3989,2364.18,26.57
3081,32.3319,2460.34,27.36
3082,28.5494,2312.35,28.91
3083,29.1007,2190.55,28.76
3084,29.7212,2395.26,28.25
3085,29.6885,2226.52,29.97
3086,28.4151,2250.76,28.6
3087,29.7071,2212.64,28.26
3088,24.4753,1857.41,25.28
3089,27.3176,2396.64,23.61
3090,24.273,2255.79,23.56
3091,28.2418,2229.03,23.48
3092,27.2602,2174.42,23.58
3093,28.5081,2193.62,19.83
3094,27.2042,2094.33,23.13
3095,31.1427,2231.81,21.31
3096,31.5626,1992.62,22.36
3097,31.6518,2163.3,20.25
3098,31.3057,2199.72,22.04
3099,32.9911,2099.73,22.26
3100,31.5377,2159.19,23.82
3101,34.1811,1986.74,23.73
3102,35.4742,1980.73,25.47
3103,34.5037,2115.88,27.14
3104,31.5037,2159.69,26.35
3105,32.6634,1844.01,28.07
3106,29.5603,2122.32,26.58
3107,31.635,1985.16,29.57
3108,30.6759,2017.86,30.95
3109,26.4188,1870.91,27.62
3110,26.7573,1920.12,28.37
3111,27.454,2128.94,28.71
3112,26.9506,2007.68,27.03
3113,25.288,1948.59,26.2
3114,27.5835,1971.39,24.61
3115,27.4794,2035.0,23.54
3116,27.1105,2020.17,22.91
3117,26.745,1949.43,22.21
3118,30.0731,2080.82,20.35
3119,31.7067,2057.48,21.07
3120,29.2747,1982.13,22.57
3121,29.8582,1930.74,20.72
3122,32.2368,1994.88,20.3
3123,31.5843,1945.7,22.02
3124,32.389,2027.47,22.29
3125,34.0073,2000.49,22.63
3126,30.136,1762.94,25.14
3127,34.8752,1747.61,25.32
3128,32.7071,1786.81,26.38
3129,31.5041,1981.36,27.98
3130,31.3661,1668.58,26.93
3131,30.7201,1898.88,27.12
3132,27.4032,1889.05,29.67
3133,31.466,1979.37,26.93
3134,28.562,1856.08,27.49
3135,28.5432,1668.13,26.03
3136,28.8292,1709.37,26.51
3137,25.5705,1678.13,26.46
3138,27.7102,1751.2,25.11
3139,26.7008,1789.91,26.36
3140,28.6721,1668.43,24.09
3141,24.6878,1981.51,21.24
3142,28.3514,1643.07,20.34
3143,28.3193,1961.05,23.84
3144,30.6484,1939.49,22.06
3145,31.4815,1903.15,21.73
3146,30.4386,1710.54,21.61
3147,31.0531,1833.67,22.45
3148,32.4321,1638.41,21.52
3149,31.5528,1900.48,24.12
3150,34.263,1782.12,25.07
3151,32.344,1742.06,25.13
3152,28.2376,1644.85,26.46
3153,31.5591,1495.27,29.34
3154,29.9422,1669.17,28.34
3155,28.3295,1928.89,30.93
3156,28.1439,1748.93,27.26
3157,29.3877,1779.2,28.34
3158,30.493,1880.77,26.92
3159,28.3485,2021.71,26.62
3160,26.4922,1967.28,26.17
3161,27.7861,1695.18,26.35
3162,26.3114,1582.65,25.27
3163,26.0603,2103.12,23.29
3164,25.6704,2096.77,20.77
3165,25.2509,1851.93,23.65
3166,27.9151,1681.98,21.25
3167,29.4606,1955.44,20.02
3168,29.8551,1832.58,21.27
3169,30.1525,1837.95,21.34
3170,30.0814,1965.07,21.21
3171,33.0337,1904.35,22.32
3172,30.6224,1728.66,21.84
3173,34.0618,1838.96,24.72
3174,31.4967,1964.47,24.0
3175,31.7691,1953.78,25.43
3176,30.3979,1931.61,27.65
3177,31.3692,2020.0,29.03
3178,32.963,1872.59,30.05
3179,31.5499,1945.62,29.92
3180,31.4676,1527.46,28.68
3181,30.0068,1887.07,27.32
3182,26.8445,2041.33,29.87
3183,27.3825,1911.58,29.2
3184,26.2316,1911.36,26.33
3185,29.0981,1851.32,26.96
3186,25.2048,2105.77,24.67
3187,28.4428,2060.34,25.47
3188,28.7414,2102.79,22.49
3189,30.6231,1805.86,24.15
3190,27.8855,2003.06,22.32
3191,30.292,1998.04,22.93
3192,33.4225,2007.33,20.54
3193,29.85,1976.42,21.54
3194,29.1974,2018.15,20.57
3195,29.3013,2170.95,23.02
3196,33.6671,1848.72,23.9
3197,30.0731,2300.75,26.36
3198,32.4415,2154.69,25.48
3199,33.5537,2100.62,26.76
3200,32.8758,2223.51,26.53
3201,32.7595,1949.35,28.37
3202,31.8334,2052.57,28.08
3203,32.6948,2126.44,28.98
3204,28.5715,2313.34,29.17
3205,28.2081,2152.24,28.51
3206,27.341,2220.01,28.53
3207,29.124,2103.26,27.45
3208,28.7525,2240.25,26.62
3209,27.7791,2390.72,27.11
3210,28.7752,2316.34,25.18
3211,25.3352,2194.3,24.31
3212,29.9028,2292.1,21.54
3213,30.1635,2287.08,22.6
3214,29.6034,2285.05,22.07
3215,31.8962,2363.93,20.74
3216,27.5151,2369.0,23.09
3217,29.9898,2226.89,18.85
3218,30.397,2324.59,22.32
3219,33.2035,2206.71,22.88
3220,31.0229,2146.74,23.54
3221,34.034,2229.69,24.14
3222,35.0558,2257.09,25.55
3223,33.9406,2070.75,26.9
3224,33.0237,2376.96,26.27
3225,30.6395,1944.89,28.13
3226,30.2297,2605.67,28.28
3227,32.6509,2462.71,27.77
3228,31.169,2253.41,29.72
3229,29.165,2287.77,28.3
3230,27.8731,2324.56,26.97
3231,24.84,2218.73,27.29
3232,25.7956,2313.42,26.2
3233,29.9694,2273.55,27.06
3234,25.0793,2279.69,25.15
3235,27.3864,2312.6,25.35
3236,28.9131,2132.68,22.33
3237,25.9963,2294.18,23.05
3238,28.7771,2307.82,24.38
3239,30.6304,2302.1,21.49
3240,30.0187,2258.83,21.86
3241,35.0791,2419.02,21.83
3242,28.9971,2237.45,20.11
3243,33.7094,2304.25,22.76
3244,32.3389,2429.39,23.31
3245,34.0557,2260.62,23.7
3246,33.662,2291.98,24.12
3247,31.798,2250.46,26.73
3248,32.9416,2405.99,26.03
3249,29.3345,2221.75,29.96
3250,32.4049,2401.56,28.58
3251,31.2237,2229.72,27.64
3252,30.958,2133.32,28.49
3253,30.8107,2312.02,28.59
3254,29.0514,2187.7,30.88
3255,28.1008,2292.24,26.94
3256,26.0803,1883.51,26.88
3257,26.0339,2204.7,25.5
3258,28.7801,2141.72,25.5
3259,29.2567,2061.86,23.44
3260,27.0448,2115.44,21.86
3261,27.9477,2105.16,21.98
3262,27.1431,2160.24,21.24
3263,30.9827,1993.74,20.54
3264,30.9981,2187.42,20.46
3265,33.6883,2304.92,22.32
3266,30.1825,2166.05,21.22
3267,31.5543,2220.65,21.04
3268,32.9452,2246.04,22.54
3269,33.8675,2254.08,24.02
3270,32.6765,2321.05,23.66
3271,31.5883,2027.57,27.66
3272,33.9202,1992.04,27.87
3273,33.203,2163.01,29.26
3274,30.1256,2144.67,28.86
3275,32.8096,2143.43,26.77
3276,31.7553,2267.71,30.54
3277,29.425,2033.02,28.0
3278,28.6194,2073.46,27.68
3279,28.7098,1895.36,27.98
3280,26.1094,2259.98,28.38
3281,27.1473,1954.14,27.09
3282,23.7714,1948.38,25.91
3283,28.4169,1934.69,23.65
3284,25.0597,1889.92,22.67
3285,30.1338,1870.9,22.52
3286,28.0048,1886.82,21.41
3287,28.906,1777.13,22.03
3288,29.0584,1838.29,21.83
3289,30.3444,2158.06,21.73
3290,33.6278,2004.28,19.01
3291,28.3896,2019.1,22.3
3292,34.5135,2041.44,22.89
3293,33.4048,2112.64,24.13
3294,31.1895,1672.56,24.25
3295,31.2848,1730.34,24.71
3296,35.1127,1774.51,27.46
3297,30.7031,1807.86,27.47
3298,29.77,1821.67,29.04
3299,32.4824,1797.87,28.19
3300,30.5078,1871.86,30.42
3301,27.8167,1844.09,29.86
3302,28.8249,1747.7,28.76
3303,26.3401,1568.25,27.62
3304,29.0532,1705.35,27.85
3305,28.6943,1754.06,26.43
3306,27.798,1786.11,25.24
3307,27.6447,1676.3,25.01
3308,30.0437,1749.38,24.43
3309,27.8782,1669.31,20.92
3310,26.7272,1787.01,20.49
3311,29.8978,1670.75,20.36
3312,33.1291,1695.4,19.5
3313,29.2543,1638.32,21.07
3314,30.9578,1775.37,22.14
3315,32.746,1688.6,22.15
3316,32.5172,1900.51,22.47
3317,31.4243,1839.88,25.09
3318,34.6828,1782.62,25.14
3319,36.3778,1695.48,26.38
3320,32.8923,1837.36,28.15
3321,30.7652,1875.46,27.71
3322,29.1766,1810.91,30.52
3323,31.1634,1987.8,28.42
3324,31.6558,1852.42,31.0
3325,29.9363,1909.15,27.89
3326,28.4964,1818.13,28.98
3327,26.9948,1886.11,27.19
3328,25.7637,1712.67,28.12
3329,28.3543,1756.85,25.56
3330,28.3707,1857.68,25.29
3331,24.7836,1861.02,23.31
3332,29.7867,1885.41,23.94
3333,28.7398,1961.37,21.52
3334,30.5994,1663.44,23.22
3335,27.2104,1722.92,20.14
3336,27.9513,1873.09,19.65
3337,30.553,1764.58,22.09
3338,32.2542,2263.07,20.94
3339,34.8159,1926.11,22.16
3340,33.6572,1861.56,22.68
3341,32.5338,1816.07,22.65
3342,31.4604,1827.51,24.92
3343,34.7428,1896.16,27.3
3344,31.151,1913.61,28.0
3345,34.564,1853.19,28.06
3346,31.0734,1883.22,29.58
3347,33.1623,2085.5,27.8
3348,31.0184,2098.67,28.67
3349,29.018,1971.27,29.26
3350,27.7209,1788.71,28.33
3351,27.3673,2023.05,27.58
3352,28.0444,2153.83,25.8
3353,27.218,2140.67,23.95
3354,26.1093,2073.5,25.82
3355,26.8538,2165.21,24.21
3356,27.5198,2010.15,23.9
3357,24.6856,2088.38,21.73
3358,29.1873,1940.62,20.82
3359,27.754,2066.72,21.14
3360,28.27,2200.54,21.85
3361,28.2454,1979.62,20.9
3362,28.8092,1956.31,22.34
3363,30.0881,2080.69,21.17
3364,31.5345,2051.06,22.84
3365,35.8277,2165.38,23.89
3366,32.2112,2042.24,26.23
3367,33.1644,2311.92,26.24
3368,33.1988,1959.93,28.75
3369,32.3179,2274.02,26.48
3370,31.3838,2040.55,28.59
3371,28.9835,1925.46,29.04
3372,32.1764,2178.02,29.62
3373,31.9343,2127.26,28.05
3374,25.976,2032.85,30.15
3375,26.3426,1972.24,27.84
3376,26.9822,2180.83,25.91
3377,25.6554,2306.56,26.02
3378,27.7589,2267.07,24.69
3379,26.0098,2210.88,26.75
3380,30.6495,2268.5,24.05
3381,29.6645,2214.51,22.22
3382,28.8189,2052.7,21.42
3383,30.764,2059.99,22.09
3384,31.6589,2212.08,22.0
3385,29.9305,2222.87,18.22
3386,30.2757,2349.68,22.18
3387,32.2385,2343.56,22.2
3388,33.8905,2330.12,21.69
3389,33.1064,2228.39,24.84
3390,30.6345,2100.56,27.25
3391,31.6935,2319.59,26.59
3392,32.4871,2336.74,28.1
3393,32.0078,1990.35,29.63
3394,34.4588,2179.77,27.63
3395,28.6975,2199.55,27.01
3396,30.7584,2298.93,29.66
3397,31.4572,2190.24,28.62
3398,31.9072,2283.63,27.09
3399,27.2721,2264.16,27.75
3400,28.1391,2271.2,27.73
3401,27.9569,2204.86,25.89
3402,27.2932,2214.32,24.21
3403,26.954,2161.19,23.74
3404,28.0559,2335.91,22.98
3405,24.0803,2357.96,20.24
3406,29.5231,2195.73,21.39
3407,29.4128,2469.12,19.79
3408,29.6663,2246.98,21.66
3409,33.8468,2466.1,19.58
3410,30.4876,2202.84,22.55
3411,31.5167,2033.78,21.76
3412,35.5854,2321.98,22.46
3413,31.6497,2299.97,24.26
3414,32.1748,2270.37,24.13
3415,32.6772,2184.96,26.31
3416,33.8592,2253.36,26.27
3417,32.433,2191.33,27.27
3418,29.5611,2211.28,28.87
3419,29.9782,2343.15,27.73
3420,29.089,2258.56,27.74
3421,29.1077,2303.69,29.11
3422,29.1388,2196.44,28.44
3423,28.506,2176.73,28.0
3424,24.7379,2072.63,27.33
3425,28.6981,2159.67,26.09
3426,27.3789,1798.34,25.61
3427,29.179,2118.63,24.06
3428,28.0682,2172.01,20.99
3429,29.5307,2241.65,20.42
3430,29.1998,2133.76,23.46
3431,31.2429,2199.54,21.14
3432,30.7834,1887.9,21.95
3433,30.6296,2134.15,20.79
3434,34.9087,1930.79,21.48
3435,33.4549,1978.57,21.72
3436,33.4587,2092.23,25.47
3437,30.9833,2258.86,24.22
3438,31.0675,2141.18,24.47
3439,33.3369,2089.67,24.38
3440,32.8164,2075.92,28.97
3441,31.2001,1983.36,27.67
3442,31.7115,1994.4,29.21
3443,33.1594,2101.63,29.72
3444,31.0431,1874.76,28.54
3445,27.512,2102.82,29.54
3446,28.3327,1975.7,27.86
3447,26.6712,2112.08,26.84
3448,26.8204,2119.07,28.16
3449,26.4818,1793.75,25.88
3450,26.2835,1915.58,25.52
3451,25.2195,1873.63,24.38
3452,27.2104,1749.78,23.64
3453,27.0378,1834.53,20.62
3454,24.1058,2242.62,20.95
3455,32.303,2014.17,20.81
3456,31.6332,2162.6,20.17
3457,30.212,2023.67,21.57
3458,31.5282,1826.98,22.72
3459,30.3638,1862.18,23.52
3460,35.1417,1970.78,22.66
3461,35.7437,1945.05,24.26
3462,33.235,1815.85,25.45
3463,34.4331,1696.73,26.66
3464,32.861,2265.49,26.12
3465,30.1162,1847.29,29.65
3466,30.8823,1818.65,29.39
3467,30.9743,1865.11,29.82
3468,29.3182,1816.41,30.2
3469,28.8956,1854.58,29.4
3470,28.3629,1988.87,27.44
3471,27.7574,1814.37,27.69
3472,27.4803,1684.97,25.35
3473,25.5113,1800.57,26.45
3474,25.9245,1760.03,24.83
3475,25.1753,1982.73,23.92
3476,28.8686,1948.82,24.2
3477,24.7202,1817.93,21.71
3478,30.2304,1648.66,21.28
3479,31.3031,1652.41,21.16
3480,29.5467,1799.08,19.16
3481,26.8718,1835.72,20.87
3482,30.958,1748.84,19.05
3483,32.025,1734.95,21.59
3484,31.0822,1720.56,23.86
3485,32.1249,1788.37,24.41
3486,35.2953,1505.07,24.41
3487,33.8952,1659.02,26.08
3488,31.2112,1716.45,25.93
3489,29.7249,1937.47,27.83
3490,31.0095,1696.13,31.39
3491,30.4563,1817.01,30.71
3492,30.7443,1824.45,29.05
3493,28.4206,1955.27,29.02
3494,29.2672,1953.62,27.48
3495,30.7814,1798.13,27.03
3496,28.6252,1751.22,27.36
3497,27.0301,1732.2,25.51
3498,26.7253,1786.83,25.9
3499,26.5672,1767.89,25.53
3500,29.1729,1890.93,23.33
3501,26.9377,1879.76,22.27
3502,28.5678,1905.46,19.86
3503,29.3003,1990.96,21.88
3504,29.2473,2069.09,19.86
3505,28.7178,1866.47,20.72
3506,31.9845,1989.67,22.5
3507,32.0298,1822.02,23.2
3508,33.3484,2013.16,22.53
3509,32.0974,2005.31,23.56
3510,34.8312,2006.14,24.3
3511,31.5826,1903.83,24.84
3512,35.1661,1819.97,26.37
3513,29.4999,1740.65,26.22
3514,32.1522,1911.2,29.15
3515,31.4896,2108.14,29.26
3516,28.8067,1895.35,29.56
3517,29.8601,2035.24,27.91
3518,30.4193,2050.94,27.27
3519,24.5535,1924.39,27.88
3520,28.156,2125.27,27.06
3521,23.3623,1627.26,25.89
3522,25.5515,1838.64,24.71
3523,29.546,1884.65,25.68
3524,26.5293,1905.37,23.43
3525,26.1179,2053.36,24.14
3526,28.2031,2057.12,22.8
3527,32.3254,2078.93,22.84
3528,27.2525,2112.53,19.93
3529,29.1995,1936.34,21.73
3530,33.7461,1913.5,21.1
3531,34.9079,2116.55,20.51
3532,32.4429,2002.63,24.5
3533,31.0392,1899.02,23.67
3534,36.1438,2213.19,23.94
3535,35.2894,2273.12,25.62
3536,33.6165,2301.55,26.2
3537,30.9027,2146.01,27.13
3538,31.4265,2207.45,28.24
3539,30.5359,2305.36,30.59
3540,30.4963,2072.5,28.33
3541,31.4,2291.1,30.52
3542,29.8191,2199.05,29.31
3543,26.2626,2283.65,28.22
3544,29.4667,2204.16,27.75
3545,27.5719,2345.01,26.05
3546,28.0306,2223.7,26.29
3547,29.302,2025.99,24.53
3548,25.7346,2385.27,21.34
3549,27.8249,2104.07,22.47
3550,27.7028,2374.63,22.32
3551,26.8718,2219.66,20.85
3552,30.5201,2377.58,21.13
3553,34.5438,2378.32,20.52
3554,28.7399,2299.18,20.16
3555,32.0729,2313.71,20.62
3556,33.5589,2308.22,21.46
3557,33.0824,2020.37,24.63
3558,32.8303,2280.44,22.51
3559,30.949,2136.21,25.37
3560,32.9473,2294.26,26.23
3561,30.9862,2139.82,27.55
3562,28.2151,2137.7,26.61
3563,32.5683,2475.07,29.27
3564,31.4376,2413.07,27.73
3565,29.301,2286.14,30.0
3566,28.8436,2310.38,27.84
3567,29.4902,2259.68,27.73
3568,27.7384,2358.69,27.0
3569,28.4582,2209.7,26.28
3570,26.5538,2410.25,25.04
3571,29.0702,2260.45,23.54
3572,27.8831,2239.92,23.34
3573,28.1698,2292.03,22.64
3574,26.5949,2217.27,20.77
3575,29.654,2326.08,21.56
3576,28.7521,2220.25,22.19
3577,29.819,2338.7,21.84
3578,30.2769,2425.81,22.47
3579,30.522,2190.65,22.34
3580,35.7852,2258.05,22.06
3581,34.8948,2325.5,23.16
3582,35.8806,2213.94,25.32
3583,31.0634,2317.75,26.98
3584,32.705,2324.15,29.79
3585,30.1811,2382.67,28.81
3586,30.4565,2174.84,27.29
3587,29.3993,2129.02,28.1
3588,31.8594,2199.55,31.28
3589,28.6292,2114.36,28.65
3590,30.1026,2292.0,28.51
3591,28.7849,2078.37,26.87
3592,30.8574,2491.01,28.57
3593,24.8831,2359.58,26.54
3594,28.8888,2198.38,24.23
3595,28.8219,2293.54,22.97
3596,25.9419,1985.41,23.31
3597,29.3894,2476.81,22.22
3598,29.0042,2095.17,22.37
3599,28.8823,2143.36,21.68
3600,28.7641,1926.76,20.74
3601,29.6978,2199.33,20.59
3602,34.5747,1999.57,21.38
3603,32.1223,2135.77,21.62
3604,33.7713,2049.38,22.87
3605,31.7114,1976.38,23.98
3606,31.8302,2000.11,24.1
3607,34.5208,2114.57,26.67
3608,30.5737,1924.48,26.63
3609,31.4985,1979.13,26.99
3610,31.551,2139.28,28.11
3611,30.9435,2362.65,29.11
3612,29.7314,2098.31,29.08
3613,29.8173,1921.58,29.29
3614,29.5393,1978.26,29.36
3615,28.9806,2016.8,29.13
3616,25.9232,1961.81,27.29
3617,26.676,2102.89,24.97
3618,28.7921,2011.47,24.73
3619,28.4442,2085.24,22.96
3620,25.3426,1929.58,24.7
3621,28.4059,2117.49,24.16
3622,25.5327,1929.69,22.19
3623,29.2939,1824.48,21.99
3624,32.8467,2193.81,21.25
3625,29.3546,1705.19,21.5
3626,30.2485,1827.35,19.94
3627,33.2674,1832.75,22.1
3628,30.2839,2201.17,22.12
3629,31.9486,2109.37,24.25
3630,33.8947,2064.4,24.94
3631,31.9463,1838.25,27.98
3632,32.2441,2162.1,27.92
3633,33.2376,1908.43,28.11
3634,32.1323,1975.01,28.2
3635,31.1767,1873.07,30.54
3636,29.4913,1839.61,28.97
3637,29.7786,1809.64,29.2
3638,28.3144,1809.28,28.51
3639,28.5654,1902.34,27.42
3640,26.6565,1868.56,27.04
3641,26.8284,1816.19,24.07
3642,25.5151,1996.9,23.45
3643,27.0497,1455.85,24.31
3644,26.1854,1869.47,24.57
3645,26.2076,1891.16,22.52
3646,28.888,1939.74,20.82
3647,29.5427,1791.73,19.69
3648,31.1743,1822.22,21.78
3649,30.1298,1913.67,20.57
3650,32.1121,1972.73,22.18
3651,32.9475,1756.51,22.56
3652,33.2652,1823.74,23.48
3653,31.6593,1992.6,24.0
3654,33.224,1536.12,25.38
3655,33.444,1708.37,25.92
3656,32.6088,1967.6,26.36
3657,28.9916,1923.68,26.86
3658,31.7407,1856.49,26.08
3659,34.0953,1741.53,28.68
3660,29.4599,1691.45,30.52
3661,28.1314,1728.57,29.59
3662,29.06,1987.87,28.69
3663,28.3472,1729.62,27.09
3664,29.191,1820.45,28.0
3665,25.2154,1721.41,25.92
3666,28.0971,1916.89,26.57
3667,27.9879,1755.32,22.98
3668,27.1887,1812.78,22.25
3669,28.3867,1627.31,21.32
3670,30.0442,1640.84,20.05
3671,30.532,1840.77,20.2
3672,28.2855,1686.52,21.1
3673,32.0067,2104.12,20.42
3674,31.403,1610.35,17.68
3675,32.2306,1768.2,23.25
3676,32.7079,1872.96,21.32
3677,32.6724,1834.11,24.55
3678,34.7876,1752.63,25.03
3679,32.7722,1777.59,28.15
3680,30.9188,1781.29,28.0
3681,31.531,1873.59,27.32
3682,31.768,2150.23,27.76
3683,32.6203,1933.54,30.37
3684,30.9046,2074.48,27.52
3685,27.9477,2001.86,29.05
3686,32.2278,2083.33,28.33
3687,28.2758,1622.43,27.49
3688,29.315,1930.78,27.35
3689,26.8747,2133.15,26.22
3690,27.8,1916.76,25.46
3691,28.3614,2206.02,24.1
3692,29.2292,2181.81,23.42
3693,29.4647,1956.71,22.26
3694,29.8083,1961.94,20.88
3695,28.7509,1910.02,21.14
3696,29.1424,1965.45,20.29
3697,31.2754,1902.44,20.36
3698,32.8997,2111.14,21.2
3699,31.7872,1894.27,22.05
3700,34.1958,2150.71,23.04
3701,35.0767,2162.85,24.88
3702,31.6255,1897.29,24.5
3703,31.6424,2291.68,26.23
3704,32.3875,2176.32,27.12
3705,32.5827,2213.53,27.22
3706,30.7131,2041.3,28.54
3707,32.8048,2215.66,29.87
3708,30.6361,2284.64,29.19
3709,29.2827,2145.98,29.09
3710,26.3461,2406.23,27.76
3711,25.905,2179.3,29.8
3712,27.8234,2318.72,26.35
3713,23.9033,2224.62,24.37
3714,28.519,2267.14,25.86
3715,26.865,2003.51,23.85
3716,32.2666,2255.57,22.7
3717,31.3406,2129.58,21.63
3718,28.2278,2122.7,23.41
3719,29.064,2439.79,21.49
3720,31.4934,2210.81,21.55
3721,33.3312,2121.75,21.3
3722,29.043,2204.46,21.81
3723,29.4418,2096.63,23.57
3724,31.665,2429.57,22.75
3725,33.7719,2178.55,22.51
3726,33.7453,2329.76,25.87
3727,34.5024,2432.87,26.53
3728,30.7985,2213.7,27.11
3729,28.6471,2340.81,28.3
3730,32.787,2156.28,28.09
3731,29.5342,2575.97,28.88
3732,26.9723,2397.1,28.87
3733,29.4411,2263.53,28.27
3734,29.6898,2195.47,29.65
3735,27.6956,2275.75,26.42
3736,26.7152,2249.5,29.36
3737,26.8632,2525.18,26.91
3738,26.4441,2143.94,23.22
3739,25.0802,2307.0,23.74
3740,26.3299,2288.1,22.83
3741,28.6606,2275.34,22.56
3742,28.9825,2275.17,20.55
3743,29.4756,2272.71,21.17
3744,28.5073,2389.5,20.88
3745,30.5042,2355.56,20.4
3746,28.2344,2330.16,20.66
3747,32.389,1912.89,23.09
3748,34.7414,2309.69,21.3
3749,30.6866,2071.46,24.44
3750,32.1211,2343.8,25.8
3751,33.3914,2438.97,25.82
3752,34.4773,2146.36,27.05
3753,31.449,2221.27,28.99
3754,30.4616,2175.64,27.76
3755,27.8231,2390.4,28.26
3756,30.1552,2247.86,28.5
3757,32.2867,2437.89,30.03
3758,28.916,2273.91,29.76
3759,27.8453,2246.87,26.43
3760,27.885,2219.23,28.01
3761,27.0856,2302.23,26.85
3762,25.7805,1988.35,26.55
3763,28.3371,2199.7,24.35
3764,27.7406,2173.42,22.96
3765,27.9051,2261.06,23.32
3766,27.037,2143.48,22.23
3767,31.1788,2033.17,23.38
3768,30.9971,2150.35,21.96
3769,29.9471,2011.03,21.29
3770,33.0027,1901.3,20.36
3771,31.375,2210.82,21.59
3772,31.4251,2184.18,21.56
3773,31.7582,2161.76,23.75
3774,30.3434,2252.98,25.93
3775,33.6051,2007.67,26.03
3776,29.8514,1906.53,28.02
3777,30.2787,2060.59,28.17
3778,28.3866,2017.98,28.06
3779,30.6474,1949.27,28.95
3780,29.7745,2031.42,29.47
3781,28.7335,1958.26,29.0
3782,26.9361,1802.0,28.61
3783,26.1203,1960.07,27.06
3784,28.0985,1867.37,26.57
3785,26.2764,2022.32,28.29
3786,27.4745,1906.65,26.23
3787,25.7743,2109.69,22.49
3788,27.6735,2159.78,20.63
3789,29.8336,2039.96,22.25
3790,29.3792,1763.54,22.43
3791,28.6049,2121.65,20.62
3792,30.3858,2121.62,22.02
3793,30.4155,1926.44,21.2
3794,31.5118,2074.75,21.37
3795,31.6329,1841.79,22.93
3796,32.3516,1676.22,22.47
3797,33.2159,1801.31,23.68
3798,31.51,2092.64,25.67
3799,31.374,1699.0,26.0
3800,37.2653,1870.9,28.91
3801,36.4709,1868.32,28.52
3802,36.4241,1796.18,29.09
3803,37.7657,1798.28,28.81
3804,35.4108,1854.21,29.87
3805,36.744,1772.39,28.54
3806,35.3021,1663.79,28.75
3807,31.6759,1855.12,26.91
3808,35.1344,1953.3,28.04
3809,35.0684,1924.32,26.33
3810,32.2592,1718.59,26.98
3811,34.4825,1661.71,26.36
3812,32.8672,1774.18,23.76
3813,34.7752,1993.16,22.24
3814,33.3533,1879.58,20.59
3815,33.2839,1883.99,22.04
3816,36.1758,1904.05,21.21
3817,37.3409,1845.85,21.67
3818,37.6535,1808.27,23.27
3819,37.0953,1872.05,21.35
3820,38.7482,1726.16,22.08
3821,40.0517,1621.44,23.73
3822,39.6827,1877.76,25.82
3823,39.9215,1939.7,26.59
3824,31.5929,1657.51,26.1
3825,33.8789,1891.2,28.58
3826,29.7357,1995.48,27.26
3827,31.5078,1795.09,28.03
3828,31.7728,1699.11,28.88
3829,29.9449,1814.28,28.31
3830,28.1962,1736.04,29.35
3831,27.0862,1731.02,28.11
3832,28.9561,1860.26,28.77
3833,24.9678,1619.41,25.79
3834,25.5448,1642.49,24.88
3835,26.5059,1822.29,25.18
3836,29.2584,1821.82,22.91
3837,28.4483,1870.55,23.67
3838,27.0479,2059.47,22.08
3839,28.7581,1852.39,18.78
3840,29.0785,1917.32,22.18
3841,29.7118,1734.44,22.05
3842,32.9683,1949.89,22.49
3843,30.0637,1801.06,20.26
3844,35.0112,1879.53,22.34
3845,34.1401,1864.87,23.38
3846,34.6363,2009.08,24.16
3847,32.2034,1735.35,27.78
3848,32.3732,1626.18,26.99
3849,29.9716,1882.38,27.79
3850,30.713,1972.22,29.02
3851,31.5169,1942.46,29.43
3852,31.9441,2080.39,25.67
3853,27.5628,1993.51,28.22
3854,27.9517,1882.0,27.05
3855,27.6517,1679.38,28.23
3856,25.3082,1938.83,26.71
3857,27.9892,2099.65,26.05
3858,25.914,1938.32,22.92
3859,26.8091,1997.92,23.65
3860,26.724,2054.3,24.12
3861,26.6947,1891.17,23.58
3862,28.4894,2097.11,22.25
3863,28.9001,2228.11,19.8
3864,29.4422,2020.26,22.26
3865,29.6838,1914.86,21.86
3866,31.9793,2051.69,21.42
3867,34.6017,1802.07,20.15
3868,32.8079,2118.69,23.95
3869,34.392,2141.75,23.37
3870,30.9147,2297.71,25.35
3871,33.1344,2082.43,26.1
3872,30.952,2163.71,28.54
3873,29.9059,2020.22,27.7
3874,30.3909,2089.56,28.45
3875,32.5643,1957.95,30.44
3876,31.425,2126.1,28.34
3877,29.588,2121.18,29.68
3878,26.2009,2201.9,28.27
3879,27.5843,2099.18,26.83
3880,27.8545,2191.83,27.0
3881,27.3655,2149.45,26.73
3882,24.2343,2157.09,26.35
3883,25.7667,2213.72,25.44
3884,27.3058,2215.91,22.71
3885,28.6831,2309.12,21.18
3886,25.2058,2209.79,21.22
3887,28.9804,2188.51,19.95
3888,30.2146,2214.76,20.78
3889,32.0509,2156.39,20.79
3890,32.5393,2204.37,22.26
3891,32.9952,2496.42,19.97
3892,31.3982,2147.98,22.27
3893,30.0358,2228.59,23.24
3894,32.4104,2219.74,26.19
3895,34.4002,2240.48,24.92
3896,34.6883,2233.97,27.23
3897,33.1871,2310.48,27.7
3898,32.144,2074.67,29.51
3899,31.3459,2406.94,29.46
3900,29.1658,2360.64,29.12
3901,29.0285,2137.5,28.31
3902,31.0036,2015.92,26.61
3903,26.4648,2172.18,28.08
3904,29.8241,2261.18,27.53
3905,26.6192,2600.46,24.46
3906,28.9881,2356.19,23.77
3907,24.992,2073.91,24.22
3908,28.2808,2207.54,23.34
3909,26.7735,2283.04,21.18
3910,26.3771,2318.65,20.96
3911,29.5513,2128.87,19.3
3912,31.5142,2268.53,22.38
3913,29.509,2196.36,19.84
3914,29.2515,2147.44,22.08
3915,31.9836,2308.12,22.14
3916,32.4669,2366.58,24.29
3917,33.7203,2371.07,23.17
3918,34.4244,2335.17,25.06
3919,32.8087,2202.34,24.34
3920,35.3813,2343.25,25.06
3921,32.4577,2289.77,28.42
3922,30.9804,2263.63,26.68
3923,28.3591,2168.75,28.64
3924,29.606,2176.83,30.01
3925,28.719,2239.36,29.61
3926,29.9405,2517.05,27.8
3927,28.5724,2253.93,26.24
3928,25.6329,2137.7,27.51
3929,27.3606,2104.19,27.38
3930,28.0073,2137.86,24.34
3931,29.3943,2450.73,23.16
3932,28.7332,2133.92,22.48
3933,29.0199,2282.83,22.74
3934,28.5901,2120.89,22.76
3935,29.806,2189.16,19.9
3936,31.8743,2244.48,19.5
3937,28.7773,2072.34,23.48
3938,30.9758,2055.4,21.36
3939,30.9625,2322.63,22.42
3940,33.1668,2232.84,22.31
3941,34.7431,2200.59,24.45
3942,32.1045,2191.1,25.96
3943,29.3123,2142.63,26.34
3944,31.9797,2320.39,28.74
3945,33.4915,2074.26,27.5
3946,32.3064,2128.95,28.2
3947,31.4187,1876.24,29.1
3948,29.58,1942.0,29.46
3949,27.305,1887.55,29.09
3950,29.2729,2175.21,27.18
3951,26.6273,1706.7,28.14
3952,30.6781,1955.46,26.63
3953,27.958,1635.28,25.45
3954,26.129,1885.62,25.03
3955,26.1851,1917.38,23.0
3956,27.2625,2133.5,21.86
3957,27.5194,2006.03,19.56
3958,30.1753,1849.69,23.28
3959,29.5032,2068.94,21.69
3960,28.9026,1934.67,20.88
3961,33.6121,1928.69,20.47
3962,31.574,1771.68,18.66
3963,33.2746,1789.19,21.44
3964,31.6857,1801.16,23.72
3965,33.4425,1898.12,24.91
3966,33.4667,1894.47,25.64
3967,30.0633,2063.22,26.19
3968,35.621,1917.16,28.3
3969,34.0573,1539.32,27.5
3970,30.9042,1889.25,29.55
3971,29.1231,1677.51,28.48
3972,30.5213,1729.63,28.12
3973,29.3536,1742.39,27.86
3974,29.0335,1754.84,27.4
3975,28.166,1664.3,28.49
3976,28.1613,1848.91,26.26
3977,29.2732,1650.67,25.0
3978,27.8522,1858.56,25.71
3979,25.5277,2080.3,24.29
3980,29.4458,1648.76,23.96
3981,30.3396,1770.89,22.68
3982,33.2281,1499.29,20.78
3983,27.5383,1763.41,21.21
3984,30.3643,1874.39,21.13
3985,27.6533,1881.84,20.22
3986,32.3297,1803.08,20.43
3987,31.299,1899.28,21.49
3988,35.4832,2097.23,25.04
3989,31.7359,1996.65,23.55
3990,30.4662,1728.3,26.23
3991,32.1909,1617.04,25.57
3992,29.6348,1742.96,27.89
3993,33.248,1678.93,28.73
3994,28.4024,1847.95,29.42
3995,30.8191,1653.62,29.25
3996,26.8833,1788.53,30.38
3997,28.7431,1900.08,29.24
3998,30.9651,1790.02,30.18
3999,28.4197,1691.47,26.21
4000,26.1067,1949.26,27.35
4001,27.0554,1586.38,26.32
4002,27.027,1776.42,24.06
4003,27.8112,1814.97,24.54
4004,25.3516,1826.4,21.51
4005,28.7675,1850.98,21.52
4006,24.4434,1907.69,19.54
4007,28.2787,1835.6,22.69
4008,29.2676,1801.38,20.77
4009,31.7264,1802.6,23.3
4010,31.5339,1784.36,22.34
4011,30.013,1958.73,22.62
4012,31.1206,1793.37,22.41
4013,33.1958,1979.54,22.92
4014,32.8814,1887.41,25.52
4015,32.0291,1829.99,25.96
4016,31.8768,1974.38,25.66
4017,33.1656,1820.7,26.31
4018,30.7235,1992.58,27.51
4019,30.6443,1949.71,30.68
4020,33.2549,1860.97,31.21
4021,27.088,2004.46,29.07
4022,25.7222,2015.26,28.61
4023,29.0541,2097.33,27.49
4024,26.384,2083.25,26.07
4025,26.6249,2035.25,27.41
4026,25.8283,1850.06,26.87
4027,26.7125,2288.35,23.07
4028,29.7997,1835.31,22.92
4029,29.0819,2126.92,21.72
4030,29.7933,2074.07,21.12
4031,27.0992,1890.76,22.32
4032,28.2733,2026.08,19.69
4033,26.5178,2040.9,21.6
4034,30.2859,2216.35,22.26
4035,33.5564,1983.39,22.03
4036,33.3735,2046.83,23.89
4037,32.5655,1807.15,24.11
4038,32.9665,2304.8,26.22
4039,31.8644,1977.25,24.51
4040,32.9052,2153.92,26.65
4041,33.2701,2111.4,27.76
4042,29.0762,2120.58,25.79
4043,31.2259,2238.16,27.78
4044,31.3987,2350.02,28.19
4045,28.6009,2188.0,29.81
4046,29.5511,2244.61,27.76
4047,32.1007,2213.48,27.01
4048,27.2454,2303.93,27.82
4049,27.6922,2133.91,24.42
4050,25.8929,2325.92,22.93
4051,27.3741,2337.33,23.6
4052,28.0923,2340.95,21.55
4053,28.1709,2138.56,20.76
4054,26.9705,2204.06,22.11
4055,29.5331,2259.23,22.01
4056,32.1933,2071.96,21.79
4057,31.4494,2433.54,22.25
4058,32.943,2246.09,22.78
4059,31.7658,2286.75,20.04
4060,33.7229,2188.27,23.45
4061,33.3167,2102.8,23.44
4062,31.5736,2193.76,24.25
4063,33.3756,2296.45,26.6
4064,31.1105,2354.53,25.27
4065,31.172,2296.39,26.08
4066,31.784,2321.5,29.1
4067,31.2223,2242.04,29.35
4068,28.2162,2344.28,29.14
4069,30.8045,2464.58,27.98
4070,29.358,2372.78,29.21
4071,26.8216,2386.57,28.51
4072,25.0955,2325.58,27.09
4073,26.8849,2110.45,24.86
4074,26.3311,2165.64,24.57
4075,27.2719,2345.41,24.8
4076,26.8572,2288.99,24.33
4077,24.8675,2342.21,21.85
4078,27.9175,2489.38,21.29
4079,28.7651,2373.77,20.97
4080,30.9505,2435.8,21.27
4081,29.7292,2293.84,20.56
4082,34.018,2183.03,18.64
4083,29.2539,2270.03,23.36
4084,34.5648,2177.15,24.79
4085,32.5613,2457.14,23.35
4086,34.2894,2361.09,23.93
4087,33.0175,2324.49,25.9
4088,34.3074,2405.82,26.81
4089,31.5403,2010.27,28.82
4090,29.8521,2318.14,28.52
4091,32.9072,2084.87,28.07
4092,29.8298,2235.59,27.68
4093,29.5559,2193.09,29.73
4094,30.3521,2303.67,29.06
4095,26.3307,2245.16,28.89
4096,28.2952,2372.46,26.03
4097,26.2174,2131.84,27.87
4098,26.8017,2281.97,23.26
4099,27.2106,2208.92,24.67
4100,25.1516,1985.6,21.09
4101,26.7104,2063.77,21.38
4102,30.5266,2148.01,23.1
4103,30.5528,2291.29,21.97
4104,29.906,2205.12,20.45
4105,31.1411,2000.87,20.62
4106,31.0586,2115.5,21.64
4107,34.1562,2365.71,22.69
4108,32.2975,2128.04,24.25
4109,33.2455,2066.43,23.51
4110,34.719,2155.64,23.39
4111,31.7317,2179.09,26.19
4112,34.9363,2023.52,26.54
4113,29.8256,2129.3,26.53
4114,33.9445,2020.22,28.76
4115,30.2174,2136.67,28.65
4116,29.636,2061.36,29.31
4117,26.3885,2089.49,27.97
4118,27.8178,1931.22,28.95
4119,26.319,1914.45,26.51
4120,26.4905,2117.2,26.17
4121,26.8963,1984.99,25.79
4122,28.4367,2019.57,26.74
4123,27.4136,1939.53,24.75
4124,27.8634,2075.16,24.08
4125,26.2354,1885.49,23.59
4126,27.1789,1933.39,25.14
4127,31.9216,2035.35,21.18
4128,28.8972,2073.29,22.42
4129,33.2608,1861.33,22.15
4130,31.1354,2151.16,22.53
4131,32.1248,1945.58,23.95
4132,34.2036,1775.02,22.58
4133,34.8056,1936.83,23.47
4134,32.8338,1839.17,25.32
4135,32.3154,1930.02,25.85
4136,32.5142,1865.81,27.32
4137,32.6283,1873.14,29.39
4138,32.837,1748.35,27.99
4139,30.7828,1970.31,28.56
4140,30.9283,1706.81,29.17
4141,31.6811,1706.8,28.64
4142,29.072,1878.52,26.55
4143,28.3462,2021.66,27.25
4144,25.1236,1782.18,27.69
4145,23.1561,1904.09,27.47
4146,27.5826,1944.56,23.85
4147,26.96,1909.62,22.81
4148,26.6297,1770.94,23.03
4149,28.244,1674.1,20.1
4150,28.4094,1537.2,21.09
4151,30.9152,1767.98,19.4
4152,30.1292,1938.64,22.37
4153,29.6561,1660.46,20.37
4154,32.9852,1877.82,23.19
4155,31.7956,1678.55,23.29
4156,33.3879,1804.43,22.35
4157,32.1817,1876.11,22.89
4158,32.0253,1711.86,24.81
4159,33.024,1811.63,25.93
4160,32.6173,1741.89,27.35
4161,32.8411,1877.19,27.05
4162,31.097,1822.03,29.21
4163,28.0219,1802.14,29.13
4164,29.3508,1984.27,28.66
4165,30.4143,1879.0,28.15
4166,28.0539,1719.26,28.28
4167,27.5091,1794.73,27.01
4168,28.8815,1799.17,27.06
4169,26.0343,1821.5,26.12
4170,24.6858,2118.7,25.26
4171,26.8613,1864.47,25.73
4172,26.6757,1580.19,22.87
4173,26.4293,1764.18,23.18
4174,28.2369,1602.56,21.77
4175,29.9608,1800.27,20.9
4176,29.9861,1607.06,20.88
4177,31.2369,1746.92,21.08
4178,34.2201,1675.25,21.82
4179,31.607,1910.32,21.21
4180,33.0156,1871.02,21.53
4181,32.134,1914.28,24.62
4182,31.7305,1872.58,25.9
4183,32.0204,1725.23,26.78
4184,31.8799,1961.79,27.15
4185,32.6605,2138.66,28.6
4186,35.0236,1965.11,29.18
4187,29.7024,1873.07,29.65
4188,29.3751,1761.16,28.14
4189,29.1289,1832.06,27.77
4190,29.0937,2004.03,28.08
4191,28.274,2087.2,27.81
4192,29.3281,1998.62,26.76
4193,23.4626,2072.28,24.16
4194,23.4196,2070.29,26.72
4195,26.3584,2055.31,23.69
4196,29.0479,1924.72,23.17
4197,25.5302,2033.88,23.42
4198,23.9886,1920.51,19.19
4199,30.0803,2033.74,20.62
4200,30.3655,2080.7,20.61
4201,29.1411,2251.8,20.8
4202,30.0217,1902.51,21.36
4203,30.6667,2126.77,23.62
4204,32.7639,2256.01,23.67
4205,31.9583,2178.54,24.92
4206,33.7411,2196.58,25.05
4207,28.6158,2176.23,24.64
4208,31.3128,2270.49,24.92
4209,30.4322,1993.07,26.3
4210,31.1155,1966.02,28.82
4211,29.9694,2140.21,28.9
4212,31.1968,1890.13,28.79
4213,26.4345,2305.49,28.5
4214,28.5682,2312.49,30.48
4215,28.7162,2122.01,27.01
4216,30.1869,2137.34,27.93
4217,26.3796,2180.77,26.04
4218,27.4867,2203.11,24.94
4219,24.3964,2219.33,25.14
4220,23.814,2278.03,24.46
4221,29.1458,2197.06,21.93
4222,28.4917,2337.45,22.34
4223,30.9913,2284.01,21.5
4224,27.9399,2163.62,21.01
4225,31.5563,2402.36,21.34
4226,34.3032,2084.57,20.85
4227,32.7509,2241.62,21.87
4228,33.0129,2373.54,22.42
4229,32.9106,2175.26,24.87
4230,30.6437,2303.39,24.9
4231,34.9311,2335.34,24.74
4232,31.6818,2170.46,26.28
4233,32.878,2268.27,24.63
4234,29.1554,2261.11,27.97
4235,29.0073,2216.27,28.9
4236,32.1526,2560.93,28.86
4237,28.7026,2195.07,30.84
4238,30.6799,2408.8,29.04
4239,27.7613,2242.29,28.36
4240,24.6391,2159.9,25.36
4241,28.4403,2303.16,25.67
4242,26.1152,2368.89,24.51
4243,28.1503,2401.29,23.18
4244,27.4397,2477.77,22.2
4245,25.564,2642.86,20.36
4246,28.7464,2318.27,20.26
4247,32.5179,2207.07,22.01
4248,30.7395,2339.08,20.86
4249,30.6902,2250.54,20.63
4250,33.113,2391.01,21.53
4251,32.4373,2121.31,23.34
4252,32.9124,2557.92,23.0
4253,31.2603,2372.87,24.51
4254,33.3508,2064.16,24.15
4255,34.4509,2176.95,25.42
4256,31.344,2355.44,27.35
4257,34.2581,2393.84,29.72
4258,31.3624,2094.89,29.89
4259,29.4448,2327.71,29.45
4260,31.4964,2002.78,29.15
4261,28.7934,2219.77,30.26
4262,29.6393,2357.71,29.26
4263,27.441,2151.59,25.53
4264,27.3122,2030.21,25.95
4265,27.8426,2221.62,26.37
4266,27.4363,2124.31,23.21
4267,24.1089,2265.0,23.07
4268,25.7201,2075.59,22.3
4269,29.2728,2081.29,21.92
4270,28.3018,1923.48,21.25
4271,28.4379,2178.21,20.85
4272,27.9621,2130.16,21.83
4273,29.1569,1998.37,20.87
4274,28.4673,2155.59,21.15
4275,31.9694,2246.82,20.82
4276,31.7004,2088.82,24.02
4277,31.4479,2137.88,23.29
4278,32.8978,2129.43,23.91
4279,33.4437,1942.96,26.25
4280,35.7379,2325.05,26.23
4281,29.8535,2012.49,27.3
4282,33.2391,2138.42,28.72
4283,32.2361,2142.65,28.54
4284,28.8314,2024.25,31.31
4285,29.5284,2104.47,28.79
4286,27.8136,2051.82,29.08
4287,28.1572,1842.89,25.89
4288,29.6656,1963.87,26.14
4289,28.0106,1921.02,24.95
4290,27.7629,1929.96,24.05
4291,26.4568,1819.81,24.38
4292,25.1758,2102.48,24.04
4293,27.566,2150.67,22.52
4294,30.3099,2067.03,21.31
4295,26.9328,2093.49,20.51
4296,28.4174,1891.17,22.11
4297,30.9659,1847.83,23.21
4298,30.023,1822.57,21.67
4299,30.9325,1985.28,23.11
4300,31.9627,1927.42,23.34
4301,30.8494,1883.28,24.72
4302,31.5388,2040.55,23.84
4303,33.9529,1926.52,25.55
4304,30.637,1770.32,27.4
4305,29.7245,1782.51,29.04
4306,30.555,1939.58,27.65
4307,31.8744,1976.52,26.83
4308,29.7046,1911.74,28.5
4309,28.5267,2067.48,29.87
4310,28.5665,2030.64,26.88
4311,25.2601,1882.24,26.65
4312,28.144,1723.86,27.16
4313,27.6774,1662.77,25.92
4314,26.386,1769.27,25.59
4315,28.6111,1902.25,22.74
4316,25.7107,2027.48,22.68
4317,29.5705,1855.12,23.37
4318,28.7317,1942.35,20.34
4319,28.7187,1770.08,22.61
4320,29.9702,1872.0,19.93
4321,30.6156,1894.16,21.99
4322,33.3304,1556.24,21.16
4323,30.5063,1742.96,21.03
4324,31.4543,1905.66,22.5
4325,34.4522,1824.11,24.51
4326,32.1067,1647.42,24.99
4327,34.2486,1499.56,27.15
4328,35.1472,1747.81,28.44
4329,31.5186,1783.98,26.65
4330,32.522,1687.72,27.21
4331,29.0459,1812.53,27.56
4332,31.1321,1858.03,28.1
4333,29.5227,1880.0,29.97
4334,29.2096,1519.4,29.02
4335,26.9103,1647.31,27.28
4336,24.9103,1771.73,26.99
4337,27.8571,1880.52,27.44
4338,23.9049,1874.47,26.91
4339,26.6262,1876.6,24.22
4340,28.8137,1778.48,20.34
4341,28.1665,1790.0,22.47
4342,31.4225,1747.04,22.47
4343,30.7612,1932.03,21.36
4344,29.0192,1735.08,21.73
4345,30.8174,1953.51,21.49
4346,31.4289,1882.68,20.3
4347,29.7481,1858.82,21.29
4348,31.1875,1792.15,22.68
4349,32.0566,1715.26,25.03
4350,29.9457,1807.41,24.23
4351,32.969,1852.94,26.49
4352,32.2245,1615.89,27.3
4353,29.612,1884.31,29.41
4354,32.1063,2026.92,28.42
4355,31.8503,1992.25,27.11
4356,30.3406,1872.98,29.65
4357,28.7374,1946.66,31.0
4358,29.3872,1882.92,29.18
4359,28.899,1976.28,27.04
4360,27.863,2152.12,25.92
4361,25.8653,2092.52,25.08
4362,27.4149,2047.87,27.0
4363,28.8954,1935.38,23.64
4364,26.507,2093.73,22.34
4365,31.0256,1810.58,22.01
4366,27.7116,1992.04,21.22
4367,29.2722,2101.7,22.7
4368,28.9913,2129.85,19.99
4369,31.1114,2130.73,22.32
4370,28.8867,2095.06,21.66
4371,31.3023,2045.5,23.38
4372,30.9599,2142.82,24.58
4373,33.1008,1973.13,24.05
4374,34.4917,1995.27,24.68
4375,33.8668,2113.11,26.1
4376,29.0406,2135.47,26.91
4377,35.1844,1904.5,26.17
4378,31.9429,2186.95,30.02
4379,29.6117,2233.7,29.11
4380,30.2357,2140.2,27.84
4381,29.4878,2442.75,26.8
4382,27.4997,2084.05,26.14
4383,28.1756,2130.68,28.6
4384,26.4907,2134.42,26.38
4385,26.4957,2180.31,25.58
4386,25.9706,2157.43,25.49
4387,24.9532,2035.25,23.45
4388,27.6207,2145.46,23.55
4389,28.7566,2206.06,22.27
4390,29.2723,2371.69,21.45
4391,30.4534,2494.76,19.56
4392,30.4865,2396.71,20.18
4393,29.9774,2149.1,21.74
4394,32.7595,2164.06,20.85
4395,30.085,2233.56,23.38
4396,31.2471,2471.65,25.35
4397,31.4515,2242.18,24.62
4398,34.6201,2106.94,26.49
4399,34.312,2210.0,26.76
4400,33.329,2364.57,26.47
4401,33.7292,2359.76,28.03
4402,30.1811,2255.87,30.48
4403,31.2993,2364.49,28.34
4404,29.8122,2011.95,27.96
4405,30.4939,2299.1,27.73
4406,28.3272,2391.49,28.25
4407,27.3013,2189.48,26.82
4408,28.2133,2189.94,28.67
4409,28.4165,2066.85,26.25
4410,25.9975,2481.79,25.97
4411,27.0106,2204.41,23.67
4412,25.8143,2319.23,21.86
4413,24.1316,2361.9,20.86
4414,28.8007,2469.66,20.63
4415,30.1369,2268.17,21.48
4416,30.3931,2220.0,21.52
4417,27.8521,2303.25,21.74
4418,30.9737,2433.98,20.05
4419,28.7938,2256.55,22.17
4420,34.6526,2159.13,21.97
4421,31.2687,2085.25,24.37
4422,34.8831,2119.69,25.48
4423,34.3166,2365.76,24.86
4424,31.2472,2219.03,27.97
4425,30.4221,2179.78,30.17
4426,32.0256,2161.64,29.3
4427,29.51,2252.35,28.7
4428,30.1537,2207.72,28.68
4429,28.4993,2197.72,28.65
4430,25.8283,2386.18,27.7
4431,24.533,2402.34,28.08
4432,27.742,2017.84,25.86
4433,26.2599,2243.38,24.15
4434,26.1704,2103.65,25.22
4435,28.146,2159.66,23.99
4436,29.1621,2218.94,22.43
4437,27.4699,2148.48,20.89
4438,27.9891,2193.66,21.83
4439,29.9738,2238.57,20.15
4440,27.9646,2184.82,20.86
4441,31.1112,2063.35,22.9
4442,32.3278,2056.83,22.19
4443,33.1417,1950.81,20.8
4444,29.6929,2012.22,21.73
4445,31.7557,2341.15,24.12
4446,31.6826,2001.59,23.62
4447,33.0476,1944.27,24.03
4448,33.3192,2116.65,27.53
4449,34.3664,2055.75,28.15
4450,30.7576,2036.21,28.91
4451,30.0301,2219.43,29.13
4452,31.7245,2106.9,28.93
4453,29.6684,1968.05,28.2
4454,30.4015,1971.38,28.98
4455,28.3118,1952.7,29.36
4456,25.6662,2108.71,26.5
4457,25.1025,1957.54,25.01
4458,24.6727,1770.19,23.86
4459,28.0953,1970.5,23.1
4460,29.1848,1782.87,23.2
4461,30.6527,2220.54,20.03
4462,29.7647,1833.78,21.98
4463,30.9678,1921.6,21.78
4464,29.13,1963.51,19.2
4465,29.0418,1889.54,20.16
4466,32.7751,1881.2,21.62
4467,32.7478,1958.61,22.03
4468,32.7592,2083.32,23.52
4469,33.4788,1984.65,23.82
4470,33.4848,2062.55,26.26
4471,34.8235,1752.33,25.71
4472,34.5406,1909.04,26.02
4473,32.9377,1882.85,26.76
4474,32.7687,1899.87,29.2
4475,31.5476,2016.65,28.89
4476,29.3082,1819.05,29.63
4477,30.3584,1791.19,29.48
4478,26.4083,1898.52,26.44
4479,29.4595,1615.93,26.69
4480,25.6101,1796.07,25.98
4481,27.5309,1803.87,25.22
4482,25.7323,1705.31,24.58
4483,27.9323,1938.71,24.96
4484,27.351,1680.81,24.2
4485,25.4865,1788.72,21.88
4486,29.131,1837.29,21.28
4487,28.3567,1961.93,20.43
4488,31.3217,1796.0,21.09
4489,30.7784,1907.7,21.34
4490,32.0931,1877.86,22.34
4491,30.685,1807.39,22.97
4492,31.7141,1660.96,20.7
4493,32.2098,1619.03,23.81
4494,34.2851,1803.78,26.38
4495,35.4138,1726.05,25.6
4496,31.3903,1902.01,28.14
4497,33.7366,1882.07,27.52
4498,28.2455,1771.64,28.64
4499,28.9852,1656.43,27.73
4500,28.5618,1858.56,27.9
4501,27.1948,1677.36,29.59
4502,26.1246,1711.09,29.35
4503,28.4982,1687.5,27.85
4504,27.0808,1791.66,25.77
4505,27.6713,1952.28,26.08
4506,28.0357,1815.15,26.26
4507,27.5006,1766.78,25.71
4508,28.3886,1641.42,22.68
4509,27.7744,1895.57,20.51
4510,26.7195,1740.79,22.38
4511,30.8103,1853.95,20.86
4512,29.1163,1803.04,21.94
4513,29.3731,1952.09,21.42
4514,31.2331,1838.87,20.65
4515,30.7521,1857.15,22.23
4516,31.9719,1929.25,24.31
4517,33.4139,2130.76,23.82
4518,33.5225,1991.74,23.97
4519,31.551,1881.91,24.45
4520,31.8665,1900.55,26.23
4521,33.7328,1845.01,27.42
4522,32.2446,1802.0,29.28
4523,33.8891,1857.85,27.74
4524,31.7702,1839.87,30.55
4525,30.94,2019.43,27.53
4526,26.4182,1821.12,30.8
4527,29.0245,2118.42,29.55
4528,27.3223,2057.56,27.14
4529,26.2757,1978.76,24.39
4530,27.252,1985.41,24.94
4531,28.52,1927.65,23.58
4532,28.1532,2036.15,21.73
4533,26.561,2143.58,22.46
4534,29.6137,1937.94,20.71
4535,28.2672,1847.65,20.42
4536,30.325,2125.39,20.8
4537,30.3214,2089.27,20.56
4538,31.1717,1925.26,23.61
4539,33.2707,1980.98,21.64
4540,31.0378,1975.17,23.44
4541,35.8156,2000.53,24.11
4542,30.2684,2057.79,25.35
4543,32.0013,2073.72,26.46
4544,33.1534,2036.59,27.88
4545,32.9978,2032.59,28.09
4546,31.3493,2104.88,28.69
4547,30.6904,2161.1,28.92
4548,30.6158,2111.52,28.86
4549,28.8769,2296.86,27.95
4550,30.5898,2226.97,28.4
4551,29.1377,1983.11,28.07
4552,28.7112,2244.68,27.4
4553,25.653,2262.12,26.22
4554,26.8809,2144.7,24.77
4555,26.6515,2024.65,23.91
4556,25.8935,2212.01,22.45
4557,28.4189,2216.85,22.48
4558,27.6935,2089.67,21.31
4559,30.2066,2056.35,21.32
4560,28.3947,2225.95,22.0
4561,33.355,2214.18,20.43
4562,30.1555,2197.49,22.13
4563,32.4503,2242.67,22.2
4564,33.7859,2125.17,25.02
4565,32.0418,2209.85,23.75
4566,34.2787,2330.24,25.7
4567,31.054,2228.14,26.05
4568,34.7763,2073.08,25.61
4569,32.1425,2220.25,27.31
4570,30.6054,2151.47,29.34
4571,30.3277,2314.54,28.43
4572,31.2134,2322.99,26.78
4573,28.3469,2087.59,28.83
4574,27.376,2379.29,27.37
4575,27.5464,2155.97,27.96
4576,25.6365,2477.4,28.55
4577,29.833,2284.97,26.8
4578,26.1504,2141.43,26.54
4579,28.3496,2153.79,23.4
4580,27.7161,2332.07,22.86
4581,26.4019,2242.47,21.13
4582,28.4911,2276.61,20.85
4583,30.3995,2480.18,20.21
4584,29.7176,2200.82,19.69
4585,32.5661,2289.68,22.5
4586,33.0323,2450.27,19.44
4587,33.4997,2309.43,23.54
4588,31.9086,2080.93,24.25
4589,31.278,2330.79,24.46
4590,32.0796,2126.68,23.89
4591,33.1921,2430.85,24.45
4592,33.4168,2158.76,26.45
4593,28.864,2609.02,28.45
4594,31.4878,2423.64,28.47
4595,31.0136,2146.56,27.82
4596,29.5837,2238.86,30.15
4597,31.1605,2320.93,30.55
4598,29.1327,2318.3,28.24
4599,29.844,2270.86,27.94
4600,27.078,2361.3,25.49
4601,28.5084,2189.32,25.62
4602,29.4526,2152.87,25.51
4603,29.0698,2147.83,24.32
4604,25.7637,2284.83,22.49
4605,27.4982,2217.83,21.9
4606,27.9823,2200.95,21.09
4607,29.9574,2253.25,20.86
4608,31.0295,1903.34,21.42
4609,29.5181,2178.18,19.17
4610,31.6018,2158.56,21.46
4611,29.0914,2323.83,22.52
4612,34.761,1931.26,22.43
4613,32.1292,2292.57,23.49
4614,33.0838,2105.68,24.55
4615,32.4333,2146.16,25.56
4616,34.3171,2279.37,27.01
4617,27.8651,2136.28,27.96
4618,31.4751,2107.73,26.36
4619,30.6177,2079.42,29.52
4620,29.3195,1982.98,28.71
4621,31.8129,2028.23,30.8
4622,27.169,1936.46,27.27
4623,29.0364,2007.66,26.96
4624,27.9363,1723.43,26.8
4625,28.9945,2046.01,26.45
4626,25.9992,1970.76,23.05
4627,26.0028,1935.95,23.14
4628,29.046,1993.68,23.59
4629,28.5167,1786.4,21.22
4630,26.1826,2181.18,22.91
4631,28.4146,1928.69,20.68
4632,30.5796,1915.03,20.1
4633,32.0331,1808.34,21.75
4634,30.4812,1918.87,23.14
4635,27.7499,2074.43,22.59
4636,33.3829,2024.48,24.26
4637,31.0673,1995.08,25.64
4638,29.974,1950.7,24.08
4639,28.6493,1834.9,26.97
4640,33.819,1696.94,25.48
4641,32.3142,1840.1,28.25
4642,31.1615,1829.43,28.39
4643,32.86,1977.36,30.11
4644,30.956,1882.67,30.17
4645,31.648,2033.33,29.43
4646,26.4109,1978.14,28.76
4647,27.8269,1774.54,28.34
4648,24.9769,1609.08,27.06
4649,26.7581,1986.24,25.97
4650,26.6271,1978.88,26.44
4651,28.0421,1647.91,25.53
4652,27.4703,1989.39,22.86
4653,28.8138,1850.88,22.41
4654,29.5552,1821.39,21.62
4655,32.4559,1993.29,19.52
4656,29.5271,1958.63,20.66
4657,29.3649,1873.52,22.74
4658,31.8691,1850.58,20.79
4659,30.9179,1866.54,24.29
4660,34.821,1743.69,24.17
4661,32.473,1784.56,24.37
4662,32.1516,1682.72,25.56
4663,32.1908,1751.21,25.12
4664,33.6757,1747.7,26.73
4665,31.8847,1716.34,29.27
4666,30.5375,1810.2,27.85
4667,33.2745,1756.48,29.92
4668,28.7157,1857.54,27.62
4669,29.2769,1604.84,27.67
4670,29.4785,1788.5,30.37
4671,25.4317,1820.82,27.82
4672,28.1223,1771.01,26.46
4673,25.5196,1791.17,27.4
4674,28.2342,1625.53,26.25
4675,25.6582,1862.75,24.89
4676,28.4411,1902.21,22.43
4677,29.5374,1888.54,21.88
4678,29.7922,1959.09,21.85
4679,29.6005,1864.03,21.83
4680,29.653,1902.98,20.49
4681,29.9118,1870.24,21.31
4682,33.7066,1940.24,21.8
4683,31.0721,1674.96,23.46
4684,31.0425,1763.73,23.75
4685,33.8958,2068.36,22.46
4686,31.8058,1589.88,24.79
4687,31.4727,1875.72,25.11
4688,30.4327,2040.84,27.57
4689,31.397,1896.8,28.75
4690,31.3759,1867.4,28.57
4691,31.1411,1939.71,28.6
4692,31.427,1890.15,29.07
4693,30.0139,1944.73,29.07
4694,28.2137,1867.66,27.82
4695,27.5814,2091.47,26.61
4696,28.1672,2138.1,24.95
4697,29.0111,1960.29,27.3
4698,27.1895,1818.99,25.5
4699,26.3985,1931.66,24.33
4700,25.9126,1981.66,24.27
4701,25.7109,2073.67,20.92
4702,29.4994,1901.36,19.8
4703,30.0905,1939.35,21.52
4704,30.866,2102.28,21.29
4705,30.5835,2163.02,19.4
4706,33.6104,1985.09,21.9
4707,31.3951,1909.01,21.77
4708,34.031,2472.35,22.19
4709,32.8397,2181.47,23.63
4710,32.0875,2064.59,22.56
4711,33.7866,2209.99,25.44
4712,33.2125,2099.75,26.3
4713,32.6568,2227.63,28.39
4714,31.6219,2151.46,28.31
4715,30.7196,2151.93,29.5
4716,33.5826,2135.84,26.45
4717,30.9999,1984.13,28.02
4718,29.5842,2398.57,29.02
4719,28.0464,2061.02,27.52
4720,28.9127,2018.63,27.85
4721,27.8792,2163.91,24.23
4722,27.0393,2081.5,25.73
4723,26.6469,2197.87,23.33
4724,27.2805,2293.57,22.26
4725,23.123,2337.21,23.16
4726,28.8159,2322.03,22.7
4727,28.4908,2193.82,22.17
4728,32.389,2242.41,23.04
4729,30.8055,2291.09,22.4
4730,29.7166,2036.63,20.74
4731,32.0465,2321.15,22.31
4732,31.0289,2082.63,22.64
4733,33.6079,2506.87,25.99
4734,33.4364,2217.7,26.1
4735,34.3345,2247.96,25.85
4736,31.4118,2181.35,27.88
4737,32.1723,2201.37,26.6
4738,29.4525,2552.78,28.71
4739,31.8287,2395.33,27.93
4740,30.7783,2098.83,27.31
4741,29.9673,2467.15,29.65
4742,28.5024,2431.4,29.37
4743,28.5008,2255.68,28.29
4744,29.8084,2327.1,26.82
4745,26.6746,2289.03,24.77
4746,27.208,2527.71,23.84
4747,25.473,2195.27,23.0
4748,26.0995,2307.82,22.77
4749,28.0254,2238.05,23.25
4750,30.1559,2116.24,22.6
4751,28.8391,2549.64,19.49
4752,29.6461,2142.94,20.31
4753,30.1661,2308.9,20.42
4754,30.6979,2071.01,19.0
4755,32.5638,2229.08,22.74
4756,30.3522,2324.35,22.75
4757,34.8192,2171.17,23.85
4758,32.0019,2336.66,26.35
4759,33.9806,2229.74,26.12
4760,30.6931,2396.72,26.57
4761,33.1246,2416.09,28.4
4762,32.5079,2177.15,29.52
4763,31.3528,2251.36,29.16
4764,28.5084,2258.47,29.69
4765,29.5979,2304.81,28.72
4766,26.7254,2225.99,28.38
4767,27.4995,2240.6,27.94
4768,28.946,2181.83,26.25
4769,28.2973,2217.9,25.47
4770,27.0228,2352.63,26.38
4771,25.64,2266.99,25.97
4772,28.3703,2265.98,24.59
4773,27.9078,2260.78,20.85
4774,25.0195,2147.54,20.12
4775,30.3975,2196.08,19.95
4776,29.9637,2019.25,21.13
4777,32.5801,2293.23,18.33
4778,29.8571,1798.38,20.95
4779,27.3563,2113.11,23.58
4780,33.0167,2251.6,23.98
4781,33.3351,1942.04,23.46
4782,30.464,2144.6,24.57
4783,31.43,2005.79,26.6
4784,36.7309,2034.0,27.94
4785,31.6629,2182.5,27.3
4786,32.5964,2083.45,28.23
4787,29.8005,1806.23,28.3
4788,26.8645,1923.83,27.67
4789,28.9682,2148.69,28.64
4790,28.1016,2076.19,28.17
4791,27.2789,2222.79,26.57
4792,27.23,2205.66,27.65
4793,27.4986,1953.45,26.52
4794,26.7748,2285.76,25.7
4795,25.2062,1979.23,23.2
4796,28.1312,1851.79,21.02
4797,24.9546,1882.39,22.64
4798,25.4245,1678.86,20.87
4799,30.3323,2133.87,20.25
4800,30.7605,2123.9,19.74
4801,30.6904,1802.32,20.86
4802,29.4068,1888.65,23.11
4803,31.0595,1919.46,21.67
4804,32.204,1784.93,21.91
4805,30.5039,1681.93,24.62
4806,31.8915,1859.88,25.17
4807,33.8763,1839.4,23.92
4808,34.739,1824.35,27.66
4809,31.4922,1890.95,29.96
4810,32.6347,2029.28,25.86
4811,27.9054,1815.14,27.63
4812,30.9892,1866.0,26.15
4813,28.0176,1927.08,28.79
4814,28.961,1900.94,29.45
4815,27.5071,1755.59,27.93
4816,29.3825,1836.06,28.39
4817,25.7906,1885.68,26.87
4818,27.9414,1680.36,26.7
4819,26.683,1963.48,25.12
4820,27.1645,1980.07,22.6
4821,27.6029,1718.3,22.24
4822,27.2315,1825.35,20.67
4823,29.2024,1876.59,20.91
4824,29.906,1731.79,21.06
4825,31.1383,1853.15,21.05
4826,31.6268,1813.38,22.88
4827,33.3183,1616.42,21.84
4828,33.9833,1846.8,22.07
4829,31.3218,1659.16,23.1
4830,34.3032,1903.7,25.66
4831,31.1183,1710.63,24.63
4832,33.4799,1772.34,26.8
4833,33.0509,1957.25,29.16
4834,28.633,1853.36,28.76
4835,30.9159,1665.82,28.79
4836,29.2973,1675.48,28.96
4837,28.0854,1727.6,27.83
4838,30.5263,1849.46,27.61
4839,26.8982,1848.03,27.63
4840,26.1924,1707.11,27.27
4841,27.2158,1671.79,26.98
4842,28.0284,1849.55,25.09
4843,26.8897,1798.15,25.32
4844,29.1515,2083.36,24.61
4845,28.6751,1833.71,22.97
4846,25.2327,2052.15,22.76
4847,28.4293,1699.4,20.15
4848,29.1572,1656.76,19.85
4849,31.4955,1717.1,21.65
4850,27.5628,2000.43,20.19
4851,35.9448,2074.96,21.88
4852,33.3946,1777.1,23.77
4853,33.1211,1822.66,25.38
4854,34.7724,1744.85,24.75
4855,36.4133,1675.15,25.39
4856,33.9042,1986.38,27.32
4857,33.5445,1934.75,26.75
4858,31.696,1917.26,28.29
4859,30.5642,1756.18,28.86
4860,29.2863,2129.32,28.97
4861,27.9844,1880.62,28.95
4862,27.4695,2013.7,27.63
4863,25.8528,1783.88,27.1
4864,27.2881,1944.45,26.25
4865,24.5752,2011.26,24.42
4866,27.2864,2024.62,25.34
4867,27.0477,2013.08,24.86
4868,27.6223,2063.08,23.8
4869,27.0955,1877.35,21.91
4870,33.1153,2046.0,20.72
4871,31.2637,2045.3,21.88
4872,28.1332,2068.8,21.64
4873,31.1258,2059.03,21.35
4874,30.588,1906.9,23.28
4875,30.5996,1910.86,22.15
4876,30.588,1812.55,22.74
4877,33.5461,2185.58,23.56
4878,31.9779,2195.95,23.44
4879,34.3495,2206.93,26.7
4880,34.0887,2151.5,26.89
4881,34.1822,1867.6,28.34
4882,30.2214,2009.13,30.31
4883,31.4895,2161.42,28.47
4884,30.9487,2165.73,26.66
4885,28.5123,2131.09,29.34
4886,27.3423,2210.27,28.63
4887,30.293,2175.41,27.1
4888,27.7432,2196.32,27.4
4889,28.0562,2112.77,26.82
4890,25.7669,2314.71,24.05
4891,25.2733,2152.38,23.66
4892,26.5477,2051.37,24.48
4893,27.6926,2125.26,21.45
4894,26.9037,2182.45,21.6
4895,29.2088,2349.77,18.51
4896,27.4672,2231.39,19.52
4897,29.0964,2219.81,21.29
4898,32.5064,2097.72,22.76
4899,33.027,2346.94,20.81
4900,32.0103,2179.27,23.07
4901,31.3711,2250.03,23.59
4902,31.4589,2443.86,25.95
4903,32.3379,2331.19,24.82
4904,33.5649,2078.33,27.43
4905,33.5137,2064.63,27.17
4906,30.7552,2272.18,28.69
4907,29.0462,2136.95,28.93
4908,30.4018,2362.56,28.75
4909,27.9882,2291.71,29.34
4910,27.7226,2308.05,28.51
4911,29.8666,2204.62,27.7
4912,28.6426,2499.27,26.64
4913,27.3392,2631.94,26.11
4914,25.0921,2257.57,25.22
4915,27.4193,2333.19,22.98
4916,28.9959,2301.99,22.65
4917,27.3152,2258.27,21.12
4918,30.5267,2188.36,21.5
4919,31.1627,2156.45,20.54
4920,32.4956,2148.46,21.77
4921,31.2343,2331.11,21.81
4922,32.3811,2217.53,20.61
4923,34.2426,1967.58,22.17
4924,33.2692,2327.1,23.64
4925,32.1459,2265.55,23.79
4926,32.3272,2427.84,24.27
4927,33.2556,2306.8,24.94
4928,30.6622,2080.07,27.85
4929,31.9064,1985.12,28.73
4930,33.1448,2161.22,28.26
4931,27.4896,2167.14,29.63
4932,32.3017,2349.64,26.03
4933,30.9071,2229.43,30.19
4934,27.8104,2360.31,28.31
4935,28.6938,2058.8,27.97
4936,27.4066,2326.87,26.68
4937,28.9472,2290.59,27.43
4938,28.474,1954.68,23.94
4939,25.0021,2348.17,25.44
4940,28.2828,2193.05,23.4
4941,27.5702,2221.05,22.79
4942,28.6242,2062.21,21.21
4943,28.1313,2310.85,19.83
4944,32.6222,2007.17,21.93
4945,32.3365,2240.82,21.45
4946,30.3903,2230.81,22.9
4947,30.1194,2006.67,21.98
4948,32.0196,2352.69,22.58
4949,33.5495,2133.49,25.35
4950,33.3603,2175.1,26.91
4951,34.7775,1904.22,26.04
4952,33.783,2332.39,26.25
4953,33.5757,1922.04,28.64
4954,31.9903,2182.67,28.21
4955,28.6925,1930.98,29.46
4956,29.7065,1966.72,28.74
4957,30.8137,2126.3,30.43
4958,28.4227,2145.62,27.76
4959,28.6333,1860.45,28.31
4960,26.9238,2134.6,26.51
4961,25.5575,2119.92,25.75
4962,26.815,1872.82,24.59
4963,27.5658,2168.13,24.7
4964,26.4184,1792.49,23.92
4965,27.5251,1883.46,22.73
4966,27.0908,2007.15,21.43
4967,30.9024,1838.6,21.28
4968,29.5583,1964.19,21.9
4969,32.9556,1953.11,22.07
4970,33.7931,1893.55,18.85
4971,31.9998,2007.88,21.9
4972,31.0854,1872.77,22.78
4973,29.7689,1920.33,24.63
4974,30.7919,2022.7,24.93
4975,30.837,1972.81,26.75
4976,34.6658,1965.28,25.92
4977,32.2951,1726.32,28.09
4978,32.0844,1920.71,29.36
4979,27.4458,1746.09,27.39
4980,28.2031,1691.77,31.51
4981,30.5542,1831.25,30.05
4982,28.9302,1725.92,28.47
4983,27.6579,1924.19,27.0
4984,28.2492,1922.24,26.82
4985,29.5559,1591.66,26.12
4986,26.6684,1716.36,25.44
4987,27.2063,1636.69,25.47
4988,27.6908,1752.77,22.52
4989,31.4668,1859.65,22.73
4990,25.351,1773.03,20.24
4991,30.2484,1728.75,20.72
4992,29.8278,1953.29,21.38
4993,31.6266,1518.78,21.83
4994,30.5139,1942.22,20.78
4995,32.0479,1727.26,21.73
4996,33.6652,1782.33,24.46
4997,37.5671,1727.89,25.13
4998,34.2121,1976.15,25.21
4999,31.6257,1643.46,23.8
5000,31.9624,1793.11,29.51
5001,31.4412,1855.86,27.81
5002,28.8065,1600.47,28.15
5003,30.2813,1684.97,28.34
5004,31.0992,1779.49,29.38
5005,27.3122,1693.12,29.25
5006,30.0727,1704.24,29.41
5007,28.6103,1763.05,26.9
5008,26.3006,1886.23,26.69
5009,26.8899,1770.73,28.07
5010,29.3975,1945.17,25.22
5011,28.2025,1700.24,23.79
5012,27.4151,1674.26,22.06
5013,27.5222,2060.48,22.68
5014,28.6149,1755.49,22.57
5015,28.4559,1682.54,22.01
5016,26.8429,1636.5,20.74
5017,33.8397,1980.52,21.5
5018,31.733,1816.78,23.21
5019,32.7185,1833.78,23.24
5020,32.5112,1851.85,22.22
5021,31.7951,1999.48,21.42
5022,32.7211,1863.58,25.3
5023,30.4987,2173.83,26.83
5024,36.0137,1916.22,25.91
5025,30.2696,2035.41,27.82
5026,29.9521,2012.63,28.2
5027,30.1161,1919.81,28.97
5028,31.9321,1862.09,28.46
5029,29.2453,1980.86,30.15
5030,26.6458,2010.88,28.61
5031,29.7602,1889.72,26.95
5032,28.4984,1987.27,27.92
5033,27.9099,2124.64,24.77
5034,28.0736,2233.76,26.28
5035,30.6938,2097.05,24.96
5036,30.6796,2227.27,24.39
5037,26.8486,1937.48,22.01
5038,30.9358,2106.54,21.04
5039,29.7983,2192.27,21.22
5040,30.7486,1933.44,20.92
5041,28.2381,1992.08,20.48
5042,31.2444,2268.23,20.98
5043,30.9021,1951.98,21.81
5044,33.8402,1917.32,21.83
5045,34.5044,2270.84,24.64
5046,29.8883,2240.24,24.95
5047,32.8647,2157.56,25.73
5048,34.2809,2109.2,25.89
5049,31.8413,2070.95,26.67
5050,32.5936,2166.17,30.4
5051,31.3032,2330.55,28.24
5052,30.5125,2178.1,29.61
5053,28.8166,2417.85,29.03
5054,26.6751,2058.25,25.69
5055,26.1964,2171.65,29.62
5056,28.466,2137.06,27.68
5057,27.1314,2059.24,25.27
5058,26.7922,2178.5,24.97
5059,26.4664,2254.15,22.82
5060,26.9441,2273.95,24.83
5061,29.449,2478.23,21.26
5062,27.9971,2280.0,21.01
5063,27.2119,2368.51,20.41
5064,31.1155,2244.39,21.08
5065,30.4691,2443.52,22.51
5066,31.5471,2535.37,23.33
5067,34.5327,2316.41,21.77
5068,32.5672,2138.39,23.38
5069,33.3316,2196.17,24.05
5070,31.2316,2300.07,24.02
5071,32.5683,2324.92,28.46
5072,33.5124,2357.53,28.36
5073,29.7883,2332.19,28.02
5074,31.8013,2280.73,30.05
5075,30.9276,2206.14,30.08
5076,30.0619,2332.87,29.08
5077,30.7793,2509.24,29.19
5078,29.0017,2410.6,29.98
5079,30.0958,2353.59,26.88
5080,25.9115,2413.85,28.67
5081,27.3061,2246.3,25.81
5082,27.1267,2230.01,26.52
5083,25.4983,2201.09,23.96
5084,28.8364,2275.27,23.34
5085,31.3657,2238.79,22.14
5086,28.4745,2433.2,21.0
5087,29.9811,2229.6,20.87
5088,30.1268,2188.41,22.38
5089,29.7061,2515.59,18.82
5090,28.7689,2225.73,20.3
5091,31.0627,2295.39,21.45
5092,30.5101,2327.88,21.92
5093,35.4539,2133.74,25.47
5094,32.8273,2414.5,26.26
5095,32.3789,2338.48,26.63
5096,33.9318,2444.51,26.36
5097,30.4387,2171.17,29.16
5098,30.3497,2259.45,26.88
5099,30.8786,2246.87,31.01
5100,31.5432,2268.12,28.32
5101,29.9761,2055.94,28.6
5102,28.8725,2237.56,28.03
5103,27.9959,2046.6,26.76
5104,28.0023,2254.04,28.93
5105,27.4047,1948.63,26.82
5106,25.455,1974.68,26.22
5107,27.1713,2287.68,22.74
5108,25.7914,2116.21,23.18
5109,28.0003,2055.47,22.69
5110,27.779,2318.5,21.81
5111,33.0326,2197.13,19.98
5112,29.9402,2254.12,22.08
5113,28.6701,2121.02,21.26
5114,31.2987,2453.89,20.58
5115,32.9004,2051.03,20.32
5116,35.1081,2324.03,23.61
5117,32.0136,2098.34,26.42
5118,30.6264,1898.09,23.98
5119,34.123,2145.42,26.21
5120,30.5272,2116.03,28.11
5121,31.4671,1942.83,26.56
5122,31.1136,1949.02,27.98
5123,30.672,2047.38,28.0
5124,31.0337,2082.97,29.98
5125,28.1981,1735.17,30.19
5126,28.0894,2148.69,28.62
5127,27.8573,1953.67,26.99
5128,27.6263,1843.93,26.56
5129,27.249,2107.45,25.4
5130,27.654,1982.54,24.02
5131,28.368,2122.24,23.86
5132,27.9909,2019.87,23.57
5133,28.5591,1958.25,22.66
5134,26.1267,1931.34,21.53
5135,29.2989,1998.95,21.19
5136,30.7193,1882.91,20.92
5137,31.8699,1821.87,19.84
5138,30.4615,1989.19,21.7
5139,31.1328,1890.65,21.59
5140,31.7369,1904.2,21.65
5141,33.7024,2023.27,24.34
5142,34.5508,1871.46,24.39
5143,32.2866,1879.73,26.26
5144,33.96,1799.0,27.85
5145,32.3065,1915.91,26.88
5146,31.3136,1899.72,28.56
5147,30.4594,1959.6,27.05
5148,31.1199,1776.05,30.53
5149,29.7119,1784.91,27.5
5150,31.9137,1929.5,27.95
5151,26.6003,1859.58,29.17
5152,28.1791,1715.75,26.77
5153,26.3084,1976.76,24.84
5154,25.6961,1611.94,25.71
5155,27.0859,1905.97,24.66
5156,27.608,1656.46,22.37
5157,32.2559,2031.32,21.65
5158,28.2238,1616.75,21.1
5159,27.5283,1937.79,20.93
5160,30.4095,1787.47,19.11
5161,27.6645,1751.37,20.95
5162,31.3621,1816.04,23.32
5163,32.1454,1868.4,21.28
5164,33.79,1683.17,22.42
5165,34.3582,1693.28,22.78
5166,32.2446,1868.95,25.61
5167,32.6719,1586.29,27.24
5168,31.4489,1721.59,28.18
5169,30.4292,2157.45,26.58
5170,31.9648,1677.63,28.96
5171,28.8661,1933.09,30.3
5172,29.3781,1726.95,29.51
5173,27.7308,1860.6,29.34
5174,29.3245,1880.63,27.99
5175,30.5808,1940.5,28.05
5176,25.4495,1784.25,28.24
5177,24.3227,2050.53,26.36
5178,26.8127,1745.04,23.75
5179,27.1258,1848.08,23.51
5180,27.7299,1853.93,24.21
5181,27.2092,1694.68,22.5
5182,28.199,1800.14,21.65
5183,29.7748,1859.23,20.58
5184,31.5606,1793.69,22.19
5185,27.8439,2144.42,22.8
5186,30.9466,1757.1,22.8
5187,32.442,2005.75,23.61
5188,31.2211,1973.73,22.64
5189,35.4945,1876.26,23.46
5190,32.0469,1781.3,24.84
5191,32.8358,1800.35,26.07
5192,33.4321,1838.01,28.43
5193,31.2344,1693.7,28.99
5194,28.7301,1795.58,29.0
5195,30.1335,1746.29,27.43
5196,31.5442,2094.03,27.31
5197,28.7182,2015.24,29.1
5198,27.2303,2043.98,29.34
5199,29.2672,2029.09,27.75
5200,26.9058,1987.35,21.41
5201,26.337,2151.58,17.45
5202,27.2242,1912.08,16.29
5203,28.2583,2007.32,15.8
5204,30.9745,2093.39,14.8
5205,29.1195,1854.46,15.2
5206,30.2398,2393.91,13.61
5207,28.4646,2035.08,12.09
5208,28.4612,2058.04,14.39
5209,30.87,2201.17,12.0
5210,31.6608,2169.48,12.96
5211,30.5036,2073.56,13.05
5212,32.3351,2093.88,15.71
5213,33.4968,1906.98,16.65
5214,33.5406,2029.85,19.42
5215,33.6542,2167.77,19.45
5216,33.0345,2167.96,20.94
5217,31.3608,2270.11,20.62
5218,30.7291,2117.88,19.99
5219,28.978,1974.5,21.49
5220,32.6772,2276.28,22.09
5221,29.2437,2330.15,22.07
5222,28.1627,2273.79,20.49
5223,26.4855,2154.37,20.82
5224,31.8054,2307.16,18.57
5225,25.4922,2600.92,17.49
5226,26.3567,2210.69,16.38
5227,27.726,2046.66,16.49
5228,28.3022,2140.69,14.32
5229,29.3156,2292.83,14.25
5230,31.2114,2031.69,14.94
5231,29.9828,2250.82,12.61
5232,28.416,2282.1,13.0
5233,30.391,2426.36,13.71
5234,31.9617,2404.78,14.28
5235,35.2237,2356.43,14.17
5236,30.5014,1997.98,16.29
5237,34.7016,2372.56,17.06
5238,33.2699,2350.9,18.64
5239,34.1545,2300.85,18.45
5240,32.4451,2066.09,18.99
5241,30.8577,2183.76,19.65
5242,32.6263,2139.87,21.27
5243,31.7581,2040.68,20.99
5244,31.4581,2284.38,20.93
5245,29.2036,2190.9,20.92
5246,27.6003,2603.24,20.28
5247,25.5405,2269.18,20.53
5248,28.631,2445.55,18.09
5249,27.7381,2102.53,18.84
5250,25.5513,2227.39,18.18
5251,26.2944,2302.45,15.88
5252,26.7018,2181.32,17.42
5253,25.6542,2238.76,14.69
5254,27.2735,2262.05,12.47
5255,27.5228,2258.57,13.36
5256,29.3813,2507.35,13.56
5257,29.6684,2327.87,14.09
5258,29.0595,2337.43,13.78
5259,35.1552,2341.73,13.66
5260,34.4769,2347.23,14.41
5261,31.7292,2260.19,15.81
5262,33.4086,2227.75,16.94
5263,33.524,2282.05,17.4
5264,34.3847,2396.32,18.77
5265,30.8934,2387.83,20.99
5266,33.1382,2218.71,22.61
5267,29.9546,2334.29,22.12
5268,27.9962,2213.11,22.81
5269,30.3097,2234.56,22.34
5270,30.4361,2167.44,21.8
5271,31.7605,2195.98,19.99
5272,25.6023,2372.0,19.64
5273,28.1506,2215.16,18.11
5274,26.3853,2213.11,17.28
5275,28.2773,2015.79,16.53
5276,25.1962,2144.72,16.21
5277,25.9845,2145.05,15.09
5278,27.3362,2066.5,13.87
5279,29.342,2160.42,13.69
5280,29.0384,2097.97,21.43
5281,31.765,2150.57,21.8
5282,33.0403,2146.92,20.02
5283,33.0207,2008.88,21.09
5284,35.0263,2066.84,24.11
5285,33.5215,2114.99,23.9
5286,31.1747,2238.75,24.58
5287,34.9428,2118.28,25.77
5288,31.6903,1998.83,26.74
5289,33.4869,2116.87,28.39
5290,33.8606,2264.59,27.36
5291,31.4615,2160.35,28.89
5292,27.7558,2106.7,29.25
5293,27.8462,2118.72,29.26
5294,30.4841,2195.11,28.69
5295,27.625,2142.08,28.34
5296,27.5213,2071.75,26.43
5297,28.2405,2122.76,25.09
5298,28.0445,1855.57,27.46
5299,27.5204,1796.02,23.66
5300,27.0889,1986.16,22.82
5301,27.4097,1966.67,22.85
5302,29.7868,1884.4,23.13
5303,30.0539,2040.13,20.59
5304,29.614,1708.99,20.0
5305,32.3996,1860.01,19.89
5306,31.3064,1857.81,23.13
5307,30.8438,1711.64,21.13
5308,31.4596,2079.54,22.97
5309,31.4297,1729.44,22.99
5310,32.5914,1814.53,23.55
5311,34.7484,1986.89,25.74
5312,31.3904,1948.48,26.06
5313,32.404,1731.24,27.14
5314,30.515,1939.64,30.47
5315,30.386,1886.28,29.29
5316,27.7349,2125.51,29.93
5317,28.8927,1888.32,29.69
5318,28.2094,1817.49,28.36
5319,28.6891,1726.54,27.39
5320,27.7368,1735.18,27.25
5321,25.3046,1720.88,26.2
5322,28.6263,1980.29,24.43
5323,27.4177,1814.02,24.09
5324,27.6995,1876.11,22.29
5325,27.8649,1986.74,22.0
5326,27.7234,1519.09,21.2
5327,29.5502,1952.98,19.87
5328,30.7134,1803.92,18.65
5329,28.1561,1847.56,20.2
5330,30.6919,1694.38,23.34
5331,31.7389,1701.96,21.86
5332,32.9823,1850.36,23.78
5333,34.6877,2077.33,21.84
5334,31.8424,1911.4,23.99
5335,32.1508,1943.04,24.68
5336,31.8293,1768.66,26.8
5337,30.919,1720.55,30.25
5338,30.9792,1700.1,28.92
5339,31.9327,1736.77,30.56
5340,28.4192,1550.93,28.75
5341,29.8653,1712.53,30.23
5342,25.9471,1734.86,30.54
5343,27.0367,1783.99,27.72
5344,26.9077,1824.09,26.46
5345,29.6145,1855.35,24.72
5346,26.5878,1813.97,24.69
5347,23.8004,1750.2,24.05
5348,24.4036,1588.89,25.03
5349,27.9297,1760.28,20.88
5350,29.4207,1717.75,21.6
5351,29.7867,1895.78,19.32
5352,30.2514,1954.66,20.57
5353,32.5198,1964.14,21.45
5354,30.6906,1948.57,22.05
5355,33.4637,1848.2,22.76
5356,30.1501,1808.32,23.4
5357,31.5404,1788.28,24.55
5358,30.2894,1704.23,25.05
5359,32.4855,2011.57,24.99
5360,32.5287,1879.2,25.15
5361,32.2925,1758.43,27.28
5362,31.5928,1816.82,28.33
5363,29.3851,1820.15,30.12
5364,29.7146,1937.69,28.9
5365,26.9774,2069.12,28.67
5366,30.5448,1907.91,28.85
5367,27.4232,1688.13,27.56
5368,26.6686,1944.61,27.81
5369,29.4856,1957.55,28.01
5370,25.1366,1958.38,27.19
5371,25.4138,1919.23,24.06
5372,25.7576,2029.83,23.34
5373,27.7769,2020.95,23.75
5374,29.1474,2019.34,21.39
5375,30.3331,2081.17,21.82
5376,33.858,1989.42,19.86
5377,27.4023,1991.96,20.83
5378,32.4131,2225.3,22.69
5379,31.2856,2136.11,21.45
5380,31.7185,2177.49,22.87
5381,31.9681,2234.61,22.39
5382,31.6368,2159.74,27.01
5383,35.4246,2217.11,27.3
5384,33.8615,1925.17,27.19
5385,32.1561,2148.07,28.34
5386,33.5265,2110.41,28.86
5387,28.5077,2342.3,30.25
5388,28.0039,2260.79,28.48
5389,25.9566,2082.16,29.6
5390,27.4509,2210.74,29.54
5391,28.1212,2194.13,29.04
5392,27.5562,2236.35,24.74
5393,27.3262,2067.19,25.44
5394,24.8834,2240.07,23.98
5395,28.307,2176.69,24.11
5396,27.7614,2244.94,20.98
5397,28.9783,2130.85,20.13
5398,25.6609,2154.06,23.71
5399,29.6908,2371.35,21.75
5400,28.2184,2110.27,21.12
5401,30.1805,2124.82,21.5
5402,32.3015,2241.37,21.68
5403,32.258,2160.05,23.17
5404,31.3208,2151.3,22.37
5405,32.9072,2274.64,24.15
5406,30.7027,2085.63,25.23
5407,34.6232,2149.19,24.99
5408,32.2902,2520.21,28.28
5409,33.7991,2332.11,27.38
5410,30.7102,2190.31,29.48
5411,29.9911,2332.67,28.98
5412,28.8537,2352.81,30.63
5413,30.5378,2405.97,27.82
5414,27.4359,2272.95,27.38
5415,28.8456,2406.61,26.92
5416,26.8282,2045.69,27.13
5417,24.1383,2164.07,27.58
5418,26.1445,2310.66,26.59
5419,25.3336,2330.38,21.65
5420,27.4528,2180.89,23.25
5421,26.0931,2320.56,18.96
5422,29.889,2213.35,22.33
5423,29.0869,2253.41,22.25
5424,29.7336,2407.7,20.96
5425,31.7603,2391.55,21.22
5426,32.9459,2160.25,21.61
5427,32.0912,2150.1,21.39
5428,31.4413,2224.38,23.43
5429,30.2368,2266.93,23.73
5430,31.9709,2187.29,25.93
5431,31.972,2386.91,25.92
5432,32.7587,2299.19,26.14
5433,31.6036,2301.41,26.29
5434,32.5319,2095.58,26.6
5435,29.857,2382.22,30.18
5436,29.9144,1898.04,28.54
5437,30.9995,2330.58,29.2
5438,29.0127,2336.38,30.25
5439,27.7886,2165.89,27.27
5440,26.499,2363.79,26.37
5441,26.1524,2196.5,25.9
5442,25.7241,2204.36,25.03
5443,26.2907,2230.2,25.85
5444,28.5354,2564.22,24.57
5445,27.5458,2335.34,22.79
5446,26.4753,2250.14,22.99
5447,31.8758,2048.28,20.96
5448,30.4799,2166.7,21.3
5449,28.666,2043.4,20.83
5450,30.8372,2230.99,20.25
5451,32.2876,2140.43,23.38
5452,35.155,1979.75,23.53
5453,31.2356,2115.44,23.98
5454,34.4641,1994.7,25.0
5455,34.997,2105.62,24.53
5456,31.6551,1975.17,26.02
5457,31.705,2072.29,28.16
5458,29.9455,2149.74,27.93
5459,30.4713,2043.98,28.65
5460,29.9451,1994.09,28.9
5461,30.213,2056.05,28.18
5462,30.1353,2105.98,27.5
5463,26.7565,1880.15,26.22
5464,24.4509,2035.02,26.85
5465,27.0704,2152.63,26.65
5466,27.4403,2054.21,23.36
5467,27.4763,1983.23,23.94
5468,26.9119,2044.08,23.28
5469,28.0658,2012.73,21.18
5470,30.7732,2040.1,22.96
5471,29.7961,1698.16,20.75
5472,29.4399,1746.11,20.9
5473,30.0262,2044.76,20.98
5474,31.2452,1735.37,19.77
5475,34.5764,1956.18,23.18
5476,32.3231,1857.92,22.04
5477,32.8681,1773.0,23.73
5478,32.2765,1927.09,25.6
5479,34.5463,1902.05,27.5
5480,35.5378,2124.2,25.92
5481,32.7972,1789.25,27.38
5482,31.6242,2030.55,29.85
5483,30.8316,1893.8,29.33
5484,26.4235,1766.22,29.67
5485,30.3413,1935.76,27.81
5486,28.7012,1902.33,28.08
5487,28.5212,1833.62,27.66
5488,26.3347,1856.45,26.14
5489,26.5255,1748.33,24.36
5490,26.3835,1716.66,24.49
5491,28.6347,1902.99,25.32
5492,26.8338,1781.41,23.06
5493,31.0027,1795.42,23.55
5494,29.1463,1835.69,21.71
5495,27.31,1831.35,20.37
5496,29.8072,1625.75,22.28
5497,29.7989,1949.71,21.35
5498,28.2084,1808.33,22.5
5499,34.5205,1768.25,21.1
5500,33.6528,1843.4,24.04
5501,33.6976,1819.56,25.03
5502,33.2481,1883.05,25.29
5503,30.8248,1855.73,25.23
5504,31.8727,1877.84,26.95
5505,33.384,1954.69,28.44
5506,29.9232,1899.83,28.7
5507,26.9788,1776.1,29.46
5508,29.6593,1662.52,30.01
5509,29.0109,1999.65,28.22
5510,28.7033,1773.58,27.31
5511,28.9715,1748.26,27.79
5512,28.3583,1599.87,26.67
5513,27.4904,1852.48,26.82
5514,28.7933,1833.62,23.93
5515,24.8238,1638.16,24.99
5516,28.1588,1878.89,24.35
5517,28.8185,1769.54,22.17
5518,26.6407,2157.28,21.6
5519,26.9692,1771.53,20.37
5520,28.8811,1793.32,20.46
5521,29.7841,1746.53,20.73
5522,32.6301,2011.08,22.98
5523,31.1995,1819.49,22.1
5524,31.3136,1783.97,21.68
5525,31.9803,1962.76,24.22
5526,34.6779,1719.49,25.83
5527,32.9173,1967.56,26.01
5528,32.3292,2113.94,28.47
5529,31.9563,1975.98,28.61
5530,33.4381,1992.55,27.41
5531,29.6527,2028.59,28.31
5532,31.9733,2137.69,29.23
5533,29.5393,2086.21,27.2
5534,28.2594,2002.43,28.8
5535,31.63,2066.9,26.07
5536,25.8185,1861.0,28.02
5537,26.5717,2069.45,26.94
5538,25.1514,1864.7,25.5
5539,28.5309,1950.48,23.29
5540,29.9357,1633.83,23.17
5541,30.3836,2061.18,21.66
5542,30.3359,1945.05,20.51
5543,28.9271,2164.99,20.8
5544,29.4521,2087.82,21.7
5545,28.2697,2185.24,21.18
5546,34.5538,1929.65,22.99
5547,32.8248,2193.6,22.94
5548,31.8601,2330.96,23.66
5549,34.8899,2179.18,22.36
5550,31.5409,2191.47,24.71
5551,33.5077,2126.06,24.97
5552,32.3391,2051.73,26.82
5553,33.0793,2214.91,27.14
5554,31.4046,1951.61,28.09
5555,28.6001,2090.84,29.92
5556,30.1134,1936.94,29.48
5557,30.7968,2073.38,29.87
5558,28.4562,2243.05,26.86
5559,29.0414,2234.66,27.89
5560,25.8336,2187.94,27.97
5561,27.0628,2209.9,27.54
5562,26.0632,1970.57,23.45
5563,28.2227,2159.36,23.61
5564,27.4492,2129.28,24.03
5565,28.9138,2138.69,21.98
5566,30.1316,2296.21,20.63
5567,30.261,2127.23,19.59
5568,30.4097,2163.9,20.05
5569,29.2791,1991.7,19.45
5570,31.4958,2212.26,21.59
5571,31.3217,2122.14,23.07
5572,32.082,2267.01,21.74
5573,32.336,2147.9,24.22
5574,31.5301,2278.79,25.85
5575,29.9618,2252.78,26.03
5576,31.5959,2474.36,25.39
5577,32.4114,2336.64,28.21
5578,29.4777,2059.14,28.41
5579,30.8,2130.69,28.71
5580,32.8504,2291.36,28.45
5581,30.7581,2175.06,28.95
5582,30.9653,1932.0,28.97
5583,28.4654,2451.37,30.22
5584,29.1532,2376.73,27.11
5585,26.0163,2353.34,27.55
5586,26.0335,2218.12,25.36
5587,22.9935,2342.15,23.87
5588,29.1811,2205.78,23.15
5589,30.1892,2314.01,20.95
5590,27.6702,2177.74,21.84
5591,28.8426,2468.6,19.14
5592,28.8692,2096.3,20.14
5593,31.3504,2430.36,21.25
5594,33.1874,2284.56,22.73
5595,29.5072,2218.23,23.6
5596,33.2122,2293.76,22.76
5597,32.4828,2358.14,24.12
5598,33.1701,2430.25,25.98
5599,33.5863,2299.61,24.71
5600,32.3158,2150.62,27.4
5601,31.9659,2259.36,27.0
5602,31.1792,2465.57,28.29
5603,32.2319,2403.87,28.4
5604,30.6281,2345.51,29.44
5605,29.5544,2325.98,29.41
5606,26.5936,2308.2,29.36
5607,27.3108,2356.83,28.18
5608,28.7499,2156.25,27.17
5609,27.1588,2041.46,27.89
5610,27.9893,2205.15,23.48
5611,29.752,2091.35,25.66
5612,28.9598,2055.23,22.71
5613,28.0184,2087.57,22.74
5614,27.7335,2464.24,21.21
5615,25.3932,2174.15,20.43
5616,29.7474,2192.9,21.48
5617,30.2874,1994.29,22.18
5618,32.0855,1911.08,22.01
5619,31.8905,2025.28,21.63
5620,32.1175,2287.27,26.61
5621,30.2287,2145.82,25.16
5622,31.59,2168.46,25.93
5623,33.6128,2176.11,25.68
5624,35.1719,2007.3,26.37
5625,31.975,2235.55,27.55
5626,31.9917,1983.75,29.55
5627,32.2052,2219.1,27.87
5628,28.7837,2094.08,27.93
5629,29.7738,1816.97,29.4
5630,27.3893,1932.56,28.78
5631,29.1759,1798.82,27.06
5632,27.629,2143.33,25.91
5633,27.5499,1991.55,27.47
5634,25.8261,1717.97,25.36
5635,28.1628,2021.38,22.6
5636,30.529,1902.85,21.71
5637,26.3668,1780.37,21.81
5638,27.9904,2151.02,22.27
5639,29.571,1953.9,21.73
5640,31.1796,1897.32,22.13
5641,29.9371,1876.25,19.65
5642,27.2505,1734.41,21.76
5643,34.1601,1751.45,23.6
5644,33.7388,2054.36,24.33
5645,30.2834,1835.68,24.32
5646,32.0886,1887.78,27.35
5647,35.2501,1632.61,26.64
5648,34.7698,1712.79,28.04
5649,33.5293,1937.4,27.87
5650,31.2358,1903.06,27.68
5651,30.9009,2061.91,27.99
5652,29.8036,2006.7,29.18
5653,30.9159,1812.17,28.65
5654,27.1862,1891.19,26.7
5655,26.67,1791.33,26.8
5656,28.9173,2071.07,26.68
5657,27.0357,1957.85,26.76
5658,29.0677,1836.12,24.98
5659,26.095,1835.91,23.89
5660,27.3198,1981.66,22.01
5661,26.4951,1874.58,22.19
5662,28.511,1989.14,22.85
5663,27.0057,1536.28,21.29
5664,29.2685,1852.62,19.49
5665,28.6221,1733.51,19.88
5666,32.5409,2004.56,22.12
5667,33.1962,1978.14,21.95
5668,30.0027,1795.64,22.93
5669,34.8986,1975.45,23.35
5670,36.7461,2004.97,25.5
5671,32.9668,1800.1,25.73
5672,31.6364,2088.33,26.81
5673,36.3578,1788.81,26.98
5674,29.5215,1768.05,29.39
5675,30.8066,1899.26,28.64
5676,30.2694,1754.81,29.61
5677,31.2413,1809.76,27.67
5678,29.0396,1971.24,30.2
5679,27.1307,1807.34,29.11
5680,25.9751,1604.88,25.09
5681,26.5895,1855.94,25.23
5682,25.4896,1732.2,25.48
5683,27.174,1923.8,22.64
5684,26.5556,1908.04,22.87
5685,25.6376,2005.89,22.6
5686,30.3827,1943.34,21.35
5687,28.477,1970.68,21.68
5688,28.0978,1765.25,20.31
5689,30.5241,1947.99,18.89
5690,31.6026,2093.95,22.52
5691,29.5016,1781.59,23.15
5692,33.0955,2086.93,25.5
5693,31.327,1812.01,21.76
5694,35.5665,1782.89,25.75
5695,33.6837,1928.09,24.07
5696,31.9982,1986.08,28.76
5697,31.0036,2017.4,28.32
5698,31.3425,1800.59,27.51
5699,31.6956,1976.33,29.64
5700,29.9618,1850.26,28.45
5701,28.8978,1762.36,29.16
5702,28.5876,1838.22,28.67
5703,26.9729,1868.32,29.57
5704,26.8871,2029.9,28.81
5705,23.9735,2114.56,25.44
5706,28.4606,1808.58,26.06
5707,27.5504,2036.76,24.32
5708,26.2417,1862.54,21.59
5709,30.7268,2088.5,21.48
5710,28.6305,1947.59,23.87
5711,27.6693,1905.49,21.49
5712,31.2851,2136.96,22.0
5713,31.3735,1979.92,20.92
5714,32.0919,2021.77,21.0
5715,31.4827,1802.59,22.2
5716,33.2738,2191.85,22.73
5717,32.5051,2185.99,22.47
5718,33.8339,2097.29,24.0
5719,30.0404,1922.4,26.74
5720,31.9473,2259.81,26.62
5721,34.7046,2043.62,27.85
5722,30.3494,2077.93,28.7
5723,29.8707,2418.42,29.18
5724,29.3281,2065.03,30.15
5725,27.4013,2246.88,27.77
5726,25.1876,2233.45,29.03
5727,27.5328,2220.83,28.58
5728,27.6057,2215.67,27.99
5729,27.0235,2234.62,24.62
5730,26.7827,2229.51,25.25
5731,27.1668,2197.84,25.68
5732,28.9362,2392.4,22.9
5733,27.593,2060.26,22.66
5734,27.6389,2346.84,22.32
5735,28.8019,2329.17,20.11
5736,30.869,2320.27,22.83
5737,32.8945,2376.19,21.64
5738,30.5578,2236.45,22.06
5739,32.2697,2028.4,20.51
5740,33.1056,2248.83,23.79
5741,31.4089,2143.09,24.47
5742,33.0306,2178.42,26.62
5743,30.6993,2121.05,25.72
5744,29.9445,2216.44,26.01
5745,32.6714,2205.38,27.15
5746,30.9242,1994.58,27.96
5747,31.0799,2366.51,27.74
5748,29.9732,2551.17,30.29
5749,27.7589,2359.39,30.19
5750,28.4321,2263.86,28.27
5751,26.029,2282.86,27.44
5752,29.4884,2239.78,25.18
5753,25.0683,2301.63,26.73
5754,26.7063,2286.56,26.65
5755,25.5388,2189.9,23.33
5756,28.2576,2492.25,22.88
5757,27.3815,2110.97,22.61
5758,27.722,2374.41,23.26
5759,30.5033,2274.5,21.34
5760,30.0441,2512.83,21.2
5761,31.5514,2323.39,21.32
5762,30.028,2236.7,20.11
5763,30.0141,2247.25,20.72
5764,32.7589,2278.51,22.19
5765,32.4195,2133.01,24.98
5766,33.9397,2174.22,24.66
5767,32.7779,2047.84,25.51
5768,32.9057,2146.75,26.45
5769,29.6862,2263.95,27.69
5770,34.3327,2283.58,30.17
5771,30.5301,2004.63,28.71
5772,31.0464,2219.99,28.21
5773,27.9694,2298.1,28.89
5774,28.962,2204.71,30.22
5775,25.9244,2141.72,27.33
5776,28.08,2161.58,25.82
5777,26.5683,2139.18,25.53
5778,27.0438,2120.46,25.13
5779,28.1492,2210.31,24.65
5780,25.5531,2458.75,24.01
5781,26.8519,2084.76,21.13
5782,29.186,2127.82,20.59
5783,32.3709,2151.61,20.81
5784,29.7929,2066.99,21.68
5785,31.6632,2272.76,19.88
5786,31.3395,1847.83,20.93
5787,35.0347,2059.84,21.58
5788,29.9772,2212.89,23.94
5789,33.0397,2070.41,24.49
5790,30.5617,1998.13,25.9
5791,29.1379,2140.37,27.37
5792,33.0443,2187.02,26.69
5793,32.3306,2094.27,26.64
5794,31.0727,1963.54,27.28
5795,30.6172,2105.09,27.03
5796,34.6474,1992.75,28.54
5797,28.8363,2121.07,28.48
5798,29.2652,2200.31,29.25
5799,26.9046,1700.34,27.85
5800,27.8448,2017.07,26.51
5801,26.7449,1786.23,25.92
5802,26.3842,2278.38,23.96
5803,29.8306,1920.12,24.99
5804,29.1677,2056.88,22.21
5805,28.0838,1954.19,21.03
5806,25.0437,1853.29,22.35
5807,28.682,1830.38,21.71
5808,34.0545,2122.81,19.28
5809,30.4305,2038.9,21.99
5810,33.1548,2149.23,20.79
5811,34.2842,1914.65,21.8
5812,32.9265,1934.72,23.19
5813,31.635,1860.48,24.55
5814,29.347,1850.68,25.45
5815,33.924,1752.9,25.99
5816,31.3759,1881.04,26.58
5817,32.3855,1769.51,28.24
5818,29.6253,1910.77,28.35
5819,30.3786,1871.91,30.67
5820,30.0506,1880.06,29.59
5821,29.6264,2040.87,27.94
5822,26.8278,1829.91,27.99
5823,29.674,1920.13,27.88
5824,26.5066,2070.67,28.3
5825,24.5905,1976.77,27.45
5826,26.8365,1954.14,24.6
5827,27.1538,1775.06,23.03
5828,27.6428,1835.84,21.94
5829,29.9219,1646.84,22.42
5830,28.1453,1861.98,23.84
5831,29.0441,1832.45,21.68
5832,28.3452,1800.07,19.41
5833,32.0073,1918.62,20.41
5834,31.7765,1648.86,20.91
5835,31.4913,1988.76,21.35
5836,29.7411,1899.91,22.61
5837,35.0644,1782.7,24.33
5838,31.1585,1773.15,25.68
5839,32.0109,1848.85,27.13
5840,33.1356,1974.2,27.52
5841,30.3265,1804.76,25.87
5842,29.2597,1811.08,27.41
5843,27.5905,1797.53,28.71
5844,31.0815,2011.11,29.15
5845,28.4058,1755.25,29.73
5846,32.8909,1798.57,28.51
5847,26.3871,1980.64,27.88
5848,26.0197,1825.92,27.24
5849,26.2541,1948.31,25.78
5850,27.3647,1706.4,25.09
5851,26.3969,1795.34,25.09
5852,28.3204,2002.63,22.92
5853,26.4108,1748.16,22.14
5854,26.4276,1816.28,21.5
5855,26.5262,1870.65,22.43
5856,26.6646,1726.84,19.89
5857,29.9994,1801.85,22.91
5858,31.0485,1871.25,20.36
5859,31.1742,1869.83,21.52
5860,34.4632,2024.6,23.74
5861,34.7398,2062.9,25.0
5862,32.4978,1782.4,23.6
5863,30.2069,1905.9,24.94
5864,31.748,1981.08,27.28
5865,31.2216,2089.95,30.17
5866,30.5143,2002.22,29.71
5867,29.7299,1959.09,28.62
5868,29.0198,2012.51,26.58
5869,28.6437,2021.88,28.95
5870,27.5467,1838.34,28.83
5871,28.1912,1981.57,27.45
5872,27.9425,2142.41,26.15
5873,25.7363,1951.41,26.19
5874,28.9066,2000.9,24.06
5875,25.6321,1965.42,25.84
5876,24.9752,1726.08,24.52
5877,28.4498,2015.48,22.83
5878,27.2739,2058.53,21.63
5879,29.7055,1970.15,20.48
5880,26.3945,1902.44,20.98
5881,32.8651,1944.68,22.78
5882,32.5084,2151.39,22.4
5883,29.8706,2305.69,22.38
5884,30.3799,2244.15,23.92
5885,35.4062,1926.16,24.51
5886,31.8939,2199.19,25.4
5887,31.6465,2026.13,27.02
5888,29.199,2044.82,27.52
5889,31.5952,2068.13,28.69
5890,31.1584,2217.06,28.63
5891,31.8497,2256.08,28.61
5892,27.9014,2137.71,28.45
5893,26.9431,2148.09,28.2
5894,29.1764,2221.71,26.86
5895,29.3888,2242.17,26.92
5896,25.0452,2322.98,26.06
5897,28.7245,2035.33,25.53
5898,27.0563,2199.28,26.56
5899,28.7399,2075.91,23.81
5900,27.2966,2204.93,23.24
5901,24.0953,2190.64,22.44
5902,28.272,2218.65,23.12
5903,30.8138,2134.52,20.56
5904,28.6594,2057.98,20.78
5905,30.1945,1990.82,21.03
5906,31.2358,2231.82,22.67
5907,27.772,2200.96,23.52
5908,35.1051,2176.39,23.47
5909,31.5457,2420.73,25.2
5910,33.7586,2163.11,25.18
5911,32.7677,2440.16,25.86
5912,34.4845,2468.58,28.18
5913,32.7304,2042.86,28.32
5914,31.1476,2290.98,27.73
5915,29.4362,2234.52,29.86
5916,31.1968,1935.32,28.79
5917,26.4134,2113.28,28.53
5918,29.4688,2381.2,29.36
5919,26.2301,2531.73,27.74
5920,29.2803,2398.62,27.39
5921,27.3442,2329.66,26.7
5922,27.9662,2288.44,24.22
5923,27.2252,2492.74,24.35
5924,24.7734,2548.09,24.35
5925,26.5876,2219.01,21.22
5926,29.5086,2048.21,21.99
5927,29.4735,2034.86,20.31
5928,31.7715,2443.36,22.02
5929,31.3814,2276.83,22.15
5930,30.0499,2301.88,21.18
5931,30.9272,2062.09,24.38
5932,32.7525,2183.34,24.11
5933,29.4267,2234.68,24.67
5934,35.5102,2291.18,25.65
5935,33.5604,2214.2,27.02
5936,34.4386,2133.03,26.0
5937,29.7504,2158.53,28.02
5938,33.3668,2392.56,28.85
5939,34.1237,2271.52,28.46
5940,28.0187,2309.92,29.46
5941,30.3806,2122.63,30.1
5942,28.5017,1869.8,28.04
5943,25.562,2155.0,27.77
5944,28.1412,2107.05,26.18
5945,28.3526,2245.95,24.25
5946,26.0983,2591.16,25.78
5947,28.8511,2272.87,23.94
5948,24.9018,2510.15,23.05
5949,25.6365,2242.26,21.18
5950,28.7049,2090.41,21.35
5951,29.2616,2199.57,22.23
5952,28.9251,2363.15,21.0
5953,31.9908,2360.52,21.17
5954,32.2963,2063.29,21.74
5955,33.4085,2153.95,20.94
5956,32.4134,1943.18,23.62
5957,33.8016,2204.66,22.71
5958,32.3315,2283.03,24.06
5959,35.9785,2092.25,24.99
5960,31.3793,1998.17,26.82
5961,35.2793,2112.21,27.48
5962,31.5523,2109.78,28.46
5963,28.7132,2060.09,27.96
5964,32.0521,2062.45,30.01
5965,29.4124,2010.79,29.7
5966,29.7767,2141.83,28.29
5967,29.7145,2101.36,27.35
5968,27.9089,1885.77,26.42
5969,26.2139,1873.25,25.73
5970,28.4636,1954.84,23.6
5971,27.1034,2064.72,23.01
5972,28.4307,1985.08,23.86
5973,24.6481,1881.25,22.47
5974,29.1705,1981.05,23.17
5975,28.2657,1901.33,20.84
5976,32.48,2038.19,20.64
5977,31.7111,1964.15,20.73
5978,31.8598,1878.17,21.22
5979,32.8508,1935.77,21.51
5980,31.1004,2057.98,23.27
5981,35.3327,1824.19,23.99
5982,35.9871,1933.45,24.49
5983,33.4871,1869.47,27.29
5984,34.9837,1922.19,28.9
5985,31.2676,1785.68,29.0
5986,30.3043,1870.98,29.02
5987,30.8378,1984.45,29.63
5988,30.6524,1733.1,30.86
5989,28.6326,1680.32,29.62
5990,29.3067,1679.47,27.88
5991,28.3383,1688.84,28.22
5992,25.9045,1895.93,27.63
5993,27.8804,1651.27,25.04
5994,28.2953,1780.01,24.72
5995,27.3594,1886.05,25.07
5996,29.1309,1858.28,21.18
5997,26.0526,1758.76,20.92
5998,29.2019,1825.02,21.36
5999,27.4681,1812.38,21.49
6000,28.3289,1770.36,19.64
6001,29.8301,1770.06,21.01
6002,30.0869,2062.04,22.69
6003,31.2993,1889.69,22.24
6004,32.2769,2089.38,23.94
6005,34.1535,1731.54,23.37
6006,32.5183,1780.8,24.19
6007,30.5193,1631.32,26.88
6008,34.3082,1694.55,27.37
6009,30.8657,2020.8,26.64
6010,31.4119,1731.15,27.66
6011,31.4463,2025.67,30.43
6012,30.2994,1648.06,28.08
6013,30.8648,1673.1,29.8
6014,29.2185,1761.16,27.99
6015,26.5867,1797.38,27.83
6016,30.6698,1919.05,27.29
6017,27.3937,1865.95,23.93
6018,26.779,1765.8,23.54
6019,28.5481,1803.97,24.05
6020,27.7761,1786.21,22.28
6021,28.4775,1719.56,23.17
6022,32.2383,1727.88,19.93
6023,28.8109,1963.2,21.7
6024,29.5234,1626.16,19.62
6025,30.9513,2045.59,20.78
6026,33.1073,1816.58,20.47
6027,29.8615,1771.52,24.07
6028,29.6497,1959.73,21.66
6029,32.0171,2056.15,23.84
6030,30.5491,2019.24,23.27
6031,32.2605,1952.77,27.63
6032,33.3518,2030.59,27.4
6033,30.7852,1702.01,27.97
6034,29.3598,1853.38,29.94
6035,30.8805,1814.84,29.01
6036,31.2938,2079.49,29.22
6037,26.6811,1895.01,29.0
6038,29.7303,2051.11,29.03
6039,29.1046,2022.73,27.34
6040,28.8331,1863.83,26.79
6041,28.9299,1905.86,26.85
6042,30.303,2140.63,25.28
6043,26.5681,1901.46,23.85
6044,27.5663,2018.72,21.6
6045,27.254,1919.1,23.67
6046,28.503,1984.64,20.87
6047,31.5229,2026.11,22.12
6048,27.9825,1947.06,21.18
6049,29.4849,1935.09,19.84
6050,33.5658,2094.04,22.79
6051,33.6514,1967.62,22.43
6052,32.0534,1980.98,24.34
6053,34.1794,1974.79,23.78
6054,33.5118,2087.28,25.7
6055,35.1482,2218.95,24.27
6056,32.7098,2295.47,26.5
6057,33.6598,2036.46,26.56
6058,35.463,2390.37,28.09
6059,31.6736,2020.41,29.34
6060,30.074,2279.5,28.4
6061,30.3072,2071.21,29.73
6062,27.9521,2061.49,27.61
6063,31.4606,2084.64,28.71
6064,27.672,2175.54,28.31
6065,26.6928,2259.05,27.05
6066,25.7465,2277.26,24.66
6067,28.7481,2090.79,21.84
6068,28.7027,2092.28,23.58
6069,27.1326,2107.78,22.05
6070,29.3647,2210.9,20.56
6071,26.9607,2205.27,20.58
6072,30.2775,2122.44,22.43
6073,31.4556,2274.5,20.0
6074,34.061,2519.07,22.0
6075,30.9651,2192.12,22.39
6076,30.6805,2205.48,22.64
6077,31.5546,2329.19,24.61
6078,30.9951,2199.18,26.63
6079,34.9028,2350.42,25.74
6080,34.921,2187.49,26.76
6081,32.6016,2496.83,28.45
6082,33.3319,2321.27,29.38
6083,30.9774,2208.08,28.74
6084,29.8573,2214.09,28.69
6085,28.724,2224.99,26.65
6086,28.0344,2452.94,27.69
6087,25.557,2137.18,26.69
6088,27.7983,2210.15,27.68
6089,27.0417,2223.43,25.79
6090,28.118,2289.12,24.72
6091,27.2425,2258.29,23.96
6092,27.1579,2111.35,22.13
6093,26.5719,2241.45,23.72
6094,28.6082,2276.26,22.83
6095,30.3309,2211.27,22.75
6096,28.285,2367.15,21.68
6097,30.9077,2392.81,21.11
6098,31.8496,2270.49,23.15
6099,31.0442,2304.64,21.49
6100,31.7163,2014.39,22.13
6101,33.2437,2219.61,23.36
6102,31.2999,2386.82,25.52
6103,33.4227,2211.22,25.27
6104,31.255,2169.03,26.84
6105,33.7156,2526.0,26.23
6106,35.0067,2465.85,28.95
6107,29.4853,2298.26,27.35
6108,30.8013,2373.13,28.07
6109,28.1334,1963.38,30.08
6110,30.0614,2129.76,29.64
6111,25.9808,2161.38,28.2
6112,28.1228,2182.73,27.28
6113,25.7927,2145.28,25.5
6114,26.6895,1890.87,24.23
6115,25.5557,2235.78,23.6
6116,28.6354,2247.07,21.49
6117,26.6232,2366.24,22.42
6118,29.3279,2071.4,21.58
6119,28.7074,2053.4,20.2
6120,29.8283,1827.87,22.57
6121,30.9981,2105.74,21.74
6122,30.3573,2240.47,22.23
6123,32.4369,2050.16,21.68
6124,34.8936,2371.9,23.0
6125,31.7306,2074.91,24.59
6126,34.7577,2114.27,25.15
6127,35.1449,1923.91,27.64
6128,31.3738,2112.73,26.8
6129,29.9387,1831.47,27.32
6130,31.9529,2142.93,29.1
6131,29.9553,2137.28,27.6
6132,32.8029,2204.11,29.92
6133,29.2758,1909.26,27.56
6134,27.2967,2041.58,29.1
6135,26.1579,2080.67,27.18
6136,29.0368,2056.81,27.48
6137,26.2454,1890.69,26.94
6138,27.0657,1698.33,25.15
6139,28.5359,2017.93,22.77
6140,26.6755,1949.01,22.1
6141,27.8098,1890.43,21.44
6142,28.4751,2041.34,19.64
6143,30.2485,1935.64,22.26
6144,30.8861,1774.23,21.11
6145,30.4463,1692.41,20.0
6146,31.5955,1780.52,22.99
6147,31.5637,2195.15,21.47
6148,30.3817,1986.9,23.25
6149,33.2842,1915.18,23.14
6150,35.8383,1863.33,22.98
6151,31.5722,1848.24,24.67
6152,31.4385,2011.02,26.55
6153,30.8152,1805.35,28.73
6154,32.5869,1926.97,28.81
6155,31.4492,1809.7,29.0
6156,29.7622,2078.36,26.99
6157,27.8465,1928.93,30.13
6158,28.6386,1983.91,28.69
6159,25.5317,1759.19,27.71
6160,27.6171,1951.47,28.13
6161,28.4095,1782.46,27.28
6162,25.1232,1828.96,26.15
6163,24.8034,2008.07,23.72
6164,29.7711,1683.15,22.0
6165,26.961,1829.42,23.16
6166,30.2039,1854.67,20.17
6167,28.9925,1861.92,23.08
6168,29.7571,1743.17,21.03
6169,31.4341,2045.71,20.08
6170,30.174,1638.4,20.3
6171,32.3201,1967.64,20.89
6172,32.0258,1937.51,23.14
6173,30.917,2019.28,23.96
6174,33.5062,1600.41,23.76
6175,32.5028,1686.92,25.68
6176,32.3625,1970.73,25.63
6177,30.3061,1567.33,28.42
6178,33.8871,1601.02,28.41
6179,32.0915,1736.76,28.49
6180,31.4462,1820.31,27.71
6181,28.7654,1990.59,28.56
6182,25.9062,1779.87,28.05
6183,30.8081,1732.04,28.15
6184,27.3103,1845.65,27.17
6185,25.979,1868.21,26.83
6186,27.6252,1868.71,24.52
6187,28.8529,1798.61,22.1
6188,27.3673,1589.88,23.99
6189,29.7965,1719.21,21.24
6190,30.1245,2004.87,20.43
6191,27.609,1862.3,21.09
6192,28.9893,1806.84,21.3
6193,32.2128,1985.69,20.61
6194,27.4311,1722.12,21.0
6195,31.8971,1837.18,21.78
6196,30.4518,1887.49,24.42
6197,32.1829,1824.96,23.96
6198,32.5518,1897.22,24.03
6199,32.3604,1870.02,25.08
6200,31.7697,1732.25,26.75
6201,30.4756,1929.77,28.07
6202,34.9379,1756.6,28.95
6203,33.5777,1944.06,28.99
6204,28.2569,2097.43,28.16
6205,31.5967,1907.3,28.44
6206,27.9008,1809.09,29.2
6207,28.0725,1943.19,26.68
6208,27.307,1867.47,26.53
6209,26.1126,2047.64,26.63
6210,28.4758,1967.61,25.88
6211,27.2911,2199.69,23.77
6212,26.6871,2143.3,22.59
6213,25.9218,1994.64,20.85
6214,27.1596,2108.19,22.06
6215,26.7615,1984.46,22.46
6216,30.0183,2045.07,23.57
6217,28.9815,2006.98,21.52
6218,31.1017,2151.66,21.49
6219,34.1765,2240.95,21.25
6220,34.397,2174.1,21.12
6221,32.8494,2198.11,24.14
6222,32.8694,2207.39,27.35
6223,35.7176,2171.86,27.31
6224,33.3792,1977.97,28.12
6225,31.6296,2327.69,28.07
6226,29.361,2348.86,28.82
6227,31.3673,2112.91,26.44
6228,31.244,2104.99,29.76
6229,28.2761,2231.31,28.28
6230,28.9368,2232.1,27.76
6231,27.3333,2149.77,27.51
6232,27.1259,2031.83,26.64
6233,23.3705,2226.14,25.32
6234,26.6673,2263.04,25.01
6235,28.5563,2291.17,23.41
6236,26.4548,2252.96,23.1
6237,27.9575,2185.24,20.68
6238,27.3661,2343.54,21.32
6239,29.7642,2238.39,20.04
6240,29.6752,2180.67,20.36
6241,29.3676,2220.47,21.28
6242,33.4988,2038.04,19.93
6243,33.5147,2230.81,21.35
6244,31.6907,2340.12,23.57
6245,33.6445,2302.8,22.55
6246,33.8061,2448.72,26.78
6247,33.8612,2238.58,27.24
6248,30.0567,2332.2,26.51
6249,33.6312,2372.1,27.04
6250,30.6455,2561.04,28.67
6251,30.2397,2299.85,27.42
6252,33.9568,2159.43,27.0
6253,29.6764,2388.39,28.4
6254,27.9205,2512.09,28.33
6255,24.5707,2250.72,27.92
6256,29.4866,2391.23,26.39
6257,25.0844,2438.27,27.31
6258,25.4948,2413.05,23.5
6259,26.6052,2305.89,22.83
6260,29.5265,2206.48,23.49
6261,29.0385,2279.67,21.01
6262,28.2632,2343.24,20.34
6263,29.686,2395.63,21.26
6264,29.0994,2324.81,19.95
6265,30.9859,2236.89,21.0
6266,31.61,2346.54,20.84
6267,33.5745,2380.18,21.31
6268,34.0488,2319.27,20.9
6269,33.6387,2169.8,24.1
6270,32.4565,2244.47,23.75
6271,34.0105,2375.77,25.87
6272,32.4601,2091.54,26.49
6273,30.4984,2001.5,27.62
6274,30.8951,2428.53,28.31
6275,30.9032,2303.52,29.06
6276,31.3653,2309.27,28.27
6277,28.9483,2101.27,30.11
6278,26.6862,2312.77,26.62
6279,27.9638,2250.81,27.6
6280,27.5721,2020.92,27.84
6281,27.381,2374.99,26.51
6282,28.3798,2215.91,24.03
6283,28.6306,2141.92,23.16
6284,26.5106,2136.47,21.99
6285,26.9545,1932.18,22.77
6286,26.9397,2237.2,20.8
6287,30.2718,2189.24,21.39
6288,32.1732,2126.18,21.26
6289,30.3038,2294.39,23.5
6290,31.1379,1966.27,21.85
6291,34.3215,2051.96,21.36
6292,33.3564,2012.69,21.54
6293,33.5521,2072.25,23.69
6294,31.2136,2104.73,24.88
6295,33.9159,2139.08,23.82
6296,31.2044,2036.62,26.29
6297,30.4203,1963.71,28.13
6298,30.9798,2262.0,27.93
6299,29.8978,2339.74,29.83
6300,29.6676,2058.19,27.44
6301,27.0621,1940.84,29.54
6302,29.9382,2199.37,29.38
6303,29.5702,1839.4,28.78
6304,24.4809,1963.57,25.43
6305,28.5699,1910.99,26.35
6306,25.7842,1846.23,24.33
6307,28.3877,1942.69,22.56
6308,27.2993,1863.61,22.59
6309,27.9218,1959.95,21.27
6310,28.2224,1952.93,22.46
6311,31.0417,1866.47,21.65
6312,28.1406,1888.07,19.85
6313,31.6882,1896.48,20.41
6314,33.152,2013.18,21.16
6315,33.1958,1890.18,22.1
6316,36.0851,1999.13,24.01
6317,32.1044,1962.84,24.66
6318,34.436,1953.71,25.05
6319,32.7386,2044.47,25.77
6320,34.4482,1736.63,25.23
6321,32.1098,1807.44,29.12
6322,30.9182,2069.33,28.02
6323,32.7356,1820.63,30.42
6324,29.2627,1507.73,29.2
6325,27.1045,1815.49,30.89
6326,27.7247,1850.63,29.07
6327,28.8072,1515.27,26.4
6328,29.49,1984.57,26.39
6329,27.2689,1734.33,25.87
6330,28.9773,1855.19,24.13
6331,25.065,1784.74,23.59
6332,26.737,1653.68,21.63
6333,27.4458,1676.57,22.18
6334,28.3282,1689.9,21.77
6335,29.3497,1929.8,20.13
6336,31.0364,1779.56,22.94
6337,30.1092,1732.73,21.2
6338,31.7085,1681.64,20.72
6339,32.0536,1936.11,20.54
6340,31.2092,1967.4,23.06
6341,32.7273,1933.34,23.7
6342,32.7845,1850.09,25.78
6343,32.6502,1825.95,25.89
6344,32.6457,1645.79,25.81
6345,32.2348,1763.07,29.5
6346,30.8516,1711.73,28.9
6347,32.6855,1576.3,28.61
6348,28.2458,1924.11,29.16
6349,28.1421,1716.02,29.34
6350,32.6699,1945.62,27.04
6351,26.3217,1910.84,27.99
6352,25.3713,1875.09,26.55
6353,28.2039,1885.41,26.54
6354,23.8843,1741.92,24.26
6355,26.7493,2042.91,23.36
6356,30.6207,1829.67,24.66
6357,25.5613,1865.55,23.4
6358,25.5271,1756.55,18.24
6359,26.9748,1728.11,22.29
6360,31.3475,1902.82,20.93
6361,32.4636,1877.61,20.43
6362,30.7311,1763.01,20.53
6363,33.1461,1691.61,21.22
6364,34.6835,1718.57,22.32
6365,35.5788,2021.46,22.84
6366,32.6305,1811.54,23.65
6367,29.4456,1851.88,24.99
6368,31.3668,2074.21,27.32
6369,31.4811,1773.33,27.88
6370,31.1116,1828.76,29.02
6371,30.4947,1831.93,28.8
6372,31.6783,2126.7,27.69
6373,31.1352,2180.23,29.36
6374,28.2425,2039.85,27.46
6375,29.5264,2052.44,28.48
6376,27.9384,1897.67,25.83
6377,27.199,2209.97,25.35
6378,28.3598,2017.49,24.64
6379,27.2106,2096.9,24.64
6380,30.4886,1991.08,23.18
6381,25.7211,1980.84,22.19
6382,27.7272,2221.88,23.42
6383,29.0338,2096.42,19.3
6384,30.6592,2215.17,19.96
6385,32.6784,2080.99,20.06
6386,31.4634,1957.88,19.77
6387,29.988,1998.99,21.45
6388,33.8618,2090.62,23.69
6389,34.0302,2012.3,23.37
6390,30.0872,1963.73,24.67
6391,32.8921,2249.87,24.31
6392,30.2129,2049.3,26.2
6393,31.1243,2140.15,27.37
6394,30.1458,2167.87,29.11
6395,31.9904,2070.39,27.19
6396,30.1752,2323.57,28.54
6397,27.2952,2023.76,29.95
6398,29.8201,2197.4,28.02
6399,25.728,2203.54,25.71
6400,27.8971,2175.32,28.28
6401,25.8812,2033.83,26.77
6402,26.4515,2301.37,25.87
6403,27.8586,2293.29,22.22
6404,28.1841,2129.97,24.51
6405,29.8841,2302.68,21.4
6406,28.3766,2269.25,21.03
6407,29.6832,2076.82,20.43
6408,29.3434,2133.99,21.95
6409,31.0494,2378.74,20.96
6410,32.1592,2284.69,22.02
6411,31.9739,2184.96,22.25
6412,29.8925,2154.49,22.9
6413,33.395,2200.18,23.02
6414,33.5468,2212.9,26.81
6415,31.8775,2168.63,24.57
6416,30.6715,2064.71,27.41
6417,34.3351,2413.77,28.21
6418,32.2372,2396.37,29.62
6419,30.4328,2129.69,30.25
6420,28.2945,2301.09,28.86
6421,27.9908,2178.37,29.39
6422,30.4539,2256.82,30.23
6423,28.0852,2248.06,27.76
6424,26.576,2238.96,25.93
6425,27.8668,2531.18,25.65
6426,25.7784,2238.16,23.7
6427,29.3535,2193.83,24.34
6428,29.4311,2198.79,24.06
6429,27.1788,2414.68,22.05
6430,27.557,2089.96,19.91
6431,25.2963,2195.13,22.16
6432,27.7776,2458.35,19.22
6433,28.7673,2311.76,19.59
6434,31.7028,2302.92,21.36
6435,31.632,2532.83,22.42
6436,30.5801,2303.28,23.42
6437,32.476,2185.16,23.9
6438,33.758,2232.39,26.76
6439,33.6895,2125.78,26.1
6440,29.7486,2408.22,28.03
6441,31.9289,2321.63,28.62
6442,29.425,2382.49,27.17
6443,32.1291,2387.71,28.69
6444,31.1762,2186.75,31.12
6445,27.8765,2117.12,28.36
6446,27.3509,2218.06,27.79
6447,27.1868,2113.05,28.0
6448,24.0227,2230.84,26.53
6449,27.6062,2339.92,25.24
6450,26.5907,2176.7,24.52
6451,28.5575,2207.45,25.4
6452,25.7543,2170.57,22.86
6453,26.95,2270.34,20.84
6454,26.2402,2085.87,20.02
6455,27.7171,1894.24,23.34
6456,28.227,2205.98,20.78
6457,32.2704,2259.51,21.57
6458,30.4526,2185.9,20.76
6459,32.3076,2046.74,22.49
6460,32.0269,1978.49,24.46
6461,30.9936,2165.04,23.31
6462,32.7475,2113.61,25.46
6463,33.7964,2072.38,24.63
6464,30.7864,2296.96,29.02
6465,33.335,1955.38,28.1
6466,30.2254,2272.69,28.05
6467,30.052,2054.16,28.57
6468,30.796,1820.73,28.49
6469,28.2284,2010.15,28.4
6470,28.5564,2137.46,26.02
6471,27.4066,1969.2,27.73
6472,27.596,1826.77,26.86
6473,23.5311,1974.78,26.52
6474,24.2555,1882.51,24.48
6475,28.0262,2035.31,23.19
6476,28.9577,2060.12,22.99
6477,26.5129,1831.68,20.56
6478,28.134,1864.97,21.68
6479,29.6656,2031.82,19.27
6480,31.0398,1829.47,22.12
6481,27.7349,1794.32,21.82
6482,30.1709,1774.56,20.61
6483,31.6225,1950.24,22.83
6484,33.6528,1937.27,23.11
6485,36.6454,1810.46,22.96
6486,32.658,1885.74,22.98
6487,30.7873,2061.18,26.35
6488,33.2015,1754.07,26.21
6489,34.1028,1630.01,28.92
6490,31.662,1912.35,28.48
6491,29.4165,1838.26,28.16
6492,31.437,1760.34,30.8
6493,30.2189,1918.1,29.44
6494,26.9609,1935.15,24.81
6495,28.4508,1564.33,27.34
6496,28.8978,1746.18,25.62
6497,28.8751,2098.07,25.24
6498,26.9003,1885.77,24.86
6499,26.5651,1892.99,24.32
6500,29.2428,1949.03,23.26
6501,26.0634,1807.08,23.25
6502,29.1579,1897.71,22.17
6503,27.1685,1885.69,21.71
6504,31.5981,1861.95,21.2
6505,30.3894,1756.72,22.42
6506,33.4029,1814.44,21.22
6507,32.8584,1721.97,21.88
6508,30.7632,1793.24,21.09
6509,35.0347,1650.96,25.02
6510,35.3269,1696.13,24.92
6511,34.2212,1757.3,28.97
6512,31.4557,1678.45,26.59
6513,31.6623,1731.97,27.92
6514,31.7181,1774.12,29.01
6515,29.7209,1843.63,27.76
6516,32.5385,1911.18,29.36
6517,29.44,1743.86,28.9
6518,24.445,1962.32,28.16
6519,28.3877,1917.66,29.0
6520,26.8797,1868.77,26.1
6521,26.9898,1830.3,26.31
6522,26.4471,1854.05,26.45
6523,28.3128,1962.42,23.26
6524,29.0815,1971.32,22.7
6525,28.3033,1989.51,24.52
6526,27.991,1839.4,22.01
6527,29.1615,1906.45,20.63
6528,30.0294,2006.77,21.8
6529,29.5728,1776.66,20.57
6530,32.3684,1819.53,19.97
6531,32.8114,1866.15,23.54
6532,34.9087,1978.91,21.9
6533,34.7808,1987.75,26.42
6534,31.9715,1857.42,24.51
6535,34.1282,1711.51,28.17
6536,31.1716,1929.71,25.63
6537,33.1652,1797.79,28.85
6538,30.7251,1737.21,28.96
6539,29.2416,1772.52,29.7
6540,30.4201,1971.69,29.97
6541,25.2117,2104.35,28.37
6542,25.8735,1954.33,27.16
6543,27.6124,1983.8,27.78
6544,27.5256,2109.26,27.22
6545,26.5482,1790.96,25.56
6546,24.6308,2047.79,25.28
6547,25.8754,1993.13,24.29
6548,27.9887,2071.67,22.09
6549,28.7514,1954.99,22.57
6550,28.4757,1924.17,21.27
6551,30.9588,2048.51,20.44
6552,30.5961,2238.9,21.79
6553,29.6553,2153.66,20.36
6554,31.0792,1998.76,21.08
6555,30.017,1908.07,22.24
6556,32.4359,1876.41,24.37
6557,34.5659,2245.41,24.16
6558,34.0279,1982.02,25.53
6559,35.0008,2066.64,25.74
6560,32.1437,2273.23,26.92
6561,34.1405,1929.9,27.78
6562,31.21,2311.41,28.76
6563,32.9838,2110.54,28.57
6564,29.9672,2011.64,30.34
6565,30.2844,2128.14,28.49
6566,30.7127,2079.29,26.76
6567,27.5885,2226.91,30.57
6568,27.7295,2104.05,26.67
6569,29.0355,1960.06,27.35
6570,26.8005,2170.4,26.4
6571,25.1209,2041.29,24.91
6572,30.6164,2235.56,22.8
6573,27.174,2075.32,22.46
6574,28.7381,2165.7,20.26
6575,30.9576,2252.4,23.13
6576,29.0873,2210.96,20.15
6577,29.2647,2272.2,20.88
6578,31.8806,2329.19,21.63
6579,29.4317,2113.73,22.06
6580,32.1662,2249.78,22.34
6581,33.2653,1862.49,25.36
6582,32.5951,2295.92,25.95
6583,30.5826,2234.04,26.36
6584,34.9893,2155.7,26.6
6585,32.2766,2314.86,28.89
6586,33.6467,2420.62,28.0
6587,30.3864,2225.36,30.43
6588,28.68,2171.35,29.11
6589,29.6273,2306.44,30.09
6590,28.1763,2127.93,28.35
6591,26.112,2210.18,27.9
6592,29.6066,2436.99,28.23
6593,26.1688,2298.29,28.23
6594,24.2396,2065.46,26.56
6595,29.0945,2075.19,24.84
6596,26.6455,2309.75,23.59
6597,26.9669,2392.91,21.66
6598,25.8519,2094.09,21.83
6599,31.835,2340.61,20.22
6600,28.0658,2444.37,21.38
6601,30.8641,2509.02,21.58
6602,32.8689,2319.64,19.58
6603,32.7539,2337.79,22.21
6604,32.5086,2017.74,23.41
6605,30.3453,2522.11,23.88
6606,31.7854,2197.18,25.36
6607,33.1795,2150.01,24.69
6608,31.4173,2226.88,26.22
6609,32.4264,2434.08,28.86
6610,32.5226,2512.53,28.46
6611,32.2202,2257.2,29.2
6612,28.1607,2356.23,28.45
6613,32.5185,2235.68,28.88
6614,29.6512,2099.73,26.16
6615,27.8761,2394.99,28.67
6616,29.0362,2136.39,28.81
6617,30.6503,2388.34,24.97
6618,24.8419,2352.7,24.06
6619,26.7643,2263.14,24.41
6620,23.8343,2401.31,24.47
6621,28.1677,2441.89,22.17
6622,29.0481,2144.97,20.31
6623,29.1648,2060.76,20.93
6624,29.0182,1925.76,19.97
6625,27.7022,2410.33,20.47
6626,32.0603,2079.57,21.23
6627,34.3045,2259.77,21.24
6628,31.7115,2025.74,22.22
6629,33.5579,2290.3,24.04
6630,30.6478,2012.62,25.22
6631,33.5836,1944.47,24.61
6632,32.008,2053.24,27.4
6633,30.9777,2005.18,27.45
6634,30.3595,2131.24,29.18
6635,30.186,2044.18,29.64
6636,30.5736,2116.32,28.46
6637,27.2553,1996.73,29.48
6638,27.9043,1942.5,27.63
6639,27.8165,1942.98,29.15
6640,25.7534,2249.13,26.2
6641,29.7972,2021.54,26.39
6642,25.7198,1747.32,24.81
6643,26.0981,1913.87,22.95
6644,25.9345,1978.94,23.9
6645,30.5764,2179.88,21.56
6646,29.3294,2073.11,19.84
6647,27.8187,1830.42,18.25
6648,31.6593,2222.73,20.12
6649,31.0775,1920.44,22.51
6650,31.8859,2065.56,22.79
6651,31.6046,1769.39,21.45
6652,31.474,1612.39,22.63
6653,33.4044,1723.53,23.5
6654,32.1824,1495.09,23.67
6655,35.6229,2131.38,25.09
6656,30.6941,1896.7,27.98
6657,34.4256,1753.27,28.33
6658,31.333,1912.05,28.74
6659,31.2251,1874.23,27.53
6660,31.2497,1920.05,29.1
6661,28.2782,1984.99,26.56
6662,29.7964,1799.65,29.31
6663,23.8174,1723.74,28.09
6664,26.3219,1923.83,25.65
6665,25.7161,1916.25,27.65
6666,25.1197,1827.85,23.2
6667,26.7798,2073.17,24.5
6668,27.9805,1755.74,23.56
6669,28.9327,1697.05,20.93
6670,28.8613,1852.28,21.5
6671,28.225,1718.53,19.5
6672,30.5535,1856.73,18.15
6673,30.9629,1695.4,20.07
6674,32.9041,1745.76,20.92
6675,33.2867,2019.47,22.82
6676,32.6438,1743.03,23.07
6677,31.5519,1695.31,24.06
6678,32.0206,1931.48,23.99
6679,32.0731,1665.05,25.51
6680,32.1252,1708.55,26.07
6681,32.5234,1861.76,26.6
6682,32.5728,1906.4,27.87
6683,30.6998,1941.82,28.94
6684,30.0242,1707.6,28.43
6685,29.4385,1871.04,28.54
6686,27.7261,1746.17,29.16
6687,26.4906,1732.35,27.33
6688,24.7688,1952.67,25.67
6689,26.0595,1745.91,26.6
6690,27.7097,1849.14,25.27
6691,26.0479,1838.64,24.29
6692,27.0452,1696.0,23.63
6693,28.5783,1945.25,22.63
6694,29.281,1901.67,21.56
6695,27.6042,1601.5,23.53
6696,31.4956,1878.83,19.72
6697,32.4675,1758.75,20.55
6698,29.8052,1989.39,22.5
6699,30.8856,1690.78,22.31
6700,34.3847,1828.18,23.76
6701,32.6775,1921.37,24.13
6702,29.6703,1891.65,26.37
6703,30.7983,1984.1,25.03
6704,32.224,1717.96,28.34
6705,30.3768,2106.22,29.0
6706,30.8799,1979.02,27.25
6707,30.8251,2087.35,29.49
6708,32.1934,2037.44,28.96
6709,28.7879,1939.63,28.26
6710,30.1088,1795.56,26.58
6711,30.0218,1890.8,26.82
6712,29.5534,2158.06,27.71
6713,27.5294,2142.55,26.85
6714,24.0551,1911.02,24.79
6715,27.7935,1656.33,24.78
6716,28.9745,1978.22,23.95
6717,27.7571,1978.48,22.33
6718,31.1169,1992.34,20.81
6719,30.5133,2095.08,21.58
6720,30.8524,2146.15,21.49
6721,32.406,2169.18,21.81
6722,32.0001,2113.17,22.4
6723,28.3821,1852.9,20.81
6724,31.8494,2037.32,22.49
6725,34.6935,2363.97,22.07
6726,31.7886,2141.54,25.75
6727,32.5626,2149.84,25.82
6728,31.0308,2157.83,27.43
6729,34.7972,2173.42,26.35
6730,34.0222,1846.36,29.87
6731,29.4507,2112.23,27.67
6732,30.2209,2144.92,29.77
6733,28.2028,2311.6,28.98
6734,29.4224,2171.72,28.27
6735,28.6432,1976.43,27.56
6736,28.6195,2233.44,26.36
6737,27.6001,2093.0,27.33
6738,31.4031,2050.86,25.01
6739,25.5603,2103.97,22.7
6740,24.836,2276.14,22.62
6741,27.289,2368.83,22.3
6742,26.148,2282.21,22.43
6743,26.9848,2306.34,20.53
6744,28.498,2293.22,20.46
6745,29.3932,2254.31,21.16
6746,30.0681,2331.19,22.41
6747,32.8986,1962.43,20.8
6748,31.8388,2270.84,23.51
6749,32.6285,2136.64,23.5
6750,34.3413,2405.79,24.68
6751,31.7483,2252.48,28.04
6752,32.2013,2277.43,26.8
6753,32.67,2096.36,28.58
6754,28.5876,2401.91,29.18
6755,27.1991,2357.76,27.68
6756,30.5192,2351.57,27.15
6757,29.9616,2189.08,29.68
6758,31.5963,2195.37,27.38
6759,28.1158,2316.26,26.16
6760,28.6315,2206.96,28.03
6761,26.809,2343.01,25.02
6762,27.4458,2031.69,24.23
6763,29.6031,2232.32,25.94
6764,24.2159,2505.91,21.34
6765,28.4991,2342.17,20.92
6766,31.7034,2308.22,21.08
6767,29.6466,2524.87,20.9
6768,32.4759,2004.42,20.11
6769,29.8326,2184.64,19.98
6770,31.4519,2231.75,23.05
6771,32.1716,2379.97,22.43
6772,29.2717,2378.8,23.59
6773,31.1455,2166.22,23.83
6774,31.3547,2386.0,25.29
6775,34.1309,2213.63,26.97
6776,33.9063,2402.9,26.0
6777,32.6074,2128.76,28.09
6778,32.7362,2232.76,29.16
6779,30.5302,2183.33,30.41
6780,31.8029,2363.18,30.95
6781,29.2367,2167.76,28.93
6782,28.5868,2219.17,29.6
6783,27.4803,2278.59,25.16
6784,28.4286,2276.47,28.55
6785,26.4704,2310.51,25.31
6786,28.4646,2222.21,24.76
6787,25.404,2139.27,24.41
6788,25.7535,2139.87,22.85
6789,28.9098,2177.09,22.37
6790,28.3672,2195.95,23.12
6791,28.5427,2140.16,20.75
6792,31.3351,2151.78,19.91
6793,29.8656,1958.9,22.95
6794,31.1997,2212.42,22.06
6795,34.2202,2145.3,24.09
6796,34.9068,2234.91,23.86
6797,35.2564,2105.72,22.64
6798,32.5768,1888.02,25.65
6799,34.7438,2044.46,25.05
6800,31.1746,2054.27,27.01
6801,30.761,2158.14,27.75
6802,27.9743,1811.25,26.85
6803,33.2858,2055.29,28.05
6804,28.704,2102.64,31.21
6805,29.0337,1952.27,29.1
6806,27.1345,2031.27,28.29
6807,28.9214,1937.76,29.64
6808,26.8385,1916.19,26.6
6809,25.145,1945.51,25.94
6810,27.6625,1900.09,25.99
6811,24.9516,2058.33,23.56
6812,26.1458,1879.12,22.25
6813,24.7183,1850.08,19.92
6814,26.3641,2161.82,20.6
6815,29.4913,2056.32,20.19
6816,27.0532,1709.15,21.16
6817,28.5547,1832.41,20.53
6818,31.4964,1945.1,23.69
6819,31.3059,1946.84,21.11
6820,35.5861,1721.31,24.4
6821,35.6486,2031.57,24.18
6822,31.6981,1984.15,25.81
6823,33.7335,1935.76,26.78
6824,33.722,2033.76,24.78
6825,31.2251,1918.5,27.82
6826,29.2567,1911.57,28.2
6827,30.758,2038.43,27.73
6828,29.7407,1977.69,29.46
6829,28.5699,1738.87,30.58
6830,29.1635,1910.42,25.79
6831,26.7526,1749.61,27.29
6832,25.6739,1884.99,25.75
6833,27.2658,1877.16,26.11
6834,27.579,1649.74,24.67
6835,25.3373,1797.24,23.36
6836,28.7941,1840.11,23.69
6837,25.223,1752.67,23.81
6838,27.6328,1839.87,24.2
6839,28.8365,1896.23,20.4
6840,29.0457,1793.6,19.18
6841,29.9289,1822.31,21.7
6842,34.3066,1959.8,23.15
6843,30.845,1849.36,22.99
6844,36.2599,1815.8,24.61
6845,33.5535,1676.21,23.74
6846,33.1381,1871.52,24.39
6847,33.6121,1830.79,26.15
6848,36.393,1945.75,26.67
6849,30.6309,1798.2,28.49
6850,29.8194,1575.84,29.43
6851,29.6442,1591.34,29.91
6852,30.0482,1885.55,29.51
6853,26.6349,1731.1,29.11
6854,28.5335,1854.52,29.26
6855,30.419,1818.74,25.87
6856,27.629,1788.26,27.21
6857,26.6632,1800.3,26.09
6858,26.0728,1711.91,25.21
6859,28.45,1818.08,23.88
6860,26.1632,1754.35,23.43
6861,30.6483,1784.65,21.6
6862,31.4,1795.6,22.67
6863,29.6087,1812.65,21.61
6864,29.9827,1956.2,21.15
6865,32.3224,1835.93,20.44
6866,33.1422,1980.58,22.35
6867,30.9123,2048.77,22.38
6868,31.8082,1973.55,22.24
6869,30.9143,1942.06,23.91
6870,33.6136,1924.35,25.63
6871,33.8977,1996.39,26.59
6872,30.5732,1910.89,27.49
6873,31.4385,2026.14,27.92
6874,29.4791,1989.69,29.49
6875,29.4283,1881.0,30.1
6876,30.8265,2040.03,29.74
6877,28.1233,1952.0,28.28
6878,28.0488,1936.93,27.41
6879,25.4377,1901.29,27.28
6880,27.6824,1987.23,28.95
6881,27.0358,2095.87,26.32
6882,25.9066,2092.04,27.13
6883,26.8187,2036.93,23.84
6884,27.6724,2075.7,22.74
6885,26.6564,2165.61,22.1
6886,26.2856,2004.32,21.44
6887,31.9319,1897.8,20.36
6888,29.0501,2197.14,19.85
6889,30.6313,1986.77,21.64
6890,33.0163,1976.84,22.59
6891,37.4149,1853.45,24.62
6892,30.7313,2146.81,22.57
6893,33.5725,1892.9,23.61
6894,31.9387,2006.6,24.23
6895,32.0896,2176.29,27.16
6896,31.5178,2201.32,27.81
6897,30.4328,2045.37,26.95
6898,31.4381,2116.24,27.56
6899,28.5647,2036.26,29.82
6900,31.4202,3058.66,29.38
6901,29.306,3164.76,29.62
6902,29.1337,3080.8,27.58
6903,27.1794,3119.7,25.95
6904,26.8511,2981.07,26.13
6905,27.5336,3300.41,26.72
6906,25.2539,3233.08,27.11
6907,26.5652,3274.22,23.54
6908,26.1125,3340.89,25.28
6909,26.5428,3093.75,23.0
6910,25.3352,3156.26,20.14
6911,31.2325,2978.11,21.35
6912,28.9702,3588.31,21.86
6913,32.5215,3199.2,18.71
6914,33.1032,3347.21,22.18
6915,30.1923,3079.1,23.34
6916,30.9655,3352.07,23.4
6917,36.7385,3459.94,23.9
6918,35.6264,3234.01,24.83
6919,32.8505,3123.83,25.8
6920,32.9841,3232.06,25.82
6921,31.1751,2984.76,27.14
6922,32.1485,3250.35,28.05
6923,29.7007,3356.0,28.98
6924,26.9515,3255.44,28.44
6925,27.2412,3227.54,27.99
6926,28.5316,3326.52,29.22
6927,26.1821,3336.91,28.2
6928,27.301,3066.11,26.46
6929,25.4902,3276.48,26.54
6930,25.8265,2583.32,24.55
6931,28.382,2130.62,24.03
6932,27.7731,2280.05,23.98
6933,27.8642,2522.44,21.57
6934,29.8184,2420.71,20.36
6935,29.9445,2225.03,20.99
6936,32.1698,2309.47,19.64
6937,30.0867,2282.23,20.86
6938,30.8555,2190.12,21.26
6939,30.1697,2268.06,19.71
6940,31.9546,2240.12,23.53
6941,34.3449,2283.67,23.78
6942,34.95,2176.44,26.18
6943,34.3382,2108.83,26.25
6944,29.9068,2252.55,27.74
6945,33.746,2458.5,29.02
6946,28.7422,2257.42,28.33
6947,32.1236,2202.36,28.86
6948,29.4483,2326.95,27.43
6949,30.2773,2211.49,30.1
6950,26.5013,2448.43,28.32
6951,29.6354,2217.31,26.82
6952,25.2045,2295.1,27.74
6953,26.0995,2113.52,23.86
6954,25.5029,2257.24,24.57
6955,24.4708,2222.47,24.87
6956,27.5437,2175.05,22.56
6957,30.5878,2113.8,21.45
6958,32.5004,2089.44,21.12
6959,29.3693,2191.7,19.13
6960,31.675,2224.94,21.72
6961,31.1246,2125.71,21.01
6962,32.2483,2166.81,21.26
6963,31.6081,2119.02,21.9
6964,32.8907,2126.51,23.01
6965,33.704,2081.65,24.62
6966,32.1323,2098.79,24.95
6967,32.7815,2411.24,24.67
6968,32.5104,2115.66,27.58
6969,33.3609,2146.43,28.33
6970,29.901,2112.25,28.67
6971,30.6991,2018.81,29.94
6972,32.868,2196.28,29.03
6973,30.9696,1996.71,29.98
6974,30.5238,2148.92,29.87
6975,27.9153,1972.9,28.41
6976,27.8834,1888.54,26.25
6977,28.6056,2038.37,25.9
6978,29.3404,1852.81,26.24
6979,24.1748,2040.57,22.47
6980,25.4288,1824.01,22.61
6981,29.8428,1920.15,21.83
6982,28.0847,1777.86,20.67
6983,28.216,2279.93,22.01
6984,28.1188,1734.05,21.38
6985,29.9439,1925.36,20.43
6986,29.3964,2053.2,22.14
6987,35.258,2032.36,22.01
6988,32.5644,2002.33,22.11
6989,32.8109,1854.48,23.25
6990,33.8821,2047.26,25.44
6991,34.3413,1987.54,26.97
6992,34.0169,1896.43,26.51
6993,33.7318,1893.09,28.37
6994,30.5537,1821.27,30.05
6995,30.3297,1742.35,27.6
6996,31.1535,1994.0,29.36
6997,28.4325,1997.32,29.69
6998,28.4923,1728.35,28.37
6999,28.4768,1810.86,29.07
7000,28.5797,1807.28,29.2
7001,24.4357,1816.05,26.38
7002,28.0721,1823.47,24.77
7003,26.7516,1925.48,24.94
7004,28.4631,1718.62,23.84
7005,29.0441,1703.47,19.65
7006,30.9119,1950.5,21.53
7007,31.2537,1744.0,20.74
7008,32.0199,1645.7,21.4
7009,32.942,1737.14,20.94
7010,31.9371,1754.19,21.45
7011,32.1696,1979.17,21.31
7012,33.9073,1902.68,23.73
7013,33.9959,1928.88,25.62
7014,32.5364,1889.4,24.15
7015,33.505,1904.72,24.64
7016,32.5454,1709.13,27.02
7017,30.8404,1768.74,27.8
7018,33.4357,1675.0,29.64
7019,30.8593,1770.1,27.63
7020,33.0731,1879.36,28.46
7021,26.7853,1815.67,26.72
7022,27.6648,1959.48,29.84
7023,27.9276,1668.06,28.08
7024,29.108,1868.31,26.54
7025,27.7014,1662.06,24.71
7026,27.4657,1827.06,23.77
7027,25.4113,1908.81,24.38
7028,25.6665,1798.75,21.89
7029,28.3624,1895.45,22.28
7030,26.4538,1719.27,23.58
7031,28.4257,1640.21,20.79
7032,30.7514,1912.39,20.04
7033,29.303,2060.79,21.52
7034,33.908,1738.21,20.31
7035,33.9572,2010.89,23.89
7036,30.2409,1876.17,24.4
7037,31.4992,1717.65,23.8
7038,29.5713,1749.35,24.1
7039,31.7239,1894.44,25.61
7040,33.7477,1851.63,26.7
7041,31.5005,1750.44,28.21
7042,32.1912,1712.72,29.5
7043,28.493,1822.58,27.83
7044,31.197,1955.79,30.01
7045,28.3909,1940.26,29.48
7046,28.5183,1889.52,27.96
7047,27.7394,1982.66,26.74
7048,25.4946,2092.11,27.12
7049,25.3726,2023.59,24.98
7050,28.4517,1970.81,26.02
7051,27.7007,2105.89,22.84
7052,28.977,1888.56,23.55
7053,28.3657,1986.02,22.09
7054,28.7145,1998.19,20.98
7055,26.6345,1883.22,21.03
7056,29.5944,1990.62,22.08
7057,30.7354,1801.35,19.94
7058,34.4297,2289.14,21.12
7059,33.1518,1956.5,21.42
7060,34.9022,2268.59,22.96
7061,33.7941,2092.05,23.28
7062,31.933,2164.41,23.23
7063,33.0735,2047.05,24.98
7064,32.9524,2139.64,28.64
7065,30.7126,2201.63,28.08
7066,30.9234,2212.08,28.68
7067,30.4678,2233.95,28.58
7068,32.4084,2105.27,28.95
7069,26.1024,2100.17,28.43
7070,30.3087,1974.7,28.99
7071,26.4735,2236.79,27.93
7072,25.3438,2311.72,25.83
7073,28.8721,2383.37,26.29
7074,28.0978,2233.49,22.54
7075,28.984,2112.09,24.38
7076,28.603,2007.39,21.59
7077,30.9684,2342.78,22.08
7078,29.3381,2008.71,20.34
7079,28.9888,2189.62,21.14
7080,30.5144,2209.54,21.58
7081,32.6417,2233.81,22.64
7082,30.3309,2251.86,19.99
7083,31.1435,2269.26,23.15
7084,32.1346,1967.66,23.13
7085,29.7409,2263.79,23.51
7086,33.2071,1998.69,25.76
7087,30.0686,2358.01,25.8
7088,32.6777,2207.1,27.72
7089,33.4193,2018.13,26.84
7090,30.7847,2182.19,27.83
7091,33.2921,2214.07,29.81
7092,27.8092,2427.62,30.49
7093,31.0104,2310.24,28.83
7094,29.5127,2329.54,25.68
7095,25.3046,2431.17,27.63
7096,31.4681,2278.76,27.03
7097,27.0066,2381.33,25.8
7098,25.6838,2373.06,25.34
7099,24.9916,2136.45,23.49
7100,27.0719,2467.06,23.84
7101,27.6876,2118.99,21.0
7102,28.654,2398.29,22.77
7103,28.7768,2104.59,22.69
7104,30.9498,2356.88,20.09
7105,30.195,2505.91,20.22
7106,28.5976,2254.34,21.95
7107,31.8973,2246.21,20.98
7108,29.0469,2346.97,22.51
7109,33.4284,2230.61,25.07
7110,31.531,2484.44,25.74
7111,33.1428,2285.09,28.02
7112,34.5692,2219.09,27.17
7113,30.6982,2187.85,27.22
7114,33.0919,2135.61,28.52
7115,30.1264,2166.82,28.71
7116,32.6298,2194.38,28.86
7117,28.6758,2171.98,28.84
7118,27.2393,2145.28,27.53
7119,28.9095,2469.64,28.11
7120,26.7482,2087.43,25.59
7121,25.84,2221.67,25.32
7122,26.2832,2267.97,24.88
7123,27.0353,2265.07,21.71
7124,29.4152,2174.8,23.77
7125,24.9775,2145.12,20.12
7126,28.5346,2220.19,22.21
7127,30.1609,2189.8,19.84
7128,30.2902,2118.4,20.6
7129,32.7413,1953.55,21.66
7130,31.3885,2076.18,23.73
7131,31.8445,1985.98,22.29
7132,33.4866,2034.63,21.02
7133,33.0467,2109.69,24.92
7134,32.4144,2139.68,24.77
7135,33.672,2301.13,26.11
7136,31.6193,2013.77,27.56
7137,31.2046,2161.95,25.6
7138,30.708,2096.4,28.47
7139,32.8061,2205.87,28.45
7140,25.1685,2110.15,30.22
7141,29.8169,1910.63,29.59
7142,28.5514,1815.55,26.84
7143,25.3574,2050.36,29.09
7144,27.8665,1940.33,27.45
7145,27.8159,1876.88,24.49
7146,27.8845,1833.26,25.06
7147,23.1245,1995.61,25.0
7148,29.4515,2148.24,21.79
7149,26.7721,1909.39,23.55
7150,29.5299,2020.5,20.02
7151,30.3352,1928.76,20.35
7152,28.685,1777.8,20.06
7153,31.7671,2012.36,22.51
7154,30.9218,1784.64,21.04
7155,29.0143,1910.59,21.01
7156,34.3497,1859.19,23.45
7157,31.7352,1999.71,24.63
7158,31.7183,1758.15,25.67
7159,32.2932,1924.83,25.76
7160,33.0064,1770.18,27.25
7161,32.0354,1802.89,27.18
7162,32.3221,1421.51,30.14
7163,28.7672,2102.56,30.01
7164,28.8864,1911.61,30.08
7165,29.0495,1747.77,29.66
7166,31.3468,1699.48,28.98
7167,27.708,1769.84,26.58
7168,29.0298,1910.52,27.63
7169,27.1601,1592.92,26.15
7170,26.2745,1798.77,26.26
7171,26.7321,2024.34,24.77
7172,27.1493,1672.21,23.55
7173,28.7841,1814.68,20.49
7174,30.5619,2066.5,21.45
7175,29.7631,1875.38,20.58
7176,31.7806,1812.38,21.25
7177,29.3293,1856.15,20.72
7178,30.8781,1745.69,21.26
7179,31.0349,1948.53,22.63
7180,33.0697,1743.78,22.57
7181,32.3593,1556.07,24.09
7182,34.0947,1744.04,23.48
7183,31.5013,1675.17,25.2
7184,32.6626,1757.96,27.66
7185,33.1516,1761.48,26.6
7186,28.402,1937.48,29.71
7187,33.9589,1878.79,29.84
7188,29.5753,1828.86,28.73
7189,26.186,1799.17,31.86
7190,28.7371,1675.04,29.71
7191,27.9288,1543.29,26.88
7192,27.2791,1821.86,27.75
7193,28.589,1907.22,26.1
7194,28.1212,1802.76,24.22
7195,27.549,1755.79,22.89
7196,28.0772,1880.23,23.99
7197,27.7221,1819.32,21.57
7198,31.1632,2036.73,21.43
7199,27.0047,1987.78,20.22
7200,30.2095,1960.68,20.25
7201,30.874,1942.44,21.01
7202,32.7199,1702.92,21.92
7203,30.8555,1943.78,19.58
7204,29.9826,1916.12,23.02
7205,33.133,1950.7,23.22
7206,33.4218,1944.24,26.4
7207,35.1322,1946.88,28.98
7208,30.6925,2224.27,26.64
7209,33.8534,1898.85,26.11
7210,35.0511,2028.36,28.58
7211,30.2098,1867.66,28.66
7212,28.0636,2027.41,30.97
7213,28.6131,2053.75,30.53
7214,28.521,1993.4,29.33
7215,28.7244,2158.74,27.24
7216,26.5148,1861.2,27.68
7217,29.435,1917.83,26.3
7218,25.3282,2010.86,25.24
7219,24.4934,2100.22,22.41
7220,29.062,2025.27,24.06
7221,24.4667,2167.3,22.28
7222,28.1938,1942.91,21.44
7223,33.9001,1894.78,20.54
7224,29.9819,2077.98,20.21
7225,29.0953,2041.09,21.45
7226,31.4139,2124.83,19.79
7227,32.0451,2065.7,22.96
7228,32.8391,2037.46,21.95
7229,33.8912,2078.49,21.91
7230,31.4413,2100.09,26.82
7231,35.4291,2069.11,25.18
7232,32.9657,2090.31,26.28
7233,33.2115,2075.14,28.96
7234,30.5578,2235.14,30.32
7235,32.706,2164.26,27.33
7236,29.6144,2420.28,28.04
7237,29.6399,2177.1,27.98
7238,27.1003,2099.9,29.4
7239,26.3833,2494.49,29.47
7240,28.4342,2231.47,25.92
7241,26.4368,2308.27,27.45
7242,25.7193,2267.92,24.29
7243,26.1374,2278.83,24.3
7244,28.4504,2275.32,21.73
7245,26.9351,2085.53,22.05
7246,28.3235,2268.37,21.42
7247,29.2461,2071.51,20.82
7248,27.124,2215.53,21.38
7249,28.5698,2155.08,20.13
7250,32.0044,2290.46,20.65
7251,31.0158,2292.78,22.61
7252,34.1832,2315.24,24.34
7253,34.348,2296.5,23.94
7254,34.0788,2193.42,25.5
7255,35.6274,2238.82,26.79
7256,32.4734,2384.17,27.83
7257,33.0946,2405.11,26.87
7258,30.6234,2142.28,27.69
7259,34.455,2098.77,28.17
7260,32.9755,2197.51,30.93
7261,29.2414,2412.07,29.37
7262,29.0799,2433.99,28.93
7263,29.9176,2178.46,28.19
7264,27.1812,2327.18,25.68
7265,26.1173,2510.96,27.97
7266,28.311,2340.84,25.48
7267,27.2199,2461.41,24.69
7268,27.6764,2410.15,21.23
7269,26.6273,2180.2,22.95
7270,25.9235,2265.41,21.18
7271,29.5778,2290.81,19.81
7272,31.3574,2297.23,20.05
7273,30.4377,2392.44,19.87
7274,33.6546,2328.94,20.25
7275,31.0654,1924.63,22.23
7276,31.016,2116.18,22.61
7277,32.7969,2007.65,24.3
7278,32.8761,2287.29,26.68
7279,34.0527,2290.89,25.91
7280,31.4356,2291.49,24.76
7281,34.1735,2137.61,27.59
7282,34.4504,2328.46,29.66
7283,30.7177,2328.1,28.78
7284,31.8746,2085.84,30.53
7285,27.6388,2054.57,29.32
7286,30.1128,2224.25,26.63
7287,29.4496,2432.79,27.94
7288,28.6971,2415.01,27.3
7289,27.0789,2271.68,27.12
7290,22.5686,2109.27,26.82
7291,26.1396,2295.88,24.87
7292,26.463,2127.54,23.44
7293,26.4113,2081.91,22.85
7294,28.6834,1908.72,21.37
7295,28.5951,2170.1,19.67
7296,28.7631,2073.89,21.04
7297,29.1883,2152.54,21.5
7298,30.4267,1856.41,20.33
7299,33.8036,2143.95,23.5
7300,31.6065,1822.95,24.01
7301,32.1254,2236.26,22.59
7302,32.315,2159.26,26.37
7303,33.4063,2054.04,25.73
7304,33.2825,2145.79,26.22
7305,27.5543,1951.62,28.91
7306,33.0325,2068.37,28.41
7307,32.931,2145.72,30.76
7308,28.4247,1669.69,28.15
7309,27.7651,1977.99,27.13
7310,27.8246,2019.6,28.18
7311,26.7447,1989.45,28.62
7312,27.7378,2178.59,26.07
7313,24.1824,1859.65,24.71
7314,25.3231,1910.83,25.23
7315,29.411,1746.39,22.5
7316,26.0096,2148.55,23.31
7317,29.7438,1928.88,21.83
7318,29.033,1897.06,22.03
7319,26.5096,1934.73,19.75
7320,30.953,2008.88,22.3
7321,30.6,1965.87,20.95
7322,30.8168,2233.75,22.3
7323,32.4888,1962.46,23.13
7324,33.31,1844.34,21.84
7325,33.9592,1825.18,24.85
7326,34.7674,1838.0,23.57
7327,33.51,1697.71,24.67
7328,30.5346,1875.74,28.96
7329,31.4109,1958.24,28.94
7330,35.9146,1784.13,30.54
7331,31.8632,1754.62,28.49
7332,33.5539,2027.46,29.1
7333,31.3167,1668.67,29.39
7334,28.8627,1586.3,28.45
7335,28.3308,1690.97,27.08
7336,27.3471,1639.64,26.1
7337,24.4955,1866.32,26.25
7338,27.0271,1772.47,23.93
7339,28.9182,1785.5,22.87
7340,26.5025,1946.63,23.39
7341,28.4966,1722.07,22.08
7342,29.7774,1895.12,22.47
7343,27.859,1980.88,20.71
7344,29.323,1742.59,20.42
7345,29.2496,1883.8,21.56
7346,30.2668,1764.77,20.72
7347,30.1899,1903.46,21.51
7348,31.2474,1603.12,22.38
7349,35.027,1593.71,23.76
7350,31.6268,1744.05,26.77
7351,33.0875,1684.5,24.66
7352,31.8438,1729.69,28.3
7353,33.8896,1766.23,28.57
7354,33.4667,1880.19,30.03
7355,32.0726,1746.44,32.0
7356,30.4592,1698.4,30.43
7357,28.877,1757.34,29.79
7358,26.7122,1709.81,27.15
7359,30.794,1692.95,26.64
7360,26.2624,1614.72,27.36
7361,28.0977,1820.2,24.34
7362,28.5893,1747.51,25.62
7363,26.2693,1935.92,21.83
7364,28.9589,1650.81,24.15
7365,29.025,1764.27,21.85
7366,31.0919,2051.99,21.66
7367,28.5195,1727.1,20.39
7368,28.0712,1817.16,19.1
7369,30.0182,1705.61,22.37
7370,31.8133,1695.93,22.87
7371,32.2086,2049.9,21.82
7372,32.0079,1891.48,23.66
7373,30.034,1893.97,23.57
7374,33.7057,1681.57,25.29
7375,35.8563,1935.59,26.79
7376,33.2945,2039.06,27.56
7377,33.035,2045.93,29.17
7378,32.3587,1996.2,28.98
7379,31.372,1788.64,28.89
7380,31.3975,1970.1,28.24
7381,29.8166,2021.14,28.39
7382,28.031,1734.33,29.27
7383,26.6847,1823.88,26.33
7384,27.0285,2073.89,28.11
7385,27.5734,2081.42,25.75
7386,26.5259,1799.54,24.18
7387,27.5737,2089.92,22.87
7388,28.0606,2015.18,23.67
7389,29.1284,2106.73,22.16
7390,30.4242,1946.17,23.12
7391,29.3406,2109.07,19.87
7392,28.0383,2142.26,20.42
7393,30.2588,2008.19,21.04
7394,31.5661,2061.81,20.78
7395,29.3677,1991.17,22.18
7396,34.6811,2276.46,23.32
7397,33.1113,2073.05,24.45
7398,33.572,1985.99,26.51
7399,34.9461,2019.81,24.73
7400,31.6529,2129.9,27.34
7401,32.9824,2213.97,27.18
7402,31.3352,1972.04,28.89
7403,30.5003,2362.69,29.3
7404,28.8417,2186.51,28.01
7405,31.7219,2213.79,27.96
7406,27.9367,2154.34,28.98
7407,28.9279,2176.32,27.85
7408,24.5894,2164.04,26.78
7409,28.8722,2311.59,26.69
7410,28.5783,2195.92,25.73
7411,27.2484,2296.12,23.44
7412,27.0615,2158.98,22.15
7413,28.4787,2241.25,20.91
7414,31.9332,2127.79,21.57
7415,26.5787,2376.48,19.71
7416,31.173,2136.41,21.1
7417,29.409,2203.15,22.35
7418,31.4701,2209.76,21.18
7419,31.7495,2210.21,21.64
7420,31.9556,2344.21,25.0
7421,32.8821,2224.03,25.47
7422,31.2987,2433.51,24.24
7423,34.4415,2171.92,26.17
7424,29.9069,2294.04,27.33
7425,32.931,2183.88,28.03
7426,31.0102,2330.41,30.28
7427,29.0201,2280.57,28.95
7428,30.3036,2266.12,29.24
7429,26.8881,2429.26,29.55
7430,28.5596,2209.69,29.65
7431,25.7444,2359.81,28.77
7432,28.0938,2198.03,27.54
7433,25.7157,2304.35,24.48
7434,26.3235,2147.53,24.51
7435,27.5431,2211.32,24.78
7436,26.2431,2280.44,23.25
7437,27.7917,2507.19,23.0
7438,26.2293,2300.3,23.42
7439,30.1699,2485.2,19.96
7440,32.6474,2311.17,22.14
7441,34.9648,2236.03,20.81
7442,31.6368,2464.62,22.47
7443,33.3036,2329.41,22.13
7444,29.9271,2196.59,25.13
7445,35.1519,2326.61,24.09
7446,34.1643,2231.13,24.36
7447,32.1719,2023.34,26.46
7448,34.4538,2369.82,27.32
7449,31.7396,2384.07,28.97
7450,30.813,2468.11,28.91
7451,31.4895,2292.81,31.34
7452,28.405,2206.61,28.89
7453,30.756,2330.69,28.76
7454,26.916,2326.24,27.86
7455,26.3036,2414.37,27.91
7456,26.0374,2205.69,27.23
7457,28.2415,2184.2,26.32
7458,26.0748,2111.01,25.07
7459,25.0802,2253.95,23.35
7460,26.4934,1996.04,22.12
7461,27.8306,2267.14,21.8
7462,26.7285,2236.54,22.68
7463,27.496,2228.03,22.49
7464,33.1669,2166.06,20.92
7465,29.4856,2324.93,20.19
7466,31.0154,2236.97,21.45
7467,31.5705,2050.72,24.26
7468,31.966,2043.99,24.0
7469,33.8298,2000.14,24.52
7470,34.4222,2162.78,25.96
7471,32.4388,1967.46,27.58
7472,30.7434,2208.27,25.85
7473,34.033,2227.75,27.44
7474,31.357,1954.2,27.94
7475,33.3719,2028.08,29.45
7476,26.6316,2042.99,29.16
7477,29.5166,2137.73,29.62
7478,31.3779,2215.44,27.96
7479,27.3488,1810.75,29.2
7480,27.0637,1965.56,26.93
7481,27.5455,1962.6,26.73
7482,26.1618,1817.29,26.2
7483,26.6341,1918.08,25.08
7484,26.8952,2018.64,23.36
7485,26.9375,1924.99,22.99
7486,30.3433,1764.31,23.28
7487,29.9152,2285.92,21.65
7488,30.3759,1964.47,20.27
7489,31.9893,1937.59,21.72
7490,31.1035,1784.25,21.5
7491,30.96,1939.28,19.82
7492,31.6941,1880.46,23.46
7493,32.9005,1665.92,24.08
7494,31.4112,1756.7,26.16
7495,32.1474,1973.32,25.29
7496,31.8239,2104.24,25.49
7497,35.3082,1908.28,28.0
7498,27.3393,1990.11,28.84
7499,30.507,1832.82,28.96
7500,32.5885,1835.16,29.02
7501,29.4063,1970.77,27.79
7502,29.6301,2033.97,28.33
7503,28.0284,1985.45,27.48
7504,26.4009,1696.53,28.07
7505,23.7393,1811.94,26.41
7506,27.3082,1849.06,24.72
7507,25.9388,1780.7,25.69
7508,26.2014,1854.82,22.73
7509,27.1302,1903.5,22.73
7510,31.1173,1922.44,21.37
7511,32.8308,2001.82,22.77
7512,30.3258,1757.74,21.09
7513,30.0793,1631.67,21.25
7514,29.7342,1836.78,21.4
7515,32.8241,2018.63,22.37
7516,35.2724,1734.46,24.2
7517,32.5268,1873.6,24.81
7518,29.4315,1874.49,25.03
7519,33.9029,1814.15,27.74
7520,34.0762,1792.53,27.87
7521,29.7426,1681.76,27.39
7522,31.7647,1519.99,27.08
7523,31.4533,1661.94,28.45
7524,29.8903,1750.43,29.41
7525,28.0374,1931.21,29.46
7526,30.0239,1789.73,29.82
7527,27.2736,1742.75,26.73
7528,25.1741,1701.36,26.56
7529,24.028,1890.68,24.86
7530,28.8913,1978.76,23.66
7531,28.0272,1947.58,23.34
7532,27.5339,1897.23,23.37
7533,27.2183,1652.25,22.94
7534,27.7065,1792.24,20.59
7535,27.6099,2073.53,20.33
7536,29.3528,1980.18,19.22
7537,27.5963,1667.01,21.35
7538,30.3959,1851.07,20.8
7539,31.6549,1907.8,23.83
7540,33.5129,1779.5,23.41
7541,32.8379,1600.82,23.79
7542,34.1924,1896.99,24.36
7543,34.9215,1798.01,24.54
7544,34.1853,1806.11,25.63
7545,32.8271,1865.43,27.21
7546,31.5178,1899.96,27.77
7547,29.3053,1923.09,27.86
7548,31.1099,1826.45,29.38
7549,31.7432,1914.6,29.38
7550,29.0132,1738.77,28.01
7551,30.7546,1995.75,29.76
7552,25.1136,1624.56,25.25
7553,25.371,1941.56,26.09
7554,28.2828,2095.67,24.78
7555,27.4987,1867.4,23.41
7556,29.3726,2089.71,22.3
7557,27.8555,2151.7,22.16
7558,27.198,1625.37,21.31
7559,28.9032,2013.49,20.74
7560,27.701,1695.91,19.7
7561,29.0836,2036.16,19.52
7562,32.9587,2058.82,21.25
7563,33.4305,1771.09,21.77
7564,33.1426,2309.24,22.8
7565,30.3162,2121.8,23.86
7566,32.4624,1994.75,24.48
7567,31.0603,2281.55,25.82
7568,34.3629,1899.22,26.15
7569,31.2457,1976.07,29.35
7570,29.8714,1856.4,27.66
7571,30.8212,2357.1,28.49
7572,29.0398,2189.35,28.28
7573,31.4492,2236.95,28.12
7574,27.3978,2202.12,28.49
7575,25.7798,2242.86,27.73
7576,24.1726,2191.2,26.54
7577,27.056,2221.97,25.75
7578,26.1571,2209.78,24.28
7579,24.9589,2131.04,24.37
7580,29.1858,2205.45,25.06
7581,28.8795,2250.61,21.3
7582,28.4577,2237.53,21.93
7583,31.27,2053.16,21.18
7584,30.9938,2075.06,21.67
7585,29.5422,2372.09,21.83
7586,29.9412,2210.72,21.74
7587,33.3483,2322.85,22.13
7588,33.1926,2126.45,22.57
7589,33.1524,2085.25,23.2
7590,31.7303,2165.01,24.9
7591,33.8097,2243.43,24.75
7592,31.4648,2193.9,26.41
7593,31.9683,2432.24,28.94
7594,33.6704,2301.44,28.56
7595,29.7852,2504.35,29.76
7596,27.6405,2333.26,30.47
7597,27.6447,1997.14,28.69
7598,29.9914,2414.93,28.67
7599,28.2608,2108.28,27.53
7600,27.2086,2317.96,26.19
7601,26.3386,2197.86,25.08
7602,27.728,2548.13,25.84
7603,25.8286,2463.58,24.17
7604,27.8604,2201.28,24.85
7605,26.7818,2274.15,23.14
7606,27.1535,2317.56,20.8
7607,28.2673,2390.25,21.98
7608,29.4369,2288.23,20.69
7609,30.7032,2159.49,22.35
7610,31.8532,2193.79,21.05
7611,26.5888,2276.43,21.12
7612,31.3866,2421.85,22.2
7613,32.3104,2321.48,23.22
7614,35.2576,2173.43,24.16
7615,31.2778,2339.83,25.46
7616,32.8423,2211.07,27.86
7617,34.3639,2359.53,29.62
7618,29.5305,2550.8,27.13
7619,31.3674,2199.09,30.13
7620,28.7966,2332.65,28.52
7621,28.4666,2141.05,29.21
7622,27.2953,2210.79,26.81
7623,26.7809,2221.32,28.35
7624,31.4848,2187.8,24.99
7625,28.3689,2499.63,26.35
7626,28.6526,2160.08,25.26
7627,27.8402,2259.88,24.16
7628,24.9925,1950.22,22.27
7629,28.4711,2225.85,22.72
7630,30.1094,2303.05,21.93
7631,27.9434,2094.51,20.93
7632,31.448,1848.24,21.67
7633,31.833,2136.33,21.04
7634,34.2781,2134.4,22.06
7635,31.4946,2210.46,22.05
7636,30.9517,2356.0,23.22
7637,32.3553,2060.1,24.54
7638,35.1534,1993.88,24.6
7639,30.1552,1947.45,24.8
7640,29.4955,2102.03,27.28
7641,32.2554,2126.51,29.02
7642,30.8361,1994.2,28.76
7643,30.788,2143.79,29.18
7644,31.418,2096.85,28.96
7645,28.3947,2036.84,29.6
7646,25.6905,1914.03,28.28
7647,30.9454,1955.19,27.37
7648,25.9061,1712.17,28.11
7649,25.5137,2022.82,25.5
7650,28.6556,1988.53,25.89
7651,26.5255,1998.91,25.07
7652,27.3068,2027.83,23.57
7653,28.6029,2004.73,20.92
7654,30.1254,1936.42,21.56
7655,28.7234,1946.87,20.93
7656,32.2799,1764.01,20.5
7657,27.5728,1854.14,21.28
7658,32.6397,1922.06,22.31
7659,30.862,1819.69,21.71
7660,34.6565,2003.39,22.83
7661,33.1108,1813.51,23.72
7662,31.9906,1911.08,26.16
7663,33.892,1891.92,25.78
7664,33.9379,1960.51,25.77
7665,33.0842,1972.32,26.25
7666,29.9555,1941.02,28.83
7667,30.0504,1598.79,28.1
7668,29.9939,1988.84,29.67
7669,29.1617,2023.13,27.53
7670,29.6246,1776.59,27.93
7671,24.8563,1857.72,26.5
7672,27.9034,1717.59,27.43
7673,26.6673,1586.17,26.68
7674,25.7422,1727.11,25.34
7675,25.9885,1747.04,22.88
7676,27.0801,1765.7,22.25
7677,22.4771,1689.96,22.41
7678,27.4481,1714.1,19.85
7679,27.9098,1798.2,20.9
7680,30.7992,1704.84,22.52
7681,29.5682,1860.58,20.96
7682,31.1773,1875.59,20.05
7683,34.4347,2078.22,21.56
7684,34.0896,1926.78,22.37
7685,34.2512,1820.35,26.11
7686,32.2502,1716.57,26.67
7687,33.7123,1826.42,26.77
7688,32.2472,1830.89,26.66
7689,31.8272,1730.97,29.03
7690,32.1145,1887.84,27.33
7691,29.881,1627.59,29.94
7692,32.2395,1767.94,29.93
7693,28.9833,1866.22,28.71
7694,29.4275,1767.6,29.6
7695,30.0621,1780.22,27.38
7696,28.9494,1791.75,25.73
7697,24.9888,1711.59,27.01
7698,27.6673,1956.63,24.91
7699,28.3783,1697.81,24.57
7700,28.7397,1862.67,24.82
7701,26.2087,1878.96,21.45
7702,27.5144,1720.61,21.39
7703,30.7154,1848.62,22.71
7704,28.8574,1736.39,21.67
7705,30.3269,2018.43,20.44
7706,33.8638,1721.08,20.58
7707,32.0496,1785.76,21.64
7708,31.5079,1724.05,22.26
7709,31.5814,1715.0,24.2
7710,33.4991,2076.07,25.08
7711,30.8981,1957.68,26.31
7712,32.2271,1917.01,26.16
7713,32.6212,1829.2,27.76
7714,33.4487,2024.91,26.41
7715,31.7778,1825.28,29.01
7716,28.9289,2027.77,30.18
7717,30.9912,1836.33,27.44
7718,28.0507,1872.32,28.95
7719,26.0251,2049.42,27.22
7720,27.1439,2070.97,27.8
7721,29.2595,2047.99,26.19
7722,27.2479,1859.41,25.4
7723,27.121,1940.91,24.03
7724,29.8577,2022.57,24.33
7725,25.7316,1911.1,22.52
7726,26.5716,2186.83,20.83
7727,26.7998,1743.42,21.24
7728,30.559,1947.55,20.63
7729,31.0262,1989.2,21.3
7730,33.8141,1718.41,21.12
7731,32.4865,1901.44,21.49
7732,31.9918,2153.3,23.2
7733,32.9005,2091.11,24.02
7734,33.1766,2285.41,26.06
7735,30.3901,2291.13,25.62
7736,36.6636,2166.65,25.02
7737,32.9011,2161.16,27.46
7738,31.815,2140.25,26.84
7739,31.6992,1822.36,29.28
7740,31.0641,1982.12,27.33
7741,29.0127,2169.9,27.88
7742,27.5531,2239.92,28.1
7743,28.7779,2208.77,29.37
7744,27.9805,2074.73,25.93
7745,25.8874,2301.94,26.05
7746,29.1286,2374.77,25.58
7747,27.5423,2316.63,25.45
7748,28.4967,2329.8,23.78
7749,29.9666,2150.67,23.27
7750,28.5328,2353.38,22.4
7751,29.699,2247.98,19.93
7752,31.215,2297.84,21.36
7753,29.6892,2286.0,21.98
7754,31.5811,2232.98,20.58
7755,32.3096,2149.48,21.59
7756,31.164,2247.65,22.2
7757,36.3742,2380.44,24.74
7758,30.8891,2213.27,24.93
7759,30.9506,2377.34,25.71
7760,34.5694,2362.17,25.72
7761,33.1912,2241.1,27.76
7762,29.9611,2446.55,27.9
7763,31.6874,2239.82,29.11
7764,32.2018,2465.88,27.86
7765,29.1781,2338.74,29.04
7766,32.3982,2286.3,28.03
7767,25.2926,2182.89,26.58
7768,28.4427,2279.71,25.67
7769,28.852,2266.37,24.86
7770,28.337,2140.0,24.79
7771,26.7957,2264.71,24.09
7772,26.9663,2193.84,23.27
7773,28.5449,2359.75,22.48
7774,29.7236,2444.96,20.78
7775,30.1273,2139.41,22.19
7776,31.5601,2490.21,20.56
7777,29.2482,2267.06,21.59
7778,31.1583,2162.89,21.37
7779,30.7113,2367.9,22.55
7780,32.0189,2220.14,22.79
7781,34.4206,2260.33,24.36
7782,33.162,2217.73,24.99
7783,36.8081,2164.02,26.85
7784,32.8882,2344.39,26.18
7785,32.2109,2218.32,26.06
7786,31.6593,2075.16,27.49
7787,29.8197,2308.28,29.93
7788,29.9132,2091.79,28.85
7789,30.9152,2092.1,28.96
7790,28.671,2367.38,27.41
7791,26.6885,2074.22,27.89
7792,26.0143,1933.07,25.98
7793,26.4269,2278.82,25.16
7794,27.1108,2160.41,24.6
7795,28.8926,2163.34,24.41
7796,25.3912,2144.09,23.55
7797,27.3989,2201.81,22.75
7798,28.7165,2075.67,19.95
7799,26.473,2334.95,21.13
7800,28.7496,1972.32,20.8
7801,29.7566,2194.36,19.6
7802,30.306,2209.39,21.55
7803,32.4092,2032.41,21.92
7804,32.3572,1991.84,23.51
7805,32.0648,2227.77,24.05
7806,33.6419,1977.73,24.45
7807,35.4824,2014.68,26.96
7808,35.057,2184.74,24.78
7809,29.2372,2073.16,27.76
7810,32.3656,1844.03,26.7
7811,30.5094,2259.99,27.95
7812,30.2327,1977.4,29.52
7813,28.6261,1983.32,27.59
7814,28.6764,2053.01,27.04
7815,28.1058,2088.02,30.21
7816,26.5335,2239.07,25.64
7817,25.7577,1795.31,27.69
7818,26.327,2084.48,24.83
7819,27.4536,2065.46,23.44
7820,28.3004,1950.85,23.57
7821,29.1587,2052.9,23.51
7822,27.7587,2061.78,20.39
7823,29.6493,1775.19,20.63
7824,31.4438,2142.5,21.85
7825,32.5248,1737.13,21.42
7826,31.4118,1779.76,22.64
7827,31.7899,1876.58,22.69
7828,32.8848,2131.16,24.81
7829,31.1732,1855.55,24.14
7830,32.7096,1881.3,25.22
7831,34.0147,2049.78,26.36
7832,33.561,1834.92,26.86
7833,31.7159,1722.81,28.68
7834,31.8266,1807.67,28.7
7835,29.5395,2016.0,29.65
7836,31.0552,1854.05,29.94
7837,29.1068,2071.53,29.29
7838,28.0861,1922.99,28.97
7839,27.3361,1751.94,26.82
7840,27.3076,1830.62,26.45
7841,26.4304,1717.58,26.88
7842,27.9872,1735.55,26.42
7843,26.5093,2349.35,22.02
7844,29.7914,1930.52,22.43
7845,30.0765,1908.36,22.2
7846,27.1627,1727.33,20.66
7847,29.3281,1987.87,20.31
7848,29.024,1929.2,21.47
7849,30.2865,2021.15,22.72
7850,34.5036,2013.77,19.5
7851,31.66,1615.08,22.0
7852,33.1384,1658.52,23.46
7853,33.7098,1670.72,24.74
7854,31.4991,1677.73,25.32
7855,31.6151,1829.99,27.8
7856,30.789,1723.68,27.03
7857,30.7924,2041.28,29.14
7858,27.225,2022.35,27.82
7859,31.5933,1794.58,28.92
7860,33.0813,2031.91,27.79
7861,29.4453,1978.09,29.76
7862,26.3756,1748.02,28.34
7863,26.9145,1563.92,28.19
7864,26.7136,1782.13,26.69
7865,25.5758,1734.5,26.62
7866,28.2903,1840.54,25.4
7867,28.3176,1830.68,22.97
7868,25.6687,1832.06,22.06
7869,28.9663,1892.16,22.14
7870,30.7902,1688.94,22.2
7871,32.0774,1889.21,23.0
7872,34.2978,1792.79,21.3
7873,29.4235,1875.5,22.14
7874,35.7363,1972.63,19.92
7875,31.59,1717.3,24.18
7876,31.7094,1837.2,23.61
7877,33.3884,1863.7,23.92
7878,32.1269,1823.42,24.84
7879,33.4963,2000.52,24.93
7880,30.618,1813.72,26.18
7881,31.7632,1841.34,29.74
7882,33.4284,1830.81,27.48
7883,30.6909,2055.23,27.86
7884,30.2124,1873.44,28.3
7885,29.9364,1996.23,27.67
7886,30.256,2186.75,28.48
7887,25.3958,1949.45,28.92
7888,28.2787,2100.76,26.39
7889,26.7,2176.86,24.66
7890,27.25,2108.63,25.29
7891,28.6921,1992.51,23.91
7892,25.6106,2080.79,24.0
7893,26.3597,1858.52,21.72
7894,25.5969,1928.71,21.28
7895,28.3998,1959.09,20.99
7896,31.9956,2309.87,21.09
7897,30.5956,1952.84,20.74
7898,29.4898,1960.39,20.98
7899,31.3928,1943.72,20.32
7900,30.3663,2145.44,22.43
7901,31.21,2104.59,24.68
7902,33.5832,2227.04,25.85
7903,31.137,2186.26,25.56
7904,34.267,1949.04,28.3
7905,32.0146,2026.7,27.8
7906,31.6284,2296.17,27.13
7907,30.3589,2116.58,27.21
7908,31.1593,2291.98,30.22
7909,30.3983,2139.86,28.49
7910,29.0026,2049.88,27.25
7911,28.7259,2137.62,25.57
7912,27.0838,2065.66,26.6
7913,27.9155,2121.59,26.44
7914,26.4932,2220.98,24.3
7915,27.1056,2265.46,22.91
7916,26.99,2020.22,22.45
7917,27.1929,2215.69,23.41
7918,27.4663,2153.87,20.14
7919,29.9251,2152.68,20.49
7920,31.9659,2252.38,22.21
7921,32.5331,2176.1,21.63
7922,29.6152,2413.42,21.72
7923,34.0551,2395.25,21.52
7924,32.1208,2399.33,23.03
7925,33.7989,2202.64,23.43
7926,31.6407,2150.74,24.14
7927,33.1107,2279.98,24.96
7928,33.0687,2255.68,27.78
7929,29.8944,2203.91,27.77
7930,32.4124,2138.81,28.78
7931,32.7954,2277.5,29.02
7932,29.738,2236.24,29.44
7933,31.2638,2369.24,28.61
7934,28.2155,2368.02,27.98
7935,29.1531,2421.52,27.01
7936,24.0741,2139.19,25.59
7937,30.7304,2338.95,24.91
7938,29.2432,2203.7,24.63
7939,26.6753,2144.38,22.36
7940,24.4438,2238.87,21.62
7941,28.3107,2417.67,23.21
7942,26.3341,2243.53,21.76
7943,29.8908,2474.5,20.68
7944,30.6173,2350.6,23.27
7945,29.3644,2235.19,19.49
7946,33.1815,2419.1,22.51
7947,33.3297,2330.42,22.06
7948,34.0618,2161.81,23.79
7949,32.9111,2493.2,24.07
7950,30.8767,2297.38,23.13
7951,34.3646,2264.28,26.13
7952,32.1925,2154.84,27.34
7953,30.0367,2394.23,25.64
7954,33.5281,2309.63,30.41
7955,33.9256,2317.66,29.17
7956,29.9381,2175.55,29.67
7957,32.4622,2330.58,27.7
7958,28.637,2333.68,29.15
7959,27.308,2137.52,28.92
7960,26.4562,2041.0,27.25
7961,29.5578,2273.84,26.03
7962,25.8298,2008.07,24.11
7963,28.2051,2207.7,23.75
7964,26.5632,2128.16,22.49
7965,27.1882,2320.25,22.74
7966,30.0454,2118.86,20.69
7967,28.6535,2290.69,21.7
7968,29.3928,2087.77,20.16
7969,32.4757,2260.97,20.87
7970,33.8961,2379.58,22.15
7971,33.0884,1995.4,21.47
7972,31.6159,2149.73,23.65
7973,32.1319,2435.56,24.52
7974,33.1199,2104.62,24.73
7975,33.3792,2094.89,27.2
7976,31.1163,2172.88,27.08
7977,33.2059,2073.92,28.93
7978,31.6283,1854.82,30.26
7979,28.2029,2186.22,28.62
7980,28.6066,1800.65,29.64
7981,28.4673,1981.64,28.23
7982,28.3907,2167.21,27.43
7983,30.7126,1970.22,27.63
7984,27.7592,1920.5,25.64
7985,25.8411,2100.03,25.1
7986,27.3309,1883.24,25.59
7987,26.5741,1829.63,23.45
7988,27.8891,2000.25,23.71
7989,28.7495,1936.48,22.47
7990,30.3138,1800.42,23.39
7991,29.1871,2017.46,21.66
7992,32.4584,1988.27,22.11
7993,32.1385,1881.01,21.54
7994,30.4388,1881.04,21.85
7995,35.4361,1964.44,23.34
7996,33.0886,2043.01,23.67
7997,31.6451,1858.61,24.17
7998,35.4794,1963.69,25.21
7999,36.0144,1945.75,26.57
