simulation_id,sampling_method,random_seed,model_version,parameter_set,topology,timestamp,feed_flow_m3h,feed_tds_mgL,feed_cod_mgL,feed_pH,temperature_C,stage1_pressure_bar,stage2_pressure_bar,feasible,failure_reason,failure_message,quality_flag,overall_recovery_pct,permeate_flow_m3h,concentrate_flow_m3h,permeate_tds_mgL,concentrate_tds_mgL,overall_tds_rejection_pct,stage1_recovery_pct,stage2_recovery_pct,average_flux_LMH,minimum_flux_LMH,maximum_flux_LMH,maximum_element_recovery_pct,maximum_polarization_modulus,feed_osmotic_pressure_bar,final_concentrate_osmotic_pressure_bar,stage1_pump_power_kW,stage2_booster_power_kW,total_power_kW,SEC_kWh_m3,water_balance_error,solute_balance_error,flux_decline_stage1_pct,flux_decline_stage2_pct,max_element_concentrate_tds_mgL,max_element_osmotic_pressure_bar,dataset_split
SIM_00001,latin_hypercube_ood,101,2.0.0,manufacturer_reconciled,concentrate_staging_3x2,2026-09-08T09:36:53.469283+00:00,43.3808,3283.46,126.04,8.91,36.6,13.683,19.789,1,NONE,,PASS,47.8116474836411,20.74107517158338,22.639724828416625,9.239003707936494,6283.092916352008,99.71861987939745,24.035133881746535,31.299355632223453,37.37130661546555,29.549796081850992,49.327694213885486,12.440532177970763,1.3147324474704347,2.893841394653045,5.537534907625115,19.084162874999997,7.501649878422747,26.585812753422744,1.2817953039313523,0.0,0.0,10.531572217494553,11.87797779994825,6283.092916352008,5.537534907625115,ood
SIM_00002,latin_hypercube_ood,101,2.0.0,manufacturer_reconciled,concentrate_staging_3x2,2026-09-08T09:36:53.469283+00:00,44.4395,3269.04,123.56,9.3,37.93,18.381,25.641,1,NONE,,PASS,64.21533805969231,28.53697515703697,15.90252484296302,8.584684134424787,9119.905398311736,99.73739433795778,34.58336065750534,45.2973092167669,51.41797325592247,43.38139172280529,64.83421418094504,19.894103458360377,1.4329874446919795,2.893503450436905,8.072240699922046,26.7991016015625,7.78250276274607,34.581604364308575,1.2118174464535374,1.2490009027033011e-14,0.0,11.067620984023302,17.682912063068976,9119.905398311736,8.072240699922046,ood
SIM_00003,latin_hypercube_ood,101,2.0.0,manufacturer_reconciled,concentrate_staging_3x2,2026-09-08T09:36:53.469283+00:00,42.1666,3277.14,123.72,8.87,37.01,14.706,16.454,1,NONE,,PASS,45.89301832176736,19.351525463666356,22.815074536333654,9.804860650445061,6048.462050548755,99.70081044293362,27.24892752903526,25.62723841655122,34.867613448047486,32.48809209854253,37.69757661568594,10.518904122222882,1.2324882699480446,2.8920943869633216,5.337801603273805,20.047802505208335,2.3412251696716315,22.389027674879966,1.156964484113498,0.0,1.249000902703301e-13,10.882482536113255,12.29533586025491,6048.462050548755,5.337801603273805,ood
SIM_00004,latin_hypercube_ood,101,2.0.0,manufacturer_reconciled,concentrate_staging_3x2,2026-09-08T09:36:53.469283+00:00,44.7244,3234.42,144.15,6.12,36.63,19.253,29.33,1,NONE,,PASS,70.38771525334701,31.48048332076793,13.243916679232068,8.532182306596996,10902.28065626729,99.73620672928695,36.54544169982506,53.3330850613275,56.721591568951226,46.1059079766607,75.77598383123414,25.048647279717713,1.5227757697033342,2.8508966186254376,9.609535885338927,28.325065100694445,10.373360800798293,38.69842590149274,1.2292830928667182,6.2450045135165055e-15,7.494005416219807e-14,11.148713512045227,21.067121952037045,10902.28065626729,9.609535885338927,ood
SIM_00005,latin_hypercube_ood,101,2.0.0,manufacturer_reconciled,concentrate_staging_3x2,2026-09-08T09:36:53.469283+00:00,42.9305,3258.74,140.15,6.89,37.1,17.889,24.406,1,NONE,,PASS,63.453205044638224,27.240778191688417,15.689721808311592,8.787402876354578,8901.366358413045,99.73034354148062,34.5824321275358,44.13305761135583,49.082483228267414,41.84290532925315,61.0358668594756,19.156578315437585,1.4030721738214236,2.8766907793183387,7.8577850723228195,25.15570782552083,6.793814162924529,31.949521988445362,1.1728564347032369,6.2450045135165055e-15,2.4980018054066022e-14,11.321095740088237,17.686388016758205,8901.366358413045,7.8577850723228195,ood
SIM_00006,latin_hypercube_ood,101,2.0.0,manufacturer_reconciled,concentrate_staging_3x2,2026-09-08T09:36:53.469283+00:00,44.003,3320.72,144.62,6.79,36.34,15.542,18.094,1,NONE,,PASS,48.29084631760964,21.24942110513777,22.753578894862244,9.384822339461557,6413.154642281842,99.71738591813036,28.080006744379176,28.101837414522983,38.28724523448247,34.987636670053064,42.66105732648163,10.930380023877607,1.2669395924380251,2.924223470213355,5.647419030532022,22.198214800347223,3.2987554793776788,25.496970279724902,1.1998901124680588,1.2490009027033011e-14,7.494005416219807e-14,10.629518488219606,12.404100871616167,6413.154642281842,5.647419030532022,ood
SIM_00007,latin_hypercube_ood,101,2.0.0,manufacturer_reconciled,concentrate_staging_3x2,2026-09-08T09:36:53.469283+00:00,43.5226,3453.16,113.78,8.76,36.58,19.132,28.577,1,NONE,,PASS,69.31099469038772,30.165946975118683,13.356653024881314,9.266111977103696,11231.180453215837,99.73166282543804,36.4421864438783,51.71481900881658,54.35305761282646,44.53594317782642,71.89557369438315,23.77279377283049,1.490306924279944,3.043208117949905,9.897838365261594,27.38108016493056,9.504014523148422,36.88509468807898,1.2227394922659762,0.0,2.4980018054066022e-14,11.89797598348926,21.705006772723205,11231.180453215837,9.897838365261594,ood
SIM_00008,latin_hypercube_ood,101,2.0.0,manufacturer_reconciled,concentrate_staging_3x2,2026-09-08T09:36:53.469283+00:00,44.3915,3337.1,145.61,9.35,37.56,12.079,21.345,1,NONE,,PASS,45.57532297780651,20.231569499692977,24.159930500307027,9.261644133784266,6123.8378583558315,99.72246429133726,19.480502777535886,32.40807642920854,36.453278377825185,24.51339516530319,55.1450096512927,13.065879526831761,1.3579070077436468,2.9502317437901207,5.413904540932272,17.056431983506943,12.058572337291691,29.115004320798633,1.4390877742451205,6.2450045135165055e-15,0.0,10.541797568913875,11.017187459049522,6123.8378583558315,5.413904540932272,ood
SIM_00009,latin_hypercube_ood,101,2.0.0,manufacturer_reconciled,concentrate_staging_3x2,2026-09-08T09:36:53.469283+00:00,44.6853,3250.93,119.62,8.7,36.25,18.439,25.199,1,NONE,,PASS,63.667031428021126,28.449803994705523,16.23549600529447,8.516440467913734,8932.680049914183,99.73803064144987,34.659097172752936,44.39475581162604,51.26090809856851,43.74860528852183,63.678422796145924,19.367683009084917,1.4238177025521004,2.861933954720552,7.863823687838335,27.037321752604168,7.309582730283682,34.34690448288785,1.2072808828236488,6.2450045135165055e-15,2.4980018054066022e-14,10.946789244439287,17.241983700853332,8932.680049914183,7.863823687838335,ood
SIM_00010,latin_hypercube_ood,101,2.0.0,manufacturer_reconciled,concentrate_staging_3x2,2026-09-08T09:36:53.469283+00:00,44.638,3402.65,136.24,9.53,37.92,13.788,17.363,1,NONE,,PASS,42.52627871189472,18.982880291415565,25.655119708584433,9.951452268983957,5912.994567789619,99.70753817556951,23.26903823362539,25.097092535999366,34.20338791246048,29.43994986475947,40.96590298078107,9.50425704596559,1.2550666547318454,3.0116679572362552,5.233560980742666,19.799975364583332,4.78683840350448,24.58681376808781,1.2952098622887305,0.0,0.0,10.522003695607278,11.118818888992415,5912.994567789619,5.233560980742666,ood
SIM_00011,latin_hypercube_ood,101,2.0.0,manufacturer_reconciled,concentrate_staging_3x2,2026-09-08T09:36:53.469283+00:00,43.2528,3411.57,138.51,8.65,37.49,14.363,25.81,1,NONE,,PASS,57.51327270084066,24.876100814749208,18.376699185250786,8.967008296957191,8017.59277922182,99.73715889467438,25.35455714083263,43.08195427372771,44.82180326981839,31.0170322691502,67.48568391008587,18.790045284441558,1.4542472242223685,3.0153889842054453,7.086520559833329,20.049099541666667,13.337133547383797,33.386233089050464,1.3421007310460626,6.2450045135165055e-15,0.0,10.85628472584172,14.858226645449033,8017.59277922182,7.086520559833329,ood
SIM_00012,latin_hypercube_ood,101,2.0.0,manufacturer_reconciled,concentrate_staging_3x2,2026-09-08T09:36:53.469283+00:00,42.4201,3468.16,114.63,7.01,36.55,15.738,26.284,1,NONE,,PASS,61.47827752545506,26.07914680457556,16.340953195424444,9.239776880515421,8988.381935970443,99.73358273895911,29.05911726062429,45.69883967180539,46.98945370193795,34.75442907554979,67.48307240790281,20.21925295351914,1.4542261305184847,3.056131308409189,7.92053291845211,21.688380815104164,11.48974842411769,33.17812923922185,1.2722091519267333,6.2450045135165055e-15,2.4980018054066022e-14,11.337043497265098,17.068823582615966,8988.381935970443,7.92053291845211,ood
SIM_00013,latin_hypercube_ood,101,2.0.0,manufacturer_reconciled,concentrate_staging_3x2,2026-09-08T09:36:53.469283+00:00,44.0868,3464.59,137.18,8.77,37.59,19.505,24.875,1,NONE,,PASS,64.40770426331017,28.395295763157023,15.691504236842976,9.257370446562769,9717.348849332413,99.73280040505334,36.79962592981904,43.68340969443264,51.1626950687514,45.556586259097465,60.339594514394356,18.7495191392267,1.3976565378057662,3.063237631224196,8.591651153818544,28.307016802083332,5.630652466688614,33.93766926877195,1.1951863277580708,0.0,2.4980018054066022e-14,11.889275747545103,18.904890334278214,9717.348849332413,8.591651153818544,ood
SIM_00014,latin_hypercube_ood,101,2.0.0,manufacturer_reconciled,concentrate_staging_3x2,2026-09-08T09:36:53.469283+00:00,43.418,3415.9,129.28,7.75,36.38,15.593,18.787,1,NONE,,PASS,49.47797128657909,21.48234557320691,21.935654426793093,9.646835763942471,6751.761614165953,99.71759021739682,28.259571571152964,29.576628102340898,38.706928960733165,34.674968682092036,44.32658448433903,11.511772392999223,1.2787143910278436,3.0084276784338373,5.946364506643628,21.979985607638888,3.9411200201501018,25.92110562778899,1.2066236221485127,6.2450045135165055e-15,4.9960036108132044e-14,10.955524909391972,13.001592072569249,6751.761614165953,5.946364506643628,ood
SIM_00015,latin_hypercube_ood,101,2.0.0,manufacturer_reconciled,concentrate_staging_3x2,2026-09-08T09:36:53.469283+00:00,43.3351,3293.59,125.68,7.96,37.7,16.554,17.051,1,NONE,,PASS,49.446523658481496,21.427700473926613,21.907399526073384,9.459212232870257,6505.809266541485,99.71279933953922,30.960307333772125,26.776214682879466,38.60846932239029,33.512127860424236,42.572211230501296,12.330332129095602,1.2663145307872168,2.9130778214658983,5.754185762359408,23.384026226562497,0.9837758195903626,24.36780204615286,1.1372103168888228,0.0,0.0,10.953904957098999,13.14538056664755,6505.809266541485,5.754185762359408,ood
SIM_00016,latin_hypercube_ood,101,2.0.0,manufacturer_reconciled,concentrate_staging_3x2,2026-09-08T09:36:53.469283+00:00,42.9239,3335.89,142.98,9.95,36.13,15.764,26.474,1,NONE,,PASS,62.01435805319466,26.618981036395226,16.30491896360477,8.80245228366905,8767.605455733099,99.73612882068447,29.23499428419551,46.321431670114734,47.962127993504915,35.46183178709457,68.89772629061503,20.666348955105644,1.4656975341324465,2.935588906273709,7.7155077986489164,21.98471242795139,11.770351361772907,33.755063789724296,1.2680824913460116,6.2450045135165055e-15,0.0,10.952139434992697,16.691684761786707,8767.605455733099,7.7155077986489164,ood
SIM_00017,latin_hypercube_ood,101,2.0.0,manufacturer_reconciled,concentrate_staging_3x2,2026-09-08T09:36:53.469283+00:00,43.1293,3430.12,131.51,8.93,36.27,15.094,19.493,1,NONE,,PASS,49.74270214283389,21.453679235289258,21.675620764710747,9.657544420475947,6815.5595754064225,99.71844878836671,27.185616827145388,30.978886770406433,38.65527790142209,33.13407625604647,46.80679201067726,12.203836620442862,1.2964518450728033,3.019877839697682,6.000419031086142,21.086558714409723,5.287486611486897,26.37404532589662,1.229348357297793,0.0,4.9960036108132044e-14,10.97549841399849,13.013512558103708,6815.5595754064225,6.000419031086142,ood
SIM_00018,latin_hypercube_ood,101,2.0.0,manufacturer_reconciled,concentrate_staging_3x2,2026-09-08T09:36:53.469283+00:00,43.6915,3450.56,121.32,7.87,36.98,19.349,19.436,1,NONE,,PASS,57.188166599602816,24.986367809865463,18.705132190134538,9.56901522394132,8047.045365732524,99.72268225378079,36.81106707031567,32.24789307957212,45.02048254029813,36.52204958561672,51.264685420328966,15.364733927794937,1.328953662633828,3.0448439685171946,7.1008756683654015,27.81654240017361,0.5147777584316802,28.33132015860529,1.1338710921968869,0.0,2.4980018054066022e-14,11.921404435021648,16.137418196800944,8047.045365732524,7.1008756683654015,ood
SIM_00019,latin_hypercube_ood,101,2.0.0,manufacturer_reconciled,concentrate_staging_3x2,2026-09-08T09:36:53.469283+00:00,43.2404,3473.46,111.78,6.59,37.12,12.894,25.627,1,NONE,,PASS,54.043124260294505,23.368463102648388,19.871936897351617,9.182016502022734,7547.287964171865,99.73565215945995,21.602731503963376,41.37949367199082,42.10533892369079,26.414317688504795,67.64117784924608,17.86474545067838,1.4555037360819358,3.066435028437827,6.662886051097126,17.837791052083332,15.517165724061112,33.35495677614445,1.4273491855082363,6.2450045135165055e-15,7.494005416219807e-14,10.932108334883518,13.649562306386521,7547.287964171865,6.662886051097126,ood
SIM_00020,latin_hypercube_ood,101,2.0.0,manufacturer_reconciled,concentrate_staging_3x2,2026-09-08T09:36:53.469283+00:00,44.8457,3325.97,139.22,8.28,36.43,14.501,20.508,1,NONE,,PASS,48.982717714431445,21.966642638060783,22.879057361939218,9.057668217167317,6510.60417007993,99.72766837292076,25.119757684500605,31.86816614372983,39.57953628479421,31.959636237574312,51.20962760887238,12.721112922790661,1.3285473171619053,2.9296983276739414,5.734900239397877,21.002346881076384,7.528810170934895,28.53115705201128,1.2988401332926685,0.0,4.9960036108132044e-14,10.34230682676687,12.002426313146868,6510.60417007993,5.734900239397877,ood
SIM_00021,latin_hypercube_ood,101,2.0.0,manufacturer_reconciled,concentrate_staging_3x2,2026-09-08T09:36:53.469283+00:00,42.3107,3206.26,143.68,9.83,37.86,15.866,27.993,1,NONE,,PASS,65.68736243404717,27.79278285738239,14.517917142617597,8.520841904499267,9327.941862655469,99.73424357648788,30.23677443814266,50.815580429937754,50.07708622951782,36.15903959661982,73.98911543197805,23.572149032134813,1.5077374345565084,2.8372968107619467,8.25452074937317,21.820494771701387,12.890249870538202,34.71074464223959,1.2489121661676146,6.2450045135165055e-15,2.4980018054066022e-14,10.912452726936348,18.21902411341686,9327.941862655469,8.25452074937317,ood
SIM_00022,latin_hypercube_ood,101,2.0.0,manufacturer_reconciled,concentrate_staging_3x2,2026-09-08T09:36:53.469283+00:00,42.4835,3396.34,115.61,8.0,36.04,16.872,27.234,1,NONE,,PASS,65.25606495166623,27.72306035374112,14.760439646258872,9.080485201169846,9758.29141967555,99.73263909970234,32.030198803649945,48.88327693063857,49.95146009683084,38.335995095813665,69.888995347936,22.13971055328353,1.4737895861943509,2.987915277878426,8.584814246759313,23.39358352864583,10.84051308025728,34.23409660890311,1.2348599386966075,6.2450045135165055e-15,4.9960036108132044e-14,11.42252944640882,18.845108596444128,9758.29141967555,8.584814246759313,ood
SIM_00023,latin_hypercube_ood,101,2.0.0,manufacturer_reconciled,concentrate_staging_3x2,2026-09-08T09:36:53.469283+00:00,44.809,3455.09,142.73,9.56,37.6,18.886,28.565,1,NONE,,PASS,67.37505482009807,30.19008831433774,14.618911685662244,9.009201412953225,10571.726715831803,99.73924843020143,34.88486499985554,49.896525316534266,54.39655552132926,44.017864830941306,72.50854602833385,22.7047834666291,1.495389474707928,3.054936458828462,9.347355170767027,27.807640789930556,10.261746468430303,38.06938725836086,1.2609895957237436,1.8735013540549517e-14,2.4980018054066022e-14,11.456531972112098,19.968884092101337,10571.726715831803,9.347355170767027,ood
SIM_00024,latin_hypercube_ood,101,2.0.0,manufacturer_reconciled,concentrate_staging_3x2,2026-09-08T09:36:53.469283+00:00,42.8215,3346.77,133.3,7.71,37.0,16.821,23.857,1,NONE,,PASS,60.30696672908964,25.824347757897122,16.99715224210288,9.01049894690416,8417.94079730035,99.73077029652757,31.801252935635667,41.79800219284229,46.530356320535354,38.40801028132522,59.717338411801975,17.85571465404162,1.3928342915555114,2.953448025132545,7.42864033783899,23.503873841145836,7.590940846722652,31.09481468786849,1.20408906274737,6.2450045135165055e-15,0.0,11.240115056647161,16.3927607708588,8417.94079730035,7.42864033783899,ood
SIM_00025,latin_hypercube_ood,101,2.0.0,manufacturer_reconciled,concentrate_staging_3x2,2026-09-08T09:36:53.469283+00:00,43.0885,3271.67,146.46,9.64,37.26,13.95,16.993,1,NONE,,PASS,44.32091698576742,19.097218315412395,23.99128168458761,9.687522596216063,5868.229547381292,99.7038967073019,24.85942593457641,25.900109618867457,34.409402370112424,30.343969308903272,40.050373415077345,9.850945503432355,1.2487005795956625,2.889594321394887,5.182919663888677,19.355040013020833,3.926828933084617,23.28186894610545,1.2191235687616262,0.0,4.9960036108132044e-14,10.596308499476466,11.543062199104206,5868.229547381292,5.182919663888677,ood
SIM_00026,latin_hypercube_ood,101,2.0.0,manufacturer_reconciled,concentrate_staging_3x2,2026-09-08T09:36:53.469283+00:00,43.4945,3400.87,126.57,7.73,37.79,19.311,27.927,1,NONE,,PASS,69.05026045386597,30.03306553310674,13.461434466893266,9.153463465573756,10967.942087449614,99.73084935720642,37.01228609552501,50.8638468875512,54.113631591183314,45.202640232915286,69.9523714628852,23.195976473871525,1.474308462678478,3.0088345335444027,9.703611991823706,27.633732200520836,8.624092695778918,36.25782489629975,1.2072635361292436,6.2450045135165055e-15,0.0,11.892174950116564,21.4609096234157,10967.942087449614,9.703611991823706,ood
SIM_00027,latin_hypercube_ood,101,2.0.0,manufacturer_reconciled,concentrate_staging_3x2,2026-09-08T09:36:53.469283+00:00,44.1138,3389.24,132.86,8.0,36.36,12.79,18.437,1,NONE,,PASS,42.67803137209075,18.826901403421367,25.286898596578634,9.884892418243494,5905.277511464474,99.7083448673377,21.210341684720923,27.246836890022102,33.92234487102949,26.512729039184396,45.07626734992405,10.515859400009447,1.2840500833740942,2.984754999050448,5.200518869458573,18.038791463541664,7.358128945535852,25.396920409077516,1.3489697462622392,6.2450045135165055e-15,9.992007221626409e-14,10.59111744496426,10.912945396731178,5905.277511464474,5.200518869458573,ood
SIM_00028,latin_hypercube_ood,101,2.0.0,manufacturer_reconciled,concentrate_staging_3x2,2026-09-08T09:36:53.469283+00:00,43.2203,3208.29,149.29,6.25,37.39,13.436,24.494,1,NONE,,PASS,54.927936076582206,23.74001875610706,19.48028124389294,8.504492302007057,7107.770044318367,99.73492133497885,23.708516737007525,40.92123786865554,42.77480856956227,29.05809015139371,64.95259536742591,17.620732650637827,1.4339299768301448,2.8348027536635456,6.280331919508824,18.642881313368054,13.175624256310753,31.818505569678806,1.3402898243917174,0.0,2.4980018054066022e-14,10.432882412719477,13.309196065049164,7107.770044318367,6.280331919508824,ood
SIM_00029,latin_hypercube_ood,101,2.0.0,manufacturer_reconciled,concentrate_staging_3x2,2026-09-08T09:36:53.469283+00:00,42.637,3257.02,129.81,6.63,36.45,12.546,29.568,1,NONE,,PASS,60.951591354655385,25.98793000588442,16.64906999411558,8.408620649962929,8327.854897847586,99.74183085612115,21.66997741470223,50.14886073494655,46.82509910970166,26.17080002883885,81.41111019928339,23.43589117489392,1.5711904319641683,2.869148699732862,7.336109097188027,17.073675755208335,20.261193516014004,37.33486927122234,1.436623434908769,6.2450045135165055e-15,2.4980018054066022e-14,10.649657441429085,15.40770200498505,8327.854897847586,7.336109097188027,ood
SIM_00030,latin_hypercube_ood,101,2.0.0,manufacturer_reconciled,concentrate_staging_3x2,2026-09-08T09:36:53.469283+00:00,42.7998,3459.67,115.5,8.52,37.5,18.869,29.78,1,NONE,,PASS,71.10624874123008,30.43333224874899,12.366467751251015,9.41253211726365,11950.601604392892,99.72793555115767,36.32177036657212,54.62538543376502,54.83483288062881,43.604975375822114,75.40125447874546,25.72506304262896,1.5196096590298311,3.058001634988389,10.563134416094117,26.53550447395833,10.751196323668275,37.28670079762661,1.225192840956788,6.2450045135165055e-15,4.9960036108132044e-14,12.073542172634326,23.237425127663606,11950.601604392892,10.563134416094117,ood
SIM_00031,latin_hypercube_ood,101,2.0.0,manufacturer_reconciled,concentrate_staging_3x2,2026-09-08T09:36:53.469283+00:00,44.4462,3316.23,118.09,9.21,37.2,12.105,26.081,1,NONE,,PASS,52.71143604131174,23.428230285793497,21.017969714206505,8.603513716394088,7003.162471296878,99.74056341941319,19.588588440947337,41.19172510239991,42.21302754197026,24.688431062798237,70.55579658037854,17.860444785653556,1.4792580165976703,2.9283843227658903,6.184116056705418,17.117574265625002,17.90217351457266,35.01974778019766,1.4947670973438005,0.0,2.4980018054066022e-14,10.481557774421265,12.468118043216645,7003.162471296878,6.184116056705418,ood
SIM_00032,latin_hypercube_ood,101,2.0.0,manufacturer_reconciled,concentrate_staging_3x2,2026-09-08T09:36:53.469283+00:00,42.0524,3380.29,122.77,7.31,37.51,16.961,19.483,1,NONE,,PASS,54.755777973322935,23.026118776453654,19.02628122354634,9.569434196115902,7459.626954947447,99.71690493430694,32.54939825887576,32.92243381263726,41.4885022999165,38.52587398763458,45.40787170173855,13.10124105406435,1.2864172953941988,2.9879338487370797,6.593775054104525,23.286151461805552,2.9270688134739284,26.213220275279483,1.1384124493479524,0.0,4.9960036108132044e-14,11.569893822752492,15.045388624070865,7459.626954947447,6.593775054104525,ood
SIM_00033,latin_hypercube_ood,101,2.0.0,manufacturer_reconciled,concentrate_staging_3x2,2026-09-08T09:36:53.469283+00:00,42.728,3286.59,113.45,9.1,37.35,13.127,17.733,1,NONE,,PASS,43.96425464248236,18.785046723639862,23.94295327636013,9.748861644286423,5857.51820503199,99.70337457229876,22.96279467315569,27.261450983617813,33.846931033585335,27.783338365178228,42.811549625753266,10.497730096737023,1.2679990594193062,2.9036135450503697,5.1749592131997035,17.972094097222225,5.778666911716152,23.750761008938376,1.264343994367044,6.2450045135165055e-15,2.4980018054066022e-14,10.68413090619024,11.356600489443972,5857.51820503199,5.1749592131997035,ood
SIM_00034,latin_hypercube_ood,101,2.0.0,manufacturer_reconciled,concentrate_staging_3x2,2026-09-08T09:36:53.469283+00:00,42.6096,3373.48,148.02,6.7,37.76,19.636,23.313,1,NONE,,PASS,64.69307680674603,27.56546125504726,15.04413874495274,9.325936616925235,9537.638684145886,99.72355144785429,38.57487719239477,42.52038648120944,49.66749775684191,44.58668230858539,55.33856987048187,17.986779597303972,1.3593676750749033,2.984313957944823,8.437372757784559,27.552358624999997,3.750554423630265,31.302913048630263,1.1355845911302744,0.0,7.494005416219807e-14,12.248924723542752,19.429283386001707,9537.638684145886,8.437372757784559,ood
SIM_00035,latin_hypercube_ood,101,2.0.0,manufacturer_reconciled,concentrate_staging_3x2,2026-09-08T09:36:53.469283+00:00,42.0778,3402.4,129.69,7.25,36.41,17.933,21.313,1,NONE,,PASS,59.26981417645134,24.939433869538846,17.13836613046116,9.481699846050365,8339.712047561019,99.72132318815981,34.86595238035662,37.46713537381164,44.93591688205198,41.210330709116164,50.37540437080568,15.32428589974745,1.3224056436741485,2.996828480253285,7.345605037985628,24.720342241319443,3.644746928055985,28.365089169375427,1.137358984079454,6.2450045135165055e-15,2.4980018054066022e-14,11.862669786509677,16.79670423815879,8339.712047561019,7.345605037985628,ood
SIM_00036,latin_hypercube_ood,101,2.0.0,manufacturer_reconciled,concentrate_staging_3x2,2026-09-08T09:36:53.469283+00:00,42.0948,3385.5,112.01,9.64,37.36,13.676,16.967,1,NONE,,PASS,43.970379955887836,18.509243501671072,23.585556498328916,10.237752406639947,6034.305459694347,99.69759998798877,24.368848901140787,25.917271877993027,33.34998829129923,28.986123573604722,39.48567225609739,9.83884177080562,1.2447900763657596,2.991094188454984,5.33131767592791,18.508191968749998,4.135465301622387,22.643657270372383,1.223370218687114,1.2490009027033011e-14,2.4980018054066022e-14,11.023439525582004,11.915525886944554,6034.305459694347,5.33131767592791,ood
SIM_00037,latin_hypercube_ood,101,2.0.0,manufacturer_reconciled,concentrate_staging_3x2,2026-09-08T09:36:53.469283+00:00,43.1192,3478.25,113.19,7.11,37.64,15.829,24.442,1,NONE,,PASS,58.141761287194704,25.070262332948058,18.048937667051945,9.274722364204672,8296.711997106882,99.73335089875067,28.773973469700344,41.2318210745636,45.17164384314966,35.00740662283362,61.71122792570969,17.588290355308125,1.4083452058920036,3.0758100379441924,7.336767064654168,22.18205859027778,9.664711712960795,31.846770303238575,1.2703006406671955,6.2450045135165055e-15,4.9960036108132044e-14,11.213270854818628,15.648960287894816,8296.711997106882,7.336767064654168,ood
SIM_00038,latin_hypercube_ood,101,2.0.0,manufacturer_reconciled,concentrate_staging_3x2,2026-09-08T09:36:53.469283+00:00,42.3333,3273.21,118.54,7.13,37.44,17.679,21.501,1,NONE,,PASS,59.480071902789554,25.17987727882361,17.15342272117639,9.04818379358076,8064.743170160396,99.72356849106593,34.45762191297979,38.177513114625796,45.36914825013263,41.07434278309329,51.83066173345833,15.759991619481106,1.3331379725829429,2.8926308770128903,7.1270480993229235,24.497090085937497,4.115693978835689,28.612784064773187,1.1363353263376175,0.0,4.9960036108132044e-14,11.47319612048852,16.329975183901073,8064.743170160396,7.1270480993229235,ood
SIM_00039,latin_hypercube_ood,101,2.0.0,manufacturer_reconciled,concentrate_staging_3x2,2026-09-08T09:36:53.469283+00:00,42.6224,3304.51,119.02,7.06,37.66,16.679,19.541,1,NONE,,PASS,54.11877868099023,23.066722324526378,19.55567767547362,9.258374117628424,7191.394182950307,99.71982611286913,31.70771978998353,32.81638689188132,41.56166184599347,38.1282292009145,46.285297077125854,13.039437997875103,1.292702009668412,2.922360125489423,6.359745804046762,23.184439680555553,3.3473980166269146,26.531837697182468,1.1502214022393509,0.0,9.992007221626409e-14,11.192928081509807,14.38800233400476,7191.394182950307,6.359745804046762,ood
SIM_00040,latin_hypercube_ood,101,2.0.0,manufacturer_reconciled,concentrate_staging_3x2,2026-09-08T09:36:53.469283+00:00,44.07,3398.59,139.86,7.69,36.93,14.65,27.341,1,NONE,,PASS,59.437525048991205,26.19411728909042,17.875882710909586,8.746792620947703,8365.83844315088,99.74263466258219,25.658836053470118,45.437395922152234,47.19660772809085,32.0185495866497,72.37385646033523,20.238038329211687,1.4942711926809709,2.998501084435732,7.380994954967219,20.867068489583332,14.948868946187105,35.81593743577044,1.3673275201637507,6.2450045135165055e-15,2.4980018054066022e-14,10.66292301596992,15.311069266761995,8365.83844315088,7.380994954967219,ood
SIM_00041,latin_hypercube_ood,101,2.0.0,manufacturer_reconciled,concentrate_staging_3x2,2026-09-08T09:36:53.469283+00:00,42.3935,3382.22,134.39,7.18,36.81,16.635,21.804,1,NONE,,PASS,57.251141626709014,24.27076272551889,18.1227372744811,9.305503154852927,7899.374677382227,99.7248699624846,31.533839635120124,37.56206256423976,43.73110400994394,37.67351023309611,53.11963587057896,15.486003787845403,1.3427166933042012,2.9829033727921295,6.966747097501695,22.9951617578125,5.662937788895456,28.658099546707955,1.1807663348204591,1.2490009027033011e-14,0.0,11.378923452732623,15.521205293151693,7899.374677382227,6.966747097501695,ood
SIM_00042,latin_hypercube_ood,101,2.0.0,manufacturer_reconciled,concentrate_staging_3x2,2026-09-08T09:36:53.469283+00:00,44.264,3466.19,117.53,9.71,36.55,17.851,27.099,1,NONE,,PASS,64.34952194691981,28.483672394584584,15.780327605415422,9.052411345920945,9706.363015447014,99.73883683970234,32.88751077658628,46.87951755983635,51.321932242494746,41.034514761772435,68.76887309893088,20.856988629522935,1.4646489313733482,3.054395350818546,8.553215509749448,25.878686319444444,10.003309280732749,35.88199560017719,1.2597390920350287,0.0,0.0,11.318350531927726,18.27942363674708,9706.363015447014,8.553215509749448,ood
SIM_00043,latin_hypercube_ood,101,2.0.0,manufacturer_reconciled,concentrate_staging_3x2,2026-09-08T09:36:53.469283+00:00,44.9352,3367.44,120.06,7.68,36.08,19.546,20.398,1,NONE,,PASS,58.17051790627541,26.13903856222067,18.796161437779322,9.079455630538892,8037.772081670239,99.73037513272578,36.634304876711276,33.98718026790644,47.097366778775985,39.785627434282915,52.33681873372422,15.305651657840578,1.336891190123928,2.962873887402012,7.072109677876862,28.915723187499996,1.2872395621257635,30.202962749625758,1.1554733613377337,6.2450045135165055e-15,0.0,11.425649358951713,15.768319569827607,8037.772081670239,7.072109677876862,ood
SIM_00044,latin_hypercube_ood,101,2.0.0,manufacturer_reconciled,concentrate_staging_3x2,2026-09-08T09:36:53.469283+00:00,42.9805,3342.03,143.14,9.19,37.92,19.05,25.248,1,NONE,,PASS,66.05495640766796,28.390750538797725,14.589749461202272,9.07670159894613,9827.75108136597,99.72840753676819,36.996154563819566,46.12226705000637,51.15450547531122,44.65951312894202,62.13640073789813,20.208448260077514,1.4116749961909623,2.958013508037054,8.698491770662232,26.917657408854165,6.2508207309935075,33.16847813984767,1.1682846529372615,0.0,0.0,11.854469233740335,19.638862212578665,9827.75108136597,8.698491770662232,ood
SIM_00045,latin_hypercube_ood,101,2.0.0,manufacturer_reconciled,concentrate_staging_3x2,2026-09-08T09:36:53.469283+00:00,43.3726,3202.64,143.9,9.68,37.53,14.119,16.344,1,NONE,,PASS,43.757923061086686,18.978948937592882,24.393651062407116,9.526377286973311,5686.972511044072,99.70254610924196,25.31902027044477,24.69022615586369,34.19630439205925,31.140653680097284,38.16071421888346,9.642495959198827,1.2356628672564414,2.8310862447838416,5.027199326330995,19.737168487847224,3.008546735865779,22.745715223713002,1.1984707529645666,0.0,0.0,10.418843242695669,11.349796081740003,5686.972511044072,5.027199326330995,ood
SIM_00046,latin_hypercube_ood,101,2.0.0,manufacturer_reconciled,concentrate_staging_3x2,2026-09-08T09:36:53.469283+00:00,44.0342,3297.74,133.71,9.61,37.6,18.997,23.977,1,NONE,,PASS,63.363197348129,27.901477046669818,16.132722953330184,8.810985239279468,8985.929010555714,99.73281746774217,36.22606948098676,42.55207048756656,50.272931615621296,44.925706385189486,58.87168540033586,18.179477938653957,1.3863074599150873,2.9158100534970055,7.945217679073775,27.49652931423611,5.2946912087304145,32.791220522966526,1.1752503449232385,6.2450045135165055e-15,7.494005416219807e-14,11.416066191303749,17.7210675734199,8985.929010555714,7.945217679073775,ood
SIM_00047,latin_hypercube_ood,101,2.0.0,manufacturer_reconciled,concentrate_staging_3x2,2026-09-08T09:36:53.469283+00:00,43.2085,3388.31,124.82,6.33,36.75,12.341,16.037,1,NONE,,PASS,38.68037459776127,16.71320965807368,26.495290341926314,10.648539972785736,5518.936364418465,99.68572710369519,20.510125450910653,22.85857066692124,30.11389127580843,25.079630165327245,37.333631444064046,8.520710908294275,1.22999931483525,2.987695915941419,4.866409400649182,16.994968259548614,4.944447972745713,21.939416232294327,1.3126991572020408,6.2450045135165055e-15,2.4980018054066022e-14,10.811299269001664,10.671554331649054,5518.936364418465,4.866409400649182,ood
SIM_00048,latin_hypercube_ood,101,2.0.0,manufacturer_reconciled,concentrate_staging_3x2,2026-09-08T09:36:53.469283+00:00,42.1393,3239.78,134.19,8.19,36.88,17.243,19.392,1,NONE,,PASS,55.938982406530336,23.57229561323504,18.567004386764967,9.136549034227613,7341.3399964747805,99.71798859693473,33.669670058519465,33.57334776965201,42.4726047085316,38.76275756671144,45.62705812287563,13.704220344084419,1.2879843884273838,2.8579256089569616,6.476058121225912,23.746885561631938,2.5223959843178374,26.269281545949774,1.1144133764893254,6.2450045135165055e-15,2.4980018054066022e-14,11.328983647162302,15.04436367051834,7341.3399964747805,6.476058121225912,ood
SIM_00049,latin_hypercube_ood,101,2.0.0,manufacturer_reconciled,concentrate_staging_3x2,2026-09-08T09:36:53.469283+00:00,43.321,3481.22,112.24,6.15,36.02,16.16,24.074,1,NONE,,PASS,58.115396384561,25.176170867755673,18.144829132244336,9.283448026870829,8298.574147422069,99.7333277406521,29.49072257937585,40.597031840823206,45.3624700319922,36.04914309413258,60.425691608438385,17.215176590902594,1.398325070610476,3.0623899831202293,7.3001621107674435,22.783762387152777,8.870871199065768,31.654633586218544,1.2573251807231793,6.2450045135165055e-15,9.992007221626409e-14,11.195744037796322,15.615964943729965,8298.574147422069,7.3001621107674435,ood
SIM_00050,latin_hypercube_ood,101,2.0.0,manufacturer_reconciled,concentrate_staging_3x2,2026-09-08T09:36:53.469283+00:00,44.9032,3359.09,126.89,6.93,37.83,14.067,19.093,1,NONE,,PASS,45.70527191336462,20.52312965780194,24.380070342198056,9.415141559446356,6178.844433286715,99.71971154213057,23.926317120152408,28.628763547060505,36.97861199603954,30.473029684048072,46.67011807686041,11.147555353534809,1.2954680339161286,2.9722530331554244,5.467281051782462,20.35260927083333,6.495052791967666,26.847662062800996,1.308166079465115,0.0,9.992007221626409e-14,10.395204990859645,11.432458158045993,6178.844433286715,5.467281051782462,ood
SIM_00051,latin_hypercube_ood,101,2.0.0,manufacturer_reconciled,concentrate_staging_3x2,2026-09-08T09:36:53.469283+00:00,42.2976,3353.81,133.47,9.03,37.38,15.199,19.303,1,NONE,,PASS,50.8305844928084,21.500117306430127,20.797482693569883,9.53527284589978,6811.069707732482,99.71568834114336,28.140818811021912,31.57531898688916,38.738950101675904,33.614475522656534,46.26144306093802,12.47866922676489,1.2925307457795376,2.9632868807293726,6.01797761610136,20.834138166666666,4.8061633641969195,25.640301530863585,1.1925656574531915,1.2490009027033011e-14,4.9960036108132044e-14,11.07519904299526,13.380786420190185,6811.069707732482,6.01797761610136,ood
SIM_00052,latin_hypercube_ood,101,2.0.0,manufacturer_reconciled,concentrate_staging_3x2,2026-09-08T09:36:53.469283+00:00,44.3389,3409.35,136.18,6.77,37.94,19.163,24.688,1,NONE,,PASS,63.598571266760274,28.198906915397572,16.13999308460243,9.0488783284904,9350.16882883897,99.73458640713068,35.997140383487995,43.125308851280494,50.80884128900463,44.90078865979804,60.42534745409863,18.485917976671264,1.3983223976601482,3.0177921067504676,8.276318268424923,27.94235938454861,5.88748366100594,33.82984304555455,1.199686326390272,0.0,4.9960036108132044e-14,11.60075120008315,18.142053085754796,9350.16882883897,8.276318268424923,ood
SIM_00053,latin_hypercube_ood,101,2.0.0,manufacturer_reconciled,concentrate_staging_3x2,2026-09-08T09:36:53.469283+00:00,43.0155,3299.47,128.13,9.16,36.85,14.194,23.789,1,NONE,,PASS,55.156806050534016,23.72597590666746,19.289524093332542,8.83014344507485,7346.933357643342,99.73237691371418,25.42877812900617,39.86528204265784,42.749506138139566,30.971021560075403,61.729987296630036,16.94897197486368,1.4084919563497953,2.910298647284568,6.480365092708613,19.6866858203125,11.188031691550341,30.87471751186284,1.3013044282484685,0.0,7.494005416219807e-14,10.672815063737556,13.822884260051621,7346.933357643342,6.480365092708613,ood
SIM_00054,latin_hypercube_ood,101,2.0.0,manufacturer_reconciled,concentrate_staging_3x2,2026-09-08T09:36:53.469283+00:00,42.5146,3260.09,133.99,7.2,36.79,19.843,22.208,1,NONE,,PASS,64.39404703617362,27.37687152124107,15.137728478758923,9.08681211956707,9139.59145324873,99.72127112688402,39.58294989252574,41.06638291593531,49.327696434668596,42.40044037136174,53.67781348412881,17.168648959154943,1.3468859873771553,2.8750069440742267,8.060019476177514,27.796503102430552,2.510634691866426,30.307137794296978,1.1070343728202245,6.2450045135165055e-15,2.4980018054066022e-14,12.108989577908227,18.986786935172084,9139.59145324873,8.060019476177514,ood
SIM_00055,latin_hypercube_ood,101,2.0.0,manufacturer_reconciled,concentrate_staging_3x2,2026-09-08T09:36:53.469283+00:00,42.7136,3406.6,128.36,9.74,36.22,17.358,28.752,1,NONE,,PASS,67.79407994901919,28.95729213310426,13.756307866895735,9.100714987466384,10558.401215126614,99.73285049646373,33.00421711542576,51.928436889128115,52.17530114072839,39.69209740915363,74.1233702956612,24.107812933767498,1.508862149762789,2.9986861863992624,9.294114916415596,24.241080333333333,11.76845778285378,36.009538116187116,1.2435395530309499,0.0,7.494005416219807e-14,11.50655907530965,20.333497097903262,10558.401215126614,9.294114916415596,ood
SIM_00056,latin_hypercube_ood,101,2.0.0,manufacturer_reconciled,concentrate_staging_3x2,2026-09-08T09:36:53.469283+00:00,42.2025,3442.73,128.95,7.3,36.15,16.896,29.952,1,NONE,,PASS,68.94983857825143,29.098555625986563,13.103944374013443,9.244545813934677,11067.111226600779,99.7314763047368,32.12862550469853,54.25146219206437,52.42982995673255,38.1576715266054,77.85163525717167,25.72145273589839,1.5404328959911704,3.029804202655504,9.739706600753165,23.274019335937503,13.43256901352614,36.706588349463644,1.261457400884967,6.2450045135165055e-15,4.9960036108132044e-14,11.600979061900924,21.234746641197273,11067.111226600779,9.739706600753165,ood
SIM_00057,latin_hypercube_ood,101,2.0.0,manufacturer_reconciled,concentrate_staging_3x2,2026-09-08T09:36:53.469283+00:00,42.3519,3333.41,110.26,9.5,37.34,19.784,23.003,1,NONE,,PASS,65.0864181344135,27.565334721868673,14.78656527813133,9.287201025505846,9530.289118766304,99.72139037725614,39.296921079928026,42.48466060254147,49.667269769132744,43.692602076130264,54.37689343444349,17.942759376480087,1.3521260109129576,2.944882904862128,8.419482003188461,27.603365518229168,3.2752076671714985,30.87857318540067,1.1201958364359519,6.2450045135165055e-15,4.9960036108132044e-14,12.305689300859974,19.64858726472514,9530.289118766304,8.419482003188461,ood
SIM_00058,latin_hypercube_ood,101,2.0.0,manufacturer_reconciled,concentrate_staging_3x2,2026-09-08T09:36:53.469283+00:00,42.2607,3288.3,139.57,7.77,37.14,14.408,19.639,1,NONE,,PASS,50.12267852736374,21.18219480441361,21.078505195586384,9.334117737033374,6583.395806398237,99.71614154009569,26.410877489125443,32.221883111507836,38.1661167647092,31.567207223652407,48.164544164429095,12.84371541307956,1.306265929306032,2.9031594655334705,5.812318781953714,19.655260809895832,6.134548611284409,25.78980942118024,1.2175230026591282,1.2490009027033011e-14,0.0,10.849972786670044,12.848954634822377,6583.395806398237,5.812318781953714,ood
SIM_00059,latin_hypercube_ood,101,2.0.0,manufacturer_reconciled,concentrate_staging_3x2,2026-09-08T09:36:53.469283+00:00,42.1116,3339.2,127.75,9.43,36.62,18.293,19.403,1,NONE,,PASS,57.46604109124013,24.19986936017868,17.91173063982133,9.453840447400044,7837.895502074243,99.71688307237062,35.92046602628972,33.62317690042791,43.603368216538165,37.209625514209264,48.20107309425088,14.8778672237872,1.3065309908008846,2.9431572533184185,6.908289110470058,25.26659444791667,1.4616830057306134,26.728277453647284,1.104480237303642,6.2450045135165055e-15,4.9960036108132044e-14,11.846495262773658,16.15438464403799,7837.895502074243,6.908289110470058,ood
SIM_00060,latin_hypercube_ood,101,2.0.0,manufacturer_reconciled,concentrate_staging_3x2,2026-09-08T09:36:53.469283+00:00,42.9745,3225.07,130.38,9.12,37.03,17.018,29.887,1,NONE,,PASS,69.41756758140276,29.83185258026993,13.142647419730064,8.570320080589651,10526.045306679274,99.73425940892477,32.567904160246755,54.647068228052966,53.75108573021609,39.527252679507136,78.9814769717004,26.13823733026604,1.5501301101434042,2.846325847971384,9.289892880873623,23.881810030381942,13.401599085729673,37.28340911611161,1.2497852426627356,0.0,2.4980018054066022e-14,11.009284949982973,20.423924704980283,10526.045306679274,9.289892880873623,ood
SIM_00061,latin_hypercube_ood,101,2.0.0,manufacturer_reconciled,concentrate_staging_3x2,2026-09-08T09:36:53.469283+00:00,42.5849,3343.64,127.5,8.4,36.36,17.067,24.229,1,NONE,,PASS,61.619495780111166,26.240600658464558,16.34429934153544,9.028920007603299,8697.323010381737,99.72996734075429,32.59357350105054,43.06106077216984,47.28036154678299,39.11927770681927,60.668140805392994,18.55918209593621,1.4002093756539644,2.9445970792936,7.659350867331137,23.7377548046875,7.586880219783549,31.32463502447105,1.1937468746305742,0.0,0.0,11.347992206890062,17.035823218666973,8697.323010381737,7.659350867331137,ood
SIM_00062,latin_hypercube_ood,101,2.0.0,manufacturer_reconciled,concentrate_staging_3x2,2026-09-08T09:36:53.469283+00:00,44.3121,3247.17,120.83,8.72,36.49,17.717,27.46,1,NONE,,PASS,65.81831813387234,29.165478949799645,15.14662105020036,8.468922416637147,9483.430073444008,99.73919066705356,33.24679183303393,48.7939489280711,52.55041252216152,41.643487286358145,71.21013372955393,22.157033968884626,1.4846439506383668,2.8608412844124222,8.355148720869845,25.700633346354163,10.468971353968037,36.169604700322196,1.240151233675203,6.2450045135165055e-15,7.494005416219807e-14,10.854878110593633,18.184707558340087,9483.430073444008,8.355148720869845,ood
SIM_00063,latin_hypercube_ood,101,2.0.0,manufacturer_reconciled,concentrate_staging_3x2,2026-09-08T09:36:53.469283+00:00,42.189,3438.4,138.81,6.43,37.74,17.452,24.521,1,NONE,,PASS,62.54105245352204,26.385444619616415,15.803555380383575,9.362137704592433,9163.484415274621,99.72771819146719,33.44654628610374,43.71599750854617,47.54134165696651,39.66160256350781,60.57030590055142,18.85868706456344,1.3994487015105275,3.0415490927902336,8.105859617867601,24.08105638020833,7.330564614594694,31.411620994803023,1.1904904938175598,6.2450045135165055e-15,2.4980018054066022e-14,11.782657165543135,18.053060346593863,9163.484415274621,8.105859617867601,ood
SIM_00064,latin_hypercube_ood,101,2.0.0,manufacturer_reconciled,concentrate_staging_3x2,2026-09-08T09:36:53.469283+00:00,44.466,3254.5,120.41,8.45,37.16,12.362,29.697,1,NONE,,PASS,58.673721524877834,26.08985701325218,18.376142986747833,8.188595904470056,7863.508561503989,99.74839158382332,20.372649468968117,48.1003974143071,47.00875137522915,25.710272018109674,82.25487532096015,22.147304173714915,1.5785710085820608,2.873503476175026,6.9429464392114895,17.521997135416665,21.865112234916072,39.38710937033274,1.5096713389546865,1.2490009027033011e-14,2.4980018054066022e-14,10.327865913828308,14.116801926024996,7863.508561503989,6.9429464392114895,ood
SIM_00065,latin_hypercube_ood,101,2.0.0,manufacturer_reconciled,concentrate_staging_3x2,2026-09-08T09:36:53.469283+00:00,42.37,3498.93,114.27,8.47,37.67,13.321,23.63,1,NONE,,PASS,52.68293031729916,22.32175757543965,20.048242424560346,9.540353261177243,7384.024170915139,99.72733512070326,22.9892489952054,38.5578389181597,40.219383018810184,27.50194043823191,60.692980290149414,16.206150725296116,1.4004025704132996,3.094395991325025,6.530309207193884,18.106922482638886,12.189594045301037,30.29651652793992,1.357263935223219,0.0,2.4980018054066022e-14,11.171762655872802,13.667592062765479,7384.024170915139,6.530309207193884,ood
SIM_00066,latin_hypercube_ood,101,2.0.0,manufacturer_reconciled,concentrate_staging_3x2,2026-09-08T09:36:53.469283+00:00,42.1245,3416.25,112.82,7.45,36.92,18.138,24.406,1,NONE,,PASS,63.88598301328246,26.911650914430172,15.21284908556983,9.365680049925619,9443.055433264313,99.72584910208779,35.260874304664746,44.216087877566565,48.48946110708139,41.699128666968456,59.74414125674348,19.088593419984825,1.3930416600738391,3.0139849100069505,8.331131088245234,25.047622617187503,6.361347212420988,31.40896982960849,1.167114196356004,0.0,4.9960036108132044e-14,11.951235304643724,18.82025349954659,9443.055433264313,8.331131088245234,ood
SIM_00067,latin_hypercube_ood,101,2.0.0,manufacturer_reconciled,concentrate_staging_3x2,2026-09-08T09:36:53.469283+00:00,43.5672,3447.26,118.81,9.0,37.85,19.595,24.026,1,NONE,,PASS,64.0839660495478,27.91958965673859,15.647610343261404,9.330954306508076,9581.459799145756,99.72932258354437,37.455357523966285,42.57536292702489,50.30556694907854,45.770948876116194,57.536714639868826,18.06931168601824,1.3760662119719038,3.0504654381096405,8.478592262820637,28.109542312499997,4.618129249873308,32.7276715623733,1.1722117683228288,6.2450045135165055e-15,4.9960036108132044e-14,12.059546975939286,18.947530963891424,9581.459799145756,8.478592262820637,ood
SIM_00068,latin_hypercube_ood,101,2.0.0,manufacturer_reconciled,concentrate_staging_3x2,2026-09-08T09:36:53.469283+00:00,44.5988,3444.73,130.62,8.96,37.97,12.612,21.051,1,NONE,,PASS,45.48563082488273,20.2860455203278,24.31275447967221,9.57279742140007,6310.952148512846,99.72210311341092,20.365412106293267,31.544357022502556,36.55143336996,25.729017206028622,53.41402640695365,12.603708364339733,1.344914025510776,3.049402816695926,5.5866890170516355,17.96146984375,10.961887202599014,28.92335704634901,1.4257760102808663,1.2490009027033011e-14,4.9960036108132044e-14,10.64797777869531,11.294107831001906,6310.952148512846,5.5866890170516355,ood
SIM_00069,latin_hypercube_ood,101,2.0.0,manufacturer_reconciled,concentrate_staging_3x2,2026-09-08T09:36:53.469283+00:00,44.6226,3249.15,117.28,8.11,37.42,13.307,26.425,1,NONE,,PASS,55.76259320918864,24.88271891736341,19.739881082636604,8.333531669093619,7334.297469058078,99.74351656066683,22.58193542887345,42.85906392019269,44.833727779033175,28.610990948232747,71.25183742977187,18.80436569647487,1.4849878830961427,2.871183457568056,6.48111461952905,19.047885026041666,16.27498243475309,35.322867460794754,1.4195742667070883,1.8735013540549517e-14,9.992007221626409e-14,10.233200943359423,13.2952772991685,7334.297469058078,6.48111461952905,ood
SIM_00070,latin_hypercube_ood,101,2.0.0,manufacturer_reconciled,concentrate_staging_3x2,2026-09-08T09:36:53.469283+00:00,44.3507,3226.73,111.52,7.62,36.82,13.904,24.594,1,NONE,,PASS,54.75625795090095,24.28478369503023,20.065916304969775,8.419349511914566,7121.691825947523,99.73907486799594,24.230734063860517,40.28747475627945,43.75636701807249,30.50912304022941,65.10489044321136,17.261990749919192,1.435143437650345,2.8458628725499713,6.281082816723639,19.851173125868055,12.99829118329129,32.849464309159345,1.3526768334313735,0.0,4.9960036108132044e-14,10.237156807713797,13.10406177689574,7121.691825947523,6.281082816723639,ood
SIM_00071,latin_hypercube_ood,101,2.0.0,manufacturer_reconciled,concentrate_staging_3x2,2026-09-08T09:36:53.469283+00:00,42.8567,3447.52,138.26,9.92,36.99,12.132,22.757,1,NONE,,PASS,48.727265626694724,20.882898047835678,21.973801952164322,9.526597289457529,6714.831950577785,99.7236681066547,19.972594291670216,35.931030227100734,37.626843329433655,24.193784080092467,59.01089077443826,14.855495709103032,1.3873797539709658,3.0422595041038965,5.925494651258229,16.545587955729165,13.188904162947383,29.73449211867655,1.4238680881630918,0.0,4.9960036108132044e-14,11.022791831249753,12.204583658994803,6714.831950577785,5.925494651258229,ood
SIM_00072,latin_hypercube_ood,101,2.0.0,manufacturer_reconciled,concentrate_staging_3x2,2026-09-08T09:36:53.469283+00:00,44.1575,3386.98,131.22,9.6,37.9,17.412,22.458,1,NONE,,PASS,57.71168821360132,25.484038722921003,18.67346127707899,9.043545398474437,7996.916108540102,99.73299088277832,32.141657990723886,37.6814839056664,45.91718688814595,40.059156857279476,54.9585103384827,15.56824504654043,1.3565011087592478,2.997605780005296,7.077574107073933,25.143326497395833,5.71823445696571,30.861560954361543,1.2110153060866236,6.2450045135165055e-15,4.9960036108132044e-14,11.115551013471034,15.337323197175698,7996.916108540102,7.077574107073933,ood
SIM_00073,latin_hypercube_ood,101,2.0.0,manufacturer_reconciled,concentrate_staging_3x2,2026-09-08T09:36:53.469283+00:00,43.3107,3383.15,146.9,7.91,36.2,18.928,23.521,1,NONE,,PASS,62.99699486688103,27.28443945581024,16.026260544189753,9.166743613901069,9127.299836448214,99.7290470829286,36.376622599006474,41.84055194067529,49.16115217263106,44.27919271939711,56.91057934318109,17.718159151650532,1.3712889002740065,2.977851618093971,8.033857377531634,26.9409848203125,4.825123158855865,31.766107979168368,1.1642573060962684,6.2450045135165055e-15,0.0,11.752868959591105,18.05507322279985,9127.299836448214,8.033857377531634,ood
SIM_00074,latin_hypercube_ood,101,2.0.0,manufacturer_reconciled,concentrate_staging_3x2,2026-09-08T09:36:53.469283+00:00,42.3841,3377.96,116.58,6.41,37.62,16.354,17.378,1,NONE,,PASS,49.989656699945556,21.187666085361624,21.196433914638366,9.812592716508528,6744.714185123346,99.70951128146844,30.839364945232905,27.68958344518942,38.1759749285795,33.84123159500389,41.556044899073086,12.245218674463063,1.259187358368679,2.9869315487546393,5.9639544538354095,22.57652368315972,1.5002613941872496,24.07678507734697,1.1363585295494822,0.0,0.0,11.325140457188342,13.667711202718221,6744.714185123346,5.9639544538354095,ood
SIM_00075,latin_hypercube_ood,101,2.0.0,manufacturer_reconciled,concentrate_staging_3x2,2026-09-08T09:36:53.469283+00:00,43.407,3486.65,124.4,6.81,36.87,13.028,23.014,1,NONE,,PASS,50.2296038468143,21.80316414178668,21.60383585821333,9.480367412645654,6995.901817394987,99.72809523718625,21.82284073632969,36.336397200973124,39.284980435651676,26.789141519342994,59.18764550770462,15.041515674298973,1.3887424844869414,3.0755992435613466,6.171135714112249,18.108481015624996,12.29649222108414,30.404973236709136,1.3945211364270165,1.2490009027033011e-14,0.0,10.911633508010754,12.672117454928273,6995.901817394987,6.171135714112249,ood
SIM_00076,latin_hypercube_ood,101,2.0.0,manufacturer_reconciled,concentrate_staging_3x2,2026-09-08T09:36:53.469283+00:00,43.9109,3321.66,132.7,9.88,36.01,19.419,22.545,1,NONE,,PASS,62.251533091165655,27.33520844412866,16.57569155587135,8.976649525935038,8784.653178256141,99.7297541131261,37.275721612713554,39.818411818531864,49.25262782725885,44.55357464969347,53.97658212003551,16.590457313876247,1.3491229484194285,2.921932338186073,7.727510401815866,28.062953044270834,3.4198970654967313,31.482850109767565,1.1517325786674137,6.2450045135165055e-15,4.9960036108132044e-14,11.604309273451326,17.457584567668132,8784.653178256141,7.727510401815866,ood
SIM_00077,latin_hypercube_ood,101,2.0.0,manufacturer_reconciled,concentrate_staging_3x2,2026-09-08T09:36:53.469283+00:00,43.7552,3327.87,141.39,6.62,37.13,16.016,16.862,1,NONE,,PASS,47.52603037855063,20.795109644195588,22.96009035580442,9.59226305884994,6333.256664436181,99.71175968235389,29.313885187273858,25.764812848361423,37.46866602557764,33.4542764140914,40.67056820382521,11.52044612532043,1.2530095258672096,2.9380001599002386,5.591296863399938,22.793344680555553,1.391798290884208,24.18514297143976,1.1630206998302801,1.2490009027033011e-14,0.0,10.795463811607224,12.58117380232344,6333.256664436181,5.591296863399938,ood
SIM_00078,latin_hypercube_ood,101,2.0.0,manufacturer_reconciled,concentrate_staging_3x2,2026-09-08T09:36:53.469283+00:00,42.1578,3295.59,117.18,7.52,37.87,19.651,28.905,1,NONE,,PASS,72.9896766469961,30.770841901487323,11.38695809851267,9.238186491046033,12176.25955294748,99.71968034582439,39.25774922375906,55.53289019120632,55.44295838105824,46.356796064658255,72.55733898271582,26.22194219520776,1.495794792579093,2.9164408526538477,10.775412230505829,27.282171421875,8.628337409185,35.91050883106,1.167030429197462,6.2450045135165055e-15,0.0,12.25653603157017,24.62413771010175,12176.25955294748,10.775412230505829,ood
SIM_00079,latin_hypercube_ood,101,2.0.0,manufacturer_reconciled,concentrate_staging_3x2,2026-09-08T09:36:53.469283+00:00,43.6557,3363.65,148.9,7.4,37.84,19.974,24.078,1,NONE,,PASS,65.20508309543503,28.46573546089383,15.189964539106164,9.125429663525768,9649.972049694896,99.72870454228217,38.549925150624,43.37693324238759,51.28961344305195,46.65250620676673,57.81701081693124,18.518609393156712,1.378210215452201,2.976383604635132,8.538943883548873,28.7411393671875,4.241934039051754,32.98307340623926,1.1586938778220341,1.2490009027033011e-14,2.4980018054066022e-14,12.00286646111944,19.31006887491159,9649.972049694896,8.538943883548873,ood
SIM_00080,latin_hypercube_ood,101,2.0.0,manufacturer_reconciled,concentrate_staging_3x2,2026-09-08T09:36:53.469283+00:00,42.9548,3365.03,144.37,7.43,37.72,16.232,17.966,1,NONE,,PASS,50.16065308452888,21.546408211153214,21.40839178884679,9.620919694204849,6742.0708572839985,99.71409111674473,30.204346821059975,28.592477259730657,38.822357137213004,35.792589671882645,41.34079949197536,11.9404309656492,1.2576828286961237,2.9764557694417295,5.963535451733835,22.69855425347222,2.2735275617378057,24.972081815210025,1.158990471659381,6.2450045135165055e-15,2.4980018054066022e-14,11.122754092213395,13.420664061346166,6742.0708572839985,5.963535451733835,ood
SIM_00081,latin_hypercube_ood,101,2.0.0,manufacturer_reconciled,concentrate_staging_3x2,2026-09-08T09:36:53.469283+00:00,44.4274,3329.6,119.99,9.76,37.68,13.87,17.671,1,NONE,,PASS,43.72240475599591,19.424727650565327,25.00267234943468,9.641932056414372,5908.895540084909,99.71041770613844,23.78575009263388,26.158696946560312,34.999509280297886,29.967478118277132,42.2238250047127,9.989754606352582,1.263866492221216,2.944738069634913,5.225897899562705,19.833054685763887,4.997878509683349,24.830933195447237,1.2783156419042287,6.2450045135165055e-15,2.4980018054066022e-14,10.428111594439399,11.190380088359902,5908.895540084909,5.225897899562705,ood
SIM_00082,latin_hypercube_ood,101,2.0.0,manufacturer_reconciled,concentrate_staging_3x2,2026-09-08T09:36:53.469283+00:00,42.4644,3463.6,136.83,8.62,37.81,19.2,27.809,1,NONE,,PASS,69.51263091119631,29.518121640654044,12.946278359345957,9.500867496588233,11339.107966234107,99.72569385908915,37.34314705021587,51.342323060435916,53.185804757935216,44.40854198588905,68.93840991962723,23.40793330305695,1.466028771968238,3.0645304307883885,10.032636973241557,26.81560509375,8.369149809696165,35.18475490344616,1.1919713365157933,6.2450045135165055e-15,2.4980018054066022e-14,12.31689370381835,22.441171284815116,11339.107966234107,10.032636973241557,ood
SIM_00083,latin_hypercube_ood,101,2.0.0,manufacturer_reconciled,concentrate_staging_3x2,2026-09-08T09:36:53.469283+00:00,44.7732,3376.49,125.86,7.21,36.34,13.732,24.108,1,NONE,,PASS,52.50919493759887,23.51004686780102,21.263153132198976,8.850267210401668,7099.990811921421,99.7378855790954,23.19380378913863,38.16800283661838,42.36044480684868,29.452476030917694,63.01696937742036,16.061713196292658,1.418596326354748,2.9733344891892997,6.252246431653314,19.77288671875,12.926767197229443,32.69965391597945,1.3908799969584222,0.0,2.4980018054066022e-14,10.415082262815027,12.749042877878239,7099.990811921421,6.252246431653314,ood
SIM_00084,latin_hypercube_ood,101,2.0.0,manufacturer_reconciled,concentrate_staging_3x2,2026-09-08T09:36:53.469283+00:00,42.2506,3292.02,145.3,6.49,37.23,14.924,17.888,1,NONE,,PASS,48.45197507027237,20.471250179040496,21.779349820959514,9.570685118787779,6377.320602513257,99.70927621585568,27.687106270811014,28.71530612123691,36.88513545773063,33.066934983987444,42.15505534942107,11.111098604751412,1.2633838214684496,2.907286779971151,5.632013134587409,20.407553262152778,3.6217598564480364,24.029313118600815,1.1738077991545062,6.2450045135165055e-15,4.9960036108132044e-14,10.924146947587278,12.728389573046051,6377.320602513257,5.632013134587409,ood
SIM_00085,latin_hypercube_ood,101,2.0.0,manufacturer_reconciled,concentrate_staging_3x2,2026-09-08T09:36:53.469283+00:00,42.8737,3238.56,134.45,8.95,36.03,12.975,25.383,1,NONE,,PASS,55.59064603432553,23.833766808818627,19.03993319118137,8.564605126024327,7281.796720528001,99.7355427990828,22.69357828197104,42.554120370937355,42.94372397985338,27.57567981531353,67.96317543246751,18.591795911562663,1.4581091791918235,2.8490168646352583,6.405921663217599,17.807100033854162,14.797470060868058,32.60457009472222,1.3679990391891537,0.0,4.9960036108132044e-14,10.537950625705557,13.540402866558415,7281.796720528001,6.405921663217599,ood
SIM_00086,latin_hypercube_ood,101,2.0.0,manufacturer_reconciled,concentrate_staging_3x2,2026-09-08T09:36:53.469283+00:00,43.0543,3279.65,127.13,8.63,37.44,17.992,18.486,1,NONE,,PASS,54.83453605306904,23.6086256558965,19.445674344103498,9.224229008226619,7250.212110444575,99.71874349371956,34.65543965210784,30.88106537641144,42.53806424485856,35.95076082664968,47.43068718588599,14.227237616015618,1.3009522863232437,2.8983220923177333,6.4072233115396715,25.38222903211805,0.9221582998366008,26.30438733195465,1.1141854555766932,0.0,2.4980018054066022e-14,11.363057850270494,14.813495808554864,7250.212110444575,6.4072233115396715,ood
SIM_00087,latin_hypercube_ood,101,2.0.0,manufacturer_reconciled,concentrate_staging_3x2,2026-09-08T09:36:53.469283+00:00,42.0368,3348.62,115.9,6.86,36.69,14.626,24.991,1,NONE,,PASS,58.59102611383263,24.629792465419595,17.407007534580405,8.999166617061592,8073.967988504571,99.73125745480044,26.91436571080212,43.34184236218957,44.37800444219747,31.961811953874403,64.80068637403673,18.893636522884737,1.4327206142171256,2.952126956423903,7.117970550306699,19.86932115277778,11.53707470866125,31.40639586143903,1.2751384692150303,0.0,2.4980018054066022e-14,11.03544990523838,15.438355920271945,8073.967988504571,7.117970550306699,ood
SIM_00088,latin_hypercube_ood,101,2.0.0,manufacturer_reconciled,concentrate_staging_3x2,2026-09-08T09:36:53.469283+00:00,44.5039,3361.34,145.42,7.37,36.28,19.003,29.499,1,NONE,,PASS,69.70306956353994,31.020584375488255,13.483315624511759,8.85439228497481,11074.28432006591,99.736581473907,35.72669779746688,52.862340352467506,55.89294482069956,44.7921309193618,75.73587410813995,24.689330419847323,1.5224365653000504,2.9594195648570945,9.750115633525084,27.799098438368055,10.871554330435526,38.67065276880358,1.2466126460003193,1.2490009027033011e-14,0.0,11.375135292640321,21.129218893812425,11074.28432006591,9.750115633525084,ood
SIM_00089,latin_hypercube_ood,101,2.0.0,manufacturer_reconciled,concentrate_staging_3x2,2026-09-08T09:36:53.469283+00:00,43.3011,3371.39,129.11,7.5,36.72,19.832,27.088,1,NONE,,PASS,69.30636128630479,30.010416806944118,13.290683193055878,9.175955079774024,10963.283013817123,99.72782872703027,38.520259697774506,50.07519784109409,54.07282307557499,46.779774735896844,67.0339338900712,22.605929567909037,1.4506028822333434,2.9724886575399765,9.666112318056378,28.294186653645834,7.1230742325910255,35.41726088623686,1.180165577641749,6.2450045135165055e-15,7.494005416219807e-14,12.060023951161355,21.74077166626592,10963.283013817123,9.666112318056378,ood
SIM_00090,latin_hypercube_ood,101,2.0.0,manufacturer_reconciled,concentrate_staging_3x2,2026-09-08T09:36:53.469283+00:00,42.0216,3228.67,133.2,7.95,36.51,15.683,28.946,1,NONE,,PASS,66.9509352584737,28.13385421057479,13.887745789425212,8.604488339567123,9751.892344877328,99.73349743579966,29.94639687288731,52.82317644453125,50.69162920824286,35.55578176186005,76.97798515047867,24.947757070176387,1.5329761278390612,2.844726035135812,8.592225915102553,21.404387729166665,14.016611958311524,35.42099968747819,1.2590169630638217,6.2450045135165055e-15,4.9960036108132044e-14,10.969140458691383,18.95964592452168,9751.892344877328,8.592225915102553,ood
SIM_00091,latin_hypercube_ood,101,2.0.0,manufacturer_reconciled,concentrate_staging_3x2,2026-09-08T09:36:53.469283+00:00,44.574,3468.93,135.96,6.11,36.06,12.019,20.091,1,NONE,,PASS,42.82290913869915,19.08788351948376,25.486116480516237,9.910507756128059,6059.570328040969,99.71430649346836,18.94769005820456,29.456556016280906,34.392582917988754,23.91435901158771,50.60787515135984,11.59192920037948,1.3241142687435608,3.0519734178386133,5.33122535326589,17.03369098958333,10.690451494108025,27.724142483691356,1.4524471744283343,0.0,4.9960036108132044e-14,10.73410227664257,10.768612312978899,6059.570328040969,5.33122535326589,ood
SIM_00092,latin_hypercube_ood,101,2.0.0,manufacturer_reconciled,concentrate_staging_3x2,2026-09-08T09:36:53.469283+00:00,43.0334,3472.18,141.1,9.12,36.43,15.049,20.868,1,NONE,,PASS,51.582874106177215,22.197864545607665,20.835535454392335,9.618551979050393,7161.140630373866,99.72298233446854,26.99880672909324,33.676254148138,39.99615233442823,32.8142180992904,51.023665954674506,13.547846192815186,1.3271757747491628,3.058488182209372,6.307928733285095,20.972432085069443,6.83819374726079,27.81062583233023,1.2528514071788575,6.2450045135165055e-15,0.0,11.074058261866647,13.523973169895523,7161.140630373866,6.307928733285095,ood
SIM_00093,latin_hypercube_ood,101,2.0.0,manufacturer_reconciled,concentrate_staging_3x2,2026-09-08T09:36:53.469283+00:00,44.9926,3418.44,136.53,6.29,36.39,12.946,26.179,1,NONE,,PASS,53.47827410193514,24.06126595358727,20.931334046412744,8.792631981314566,7337.94326471937,99.74278817292934,21.109600755374295,41.02992716032668,43.35363234880589,26.93215046653355,69.96314358945436,17.721457162449873,1.474396674997065,3.0107619552423457,6.462831119207561,18.641855821180556,16.863747220356398,35.50560304153696,1.4756332069154268,6.2450045135165055e-15,4.9960036108132044e-14,10.468296641886461,12.921946679276777,7337.94326471937,6.462831119207561,ood
SIM_00094,latin_hypercube_ood,101,2.0.0,manufacturer_reconciled,concentrate_staging_3x2,2026-09-08T09:36:53.469283+00:00,44.4096,3323.84,130.93,6.58,36.28,13.044,23.597,1,NONE,,PASS,51.031241584876994,22.662770262877533,21.746829737122464,8.820988562066804,6778.482133195372,99.73461452530607,21.873588291094368,37.32112182807308,40.83382029347303,27.555536550455763,62.00267751768925,15.626124786961219,1.4106268795914632,2.9264034957649647,5.9679689186493,18.5514165,13.255416081870228,31.806832581870225,1.4034838730184283,0.0,2.4980018054066022e-14,10.398015019477656,12.219695716784154,6778.482133195372,5.9679689186493,ood
SIM_00095,latin_hypercube_ood,101,2.0.0,manufacturer_reconciled,concentrate_staging_3x2,2026-09-08T09:36:53.469283+00:00,42.7929,3404.55,136.63,6.67,37.56,16.443,21.803,1,NONE,,PASS,56.27689720352526,24.082516343407363,18.71038365659263,9.316258174721693,7774.624584140618,99.72635860320096,30.7003124433968,36.907215114408416,43.391921339472724,37.047212801706216,53.21316132038301,15.158367134273648,1.343414378337919,3.009862300596523,6.8733164256937815,22.926519054687507,5.982554174970136,28.909073229657643,1.2004174654104018,1.2490009027033011e-14,0.0,11.283116014095556,15.106328665977573,7774.624584140618,6.8733164256937815,ood
SIM_00096,latin_hypercube_ood,101,2.0.0,manufacturer_reconciled,concentrate_staging_3x2,2026-09-08T09:36:53.469283+00:00,42.8276,3358.31,116.73,9.58,37.15,15.632,16.367,1,NONE,,PASS,46.65347653604371,19.980564316950655,22.847035683049334,9.92216792728602,6286.597037537225,99.70454877818646,28.868878876667825,25.002554969630943,36.001016787298475,31.955652324025937,39.25070650868228,11.289398064112767,1.2431665699971013,2.9650651332030575,5.550461298242049,21.73909644097222,1.253456463743271,22.992552904715488,1.1507459218861797,6.2450045135165055e-15,4.9960036108132044e-14,11.016764116251085,12.696694645995699,6286.597037537225,5.550461298242049,ood
SIM_00097,latin_hypercube_ood,101,2.0.0,manufacturer_reconciled,concentrate_staging_3x2,2026-09-08T09:36:53.469283+00:00,44.2371,3355.26,118.28,8.13,37.28,17.748,21.894,1,NONE,,PASS,57.67709093263262,25.514672392959625,18.722427607040377,8.989113625282949,7915.512932789744,99.73208891038897,32.99556385975096,36.835661181029856,45.97238269001735,41.19714174548103,53.13639551942787,15.103797496655336,1.3428416909795944,2.9636133602827712,6.991565446822821,25.7047503203125,4.730180765742776,30.434931086055276,1.1928403632747924,6.2450045135165055e-15,0.0,11.10558690856545,15.28969618918809,7915.512932789744,6.991565446822821,ood
SIM_00098,latin_hypercube_ood,101,2.0.0,manufacturer_reconciled,concentrate_staging_3x2,2026-09-08T09:36:53.469283+00:00,42.5904,3221.22,126.25,9.93,36.95,15.385,19.048,1,NONE,,PASS,51.29122231674374,21.845136749590427,20.74526325040958,9.103557650589106,6603.636607190821,99.71738789494077,28.850874391467514,31.539878717195485,39.36060675601879,34.76378106113858,46.00624309626473,12.478562291518998,1.29069991413742,2.842194749253198,5.826618886922953,21.25342295833333,4.327603942900506,25.581026901233837,1.1710170183170612,0.0,7.494005416219807e-14,10.766841746957894,13.119848662532757,6603.636607190821,5.826618886922953,ood
SIM_00099,latin_hypercube_ood,101,2.0.0,manufacturer_reconciled,concentrate_staging_3x2,2026-09-08T09:36:53.469283+00:00,44.5247,3497.27,110.11,6.94,36.86,15.15,27.893,1,NONE,,PASS,60.089204724656945,26.754538136039333,17.770161863960663,8.93780101488072,8749.260249914358,99.74443491595214,26.307698919698968,45.84129591522315,48.20637501989069,33.139936661188656,73.32123213641407,20.44628776959591,1.5021547117774023,3.0848677139056266,7.717536954687134,21.8553664140625,15.030526527509606,36.88589294157211,1.378677993020013,6.2450045135165055e-15,2.4980018054066022e-14,10.791255636052838,15.824844300110527,8749.260249914358,7.717536954687134,ood
SIM_00100,latin_hypercube_ood,101,2.0.0,manufacturer_reconciled,concentrate_staging_3x2,2026-09-08T09:36:53.469283+00:00,43.9455,3424.31,140.45,6.02,37.18,14.988,20.303,1,NONE,,PASS,49.94170600755329,21.947132413549333,21.99836758645067,9.447694154040496,6831.218940216142,99.72409933230226,26.450524762214567,31.939291435311727,39.54438272711592,32.888749891106414,49.605153742338565,12.703395343429344,1.316760155118277,3.023629091402292,6.031893233199057,21.3238672265625,6.469948331707644,27.793815558270143,1.2663984995648583,0.0,9.992007221626409e-14,10.778171000602377,12.792387565119478,6831.218940216142,6.031893233199057,ood
SIM_00101,latin_hypercube_ood,101,2.0.0,manufacturer_reconciled,concentrate_staging_3x2,2026-09-08T09:36:53.469283+00:00,42.0694,3265.63,125.45,7.59,37.75,18.654,27.77,1,NONE,,PASS,70.23617376761479,29.547936886992936,12.521463113007075,9.005566679884021,10950.557260650836,99.72423187317963,37.04166568183726,52.72456529429065,53.23952592250979,43.76586541596028,70.31535706903477,24.455730082099585,1.477283839688229,2.8888126606152573,9.686984886640698,25.768603057291664,8.797462743002553,34.56606580029422,1.1698300944831879,6.2450045135165055e-15,4.9960036108132044e-14,11.857077645313948,22.09734192436576,10950.557260650836,9.686984886640698,ood
SIM_00102,latin_hypercube_ood,101,2.0.0,manufacturer_reconciled,concentrate_staging_3x2,2026-09-08T09:36:53.469283+00:00,44.373,3276.02,121.43,9.37,36.08,18.182,26.561,1,NONE,,PASS,65.23441643474548,28.946467604589614,15.426532395410378,8.581414893721508,9407.067647616794,99.73805364760528,34.209514972053455,47.157125303929966,52.15579748574706,42.86533582393803,67.90753150277526,21.06200168950182,1.4576586033338739,2.8824371369962756,8.27689731373033,26.45239388020833,8.94954402966973,35.40193790987806,1.22301409600199,6.2450045135165055e-15,2.4980018054066022e-14,11.007039333968384,18.090894005707916,9407.067647616794,8.27689731373033,ood
SIM_00103,latin_hypercube_ood,101,2.0.0,manufacturer_reconciled,concentrate_staging_3x2,2026-09-08T09:36:53.469283+00:00,44.9628,3496.92,135.58,7.85,37.4,17.793,28.562,1,NONE,,PASS,65.14389629267951,29.290519802284905,15.672280197715098,8.993270621378322,10015.638759933734,99.74282309514149,32.158808407940754,48.62103260668498,52.775711355468296,40.793304562083094,73.32080721060478,21.995631335558567,1.5021511664819587,3.0899319157567957,8.849971363660039,26.196685531249997,11.882517873954836,38.07920340520484,1.3000521555180575,0.0,7.494005416219807e-14,11.188269017087936,18.55006613020082,10015.638759933734,8.849971363660039,ood
SIM_00104,latin_hypercube_ood,101,2.0.0,manufacturer_reconciled,concentrate_staging_3x2,2026-09-08T09:36:53.469283+00:00,42.5293,3333.74,114.91,6.0,37.99,18.047,21.074,1,NONE,,PASS,58.951186203949966,25.071526834236494,17.45777316576351,9.236511649599628,8108.1392104416,99.72293845202086,34.97588173757169,36.87140265342357,45.17392222384954,41.73378822900077,49.9174835423994,15.031097449063772,1.3190464402231301,2.9513400616713468,7.178087096589589,25.153939717881943,3.3386808748295795,28.492620592711525,1.1364533473008651,6.2450045135165055e-15,2.4980018054066022e-14,11.655758525228723,16.394446860382057,8108.1392104416,7.178087096589589,ood
SIM_00105,latin_hypercube_ood,101,2.0.0,manufacturer_reconciled,concentrate_staging_3x2,2026-09-08T09:36:53.469283+00:00,44.4875,3357.2,145.02,8.16,36.19,12.286,27.605,1,NONE,,PASS,55.05708521761355,24.493520786185826,19.99397921381417,8.581852788781577,7459.40733534866,99.74437469353087,19.925146252171615,43.873872159766144,44.1324698850195,25.131813983562648,75.17245359830137,19.449758968434914,1.5176797438254779,2.9549148819673037,6.565564680649896,17.413071723090276,19.504993977341538,36.91806570043181,1.5072584306153871,6.2450045135165055e-15,7.494005416219807e-14,10.505979489787306,13.212701435883133,7459.40733534866,6.565564680649896,ood
SIM_00106,latin_hypercube_ood,101,2.0.0,manufacturer_reconciled,concentrate_staging_3x2,2026-09-08T09:36:53.469283+00:00,42.7031,3375.13,143.46,7.65,36.61,19.754,20.646,1,NONE,,PASS,61.149223933711774,26.112614245636873,16.59048575436312,9.439765166935263,8672.562038684555,99.72031402740235,38.81497261576602,36.50280513513476,47.04975539754391,38.66260038712707,52.909615600402105,16.476353429912496,1.3411512953020641,2.9747297753210478,7.643714027250493,27.78778199045139,1.217487722277995,29.005269712729383,1.1107761727677588,0.0,7.494005416219807e-14,12.23959284315983,17.84645507838747,8672.562038684555,7.643714027250493,ood
SIM_00107,latin_hypercube_ood,101,2.0.0,manufacturer_reconciled,concentrate_staging_3x2,2026-09-08T09:36:53.469283+00:00,44.0169,3458.42,113.95,6.39,37.47,17.602,26.233,1,NONE,,PASS,63.021942104864884,27.74030523435627,16.276594765643733,9.075432416686125,9337.16015056278,99.73758443402808,32.4677107512697,45.243885100740364,49.98253195379508,40.28404356067183,66.21880359110897,19.859661748962022,1.4440501791224751,3.056601550502772,8.252317009936007,25.353657981770834,9.372859627612895,34.72651760938373,1.2518433851396507,0.0,2.4980018054066022e-14,11.326429915601704,17.686479301915693,9337.16015056278,8.252317009936007,ood
SIM_00108,latin_hypercube_ood,101,2.0.0,manufacturer_reconciled,concentrate_staging_3x2,2026-09-08T09:36:53.469283+00:00,43.4569,3432.2,122.3,6.7,37.7,14.794,24.233,1,NONE,,PASS,55.73939889883802,24.222614840069138,19.234285159930852,9.115342762970338,7743.047038388234,99.73441691151534,26.21754948322583,40.01202075675232,43.644351063187635,32.214844740989925,62.11512071501664,16.983966860487225,1.411508152245467,3.035674051365002,6.848484054814344,20.79405120399305,11.009604221849063,31.803655425842113,1.3129736667914311,6.2450045135165055e-15,0.0,10.894006637829282,14.390067664010683,7743.047038388234,6.848484054814344,ood
SIM_00109,latin_hypercube_ood,101,2.0.0,manufacturer_reconciled,concentrate_staging_3x2,2026-09-08T09:36:53.469283+00:00,42.8972,3213.76,131.97,8.73,36.9,17.14,27.824,1,NONE,,PASS,67.08786733997405,28.778816628563348,14.118383371436654,8.55527622385055,9747.227506568535,99.73379231106708,32.958936880441335,50.9075018674277,51.853723655069096,39.922272864011546,72.55390953589985,23.529215929722408,1.4957663009415387,2.8351553217053174,8.598932072438586,24.02057014236111,11.118048584381198,35.13861872674231,1.2209890066107434,0.0,7.494005416219807e-14,11.035611824048845,19.089600811541146,9747.227506568535,8.598932072438586,ood
SIM_00110,latin_hypercube_ood,101,2.0.0,manufacturer_reconciled,concentrate_staging_3x2,2026-09-08T09:36:53.469283+00:00,44.9543,3306.22,116.96,7.23,37.77,18.611,20.693,1,NONE,,PASS,57.09960325985408,25.668726948244586,19.285573051755424,8.86154783491062,7694.940704952451,99.73197343688834,34.63125279720565,34.3717011937594,46.24995846530556,41.7269370520272,49.41083397314863,14.236789079195885,1.3153397150259545,2.9249071719044824,6.807468122295298,27.468560167534726,2.5835246811328316,30.05208484866756,1.1707664703925933,0.0,2.4980018054066022e-14,11.0579250669729,15.011431130606317,7694.940704952451,6.807468122295298,ood
SIM_00111,latin_hypercube_ood,101,2.0.0,manufacturer_reconciled,concentrate_staging_3x2,2026-09-08T09:36:53.469283+00:00,43.7799,3351.79,130.07,6.73,36.67,14.558,28.963,1,NONE,,PASS,62.09890081611042,27.186836678392325,16.59306332160767,8.595000282778713,8829.4341624839,99.7435698452833,25.743456847263396,48.95924645195015,48.9852913124186,31.919350152523027,77.73013295922948,22.496916810476957,1.5393936839088036,2.9547308743152647,7.783483369371327,20.58985418489583,16.768324173166455,37.35817835806229,1.3741274426293952,0.0,2.4980018054066022e-14,10.627215185306772,16.264529896455198,8829.4341624839,7.783483369371327,ood
SIM_00112,latin_hypercube_ood,101,2.0.0,manufacturer_reconciled,concentrate_staging_3x2,2026-09-08T09:36:53.469283+00:00,44.5052,3262.25,125.38,7.42,36.88,18.833,23.982,1,NONE,,PASS,62.81963047749255,27.958002183269016,16.547197816730982,8.63443802956181,8759.530687193614,99.73532261385357,35.64024673899719,42.23040388031449,50.37477870859283,44.748303370137094,59.4031559025967,18.045340265634454,1.3904058213163155,2.877747198210943,7.727094763649075,27.53720617013888,5.568562612835424,33.1057687829743,1.1841249802457587,0.0,0.0,11.144364499783265,17.115247520332517,8759.530687193614,7.727094763649075,ood
SIM_00113,latin_hypercube_ood,101,2.0.0,manufacturer_reconciled,concentrate_staging_3x2,2026-09-08T09:36:53.469283+00:00,44.2087,3494.89,139.75,8.56,37.1,12.495,23.222,1,NONE,,PASS,48.62517241879059,21.496556599105876,22.712143400894114,9.445869556622533,6793.78811369137,99.72972340884483,20.140291497823416,35.66865125758733,38.73253441280338,25.19842432506475,60.25233211809087,14.72440376885818,1.3969792826720269,3.085154948762978,5.997295771770222,17.6247653203125,13.701503565042696,31.326268885355194,1.457269155686924,1.2490009027033011e-14,4.9960036108132044e-14,10.80805165263744,12.043995260776434,6793.78811369137,5.997295771770222,ood
SIM_00114,latin_hypercube_ood,101,2.0.0,manufacturer_reconciled,concentrate_staging_3x2,2026-09-08T09:36:53.469283+00:00,43.8528,3370.82,140.64,8.37,36.67,13.37,26.077,1,NONE,,PASS,55.58106748745158,24.373854363137166,19.478945636862843,8.772641792643087,7577.723915571167,99.73974754532597,22.77913366727921,42.47807021335269,43.91685470835525,28.301883746586828,69.39093337773511,18.524843273912058,1.469718176067154,2.9715065459827077,6.680052989708568,18.815211333333334,15.47021626111776,34.28542759445109,1.406647758029773,6.2450045135165055e-15,4.9960036108132044e-14,10.594842208314656,13.749755588914745,7577.723915571167,6.680052989708568,ood
SIM_00115,latin_hypercube_ood,101,2.0.0,manufacturer_reconciled,concentrate_staging_3x2,2026-09-08T09:36:53.469283+00:00,43.8273,3477.45,116.35,8.43,37.09,16.959,23.474,1,NONE,,PASS,58.18446816566419,25.500681416370146,18.32661858362986,9.261337528205543,8303.281550429037,99.73367445892232,31.03847960941456,39.3639647190197,45.94717372318945,38.36745324331341,58.01191082408163,16.489007502435317,1.3797029864816792,3.0696606404502242,7.32958247046788,24.265943367187504,7.309373887086328,31.57531725427383,1.2382146476291445,0.0,0.0,11.248712468591618,15.708395380982893,8303.281550429037,7.32958247046788,ood
SIM_00116,latin_hypercube_ood,101,2.0.0,manufacturer_reconciled,concentrate_staging_3x2,2026-09-08T09:36:53.469283+00:00,43.8997,3475.34,115.16,6.21,36.72,14.466,19.884,1,NONE,,PASS,48.06601973925899,21.10083846747548,22.798861532524526,9.713246647372149,6682.852366647452,99.72050945670432,25.090950984896708,30.670618645458976,38.019528770226096,31.160700902529562,48.370622918178576,12.09017998902915,1.3077619837741374,3.0641393404782544,5.892140292245556,20.505961429687506,6.700287737310979,27.206249166998486,1.2893444594125392,0.0,2.4980018054066022e-14,10.820896098708571,12.401809243898265,6682.852366647452,5.892140292245556,ood
SIM_00117,latin_hypercube_ood,101,2.0.0,manufacturer_reconciled,concentrate_staging_3x2,2026-09-08T09:36:53.469283+00:00,44.1272,3209.95,141.52,8.79,37.9,14.587,28.763,1,NONE,,PASS,62.22449127310302,27.457925713064718,16.669274286935273,8.190381168772845,8483.945511241998,99.74484396427444,26.00705460386265,48.94714823871715,49.47374002354003,32.56220065389381,77.85910792127869,22.542166482264538,1.5404968327591317,2.8409275146378192,7.508613603194882,20.797624340277782,16.581727270914893,37.379351611192675,1.361331952085778,1.2490009027033011e-14,0.0,10.31346228201033,15.801208751472037,8483.945511241998,7.508613603194882,ood
SIM_00118,latin_hypercube_ood,101,2.0.0,manufacturer_reconciled,concentrate_staging_3x2,2026-09-08T09:36:53.469283+00:00,43.3612,3492.68,137.97,9.25,37.33,13.547,29.063,1,NONE,,PASS,59.96758589225147,26.002664853910943,17.35853514608905,8.986916762339392,8711.167789145378,99.74269281003872,23.078136180300156,47.95704092456462,46.85164838542512,28.29352972197065,77.9350844058657,21.86166645065572,1.5411470448568991,3.0854897406450017,7.69558586599553,18.870779184027775,18.49075858208705,37.36153776611482,1.4368349542641374,6.2450045135165055e-15,0.0,10.937577990985107,15.789264150151567,8711.167789145378,7.69558586599553,ood
SIM_00119,latin_hypercube_ood,101,2.0.0,manufacturer_reconciled,concentrate_staging_3x2,2026-09-08T09:36:53.469283+00:00,42.6871,3433.21,114.02,9.88,37.08,17.237,25.317,1,NONE,,PASS,62.769511622085226,26.794484195631146,15.892615804368873,9.222742981026125,9205.95210699896,99.73136676809673,32.613353636941596,44.75094044993954,48.2783499020381,39.188344562230476,63.44388760831796,19.527585964465505,1.4219641353115704,3.0305108368019695,8.126137819515927,24.046695785590273,8.519753669117112,32.56644945470738,1.2154161736025266,1.8735013540549517e-14,7.494005416219807e-14,11.551144265241629,17.856083302862565,9205.95210699896,8.126137819515927,ood
SIM_00120,latin_hypercube_ood,101,2.0.0,manufacturer_reconciled,concentrate_staging_3x2,2026-09-08T09:36:53.469283+00:00,42.4957,3318.91,126.73,6.06,37.21,16.504,19.746,1,NONE,,PASS,54.15525238134585,23.01365358621959,19.48204641378041,9.298364061708952,7228.471350830679,99.7198368120344,31.336393028871694,33.23282938233793,41.46604249769295,37.56793560419352,46.990085464499984,13.252528697010693,1.297772407324975,2.93084532033288,6.383279881570269,22.857300860243058,3.740596004819754,26.59789686506281,1.1557442092110677,6.2450045135165055e-15,2.4980018054066022e-14,11.205709570981451,14.406940886682742,7228.471350830679,6.383279881570269,ood
SIM_00121,latin_hypercube_ood,101,2.0.0,manufacturer_reconciled,concentrate_staging_3x2,2026-09-08T09:36:53.469283+00:00,43.2628,3231.95,148.45,9.28,36.38,15.933,22.058,1,NONE,,PASS,56.20931502343522,24.31772353995873,18.945076460041264,8.730708004115106,7369.244236670858,99.72986252868655,29.74942742025986,37.66501343905948,43.81571809001573,36.42361442300525,55.40761594922516,15.648328862570466,1.3598890989328118,2.8464205144513124,6.490189505178619,22.412158343749997,6.9385346525948925,29.35069299634489,1.2069671302955647,6.2450045135165055e-15,0.0,10.704015577789477,14.282508661339596,7369.244236670858,6.490189505178619,ood
SIM_00122,latin_hypercube_ood,101,2.0.0,manufacturer_reconciled,concentrate_staging_3x2,2026-09-08T09:36:53.469283+00:00,43.8306,3246.09,137.23,6.56,36.77,13.231,26.507,1,NONE,,PASS,56.62688077642335,24.81990160559101,19.010698394408987,8.401320130962569,7473.136939396967,99.74118646953835,22.808393329393752,43.81109411459798,44.72054343349732,28.36175979911496,71.47644229170676,19.361116674921544,1.48684158073033,2.8624759057998768,6.58998192587601,18.594142817708335,16.12497325674694,34.71911607445527,1.3988418095353905,0.0,2.4980018054066022e-14,10.369732652615843,13.70426709317029,7473.136939396967,6.58998192587601,ood
SIM_00123,latin_hypercube_ood,101,2.0.0,manufacturer_reconciled,concentrate_staging_3x2,2026-09-08T09:36:53.469283+00:00,42.229,3363.12,134.77,8.05,36.49,15.403,26.631,1,NONE,,PASS,62.16843968614324,26.25311039506143,15.975889604938565,8.953503805897043,8875.007318048276,99.73377388240988,28.688932941153272,46.94854266780539,47.302901612723296,34.20182736657543,69.33534418726705,21.04684118298032,1.4692644601330291,2.962996252254456,7.819112437887413,21.09947058159722,12.210788681795078,33.3102592633923,1.2688119145554049,0.0,2.4980018054066022e-14,11.125592879502488,16.996564331403025,8875.007318048276,7.819112437887413,ood
SIM_00124,latin_hypercube_ood,101,2.0.0,manufacturer_reconciled,concentrate_staging_3x2,2026-09-08T09:36:53.469283+00:00,43.145,3291.18,149.07,6.16,37.46,18.695,26.015,1,NONE,,PASS,66.61370011952725,28.740480916570036,14.404519083429978,8.871174238265207,9840.175743815673,99.73045612095768,36.21972512526822,47.654192544567394,51.78465030012619,43.96845114454047,65.18691866276406,21.22522478533262,1.4357974496961305,2.908698778111586,8.696609472116357,26.488857769097223,7.424126973987584,33.912984743084806,1.1799727652967913,1.2490009027033011e-14,7.494005416219807e-14,11.573974821866935,19.54153985759542,9840.175743815673,8.696609472116357,ood
SIM_00125,latin_hypercube_ood,101,2.0.0,manufacturer_reconciled,concentrate_staging_3x2,2026-09-08T09:36:53.469283+00:00,44.7836,3410.44,129.45,8.03,36.8,16.73,23.276,1,NONE,,PASS,56.87487422402655,25.470616172991154,19.312983827008843,8.960809821763126,7896.425782905559,99.7372535560877,30.11215805004999,38.29380823225677,45.89300211349757,38.13467830334771,58.143019678217044,15.965161734914988,1.3807080800580973,3.0076945836306597,6.963921680864211,24.439327961805557,7.602876664796338,32.042204626601894,1.2580066539803305,0.0,0.0,10.824862446177322,14.722584883979048,7896.425782905559,6.963921680864211,ood
SIM_00126,latin_hypercube_ood,101,2.0.0,manufacturer_reconciled,concentrate_staging_3x2,2026-09-08T09:36:53.469283+00:00,43.8111,3211.93,128.76,6.5,36.14,13.505,29.443,1,NONE,,PASS,61.56112466770026,26.97060588929083,16.840494110709173,8.177485775916107,8342.845153672035,99.74540273991288,23.603817533560758,49.68482181791494,48.5956862870105,29.34919151049752,80.81832416319448,23.111449871635752,1.566025861867168,2.8265952840366064,7.341955387202409,19.002684320312504,19.045364215580893,38.0480485358934,1.4107227954786536,6.2450045135165055e-15,0.0,10.295905561527125,15.359389129272621,8342.845153672035,7.341955387202409,ood
SIM_00127,latin_hypercube_ood,101,2.0.0,manufacturer_reconciled,concentrate_staging_3x2,2026-09-08T09:36:53.469283+00:00,44.144,3379.52,111.92,9.02,37.86,18.029,28.654,1,NONE,,PASS,67.22631714516777,29.67638544056286,14.467614559437136,8.849173843924866,10293.536558798885,99.73815293757916,33.61629889818101,50.62992525143467,53.470964757770915,41.841528155811154,73.74372728649266,23.264847527814034,1.5056838701400252,2.990618763888834,9.108998786667826,26.081363472222222,11.268974400497767,37.35033787271999,1.2585878407438416,0.0,7.494005416219807e-14,11.263568809169756,19.62037499943986,10293.536558798885,9.108998786667826,ood
SIM_00128,latin_hypercube_ood,101,2.0.0,manufacturer_reconciled,concentrate_staging_3x2,2026-09-08T09:36:53.469283+00:00,43.1555,3413.76,142.55,6.47,36.64,12.586,21.175,1,NONE,,PASS,47.16885092969326,20.355953462963775,22.799546537036232,9.580490559743138,6453.088855123301,99.71935664605176,21.069937472651638,33.06587201549301,36.67739362696176,25.7263768538245,53.84380462746834,13.350846006411194,1.3481283494269842,3.009068398096253,5.688093405528993,17.341243493923614,10.690708752365765,28.03195224628938,1.3770886388245849,6.2450045135165055e-15,4.9960036108132044e-14,10.845890874850372,11.833579373529975,6453.088855123301,5.688093405528993,ood
SIM_00129,latin_hypercube_ood,101,2.0.0,manufacturer_reconciled,concentrate_staging_3x2,2026-09-08T09:36:53.469283+00:00,43.5387,3311.29,121.77,8.23,36.17,12.444,24.901,1,NONE,,PASS,52.6830032003712,22.937494714400017,20.601205285599978,8.766460464827773,6988.337783472124,99.73525543021518,20.851589935057145,40.21737548384832,41.32881930522526,25.726963642656827,66.5008502040618,17.258338564242404,1.4463141517140812,2.914317731868826,6.150544566818883,17.280555382812498,15.443668646134885,32.72422402894738,1.4266694962289546,6.2450045135165055e-15,4.9960036108132044e-14,10.579096695955002,12.681059075957062,6988.337783472124,6.150544566818883,ood
SIM_00130,latin_hypercube_ood,101,2.0.0,manufacturer_reconciled,concentrate_staging_3x2,2026-09-08T09:36:53.469283+00:00,44.8029,3435.31,141.95,7.88,36.22,19.897,29.712,1,NONE,,PASS,70.61435864236456,31.637280488179954,13.165619511820037,9.092680042279571,11668.587459343633,99.73531704439252,37.29827077490677,53.13424091998519,57.004108987711625,46.97229116184474,75.19590157312504,24.746463744980016,1.5178774126648769,3.0239583875416107,10.271365005907771,29.376623710937498,10.012720888412673,39.38934459935017,1.2450294080765403,1.2490009027033011e-14,0.0,11.71373310272858,22.19605040876138,11668.587459343633,10.271365005907771,ood
SIM_00131,latin_hypercube_ood,101,2.0.0,manufacturer_reconciled,concentrate_staging_3x2,2026-09-08T09:36:53.469283+00:00,43.4412,3344.05,127.91,8.5,36.97,12.2,28.541,1,NONE,,PASS,57.369924922021234,24.922183825225087,18.51901617477491,8.596245545888003,7832.776119385927,99.7429390844668,20.177900188646554,46.593643641638074,44.90483572112628,24.82281031893786,78.06048099458594,21.122789546789882,1.5422207979107003,2.950762240165339,6.911577281665282,16.87381403125,20.21664269751338,37.09045672876338,1.4882506681144902,6.2450045135165055e-15,0.0,10.702481481921097,14.147153851530467,7832.776119385927,6.911577281665282,ood
SIM_00132,latin_hypercube_ood,101,2.0.0,manufacturer_reconciled,concentrate_staging_3x2,2026-09-08T09:36:53.469283+00:00,43.5958,3205.84,130.49,7.1,37.61,15.232,29.407,1,NONE,,PASS,64.94955084474073,28.315276287171475,15.280523712828511,8.270213725459751,9131.034296178737,99.74202662249333,27.888557052762476,51.39405381070385,51.0185158327414,34.457137421304836,79.29067571417417,24.1090342834723,1.552794524484184,2.8346447295074353,8.073777307231392,21.523534071180556,15.964386163167697,37.48792023434825,1.323946828353306,1.2490009027033011e-14,7.494005416219807e-14,10.488425824398172,17.267883322333425,9131.034296178737,8.073777307231392,ood
SIM_00133,latin_hypercube_ood,101,2.0.0,manufacturer_reconciled,concentrate_staging_3x2,2026-09-08T09:36:53.469283+00:00,43.798,3470.29,148.31,8.59,37.35,17.532,29.375,1,NONE,,PASS,67.19804758316594,29.43140088047502,14.366599119524977,9.088219365771739,10560.904576668729,99.73811354769279,32.41864359934794,51.463015595056085,53.02955113599103,40.00816653617384,75.81583296272919,23.825727126651387,1.5231128451353972,3.0659075361553603,9.330274106840147,25.121118489583335,12.634165954231378,37.755284443814716,1.2828232199053022,6.2450045135165055e-15,0.0,11.38874317347796,19.905962045733457,10560.904576668729,9.330274106840147,ood
SIM_00134,latin_hypercube_ood,101,2.0.0,manufacturer_reconciled,concentrate_staging_3x2,2026-09-08T09:36:53.469283+00:00,43.5855,3326.27,142.31,7.79,37.74,12.831,27.901,1,NONE,,PASS,57.59796470409668,25.104360906104063,18.481139093895944,8.56644004979245,7832.963398350396,99.74246107352101,21.688739190689297,45.854485220008115,45.233082713701016,26.783583493785205,75.67279803811961,20.6206466135235,1.5219032893300735,2.9423608366901375,6.928903768645809,17.8848105078125,18.393546634800483,36.27835714261298,1.4451018003725398,0.0,0.0,10.602066997478628,14.266225144979048,7832.963398350396,6.928903768645809,ood
SIM_00135,latin_hypercube_ood,101,2.0.0,manufacturer_reconciled,concentrate_staging_3x2,2026-09-08T09:36:53.469283+00:00,42.4156,3279.15,120.62,8.22,36.69,16.378,20.818,1,NONE,,PASS,55.859380579526565,23.693091429089666,18.72250857091032,9.082432788942045,7417.378034763045,99.72302478419888,31.229882025009186,35.81424502350603,42.69025482718859,37.391507155481406,50.695317681649335,14.592637936482014,1.3247575292518203,2.890882545394055,6.539124069739338,22.628648961805556,4.9526969583827425,27.581345920188298,1.1641092089116218,1.2490009027033011e-14,7.494005416219807e-14,11.11075877045506,14.7286834443729,7417.378034763045,6.539124069739338,ood
SIM_00136,latin_hypercube_ood,101,2.0.0,manufacturer_reconciled,concentrate_staging_3x2,2026-09-08T09:36:53.469283+00:00,44.0787,3484.62,110.51,8.68,37.25,13.266,21.485,1,NONE,,PASS,47.77993788223222,21.06077547929549,23.017924520704508,9.600207148445508,6664.16868509207,99.72449773150457,22.077592023265293,32.98453747302171,37.94734320593782,27.543763799697366,54.21883761687997,13.293871888321759,1.3509395073127015,3.0775762171404004,5.8857169654800705,18.7529615078125,10.338741040011328,29.09170254782383,1.3813215271405088,0.0,0.0,10.771432482857751,12.039855253434672,6664.16868509207,5.8857169654800705,ood
SIM_00137,latin_hypercube_ood,101,2.0.0,manufacturer_reconciled,concentrate_staging_3x2,2026-09-08T09:36:53.469283+00:00,43.4365,3289.84,123.05,8.9,36.77,14.319,28.724,1,NONE,,PASS,62.06033679918439,26.956838193777727,16.479661806222282,8.475997375933678,8657.377241584987,99.74235837074345,25.534554582541404,49.05064625864632,48.57087962842834,31.423363127048386,77.41214431643797,22.579863431960337,1.5366772360373517,2.9010556497006146,7.634271927598196,20.067889231770835,16.683600570051972,36.75148980182281,1.3633457135305251,1.2490009027033011e-14,4.9960036108132044e-14,10.569273377211395,16.09750889853001,8657.377241584987,7.634271927598196,ood
SIM_00138,latin_hypercube_ood,101,2.0.0,manufacturer_reconciled,concentrate_staging_3x2,2026-09-08T09:36:53.469283+00:00,44.1834,3423.12,149.7,8.84,37.96,13.981,25.477,1,NONE,,PASS,55.21363922506095,24.39526307336558,19.78813692663442,8.920139619101912,7632.222862378773,99.73941493084958,23.894738309602683,41.1520836008241,43.95542896101906,29.898023010324124,66.79876821448998,17.709324837537686,1.4487093773271242,3.030175443987582,6.756109718800619,19.894419630208333,13.947739866184708,33.84215949639304,1.387243064139835,0.0,0.0,10.659693922053608,13.849835373832153,7632.222862378773,6.756109718800619,ood
SIM_00139,latin_hypercube_ood,101,2.0.0,manufacturer_reconciled,concentrate_staging_3x2,2026-09-08T09:36:53.469283+00:00,43.8851,3425.88,122.92,7.27,37.5,17.16,19.56,1,NONE,,PASS,53.1505593516695,23.325176122039515,20.55992387796049,9.453810789640789,7301.805954020845,99.7240472290436,31.622243607061858,31.48438451372036,42.027344364035166,39.15206709125787,45.73264846324649,12.650461031455293,1.2887399971658837,3.0281346606104123,6.454064851781732,24.604227028645838,2.9695067116934757,27.573733740339314,1.1821447176248936,0.0,2.4980018054066022e-14,11.192639353041969,14.17031423972637,7301.805954020845,6.454064851781732,ood
SIM_00140,latin_hypercube_ood,101,2.0.0,manufacturer_reconciled,concentrate_staging_3x2,2026-09-08T09:36:53.469283+00:00,44.3686,3486.12,128.5,7.82,36.02,14.012,27.437,1,NONE,,PASS,57.6124947432361,25.56185734264745,18.806742657352547,8.933878560602308,8212.26195926791,99.74373003337227,23.756510656065775,44.40508216307631,46.0574006173828,29.843246849518298,72.80270246931907,19.63907798948825,1.4978346665100795,3.066700457872554,7.224234252021232,20.025567335069447,16.297425079205123,36.322992414274566,1.420984082939592,6.2450045135165055e-15,2.4980018054066022e-14,10.697112272475245,14.6879171377161,8212.26195926791,7.224234252021232,ood
SIM_00141,latin_hypercube_ood,101,2.0.0,manufacturer_reconciled,concentrate_staging_3x2,2026-09-08T09:36:53.469283+00:00,43.1768,3490.61,148.73,6.31,37.99,12.725,23.325,1,NONE,,PASS,50.214783963186996,21.68113684221732,21.495663157782676,9.503656624440996,7001.752803040722,99.72773650953727,21.140583265517034,36.86839429153,39.0651114274186,25.800794247152645,60.263618480068565,15.3336496307341,1.3970668591590167,3.090216133432908,6.198609834460315,17.558190534722225,13.063928740381503,30.622119275103728,1.412385314384281,6.2450045135165055e-15,2.4980018054066022e-14,11.00461928074771,12.703140685449982,7001.752803040722,6.198609834460315,ood
SIM_00142,latin_hypercube_ood,101,2.0.0,manufacturer_reconciled,concentrate_staging_3x2,2026-09-08T09:36:53.469283+00:00,44.8843,3212.87,140.91,8.3,36.47,18.765,20.388,1,NONE,,PASS,57.63438839541567,25.86879179056356,19.015508209436454,8.63072009142117,7571.933027196203,99.73137039184837,35.38419045379282,34.434603695109,46.610435658673076,41.272824294287545,50.36581663380763,14.655798744670715,1.3223352226117984,2.830439258580533,6.670639180395929,27.665794184895834,2.0875652581944206,29.753359443090254,1.1501642474830893,1.2490009027033011e-14,0.0,10.9139174295173,14.952156728611543,7571.933027196203,6.670639180395929,ood
SIM_00143,latin_hypercube_ood,101,2.0.0,manufacturer_reconciled,concentrate_staging_3x2,2026-09-08T09:36:53.469283+00:00,42.2138,3421.46,135.63,6.98,37.96,14.887,17.472,1,NONE,,PASS,47.00862443434477,19.84412670146543,22.36967329853457,10.089562159597783,6447.685116956592,99.70510945153245,27.18815941629909,27.221486037371967,35.75518324588366,32.39180195679322,40.221109960827505,10.472666615411388,1.2498853309715126,3.028705997623733,5.707546656841147,20.33554540798611,3.2390873905409148,23.574632798527027,1.187990439346777,0.0,2.4980018054066022e-14,11.191242356527404,12.79050963634329,6447.685116956592,5.707546656841147,ood
SIM_00144,latin_hypercube_ood,101,2.0.0,manufacturer_reconciled,concentrate_staging_3x2,2026-09-08T09:36:53.469283+00:00,43.8641,3268.71,124.46,8.25,36.65,19.687,26.568,1,NONE,,PASS,68.39430104393307,30.000544604211846,13.863555395788158,8.79022074267328,10323.131896238392,99.73107982223344,38.091032108401926,48.948108759609475,54.055035322904224,46.989567697653335,66.39187188549016,21.987839218773086,1.4454389683645048,2.881306671115453,9.09964750603033,28.44122351996528,6.912474122541104,35.35369764250638,1.1784351953911862,6.2450045135165055e-15,2.4980018054066022e-14,11.618727641042009,20.46684069901988,10323.131896238392,9.09964750603033,ood
SIM_00145,latin_hypercube_ood,101,2.0.0,manufacturer_reconciled,concentrate_staging_3x2,2026-09-08T09:36:53.469283+00:00,42.4786,3407.94,110.88,9.14,37.3,15.668,24.348,1,NONE,,PASS,58.81850932969688,24.985279304124617,17.49332069587538,9.166968219318523,8262.323851225532,99.73101145503388,29.014429751932123,41.98610995672882,45.01852126869301,34.77560124198725,61.75321216494729,18.02291879509029,1.4086736605993055,3.0103381596435996,7.298364635726475,21.615043866319446,9.559134233618169,31.174178099937613,1.2477018055504114,6.2450045135165055e-15,9.992007221626409e-14,11.210346643825385,15.838462636487924,8262.323851225532,7.298364635726475,ood
SIM_00146,latin_hypercube_ood,101,2.0.0,manufacturer_reconciled,concentrate_staging_3x2,2026-09-08T09:36:53.469283+00:00,44.6703,3308.01,137.74,8.07,36.3,17.397,22.967,1,NONE,,PASS,58.40594316797175,26.090110030962485,18.58018996903751,8.721200574772483,7940.837110184032,99.73636111817157,32.0701862674004,38.76906979936675,47.00920726299547,40.512405738682666,57.1880294012443,16.200511283624717,1.3734037501517036,2.912654559649877,6.991791263150496,25.412049570312494,6.342833282445708,31.7548828527582,1.217123377980125,6.2450045135165055e-15,4.9960036108132044e-14,10.796633636947066,15.120922545567517,7940.837110184032,6.991791263150496,ood
SIM_00147,latin_hypercube_ood,101,2.0.0,manufacturer_reconciled,concentrate_staging_3x2,2026-09-08T09:36:53.469283+00:00,44.919,3491.61,141.73,7.04,36.46,18.279,20.165,1,NONE,,PASS,54.82720170301785,24.627830732978584,20.291169267021406,9.437291994825465,7717.998282863989,99.72971517452335,33.34853009928648,32.225353222857336,44.3744697891506,39.94045415336873,47.60744417896328,13.537097134481183,1.3022301526517484,3.0759012436569173,6.799098558201889,26.929174453124997,2.4283996498035614,29.35757410292856,1.1920487200529797,6.2450045135165055e-15,2.4980018054066022e-14,11.297124602969115,14.724340576435463,7717.998282863989,6.799098558201889,ood
SIM_00148,latin_hypercube_ood,101,2.0.0,manufacturer_reconciled,concentrate_staging_3x2,2026-09-08T09:36:53.469283+00:00,43.7237,3228.27,132.59,8.08,37.25,17.832,25.85,1,NONE,,PASS,64.60555303122382,28.247938190713207,15.475761809286809,8.54244802930704,9105.244975437146,99.7353861966531,33.96670363677822,46.39909118865423,50.89718592921299,41.93531370272205,65.98612483043772,20.594806441159367,1.442185147114884,2.8511708520607244,8.041647407075232,25.5339576171875,8.489228923744724,34.02318654093222,1.2044484914696425,1.2490009027033011e-14,2.4980018054066022e-14,11.022601861998837,17.79911398656273,9105.244975437146,8.041647407075232,ood
SIM_00149,latin_hypercube_ood,101,2.0.0,manufacturer_reconciled,concentrate_staging_3x2,2026-09-08T09:36:53.469283+00:00,44.1721,3235.77,147.91,8.56,36.83,18.201,22.148,1,NONE,,PASS,59.65798103650698,26.352183041426898,17.819916958573103,8.660478465792028,8008.035830637775,99.73235185239396,34.502984531306716,38.40632481524905,47.48141088545387,43.036900253413684,54.197643950735845,15.939745035845219,1.3507804885075745,2.853927904134904,7.063035047104486,26.361771242187498,4.4170624071463775,30.778833649333876,1.1679804136510463,6.2450045135165055e-15,4.9960036108132044e-14,11.004756792240144,15.74722459968298,8008.035830637775,7.063035047104486,ood
SIM_00150,latin_hypercube_ood,101,2.0.0,manufacturer_reconciled,concentrate_staging_3x2,2026-09-08T09:36:53.469283+00:00,43.6384,3281.98,146.29,8.33,36.91,13.467,21.189,1,NONE,,PASS,49.24201073702408,21.488425613465516,22.149974386534478,9.030571842220148,6457.1769142844105,99.72484378813337,23.370465168273295,33.76184603699208,38.717883988226156,28.91372074458,54.02347847236193,13.70210038135011,1.349474411153566,2.895431884501017,5.696657481606521,18.870198749999997,9.48857245582233,28.35877120582233,1.3197230786443273,0.0,4.9960036108132044e-14,10.477622508140556,12.027712753249114,6457.1769142844105,5.696657481606521,ood
SIM_00151,latin_hypercube_ood,101,2.0.0,manufacturer_reconciled,concentrate_staging_3x2,2026-09-08T09:36:53.469283+00:00,44.5618,3391.44,147.45,9.4,37.03,12.436,17.562,1,NONE,,PASS,40.17439512670119,17.90243360757033,26.659366392429664,10.124472102813547,5662.07823848475,99.70146981509879,20.135013339907697,25.091573447675742,32.25663713075735,25.431173119644548,42.41163571068859,9.535279969826393,1.2651856110735045,2.9931577714108752,4.9971379360557835,17.674246560763887,6.890479197492062,24.56472575825595,1.3721444970402439,6.2450045135165055e-15,0.0,10.555324622108095,10.466144414401194,5662.07823848475,4.9971379360557835,ood
SIM_00152,latin_hypercube_ood,101,2.0.0,manufacturer_reconciled,concentrate_staging_3x2,2026-09-08T09:36:53.469283+00:00,42.8406,3440.8,117.71,7.16,36.91,16.072,19.797,1,NONE,,PASS,52.35606357240169,22.42965177079832,20.41094822920168,9.634055502459567,7211.318470709591,99.72000536205361,29.678606729582746,32.24830423312855,40.41378697441139,35.86492666891109,46.98228952203408,12.776372493778304,1.2977162130369102,3.03554623373424,6.361977047204327,22.40020434895833,4.367239441408738,26.767443790367068,1.1933954242310716,0.0,0.0,11.24704406945308,14.0054941351169,7211.318470709591,6.361977047204327,ood
SIM_00153,latin_hypercube_ood,101,2.0.0,manufacturer_reconciled,concentrate_staging_3x2,2026-09-08T09:36:53.469283+00:00,43.7355,3392.99,131.08,6.82,37.46,14.835,28.307,1,NONE,,PASS,61.48549046725507,26.89098668330634,16.844513316693654,8.740171415704774,8795.687920826911,99.7424050346242,26.285971983114703,47.75145169936636,48.45222825820963,32.5325092999673,75.18741220276416,21.67082860306272,1.5178058434271149,2.9986770298630976,7.773505766308763,20.989623164062497,15.584518216185026,36.574141380247525,1.3600892303052752,6.2450045135165055e-15,4.9960036108132044e-14,10.756899947501863,16.240592771028687,8795.687920826911,7.773505766308763,ood
SIM_00154,latin_hypercube_ood,101,2.0.0,manufacturer_reconciled,concentrate_staging_3x2,2026-09-08T09:36:53.469283+00:00,42.3177,3394.39,111.03,6.19,36.12,17.574,29.864,1,NONE,,PASS,70.14137030656978,29.68221466222328,12.635485337776727,9.18105816909328,11346.63685097713,99.72952258965253,33.85487031551438,54.85891427553796,53.481467859861766,40.297415681917364,77.2353804991165,26.08267290086222,1.5351692876333358,2.9869724249592893,9.984736989531429,24.333779523437506,12.382173011000779,36.71595253443829,1.2369680952805346,6.2450045135165055e-15,0.0,11.658544674704926,21.990093237207713,11346.63685097713,9.984736989531429,ood
SIM_00155,latin_hypercube_ood,101,2.0.0,manufacturer_reconciled,concentrate_staging_3x2,2026-09-08T09:36:53.469283+00:00,44.7477,3444.23,123.96,9.46,36.47,15.015,19.677,1,NONE,,PASS,48.25770923379956,21.594214954812927,23.153485045187082,9.508841189560943,6647.640064119681,99.72391968046382,26.036972041797522,30.04303339846941,38.90849541407734,32.996917320666576,47.658515347478314,11.786455534504869,1.3025996057826466,3.0342602743281955,5.8563656215150806,21.755073210937503,5.8746738104433325,27.629747021380837,1.2794976376403397,6.2450045135165055e-15,9.992007221626409e-14,10.623178144312192,12.281319420986007,6647.640064119681,5.8563656215150806,ood
SIM_00156,latin_hypercube_ood,101,2.0.0,manufacturer_reconciled,concentrate_staging_3x2,2026-09-08T09:36:53.469283+00:00,43.6698,3483.14,139.19,9.79,37.18,18.592,28.419,1,NONE,,PASS,67.84025435353101,29.625703395678286,14.044096604321716,9.249450052837862,10811.233359178012,99.73445081010703,34.9523434620671,50.55971673981081,53.37964575797889,42.90505158884624,71.79990096007924,23.080034432713077,1.4895151994810298,3.0755753519473936,9.546203380753951,26.654878359374997,10.136469702348,36.791348061723,1.241872558107431,0.0,4.9960036108132044e-14,11.748076346905725,20.68860029122325,10811.233359178012,9.546203380753951,ood
SIM_00157,latin_hypercube_ood,101,2.0.0,manufacturer_reconciled,concentrate_staging_3x2,2026-09-08T09:36:53.469283+00:00,42.437,3215.92,117.93,6.38,36.58,17.105,21.943,1,NONE,,PASS,59.303196380088444,25.16649744781813,17.27050255218186,8.819481911292927,7889.292228718326,99.72575555637911,33.20612682884447,39.071052945786974,45.34504044651916,39.761196243368495,54.040629835577796,16.309171598462864,1.3496029741837634,2.8341327510678505,6.952692071990499,23.711305373263887,5.204514957778384,28.91582033104227,1.1489807189497956,1.2490009027033011e-14,0.0,11.152826825471886,15.83977477959388,7889.292228718326,6.952692071990499,ood
SIM_00158,latin_hypercube_ood,101,2.0.0,manufacturer_reconciled,concentrate_staging_3x2,2026-09-08T09:36:53.469283+00:00,43.9579,3317.65,131.74,7.63,37.38,12.669,25.126,1,NONE,,PASS,52.93784694297584,23.270365821346378,20.687534178653618,8.715099547971702,7039.704303213743,99.73731106210806,21.15784239514087,40.30839022329893,41.92858706548897,26.36541890143952,67.05203899638718,17.307190028335175,1.4507487633143332,2.931337410244409,6.219989625508717,17.790357393229165,15.532031395452382,33.32238878868155,1.4319666929393198,6.2450045135165055e-15,0.0,10.516537422171522,12.738267298261018,7039.704303213743,6.219989625508717,ood
SIM_00159,latin_hypercube_ood,101,2.0.0,manufacturer_reconciled,concentrate_staging_3x2,2026-09-08T09:36:53.469283+00:00,43.9202,3439.44,124.16,7.34,36.18,12.241,22.093,1,NONE,,PASS,47.02540069778948,20.653650037270534,23.266549962729474,9.485011572539177,6484.2012597506255,99.72422802629093,19.83016378729029,33.92203127164153,37.2137838509379,24.654550958033237,57.02464800963103,13.818167056203931,1.3721579888195317,3.027202399408709,5.707030682833851,17.122396720486112,12.595179557952855,29.71757627843897,1.438853482305168,6.2450045135165055e-15,2.4980018054066022e-14,10.770138749271362,11.595907807986702,6484.2012597506255,5.707030682833851,ood
SIM_00160,latin_hypercube_ood,101,2.0.0,manufacturer_reconciled,concentrate_staging_3x2,2026-09-08T09:36:53.469283+00:00,43.9898,3242.75,143.37,7.33,36.71,15.446,24.672,1,NONE,,PASS,58.1835863535122,25.594843269737307,18.394956730262695,8.489366989114165,7742.91791065389,99.73820470313424,28.084496682411984,41.85340890708753,46.1168347202474,35.01406759405069,64.16101766787298,18.062100866253118,1.4276393263931266,2.8589770175190825,6.8265590486766925,22.04492312326389,10.628644558840334,32.67356768210422,1.2765683828482988,0.0,0.0,10.479829009344312,14.595796681108936,7742.91791065389,6.8265590486766925,ood
SIM_00161,latin_hypercube_ood,101,2.0.0,manufacturer_reconciled,concentrate_staging_3x2,2026-09-08T09:36:53.469283+00:00,44.5812,3307.66,132.13,8.28,37.06,14.157,16.775,1,NONE,,PASS,42.964439973217935,19.154062913340237,25.42713708665977,9.684370364528375,5791.999172019581,99.7072138501379,24.47489475204212,24.48132334337364,34.51182506908151,30.954471355518947,39.285269636139674,9.259827132662036,1.2434052525974693,2.9194990259031113,5.112295683577755,20.34597734375,3.5867900882438297,23.93276743199383,1.2494877739659802,0.0,2.4980018054066022e-14,10.355298799915456,11.122537501874326,5791.999172019581,5.112295683577755,ood
SIM_00162,latin_hypercube_ood,101,2.0.0,manufacturer_reconciled,concentrate_staging_3x2,2026-09-08T09:36:53.469283+00:00,43.9677,3266.03,124.71,7.83,37.06,16.761,17.386,1,NONE,,PASS,49.96243189305171,21.967332167441295,22.000367832558705,9.235296144812416,6517.934313839369,99.71723174175337,31.147605285906472,27.326321307011845,39.5807786800744,34.632428116111825,43.41275419465468,12.437092740729359,1.2722403900952908,2.8827543954246626,5.753040784165997,24.041400960937498,1.1299748412156772,25.171375802153175,1.145854927229658,0.0,2.4980018054066022e-14,10.769941079979537,13.013098804441759,6517.934313839369,5.753040784165997,ood
SIM_00163,latin_hypercube_ood,101,2.0.0,manufacturer_reconciled,concentrate_staging_3x2,2026-09-08T09:36:53.469283+00:00,43.608,3231.02,144.45,9.23,36.24,15.311,25.3,1,NONE,,PASS,59.327758870714696,25.87164908834126,17.73635091165874,8.465719766059662,7931.69343173396,99.73798615403001,28.038517220599736,43.48054048029125,46.61558394295723,34.64576348616219,66.25105163257965,19.02252829156361,1.4443088528614003,2.8443143896382836,6.982386293517328,21.649176458333333,11.374509619499728,33.02368607783306,1.2764430270784237,6.2450045135165055e-15,4.9960036108132044e-14,10.517297832482777,15.014701889448133,7931.69343173396,6.982386293517328,ood
SIM_00164,latin_hypercube_ood,101,2.0.0,manufacturer_reconciled,concentrate_staging_3x2,2026-09-08T09:36:53.469283+00:00,44.0429,3330.58,138.76,6.27,37.57,12.195,22.519,1,NONE,,PASS,47.93737350024662,21.11300947334012,22.92989052665988,9.080861884091377,6388.89563771305,99.72734893369649,19.92576900655902,34.98204621656883,38.04145851052274,24.87100530024724,58.87535962231709,14.39043203593951,1.3863357516666701,2.944562369758981,5.648416095432974,17.099885315104167,13.193291779768503,30.293177094872668,1.4348109459773868,6.2450045135165055e-15,0.0,10.576949455475566,11.531591211765917,6388.89563771305,5.648416095432974,ood
SIM_00165,latin_hypercube_ood,101,2.0.0,manufacturer_reconciled,concentrate_staging_3x2,2026-09-08T09:36:53.469283+00:00,44.982,3302.51,125.09,6.91,37.28,17.314,26.0,1,NONE,,PASS,62.048319694661956,27.91057516505284,17.07142483494716,8.520934701326842,8687.949720981871,99.74198610446821,31.657538559950222,44.46837367918132,50.28932462171683,40.292840828976445,66.8418181718008,19.50651559765809,1.4490558217084575,2.9170206656019064,7.673838649334727,25.459733906249998,9.751984016018874,35.211717922268875,1.2615905517546582,0.0,2.4980018054066022e-14,10.708364909832904,16.361012341948612,8687.949720981871,7.673838649334727,ood
SIM_00166,latin_hypercube_ood,101,2.0.0,manufacturer_reconciled,concentrate_staging_3x2,2026-09-08T09:36:53.469283+00:00,42.0048,3252.64,137.5,9.66,37.52,18.098,18.317,1,NONE,,PASS,56.02534428762822,23.53333381732966,18.471466182670348,9.307568536507835,7384.765952286896,99.71384572112167,35.795202785296354,31.508769406562227,42.40240327446785,35.003644777295904,47.865954984339496,14.823467573485043,1.3041013192490964,2.875192954834143,6.527813418980993,24.918107874999997,0.6264696411748448,25.54457751617484,1.0854636115076959,0.0,1.249000902703301e-13,11.66220697516828,15.511312266275947,7384.765952286896,6.527813418980993,ood
SIM_00167,latin_hypercube_ood,101,2.0.0,manufacturer_reconciled,concentrate_staging_3x2,2026-09-08T09:36:53.469283+00:00,44.8769,3436.13,113.22,7.08,36.56,13.801,18.885,1,NONE,,PASS,44.55668704296357,19.995659887583717,24.881240112416283,9.733883294754374,6189.732757749451,99.71671958584936,23.131378915086277,27.87263232445604,36.028216013664355,29.425153010612767,45.86266879993726,10.790058294303547,1.2896710368850508,3.0280043456390477,5.454548485886653,19.926200624131944,6.628551070466612,26.554751694598558,1.328025773787426,6.2450045135165055e-15,4.9960036108132044e-14,10.507633582072737,11.32697692988512,6189.732757749451,5.454548485886653,ood
SIM_00168,latin_hypercube_ood,101,2.0.0,manufacturer_reconciled,concentrate_staging_3x2,2026-09-08T09:36:53.469283+00:00,43.6992,3420.08,147.19,6.44,36.2,13.115,21.942,1,NONE,,PASS,48.907387314438246,21.372136997310996,22.327063002689012,9.378656525210985,6684.906025746278,99.72577669162092,22.107864929974994,34.40594144758066,38.5083549501099,27.353761759121056,56.074639414793864,14.034116287532244,1.3649366519658002,3.010357436711594,5.88406018816035,18.362388666666668,10.964331647423732,29.3267203140904,1.3721941010288412,1.2490009027033011e-14,9.992007221626409e-14,10.711919437634178,12.159999942669177,6684.906025746278,5.88406018816035,ood
SIM_00169,latin_hypercube_ood,101,2.0.0,manufacturer_reconciled,concentrate_staging_3x2,2026-09-08T09:36:53.469283+00:00,43.4824,3218.65,121.09,8.17,36.32,14.33,18.833,1,NONE,,PASS,47.95684391942205,20.852786700418772,22.629613299581216,9.10307538109602,6176.190481935751,99.71717722085049,25.76391708005874,29.895067151235505,37.572588649403194,31.767524768785382,46.163334915226855,11.73704339496035,1.2918266004830272,2.834157544933946,5.438397108516748,20.10570313194444,5.5514239570653565,25.657127089009798,1.2303932063187768,1.2490009027033011e-14,2.4980018054066022e-14,10.416640191282308,11.90962138538393,6176.190481935751,5.438397108516748,ood
SIM_00170,latin_hypercube_ood,101,2.0.0,manufacturer_reconciled,concentrate_staging_3x2,2026-09-08T09:36:53.469283+00:00,44.5472,3264.39,120.3,6.08,37.78,19.363,28.284,1,NONE,,PASS,69.21741029861792,30.834418200545922,13.712781799454074,8.631240637467704,10585.255205502763,99.73559407308969,36.790296046514285,51.3008481671831,55.55751027125392,46.182360861211464,72.16852372015022,23.61920059273906,1.4925679929958693,2.8879943901938487,9.364738175359626,28.382985527777773,9.162154653055,37.545140180832774,1.2176373796528466,0.0,2.4980018054066022e-14,11.31746776830479,20.59880852015733,10585.255205502763,9.364738175359626,ood
SIM_00171,latin_hypercube_ood,101,2.0.0,manufacturer_reconciled,concentrate_staging_3x2,2026-09-08T09:36:53.469283+00:00,42.9092,3313.28,147.76,9.85,37.64,16.299,18.184,1,NONE,,PASS,50.96371961194076,21.868124375726882,21.041075624273123,9.426622146605773,6746.995931457252,99.71548972176798,30.564511518188002,29.37864849772913,39.402025902210596,36.52932709088517,42.22629641610748,12.125158252206939,1.2638838416465046,2.929927372247462,5.966356015796691,22.774281385416664,2.415607169312291,25.189888554728956,1.151899821033081,6.2450045135165055e-15,7.494005416219807e-14,11.047851047825583,13.491520234412906,6746.995931457252,5.966356015796691,ood
SIM_00172,latin_hypercube_ood,101,2.0.0,manufacturer_reconciled,concentrate_staging_3x2,2026-09-08T09:36:53.469283+00:00,44.6653,3454.92,127.34,9.97,37.24,12.706,26.826,1,NONE,,PASS,54.01488022612509,24.125908297639455,20.539391702360547,8.884108851861964,7502.6906012422605,99.74285630776221,20.55547972489214,42.11668770277251,43.470105040791815,26.01019437772957,71.89908130668476,18.35293703306344,1.490335958973341,3.0512472158320736,6.626076380434252,18.13403425607639,17.951521610811046,36.08555586688743,1.4957180232015614,6.2450045135165055e-15,2.4980018054066022e-14,10.630934463356075,13.224420187201263,7502.6906012422605,6.626076380434252,ood
SIM_00173,latin_hypercube_ood,101,2.0.0,manufacturer_reconciled,concentrate_staging_3x2,2026-09-08T09:36:53.469283+00:00,44.2891,3301.65,112.58,9.28,37.05,13.571,29.205,1,NONE,,PASS,60.25856019768452,26.687973984512695,17.601126015487303,8.364820086652266,8295.143548524844,99.74664727979489,23.237727477529262,48.227900899257634,48.08643961173458,29.194130603455235,79.57993955920028,22.12878711457408,1.5552913021427617,2.914100369625308,7.321454691094222,19.31150852517361,18.986558648810153,38.29806717398377,1.4350308942975039,0.0,0.0,10.386563247886341,15.065174424876057,8295.143548524844,7.321454691094222,ood
SIM_00174,latin_hypercube_ood,101,2.0.0,manufacturer_reconciled,concentrate_staging_3x2,2026-09-08T09:36:53.469283+00:00,42.7464,3200.56,122.15,6.05,36.24,14.863,26.898,1,NONE,,PASS,61.885202705516384,26.45369628931086,16.292703710689146,8.410516220929683,8383.5028960014,99.73721735505882,27.55464510942035,47.388210945958356,47.66431763839794,33.35991416562743,71.59769689554659,21.448466962519007,1.4878432746384436,2.817500003992765,7.3801208047833216,20.5564914375,13.424748196843408,33.98123963434341,1.2845554459651902,6.2450045135165055e-15,2.4980018054066022e-14,10.600136299188312,16.03390063555071,8383.5028960014,7.3801208047833216,ood
SIM_00175,latin_hypercube_ood,101,2.0.0,manufacturer_reconciled,concentrate_staging_3x2,2026-09-08T09:36:53.469283+00:00,44.2006,3296.62,149.8,6.23,36.95,18.519,25.695,1,NONE,,PASS,64.69252516880395,28.594484279762366,15.606115720237637,8.702167238666421,9320.94510865764,99.73602759072423,35.01920625879536,45.664752924051484,51.52159329686913,43.65326382770027,64.71457255569096,20.085299357845027,1.432035506507566,2.9087227989032347,8.22419494660533,26.866828244791662,7.605319961053017,34.47214820584468,1.2055523669731723,0.0,0.0,11.207429797220852,18.09457875901455,9320.94510865764,8.22419494660533,ood
SIM_00176,latin_hypercube_ood,101,2.0.0,manufacturer_reconciled,concentrate_staging_3x2,2026-09-08T09:36:53.469283+00:00,42.2775,3284.25,119.4,7.57,37.3,18.357,18.482,1,NONE,,PASS,56.32049769160932,23.81089841157013,18.46660158842987,9.350597378627342,7506.916342289314,99.71528971976471,36.11052595761944,31.632709514221002,42.90251966048672,35.161664865059954,48.613874179505935,14.992396735753442,1.3095301014579472,2.9010789805012687,6.631089962395372,25.4600830078125,0.5392795702518629,25.999362578064364,1.0919101887155516,0.0,2.4980018054066022e-14,11.718705204650835,15.659209694242659,7506.916342289314,6.631089962395372,ood
SIM_00177,latin_hypercube_ood,101,2.0.0,manufacturer_reconciled,concentrate_staging_3x2,2026-09-08T09:36:53.469283+00:00,44.8629,3457.94,146.14,8.49,36.53,16.153,22.688,1,NONE,,PASS,54.63757356979653,24.51199999304425,20.35090000695575,9.133857715664776,7611.915308551004,99.73585840946735,28.588446232918013,36.477468928685006,44.16576575323288,36.28299131129308,56.492771768931384,15.01146950418202,1.3681103238845393,3.046928698487809,6.707161837418444,23.583787856770833,7.770156190120868,31.3539440468917,1.2791263077590154,6.2450045135165055e-15,4.9960036108132044e-14,10.780116370188242,14.015156454708661,7611.915308551004,6.707161837418444,ood
SIM_00178,latin_hypercube_ood,101,2.0.0,manufacturer_reconciled,concentrate_staging_3x2,2026-09-08T09:36:53.469283+00:00,44.8345,3251.05,132.22,6.53,37.89,19.101,26.624,1,NONE,,PASS,66.42184613731192,29.779902606433115,15.05459739356689,8.521004854198148,9665.183513476772,99.73789991374484,36.016313346654734,47.52075783846301,53.65748217375336,45.557699478167464,67.484714111416,21.22650589333918,1.4542393908997036,2.877210070808868,8.553779037908122,28.1581676171875,7.941652265935854,36.09981988312336,1.2122208846755933,6.2450045135165055e-15,4.9960036108132044e-14,11.129284489841815,18.767388663214664,9665.183513476772,8.553779037908122,ood
SIM_00179,latin_hypercube_ood,101,2.0.0,manufacturer_reconciled,concentrate_staging_3x2,2026-09-08T09:36:53.469283+00:00,42.77,3314.32,122.47,9.44,36.75,16.685,22.654,1,NONE,,PASS,58.578693378672384,25.054107158058184,17.71589284194182,8.995060354830146,7988.764916149953,99.72860012446503,31.621116109101994,39.423833405328146,45.142535419924656,38.16496897473491,56.19950965152701,16.529153197670933,1.3658836595272756,2.9224540635664864,7.044219777233283,23.27363706597222,6.518327035452773,29.791964101424995,1.1891050003688903,6.2450045135165055e-15,0.0,11.154169944108872,15.644270764792312,7988.764916149953,7.044219777233283,ood
SIM_00180,latin_hypercube_ood,101,2.0.0,manufacturer_reconciled,concentrate_staging_3x2,2026-09-08T09:36:53.469283+00:00,43.2888,3237.07,118.78,6.64,37.54,19.461,25.688,1,NONE,,PASS,67.65791895721385,29.28830122155039,14.000498778449602,8.786689339932758,9990.46754156862,99.72856041605733,38.09810934383242,47.75267653385682,52.771713912703405,46.364932568892065,63.80917360941314,21.22223770515565,1.4248520947072159,2.8616139590907768,8.831709346661048,27.7285055625,6.212527858822389,33.94103342132239,1.1588597496514583,1.2490009027033011e-14,2.4980018054066022e-14,11.678434004880165,20.12401947234538,9990.46754156862,8.831709346661048,ood
SIM_00181,latin_hypercube_ood,101,2.0.0,manufacturer_reconciled,concentrate_staging_3x2,2026-09-08T09:36:53.469283+00:00,43.5099,3310.23,119.29,9.07,36.53,18.451,27.966,1,NONE,,PASS,68.27793527068826,29.707661358341195,13.802238641658805,8.827070464113127,10416.103386514671,99.73333966328282,35.33710000616624,50.94240324461672,53.52731776277693,43.307701444016104,71.48863706951782,23.402625526026323,1.4869422922533515,2.9167755327146505,9.178043671893555,26.34426245572917,9.734823421347778,36.07908587707695,1.2144707535837993,0.0,2.4980018054066022e-14,11.405803237138564,20.286570367499056,10416.103386514671,9.178043671893555,ood
SIM_00182,latin_hypercube_ood,101,2.0.0,manufacturer_reconciled,concentrate_staging_3x2,2026-09-08T09:36:53.469283+00:00,44.6538,3220.61,121.92,9.05,36.81,19.923,20.954,1,NONE,,PASS,60.712581541902686,27.110474736558142,17.543325263441858,8.693902378040704,8184.125691177515,99.73005417054407,38.173241810791914,36.455638935707675,48.84770222803269,41.17842010551736,54.16838395429335,16.180767540317643,1.350560977743131,2.840373610069144,7.217879418715556,29.319173421874993,1.4197028986257385,30.738876320500733,1.133837626201718,0.0,2.4980018054066022e-14,11.361687494453774,16.460564625741263,8184.125691177515,7.217879418715556,ood
SIM_00183,latin_hypercube_ood,101,2.0.0,manufacturer_reconciled,concentrate_staging_3x2,2026-09-08T09:36:53.469283+00:00,42.6704,3461.16,123.39,10.0,36.3,12.868,22.653,1,NONE,,PASS,50.254670811312195,21.44386905387016,21.226530946129845,9.535007610178516,6948.126124974276,99.72451410480363,21.87013720135604,36.32994170629569,38.63760189886515,26.375729802879935,58.16359645878834,15.031214161106016,1.3808658901653625,3.0475009010485965,6.117723718770123,17.564129319444444,11.847838754361092,29.411968073805536,1.371579354449439,6.2450045135165055e-15,2.4980018054066022e-14,11.01239496133211,12.756977939928852,6948.126124974276,6.117723718770123,ood
SIM_00184,latin_hypercube_ood,101,2.0.0,manufacturer_reconciled,concentrate_staging_3x2,2026-09-08T09:36:53.469283+00:00,44.2338,3369.37,115.34,9.81,36.73,15.51,21.015,1,NONE,,PASS,52.072382001198825,23.03359330964629,21.2002066903537,9.131859304198446,7020.200385137995,99.72897427993368,27.70796244367698,33.70277056935827,41.50196992729062,34.69777290629704,51.881783138540754,13.58754093473988,1.3335165654108052,2.970803532510636,6.189773192941257,22.265497921875,6.61201748828633,28.87751541016133,1.2537130017862932,1.2490009027033011e-14,4.9960036108132044e-14,10.669270248579464,13.172362861335108,7020.200385137995,6.189773192941257,ood
SIM_00185,latin_hypercube_ood,101,2.0.0,manufacturer_reconciled,concentrate_staging_3x2,2026-09-08T09:36:53.469283+00:00,44.2688,3256.07,111.29,8.81,36.09,13.636,27.822,1,NONE,,PASS,58.79573278924799,26.028165357006614,18.240634642993385,8.305733088040792,7890.412336999385,99.74491540144896,23.56470055325361,46.09262015195002,46.89759523784976,29.608092575762765,75.45160517521033,20.76492033341361,1.5200346919983172,2.864976586811827,6.942678322577349,19.402569277777776,17.195770254163882,36.59833953194166,1.4061052336940691,0.0,4.9960036108132044e-14,10.287769645662417,14.384477458532427,7890.412336999385,6.942678322577349,ood
SIM_00186,latin_hypercube_ood,101,2.0.0,manufacturer_reconciled,concentrate_staging_3x2,2026-09-08T09:36:53.469283+00:00,44.7085,3480.47,144.93,8.83,36.62,13.177,21.869,1,NONE,,PASS,47.64624278237154,21.30192045435658,23.406579545643424,9.477147570463073,6639.36015291242,99.72770494874361,21.60607546511857,33.2170732257018,38.38183865649834,27.364716508748,55.65098889112854,13.430815330072269,1.3617286038762004,3.0676720548206626,5.85190494472852,18.882743641493057,11.125543470024077,30.008287111517134,1.4087127578856378,0.0,4.9960036108132044e-14,10.62816220813118,11.819532139896365,6639.36015291242,5.85190494472852,ood
SIM_00187,latin_hypercube_ood,101,2.0.0,manufacturer_reconciled,concentrate_staging_3x2,2026-09-08T09:36:53.469283+00:00,44.3026,3449.77,135.26,9.49,37.12,15.887,16.735,1,NONE,,PASS,45.94444903325351,20.354585477406168,23.948014522593834,9.973189577852782,6373.421066629769,99.71090276807286,28.302338914593168,24.606256119910125,36.67492878811922,32.85365180710604,39.77592438716116,11.023648303570251,1.2467985136544704,3.0455210562534076,5.626574542299926,22.880062387152776,1.43158258833439,24.311644975487166,1.1944062925021677,6.2450045135165055e-15,2.4980018054066022e-14,10.86634868922861,12.391658565951905,6373.421066629769,5.626574542299926,ood
SIM_00188,latin_hypercube_ood,101,2.0.0,manufacturer_reconciled,concentrate_staging_3x2,2026-09-08T09:36:53.469283+00:00,43.0794,3217.31,112.77,9.75,36.31,16.414,19.516,1,NONE,,PASS,53.660075630503776,23.116438621167244,19.96296137883275,8.940473171542717,6932.49412691985,99.72211340618273,31.083792131982733,32.75903332022754,41.6512407588599,37.86700327219822,46.974238951291134,13.053720153440532,1.297658185904579,2.8328860753387874,6.1041572243641955,23.036634359375004,3.661604958449663,26.698239317824665,1.1549460431754242,6.2450045135165055e-15,2.4980018054066022e-14,10.814619015199666,13.778259076886926,6932.49412691985,6.1041572243641955,ood
SIM_00189,latin_hypercube_ood,101,2.0.0,manufacturer_reconciled,concentrate_staging_3x2,2026-09-08T09:36:53.469283+00:00,42.5515,3351.37,134.93,6.75,36.07,16.247,28.873,1,NONE,,PASS,66.53084288975838,28.309871612235536,14.241628387764463,8.882191619125676,9995.652391332542,99.73496833775066,30.60623267335153,51.769217323658914,51.00877767970367,36.75024333719358,75.76625901980746,24.145471483857374,1.5226935208889627,2.9486391888062142,8.794484750644568,22.507601150173606,13.406572587107245,35.91417373728085,1.2686095588564497,0.0,2.4980018054066022e-14,11.172644366192392,19.14511529071699,9995.652391332542,8.794484750644568,ood
SIM_00190,latin_hypercube_ood,101,2.0.0,manufacturer_reconciled,concentrate_staging_3x2,2026-09-08T09:36:53.469283+00:00,42.5688,3397.57,116.16,6.99,36.11,15.99,18.516,1,NONE,,PASS,50.803897556980274,21.62660954323582,20.942190456764184,9.70171563237861,6896.1583984387935,99.71445133926959,29.818591338748973,29.901517536535042,38.966864041866344,35.81447657657389,43.12194944911318,11.743911601992433,1.2701870753375042,2.9896740680535454,6.068238750931438,22.1368845625,3.0871229606530286,25.22400752315303,1.166341283071917,0.0,2.4980018054066022e-14,11.203916879761733,13.618780318816997,6896.1583984387935,6.068238750931438,ood
SIM_00191,latin_hypercube_ood,101,2.0.0,manufacturer_reconciled,concentrate_staging_3x2,2026-09-08T09:36:53.469283+00:00,42.7522,3243.96,135.08,7.55,37.31,14.738,20.255,1,NONE,,PASS,51.501163864325186,22.017880577604032,20.73431942239597,9.040161065984487,6679.138036991036,99.72132328801882,27.073410896995348,33.496360199744196,39.67185689658384,32.765448712681504,50.22516131835109,13.493316461065492,1.321302552911143,2.8655818861777655,5.900077983107817,20.373724199652777,6.459634116614385,26.833358316267162,1.21870759638697,0.0,7.494005416219807e-14,10.68882830999394,12.982667037523013,6679.138036991036,5.900077983107817,ood
SIM_00192,latin_hypercube_ood,101,2.0.0,manufacturer_reconciled,concentrate_staging_3x2,2026-09-08T09:36:53.469283+00:00,43.7465,3203.75,140.24,8.38,36.96,15.341,18.234,1,NONE,,PASS,48.925072619303876,21.40300689340377,22.34349310659622,9.03531872561496,6263.992193087877,99.71797678577869,28.08901873612395,28.974787323124414,38.5639763845113,34.83186223708098,43.69334245132919,11.263676511390619,1.274224714201564,2.826871516027252,5.527117005776731,21.763504006076385,3.6515934232772618,25.415097429353647,1.1874545271106915,6.2450045135165055e-15,2.4980018054066022e-14,10.451903453649201,12.283191886004742,6263.992193087877,5.527117005776731,ood
SIM_00193,latin_hypercube_ood,101,2.0.0,manufacturer_reconciled,concentrate_staging_3x2,2026-09-08T09:36:53.469283+00:00,42.6466,3427.24,145.81,7.94,36.51,18.536,27.362,1,NONE,,PASS,67.92811236140072,28.96903036631712,13.677569633682873,9.290933471474036,10666.440600006674,99.72890916680845,35.795973221976304,50.04692190182515,52.1964511104813,42.860881998506954,68.59828421911213,22.69053563775085,1.4632618388196377,3.0196826732551982,9.39801877462504,25.947420491319445,8.81891044002815,34.766330931347596,1.2001206285375403,6.2450045135165055e-15,2.4980018054066022e-14,11.92660659376514,20.91829114939592,10666.440600006674,9.39801877462504,ood
SIM_00194,latin_hypercube_ood,101,2.0.0,manufacturer_reconciled,concentrate_staging_3x2,2026-09-08T09:36:53.469283+00:00,43.5456,3241.99,147.24,7.46,37.71,14.256,26.941,1,NONE,,PASS,59.53776558344778,25.926077249905838,17.61952275009416,8.402991251784833,8000.020496748284,99.74080761347861,25.435246643481957,45.73544121699261,46.71365270253304,31.39870129221127,72.06175781399511,20.46915325125103,1.4916831553770704,2.867531472947247,7.075996705310249,20.023038,14.808649494308511,34.83168749430851,1.343500104491705,6.2450045135165055e-15,0.0,10.469166085069078,14.960276290522032,8000.020496748284,7.075996705310249,ood
SIM_00195,latin_hypercube_ood,101,2.0.0,manufacturer_reconciled,concentrate_staging_3x2,2026-09-08T09:36:53.469283+00:00,43.6217,3339.67,138.11,9.42,36.13,16.109,18.228,1,NONE,,PASS,49.90525888129296,21.769522313420968,21.852177686579026,9.425992684938059,6657.3174338714425,99.7177567638438,29.61639798126509,28.826119036401852,39.22436452868643,36.53034403188421,42.589764711230096,11.666203834036429,1.2664380008790967,2.938915312739664,5.858450729615055,22.86466242274306,2.7387077583791983,25.60337018112226,1.1761107943713451,6.2450045135165055e-15,0.0,10.847389067521801,13.016242227174152,6657.3174338714425,5.858450729615055,ood
SIM_00196,latin_hypercube_ood,101,2.0.0,manufacturer_reconciled,concentrate_staging_3x2,2026-09-08T09:36:53.469283+00:00,43.1959,3348.27,146.77,8.35,36.4,15.272,22.807,1,NONE,,PASS,55.42050873661872,23.93938753336109,19.256512466638924,9.016877731005582,7499.575938937565,99.73070039957932,27.82456112820748,38.234540779766895,43.1340315916416,33.99250379878272,57.67459617943243,15.974673411975004,1.3771204596663988,2.9490555936766776,6.605401109506358,21.386095108506943,8.643992734061483,30.030087842568427,1.254421726567547,1.2490009027033011e-14,2.4980018054066022e-14,10.833991018626238,14.220574746853307,7499.575938937565,6.605401109506358,ood
SIM_00197,latin_hypercube_ood,101,2.0.0,manufacturer_reconciled,concentrate_staging_3x2,2026-09-08T09:36:53.469283+00:00,43.0978,3273.97,110.69,7.48,37.81,14.212,20.788,1,NONE,,PASS,50.69132960875245,21.846847852120913,21.250952147879083,9.06175437960228,6630.429192833046,99.7232181608383,25.473906420110186,33.83703878375151,39.36368982364129,31.093800412726466,52.175649726534296,13.696158438802392,1.3356949567124121,2.8967492477446184,5.866483436489363,19.751287769097225,7.835723753050242,27.587011522147467,1.2627456239399448,6.2450045135165055e-15,7.494005416219807e-14,10.626716696611952,12.653108971716723,6630.429192833046,5.866483436489363,ood
SIM_00198,latin_hypercube_ood,101,2.0.0,manufacturer_reconciled,concentrate_staging_3x2,2026-09-08T09:36:53.469283+00:00,44.7361,3428.98,149.55,6.36,37.67,17.491,26.711,1,NONE,,PASS,62.83149285490076,28.10835947506126,16.627740524938734,8.871405609762247,9210.501648758196,99.74128150033647,31.817031436120953,45.48710927674421,50.64569274785813,40.18978321309084,68.14837703292305,20.064258544019182,1.4596098495902896,3.0325333648668833,8.145615768251979,25.595495547743056,10.24160478010944,35.8371003278525,1.2749623598505795,1.2490009027033011e-14,4.9960036108132044e-14,11.055243813196267,17.238546519235967,9210.501648758196,8.145615768251979,ood
SIM_00199,latin_hypercube_ood,101,2.0.0,manufacturer_reconciled,concentrate_staging_3x2,2026-09-08T09:36:53.469283+00:00,43.0357,3489.33,142.1,6.86,37.2,18.749,21.993,1,NONE,,PASS,60.163333056747234,25.891711524302572,17.143988475697427,9.570524635397899,8744.637342151811,99.72572027766368,35.769662886275036,37.97842463021993,46.65173247622085,42.70290359361273,51.63871329140062,15.563506431507864,1.3317174076754372,3.081239621183302,7.721918835855941,26.5024450095486,3.5454672343435543,30.047912243892156,1.1605224403836139,0.0,0.0,12.007954848012641,17.304477838869712,8744.637342151811,7.721918835855941,ood
SIM_00200,latin_hypercube_ood,101,2.0.0,manufacturer_reconciled,concentrate_staging_3x2,2026-09-08T09:36:53.469283+00:00,42.9935,3222.69,114.41,9.33,37.42,16.563,22.703,1,NONE,,PASS,58.6624663623289,25.221047475487875,17.772452524512122,8.700078983279454,7783.69204920522,99.73003674001286,31.448058128209034,39.698960366458365,45.44332878466284,38.21314798259594,56.92826700779071,16.71821669068989,1.371423626430457,2.847801491734761,6.878232107007074,23.213131132812496,6.743967828395596,29.957098961208093,1.187781712489267,0.0,2.4980018054066022e-14,10.90204546739065,15.310881293427888,7783.69204920522,6.878232107007074,ood
